{"resource": "boxscore", "resultSets": [{"headers": ["GAME_DATE_EST", "GAME_SEQUENCE", "GAME_ID", "GAME_STATUS_ID", "GAME_STATUS_TEXT", "GAMECODE", "HOME_TEAM_ID", "VISITOR_TEAM_ID", "SEASON", "LIVE_PERIOD", "LIVE_PC_TIME", "NATL_TV_BROADCASTER_ABBREVIATION", "LIVE_PERIOD_TIME_BCAST", "WH_STATUS"], "rowSet": [["2012-11-02T00:00:00", 12, "0021200026", 3, "Final", "20121102/MEMGSW", 1610612744, 1610612763, "2012", 4, "", null, "Q4  - ", 1]], "name": "GameSummary"}, {"headers": ["GAME_DATE_EST", "GAME_SEQUENCE", "GAME_ID", "TEAM_ID", "TEAM_ABBREVIATION", "TEAM_CITY_NAME", "TEAM_WINS_LOSSES", "PTS_QTR1", "PTS_QTR2", "PTS_QTR3", "PTS_QTR4", "PTS_OT1", "PTS_OT2", "PTS_OT3", "PTS_OT4", "PTS_OT5", "PTS_OT6", "PTS_OT7", "PTS_OT8", "PTS_OT9", "PTS_OT10", "PTS"], "rowSet": [["2012-11-02T00:00:00", 12, "0021200026", 1610612744, "GSW", "Golden State", "1-1", 20, 27, 16, 31, 0, 0, 0, 0, 0, 0, 0, 0, 0, 0, 94], ["2012-11-02T00:00:00", 12, "0021200026", 1610612763, "MEM", "Memphis", "1-1", 28, 23, 24, 29, 0, 0, 0, 0, 0, 0, 0, 0, 0, 0, 104]], "name": "LineScore"}, {"headers": ["GAME_ID", "HOME_TEAM_ID", "VISITOR_TEAM_ID", "GAME_DATE_EST", "HOME_TEAM_WINS", "HOME_TEAM_LOSSES", "SERIES_LEADER"], "rowSet": [["0021200026", 1610612744, 1610612763, "2012-11-02T00:00:00", 0, 3, "Memphis"]], "name": "SeasonSeries"}, {"headers": ["GAME_ID", "LAST_GAME_ID", "LAST_GAME_DATE_EST", "LAST_GAME_HOME_TEAM_ID", "LAST_GAME_HOME_TEAM_CITY", "LAST_GAME_HOME_TEAM_NAME", "LAST_GAME_HOME_TEAM_ABBREVIATION", "LAST_GAME_HOME_TEAM_POINTS", "LAST_GAME_VISITOR_TEAM_ID", "LAST_GAME_VISITOR_TEAM_CITY", "LAST_GAME_VISITOR_TEAM_NAME", "LAST_GAME_VISITOR_TEAM_CITY1", "LAST_GAME_VISITOR_TEAM_POINTS"], "rowSet": [["0021200026", "0021100796", "2012-04-03T00:00:00", 1610612744, "Golden State", "Warriors", "GSW", 94, 1610612763, "Memphis", "Grizzlies", "MEM", 98]], "name": "LastMeeting"}, {"headers": ["GAME_ID", "TEAM_ID", "TEAM_ABBREVIATION", "TEAM_CITY", "PLAYER_ID", "PLAYER_NAME", "START_POSITION", "COMMENT", "MIN", "FGM", "FGA", "FG_PCT", "FG3M", "FG3A", "FG3_PCT", "FTM", "FTA", "FT_PCT", "OREB", "DREB", "REB", "AST", "STL", "BLK", "TO", "PF", "PTS", "PLUS_MINUS"], "rowSet": [["0021200026", 1610612763, "MEM", "Memphis", 200752, "Rudy Gay", "F", "", "34:49", 7, 18, 0.389, 0, 2, 0.0, 4, 8, 0.5, 2, 6, 8, 0, 0, 1, 2, 2, 18, 9.0], ["0021200026", 1610612763, "MEM", "Memphis", 2216, "Zach Randolph", "F", "", "36:09", 5, 10, 0.5, 0, 1, 0.0, 5, 5, 1.0, 4, 10, 14, 0, 1, 1, 5, 4, 15, 9.0], ["0021200026", 1610612763, "MEM", "Memphis", 201188, "Marc Gasol", "C", "", "37:22", 7, 13, 0.538, 0, 0, 0.0, 7, 8, 0.875, 0, 6, 6, 5, 0, 1, 1, 4, 21, 17.0], ["0021200026", 1610612763, "MEM", "Memphis", 2754, "Tony Allen", "G", "", "29:49", 3, 9, 0.333, 0, 0, 0.0, 0, 1, 0.0, 1, 2, 3, 1, 1, 0, 0, 2, 6, 9.0], ["0021200026", 1610612763, "MEM", "Memphis", 201144, "Mike Conley", "G", "", "33:58", 5, 9, 0.556, 3, 5, 0.6, 8, 8, 1.0, 0, 3, 3, 7, 5, 0, 3, 3, 21, 14.0], ["0021200026", 1610612763, "MEM", "Memphis", 201578, "Marreese Speights", "", "", "18:19", 2, 7, 0.286, 0, 0, 0.0, 0, 0, 0.0, 2, 3, 5, 0, 0, 1, 1, 4, 4, -5.0], ["0021200026", 1610612763, "MEM", "Memphis", 201961, "Wayne Ellington", "", "", "17:43", 3, 6, 0.5, 2, 4, 0.5, 2, 2, 1.0, 0, 0, 0, 3, 1, 0, 0, 0, 10, 2.0], ["0021200026", 1610612763, "MEM", "Memphis", 202347, "Quincy Pondexter", "", "", "17:50", 1, 2, 0.5, 0, 0, 0.0, 2, 2, 1.0, 0, 1, 1, 2, 1, 0, 0, 1, 4, -1.0], ["0021200026", 1610612763, "MEM", "Memphis", 201573, "Jerryd Bayless", "", "", "14:02", 2, 3, 0.667, 1, 1, 1.0, 0, 0, 0.0, 0, 0, 0, 4, 0, 0, 1, 2, 5, -4.0], ["0021200026", 1610612763, "MEM", "Memphis", 201589, "Darrell Arthur", "", "DND - Non-Displaced Fracture, Left Fibul", null, null, null, null, null, null, null, null, null, null, null, null, null, null, null, null, null, null, null, null], ["0021200026", 1610612763, "MEM", "Memphis", 201632, "Hamed Haddadi", "", "DNP - Coach's Decision", null, null, null, null, null, null, null, null, null, null, null, null, null, null, null, null, null, null, null, null], ["0021200026", 1610612763, "MEM", "Memphis", 202729, "Josh Selby", "", "DNP - Coach's Decision", null, null, null, null, null, null, null, null, null, null, null, null, null, null, null, null, null, null, null, null], ["0021200026", 1610612763, "MEM", "Memphis", 203100, "Tony Wroten", "", "DNP - Coach's Decision", null, null, null, null, null, null, null, null, null, null, null, null, null, null, null, null, null, null, null, null], ["0021200026", 1610612744, "GSW", "Golden State", 203084, "Harrison Barnes", "F", "", "23:22", 3, 7, 0.429, 2, 5, 0.4, 0, 0, 0.0, 0, 0, 0, 1, 0, 0, 2, 5, 8, -11.0], ["0021200026", 1610612744, "GSW", "Golden State", 101135, "David Lee", "F", "", "34:58", 8, 13, 0.615, 0, 0, 0.0, 0, 0, 0.0, 0, 7, 7, 0, 0, 0, 4, 5, 16, -1.0], ["0021200026", 1610612744, "GSW", "Golden State", 101106, "Andrew Bogut", "C", "", "18:00", 2, 5, 0.4, 0, 0, 0.0, 0, 0, 0.0, 1, 2, 3, 1, 0, 1, 2, 3, 4, -16.0], ["0021200026", 1610612744, "GSW", "Golden State", 202691, "Klay Thompson", "G", "", "38:27", 4, 10, 0.4, 1, 2, 0.5, 2, 2, 1.0, 0, 3, 3, 5, 1, 1, 1, 1, 11, -5.0], ["0021200026", 1610612744, "GSW", "Golden State", 201939, "Stephen Curry", "G", "", "42:30", 10, 20, 0.5, 6, 10, 0.6, 0, 1, 0.0, 1, 4, 5, 7, 1, 0, 4, 3, 26, -7.0], ["0021200026", 1610612744, "GSW", "Golden State", 201171, "Carl Landry", "", "", "23:40", 5, 10, 0.5, 0, 0, 0.0, 10, 12, 0.833, 4, 2, 6, 1, 1, 0, 3, 3, 20, 12.0], ["0021200026", 1610612744, "GSW", "Golden State", 201575, "Brandon Rush", "", "", "1:51", 0, 0, 0.0, 0, 0, 0.0, 0, 0, 0.0, 0, 0, 0, 0, 0, 0, 0, 0, 0, 3.0], ["0021200026", 1610612744, "GSW", "Golden State", 203105, "Festus Ezeli", "", "", "12:31", 2, 5, 0.4, 0, 0, 0.0, 0, 0, 0.0, 2, 2, 4, 0, 2, 2, 2, 1, 4, -4.0], ["0021200026", 1610612744, "GSW", "Golden State", 2740, "Andris Biedrins", "", "", "6:06", 0, 1, 0.0, 0, 0, 0.0, 0, 2, 0.0, 0, 1, 1, 0, 0, 1, 0, 1, 0, -11.0], ["0021200026", 1610612744, "GSW", "Golden State", 101127, "Jarrett Jack", "", "", "27:17", 2, 6, 0.333, 1, 2, 0.5, 0, 0, 0.0, 0, 4, 4, 6, 0, 0, 0, 2, 5, 1.0], ["0021200026", 1610612744, "GSW", "Golden State", 2210, "Richard Jefferson", "", "", "9:40", 0, 1, 0.0, 0, 1, 0.0, 0, 0, 0.0, 0, 2, 2, 0, 0, 0, 0, 0, 0, -9.0], ["0021200026", 1610612744, "GSW", "Golden State", 203110, "Draymond Green", "", "", "1:39", 0, 2, 0.0, 0, 0, 0.0, 0, 0, 0.0, 1, 0, 1, 0, 0, 0, 0, 0, 0, -2.0], ["0021200026", 1610612744, "GSW", "Golden State", 202724, "Charles Jenkins", "", "DNP - Coach's Decision", null, null, null, null, null, null, null, null, null, null, null, null, null, null, null, null, null, null, null, null]], "name": "PlayerStats"}, {"headers": ["GAME_ID", "TEAM_ID", "TEAM_NAME", "TEAM_ABBREVIATION", "TEAM_CITY", "MIN", "FGM", "FGA", "FG_PCT", "FG3M", "FG3A", "FG3_PCT", "FTM", "FTA", "FT_PCT", "OREB", "DREB", "REB", "AST", "STL", "BLK", "TO", "PF", "PTS", "PLUS_MINUS"], "rowSet": [["0021200026", 1610612763, "Grizzlies", "MEM", "Memphis", "240:00", 35, 77, 0.455, 6, 13, 0.462, 28, 34, 0.824, 9, 31, 40, 22, 9, 4, 13, 22, 104, 10.0], ["0021200026", 1610612744, "Warriors", "GSW", "Golden State", "240:00", 36, 80, 0.45, 10, 20, 0.5, 12, 17, 0.706, 9, 27, 36, 21, 5, 5, 18, 24, 94, -10.0]], "name": "TeamStats"}, {"headers": ["LEAGUE_ID", "SEASON_ID", "TEAM_ID", "TEAM_ABBREVIATION", "TEAM_CITY", "PTS_PAINT", "PTS_2ND_CHANCE", "PTS_FB", "LARGEST_LEAD", "LEAD_CHANGES", "TIMES_TIED"], "rowSet": [["00", "22012", 1610612744, "GSW", "Golden State", 30, 14, 8, 14, 5, 4], ["00", "22012", 1610612763, "MEM", "Memphis", 42, 4, 14, 13, 5, 4]], "name": "OtherStats"}, {"headers": ["OFFICIAL_ID", "FIRST_NAME", "LAST_NAME", "JERSEY_NUM"], "rowSet": [[1201, "Leon", "Wood", "40"], [1174, "Ken", "Mauer", "41"], [2716, "Olandis", "Poole", "50"]], "name": "Officials"}, {"headers": ["GAME_DATE", "ATTENDANCE", "GAME_TIME"], "rowSet": [["FRIDAY, NOVEMBER 2, 2012", 19596, "2:23"]], "name": "GameInfo"}, {"headers": ["PLAYER_ID", "FIRST_NAME", "LAST_NAME", "JERSEY_NUM", "TEAM_ID", "TEAM_CITY", "TEAM_NAME", "TEAM_ABBREVIATION"], "rowSet": [[202719, "Jeremy", "Tyler", " 3", 1610612744, "Golden State", "Warriors", "GSW"], [203145, "Kent", "Bazemore", "20", 1610612744, "Golden State", "Warriors", "GSW"]], "name": "InactivePlayers"}, {"headers": ["VIDEO_AVAILABLE_FLAG"], "rowSet": [[1]], "name": "AvailableVideo"}], "parameters": {"GameID": "0021200026", "RangeType": 0, "StartPeriod": 0, "StartRange": 0, "EndPeriod": 0, "EndRange": 0}}