{"resource": "boxscore", "resultSets": [{"headers": ["GAME_DATE_EST", "GAME_SEQUENCE", "GAME_ID", "GAME_STATUS_ID", "GAME_STATUS_TEXT", "GAMECODE", "HOME_TEAM_ID", "VISITOR_TEAM_ID", "SEASON", "LIVE_PERIOD", "LIVE_PC_TIME", "NATL_TV_BROADCASTER_ABBREVIATION", "LIVE_PERIOD_TIME_BCAST", "WH_STATUS"], "rowSet": [["2012-11-05T00:00:00", 6, "0021200047", 3, "Final", "20121105/INDSAS", 1610612759, 1610612754, "2012", 4, "", null, "Q4  - ", 1]], "name": "GameSummary"}, {"headers": ["GAME_DATE_EST", "GAME_SEQUENCE", "GAME_ID", "TEAM_ID", "TEAM_ABBREVIATION", "TEAM_CITY_NAME", "TEAM_WINS_LOSSES", "PTS_QTR1", "PTS_QTR2", "PTS_QTR3", "PTS_QTR4", "PTS_OT1", "PTS_OT2", "PTS_OT3", "PTS_OT4", "PTS_OT5", "PTS_OT6", "PTS_OT7", "PTS_OT8", "PTS_OT9", "PTS_OT10", "PTS"], "rowSet": [["2012-11-05T00:00:00", 6, "0021200047", 1610612754, "IND", "Indiana", "2-2", 18, 20, 22, 19, 0, 0, 0, 0, 0, 0, 0, 0, 0, 0, 79], ["2012-11-05T00:00:00", 6, "0021200047", 1610612759, "SAS", "San Antonio", "4-0", 26, 21, 26, 28, 0, 0, 0, 0, 0, 0, 0, 0, 0, 0, 101]], "name": "LineScore"}, {"headers": ["GAME_ID", "HOME_TEAM_ID", "VISITOR_TEAM_ID", "GAME_DATE_EST", "HOME_TEAM_WINS", "HOME_TEAM_LOSSES", "SERIES_LEADER"], "rowSet": [["0021200047", 1610612759, 1610612754, "2012-11-05T00:00:00", 2, 0, "San Antonio"]], "name": "SeasonSeries"}, {"headers": ["GAME_ID", "LAST_GAME_ID", "LAST_GAME_DATE_EST", "LAST_GAME_HOME_TEAM_ID", "LAST_GAME_HOME_TEAM_CITY", "LAST_GAME_HOME_TEAM_NAME", "LAST_GAME_HOME_TEAM_ABBREVIATION", "LAST_GAME_HOME_TEAM_POINTS", "LAST_GAME_VISITOR_TEAM_ID", "LAST_GAME_VISITOR_TEAM_CITY", "LAST_GAME_VISITOR_TEAM_NAME", "LAST_GAME_VISITOR_TEAM_CITY1", "LAST_GAME_VISITOR_TEAM_POINTS"], "rowSet": [["0021200047", "0021100774", "2012-03-31T00:00:00", 1610612759, "San Antonio", "Spurs", "SAS", 112, 1610612754, "Indiana", "Pacers", "IND", 103]], "name": "LastMeeting"}, {"headers": ["GAME_ID", "TEAM_ID", "TEAM_ABBREVIATION", "TEAM_CITY", "PLAYER_ID", "PLAYER_NAME", "START_POSITION", "COMMENT", "MIN", "FGM", "FGA", "FG_PCT", "FG3M", "FG3A", "FG3_PCT", "FTM", "FTA", "FT_PCT", "OREB", "DREB", "REB", "AST", "STL", "BLK", "TO", "PF", "PTS", "PLUS_MINUS"], "rowSet": [["0021200047", 1610612754, "IND", "Indiana", 201970, "Sam Young", "F", "", "16:27", 1, 2, 0.5, 0, 0, 0.0, 1, 2, 0.5, 2, 1, 3, 0, 0, 0, 1, 2, 3, -12.0], ["0021200047", 1610612754, "IND", "Indiana", 2561, "David West", "F", "", "24:44", 4, 9, 0.444, 0, 0, 0.0, 2, 2, 1.0, 1, 10, 11, 1, 0, 1, 1, 1, 10, -1.0], ["0021200047", 1610612754, "IND", "Indiana", 201579, "Roy Hibbert", "C", "", "26:45", 1, 7, 0.143, 0, 0, 0.0, 0, 0, 0.0, 4, 1, 5, 0, 1, 1, 3, 2, 2, -8.0], ["0021200047", 1610612754, "IND", "Indiana", 202331, "Paul George", "G", "", "40:31", 5, 13, 0.385, 1, 3, 0.333, 3, 3, 1.0, 1, 2, 3, 1, 1, 2, 4, 2, 14, -20.0], ["0021200047", 1610612754, "IND", "Indiana", 201588, "George Hill", "G", "", "30:50", 5, 15, 0.333, 2, 7, 0.286, 3, 3, 1.0, 0, 4, 4, 6, 1, 0, 3, 1, 15, -13.0], ["0021200047", 1610612754, "IND", "Indiana", 101123, "Gerald Green", "", "", "25:47", 4, 10, 0.4, 1, 4, 0.25, 0, 0, 0.0, 4, 4, 8, 1, 0, 0, 0, 1, 9, -2.0], ["0021200047", 1610612754, "IND", "Indiana", 101133, "Ian Mahinmi", "", "", "17:25", 2, 3, 0.667, 0, 0, 0.0, 2, 2, 1.0, 2, 2, 4, 0, 0, 2, 1, 3, 6, -13.0], ["0021200047", 1610612754, "IND", "Indiana", 201946, "Tyler Hansbrough", "", "", "23:16", 1, 7, 0.143, 0, 0, 0.0, 7, 9, 0.778, 2, 4, 6, 0, 0, 0, 1, 1, 9, -21.0], ["0021200047", 1610612754, "IND", "Indiana", 202362, "Lance Stephenson", "", "", "9:25", 0, 3, 0.0, 0, 1, 0.0, 0, 0, 0.0, 0, 0, 0, 0, 0, 0, 2, 2, 0, -9.0], ["0021200047", 1610612754, "IND", "Indiana", 201571, "D.J. Augustin", "", "", "13:20", 2, 6, 0.333, 2, 5, 0.4, 1, 1, 1.0, 0, 2, 2, 2, 0, 0, 1, 0, 7, -8.0], ["0021200047", 1610612754, "IND", "Indiana", 203111, "Orlando Johnson", "", "", "3:50", 0, 1, 0.0, 0, 0, 0.0, 0, 0, 0.0, 0, 0, 0, 0, 0, 0, 1, 0, 0, -1.0], ["0021200047", 1610612754, "IND", "Indiana", 203162, "Ben Hansbrough", "", "", "3:50", 1, 1, 1.0, 0, 0, 0.0, 0, 0, 0.0, 0, 1, 1, 0, 0, 0, 1, 2, 2, -1.0], ["0021200047", 1610612754, "IND", "Indiana", 203101, "Miles Plumlee", "", "", "3:50", 1, 2, 0.5, 0, 0, 0.0, 0, 0, 0.0, 1, 0, 1, 0, 0, 1, 0, 0, 2, -1.0], ["0021200047", 1610612759, "SAS", "San Antonio", 202695, "Kawhi Leonard", "F", "", "24:40", 3, 9, 0.333, 0, 2, 0.0, 3, 3, 1.0, 2, 2, 4, 1, 1, 0, 1, 1, 9, 6.0], ["0021200047", 1610612759, "SAS", "San Antonio", 1495, "Tim Duncan", "F", "", "25:39", 7, 16, 0.438, 0, 0, 0.0, 0, 0, 0.0, 1, 10, 11, 3, 3, 1, 0, 0, 14, 6.0], ["0021200047", 1610612759, "SAS", "San Antonio", 2564, "Boris Diaw", "C", "", "18:50", 2, 3, 0.667, 1, 1, 1.0, 0, 0, 0.0, 0, 0, 0, 1, 1, 0, 0, 1, 5, 6.0], ["0021200047", 1610612759, "SAS", "San Antonio", 201980, "Danny Green", "G", "", "25:50", 4, 8, 0.5, 2, 3, 0.667, 0, 0, 0.0, 2, 2, 4, 0, 0, 0, 1, 2, 10, -3.0], ["0021200047", 1610612759, "SAS", "San Antonio", 2225, "Tony Parker", "G", "", "25:36", 3, 13, 0.231, 0, 2, 0.0, 0, 0, 0.0, 1, 3, 4, 7, 0, 0, 1, 1, 6, 13.0], ["0021200047", 1610612759, "SAS", "San Antonio", 201971, "DeJuan Blair", "", "", "29:10", 6, 8, 0.75, 0, 0, 0.0, 2, 2, 1.0, 3, 8, 11, 4, 2, 0, 0, 4, 14, 16.0], ["0021200047", 1610612759, "SAS", "San Antonio", 1938, "Manu Ginobili", "", "", "17:03", 1, 4, 0.25, 0, 2, 0.0, 1, 2, 0.5, 0, 2, 2, 7, 2, 0, 4, 0, 3, 19.0], ["0021200047", 1610612759, "SAS", "San Antonio", 1536, "Stephen Jackson", "", "", "23:20", 3, 7, 0.429, 2, 3, 0.667, 4, 4, 1.0, 0, 1, 1, 2, 0, 0, 1, 2, 12, 16.0], ["0021200047", 1610612759, "SAS", "San Antonio", 2588, "Matt Bonner", "", "", "16:30", 2, 3, 0.667, 2, 3, 0.667, 0, 0, 0.0, 0, 0, 0, 0, 1, 0, 0, 3, 6, 8.0], ["0021200047", 1610612759, "SAS", "San Antonio", 202390, "Gary Neal", "", "", "19:51", 8, 10, 0.8, 1, 2, 0.5, 0, 0, 0.0, 0, 3, 3, 0, 0, 0, 0, 2, 17, 13.0], ["0021200047", 1610612759, "SAS", "San Antonio", 201168, "Tiago Splitter", "", "", "5:51", 2, 3, 0.667, 0, 0, 0.0, 1, 2, 0.5, 2, 2, 4, 0, 0, 1, 0, 0, 5, 8.0], ["0021200047", 1610612759, "SAS", "San Antonio", 201988, "Patty Mills", "", "", "3:50", 0, 1, 0.0, 0, 0, 0.0, 0, 0, 0.0, 0, 0, 0, 0, 1, 0, 0, 1, 0, 1.0], ["0021200047", 1610612759, "SAS", "San Antonio", 201986, "Nando De Colo", "", "", "3:50", 0, 2, 0.0, 0, 0, 0.0, 0, 0, 0.0, 0, 1, 1, 0, 0, 0, 0, 0, 0, 1.0]], "name": "PlayerStats"}, {"headers": ["GAME_ID", "TEAM_ID", "TEAM_NAME", "TEAM_ABBREVIATION", "TEAM_CITY", "MIN", "FGM", "FGA", "FG_PCT", "FG3M", "FG3A", "FG3_PCT", "FTM", "FTA", "FT_PCT", "OREB", "DREB", "REB", "AST", "STL", "BLK", "TO", "PF", "PTS", "PLUS_MINUS"], "rowSet": [["0021200047", 1610612759, "Spurs", "SAS", "San Antonio", "240:00", 41, 87, 0.471, 8, 18, 0.444, 11, 13, 0.846, 11, 34, 45, 25, 11, 2, 8, 17, 101, 22.0], ["0021200047", 1610612754, "Pacers", "IND", "Indiana", "240:00", 27, 79, 0.342, 6, 20, 0.3, 19, 22, 0.864, 17, 31, 48, 11, 3, 7, 19, 17, 79, -22.0]], "name": "TeamStats"}, {"headers": ["LEAGUE_ID", "SEASON_ID", "TEAM_ID", "TEAM_ABBREVIATION", "TEAM_CITY", "PTS_PAINT", "PTS_2ND_CHANCE", "PTS_FB", "LARGEST_LEAD", "LEAD_CHANGES", "TIMES_TIED"], "rowSet": [["00", "22012", 1610612754, "IND", "Indiana", 24, 16, 14, 23, 4, 2], ["00", "22012", 1610612759, "SAS", "San Antonio", 52, 15, 9, 23, 4, 2]], "name": "OtherStats"}, {"headers": ["OFFICIAL_ID", "FIRST_NAME", "LAST_NAME", "JERSEY_NUM"], "rowSet": [[1146, "Tony", "Brothers", "25"], [1142, "Dick", "Bavetta", "27"], [201637, "Haywoode", "Workman", "66"]], "name": "Officials"}, {"headers": ["GAME_DATE", "ATTENDANCE", "GAME_TIME"], "rowSet": [["MONDAY, NOVEMBER 5, 2012", 17158, "2:02"]], "name": "GameInfo"}, {"headers": ["PLAYER_ID", "FIRST_NAME", "LAST_NAME", "JERSEY_NUM", "TEAM_ID", "TEAM_CITY", "TEAM_NAME", "TEAM_ABBREVIATION"], "rowSet": [[201965, "Jeff", "Ayres", "29", 1610612754, "Indiana", "Pacers", "IND"], [101122, "Danny", "Granger", "33", 1610612754, "Indiana", "Pacers", "IND"], [202709, "Cory", "Joseph", " 5", 1610612759, "San Antonio", "Spurs", "SAS"]], "name": "InactivePlayers"}, {"headers": ["VIDEO_AVAILABLE_FLAG"], "rowSet": [[1]], "name": "AvailableVideo"}], "parameters": {"GameID": "0021200047", "RangeType": 0, "StartPeriod": 0, "StartRange": 0, "EndPeriod": 0, "EndRange": 0}}