{"resource": "boxscore", "resultSets": [{"headers": ["GAME_DATE_EST", "GAME_SEQUENCE", "GAME_ID", "GAME_STATUS_ID", "GAME_STATUS_TEXT", "GAMECODE", "HOME_TEAM_ID", "VISITOR_TEAM_ID", "SEASON", "LIVE_PERIOD", "LIVE_PC_TIME", "NATL_TV_BROADCASTER_ABBREVIATION", "LIVE_PERIOD_TIME_BCAST", "WH_STATUS"], "rowSet": [["2012-11-03T00:00:00", 2, "0021200028", 3, "Final", "20121103/SACIND", 1610612754, 1610612758, "2012", 6, "", null, "Q6  - ", 1]], "name": "GameSummary"}, {"headers": ["GAME_DATE_EST", "GAME_SEQUENCE", "GAME_ID", "TEAM_ID", "TEAM_ABBREVIATION", "TEAM_CITY_NAME", "TEAM_WINS_LOSSES", "PTS_QTR1", "PTS_QTR2", "PTS_QTR3", "PTS_QTR4", "PTS_OT1", "PTS_OT2", "PTS_OT3", "PTS_OT4", "PTS_OT5", "PTS_OT6", "PTS_OT7", "PTS_OT8", "PTS_OT9", "PTS_OT10", "PTS"], "rowSet": [["2012-11-03T00:00:00", 2, "0021200028", 1610612758, "SAC", "Sacramento", "0-3", 24, 18, 24, 25, 5, 2, 0, 0, 0, 0, 0, 0, 0, 0, 98], ["2012-11-03T00:00:00", 2, "0021200028", 1610612754, "IND", "Indiana", "2-1", 18, 38, 18, 17, 5, 10, 0, 0, 0, 0, 0, 0, 0, 0, 106]], "name": "LineScore"}, {"headers": ["GAME_ID", "HOME_TEAM_ID", "VISITOR_TEAM_ID", "GAME_DATE_EST", "HOME_TEAM_WINS", "HOME_TEAM_LOSSES", "SERIES_LEADER"], "rowSet": [["0021200028", 1610612754, 1610612758, "2012-11-03T00:00:00", 2, 0, "Indiana"]], "name": "SeasonSeries"}, {"headers": ["GAME_ID", "LAST_GAME_ID", "LAST_GAME_DATE_EST", "LAST_GAME_HOME_TEAM_ID", "LAST_GAME_HOME_TEAM_CITY", "LAST_GAME_HOME_TEAM_NAME", "LAST_GAME_HOME_TEAM_ABBREVIATION", "LAST_GAME_HOME_TEAM_POINTS", "LAST_GAME_VISITOR_TEAM_ID", "LAST_GAME_VISITOR_TEAM_CITY", "LAST_GAME_VISITOR_TEAM_NAME", "LAST_GAME_VISITOR_TEAM_CITY1", "LAST_GAME_VISITOR_TEAM_POINTS"], "rowSet": [["0021200028", "0021100211", "2012-01-18T00:00:00", 1610612754, "Indiana", "Pacers", "IND", 88, 1610612758, "Sacramento", "Kings", "SAC", 92]], "name": "LastMeeting"}, {"headers": ["GAME_ID", "TEAM_ID", "TEAM_ABBREVIATION", "TEAM_CITY", "PLAYER_ID", "PLAYER_NAME", "START_POSITION", "COMMENT", "MIN", "FGM", "FGA", "FG_PCT", "FG3M", "FG3A", "FG3_PCT", "FTM", "FTA", "FT_PCT", "OREB", "DREB", "REB", "AST", "STL", "BLK", "TO", "PF", "PTS", "PLUS_MINUS"], "rowSet": [["0021200028", 1610612758, "SAC", "Sacramento", 201949, "James Johnson", "F", "", "19:54", 1, 5, 0.2, 0, 1, 0.0, 2, 2, 1.0, 1, 1, 2, 1, 1, 3, 2, 0, 4, -11.0], ["0021200028", 1610612758, "SAC", "Sacramento", 201574, "Jason Thompson", "F", "", "23:49", 2, 6, 0.333, 0, 0, 0.0, 0, 0, 0.0, 0, 2, 2, 1, 0, 3, 0, 3, 4, 0.0], ["0021200028", 1610612758, "SAC", "Sacramento", 202326, "DeMarcus Cousins", "C", "", "42:11", 9, 27, 0.333, 0, 0, 0.0, 3, 6, 0.5, 7, 6, 13, 1, 4, 1, 1, 4, 21, -8.0], ["0021200028", 1610612758, "SAC", "Sacramento", 201936, "Tyreke Evans", "G", "", "44:27", 5, 15, 0.333, 0, 0, 0.0, 4, 4, 1.0, 2, 7, 9, 4, 3, 2, 4, 3, 14, -12.0], ["0021200028", 1610612758, "SAC", "Sacramento", 202738, "Isaiah Thomas", "G", "", "22:36", 2, 6, 0.333, 1, 4, 0.25, 0, 0, 0.0, 1, 1, 2, 2, 1, 0, 5, 0, 5, -2.0], ["0021200028", 1610612758, "SAC", "Sacramento", 201977, "Marcus Thornton", "", "", "42:27", 9, 21, 0.429, 4, 10, 0.4, 4, 4, 1.0, 2, 4, 6, 4, 2, 0, 1, 3, 26, 1.0], ["0021200028", 1610612758, "SAC", "Sacramento", 101236, "Charles Hayes", "", "", "34:17", 1, 2, 0.5, 0, 0, 0.0, 0, 0, 0.0, 2, 4, 6, 4, 0, 3, 0, 4, 2, -7.0], ["0021200028", 1610612758, "SAC", "Sacramento", 101128, "Francisco Garcia", "", "", "13:48", 1, 3, 0.333, 0, 0, 0.0, 0, 0, 0.0, 0, 2, 2, 0, 1, 0, 0, 1, 2, 4.0], ["0021200028", 1610612758, "SAC", "Sacramento", 203080, "Thomas Robinson", "", "", "11:39", 3, 6, 0.5, 0, 0, 0.0, 3, 4, 0.75, 0, 0, 0, 0, 2, 0, 1, 3, 9, -1.0], ["0021200028", 1610612758, "SAC", "Sacramento", 201166, "Aaron Brooks", "", "", "34:53", 4, 11, 0.364, 3, 7, 0.429, 0, 0, 0.0, 1, 4, 5, 2, 1, 1, 2, 5, 11, -4.0], ["0021200028", 1610612758, "SAC", "Sacramento", 202690, "Jimmer Fredette", "", "DNP - Coach's Decision", null, null, null, null, null, null, null, null, null, null, null, null, null, null, null, null, null, null, null, null], ["0021200028", 1610612758, "SAC", "Sacramento", 202715, "Tyler Honeycutt", "", "DNP - Coach's Decision", null, null, null, null, null, null, null, null, null, null, null, null, null, null, null, null, null, null, null, null], ["0021200028", 1610612758, "SAC", "Sacramento", 2566, "Travis Outlaw", "", "DNP - Coach's Decision", null, null, null, null, null, null, null, null, null, null, null, null, null, null, null, null, null, null, null, null], ["0021200028", 1610612754, "IND", "Indiana", 101123, "Gerald Green", "F", "", "24:18", 6, 9, 0.667, 1, 3, 0.333, 4, 4, 1.0, 2, 1, 3, 0, 2, 0, 2, 4, 17, -2.0], ["0021200028", 1610612754, "IND", "Indiana", 2561, "David West", "F", "", "46:54", 7, 21, 0.333, 0, 1, 0.0, 4, 4, 1.0, 5, 13, 18, 1, 1, 2, 1, 1, 18, 21.0], ["0021200028", 1610612754, "IND", "Indiana", 201579, "Roy Hibbert", "C", "", "43:12", 6, 11, 0.545, 0, 0, 0.0, 0, 2, 0.0, 5, 5, 10, 3, 0, 6, 2, 2, 12, 16.0], ["0021200028", 1610612754, "IND", "Indiana", 202331, "Paul George", "G", "", "47:54", 6, 15, 0.4, 2, 7, 0.286, 2, 2, 1.0, 1, 16, 17, 3, 2, 4, 4, 3, 16, 7.0], ["0021200028", 1610612754, "IND", "Indiana", 201588, "George Hill", "G", "", "44:39", 7, 17, 0.412, 0, 2, 0.0, 4, 5, 0.8, 2, 6, 8, 5, 2, 1, 3, 1, 18, 15.0], ["0021200028", 1610612754, "IND", "Indiana", 201970, "Sam Young", "", "", "11:42", 1, 5, 0.2, 0, 2, 0.0, 0, 0, 0.0, 1, 0, 1, 0, 1, 0, 4, 1, 2, -13.0], ["0021200028", 1610612754, "IND", "Indiana", 201946, "Tyler Hansbrough", "", "", "15:43", 1, 3, 0.333, 0, 0, 0.0, 4, 4, 1.0, 3, 2, 5, 0, 0, 0, 0, 2, 6, -9.0], ["0021200028", 1610612754, "IND", "Indiana", 201571, "D.J. Augustin", "", "", "13:21", 1, 4, 0.25, 0, 3, 0.0, 1, 1, 1.0, 0, 1, 1, 3, 0, 0, 1, 0, 3, -7.0], ["0021200028", 1610612754, "IND", "Indiana", 101133, "Ian Mahinmi", "", "", "9:53", 0, 2, 0.0, 0, 0, 0.0, 4, 4, 1.0, 2, 0, 2, 0, 0, 0, 2, 3, 4, -10.0], ["0021200028", 1610612754, "IND", "Indiana", 202362, "Lance Stephenson", "", "", "32:24", 4, 12, 0.333, 1, 4, 0.25, 1, 1, 1.0, 0, 2, 2, 1, 2, 1, 2, 2, 10, 22.0], ["0021200028", 1610612754, "IND", "Indiana", 203162, "Ben Hansbrough", "", "DNP - Coach's Decision", null, null, null, null, null, null, null, null, null, null, null, null, null, null, null, null, null, null, null, null], ["0021200028", 1610612754, "IND", "Indiana", 203111, "Orlando Johnson", "", "DNP - Coach's Decision", null, null, null, null, null, null, null, null, null, null, null, null, null, null, null, null, null, null, null, null], ["0021200028", 1610612754, "IND", "Indiana", 203101, "Miles Plumlee", "", "DNP - Coach's Decision", null, null, null, null, null, null, null, null, null, null, null, null, null, null, null, null, null, null, null, null]], "name": "PlayerStats"}, {"headers": ["GAME_ID", "TEAM_ID", "TEAM_NAME", "TEAM_ABBREVIATION", "TEAM_CITY", "MIN", "FGM", "FGA", "FG_PCT", "FG3M", "FG3A", "FG3_PCT", "FTM", "FTA", "FT_PCT", "OREB", "DREB", "REB", "AST", "STL", "BLK", "TO", "PF", "PTS", "PLUS_MINUS"], "rowSet": [["0021200028", 1610612758, "Kings", "SAC", "Sacramento", "290:00", 37, 102, 0.363, 8, 22, 0.364, 16, 20, 0.8, 16, 31, 47, 19, 15, 13, 16, 26, 98, -8.0], ["0021200028", 1610612754, "Pacers", "IND", "Indiana", "290:00", 39, 99, 0.394, 4, 22, 0.182, 24, 27, 0.889, 21, 46, 67, 16, 10, 14, 21, 19, 106, 8.0]], "name": "TeamStats"}, {"headers": ["LEAGUE_ID", "SEASON_ID", "TEAM_ID", "TEAM_ABBREVIATION", "TEAM_CITY", "PTS_PAINT", "PTS_2ND_CHANCE", "PTS_FB", "LARGEST_LEAD", "LEAD_CHANGES", "TIMES_TIED"], "rowSet": [["00", "22012", 1610612758, "SAC", "Sacramento", 40, 14, 14, 14, 4, 9], ["00", "22012", 1610612754, "IND", "Indiana", 46, 19, 12, 14, 4, 9]], "name": "OtherStats"}, {"headers": ["OFFICIAL_ID", "FIRST_NAME", "LAST_NAME", "JERSEY_NUM"], "rowSet": [[1662, "Bill", "Kennedy", "55"], [2004, "Courtney", "Kirkland", "61"], [2532, "Eli", "Roe", "44"]], "name": "Officials"}, {"headers": ["GAME_DATE", "ATTENDANCE", "GAME_TIME"], "rowSet": [["SATURDAY, NOVEMBER 3, 2012", 18165, "2:56"]], "name": "GameInfo"}, {"headers": ["PLAYER_ID", "FIRST_NAME", "LAST_NAME", "JERSEY_NUM", "TEAM_ID", "TEAM_CITY", "TEAM_NAME", "TEAM_ABBREVIATION"], "rowSet": [[2422, "John", "Salmons", " 5", 1610612758, "Sacramento", "Kings", "SAC"], [101122, "Danny", "Granger", "33", 1610612754, "Indiana", "Pacers", "IND"], [201965, "Jeff", "Ayres", "29", 1610612754, "Indiana", "Pacers", "IND"]], "name": "InactivePlayers"}, {"headers": ["VIDEO_AVAILABLE_FLAG"], "rowSet": [[1]], "name": "AvailableVideo"}], "parameters": {"GameID": "0021200028", "RangeType": 0, "StartPeriod": 0, "StartRange": 0, "EndPeriod": 0, "EndRange": 0}}