{"resource": "boxscore", "resultSets": [{"headers": ["GAME_DATE_EST", "GAME_SEQUENCE", "GAME_ID", "GAME_STATUS_ID", "GAME_STATUS_TEXT", "GAMECODE", "HOME_TEAM_ID", "VISITOR_TEAM_ID", "SEASON", "LIVE_PERIOD", "LIVE_PC_TIME", "NATL_TV_BROADCASTER_ABBREVIATION", "LIVE_PERIOD_TIME_BCAST", "WH_STATUS"], "rowSet": [["2012-11-07T00:00:00", 9, "0021200061", 3, "Final", "20121107/TORDAL", 1610612742, 1610612761, "2012", 4, "", null, "Q4  - ", 1]], "name": "GameSummary"}, {"headers": ["GAME_DATE_EST", "GAME_SEQUENCE", "GAME_ID", "TEAM_ID", "TEAM_ABBREVIATION", "TEAM_CITY_NAME", "TEAM_WINS_LOSSES", "PTS_QTR1", "PTS_QTR2", "PTS_QTR3", "PTS_QTR4", "PTS_OT1", "PTS_OT2", "PTS_OT3", "PTS_OT4", "PTS_OT5", "PTS_OT6", "PTS_OT7", "PTS_OT8", "PTS_OT9", "PTS_OT10", "PTS"], "rowSet": [["2012-11-07T00:00:00", 9, "0021200061", 1610612761, "TOR", "Toronto", "1-4", 24, 26, 24, 30, 0, 0, 0, 0, 0, 0, 0, 0, 0, 0, 104], ["2012-11-07T00:00:00", 9, "0021200061", 1610612742, "DAL", "Dallas", "4-1", 36, 25, 21, 27, 0, 0, 0, 0, 0, 0, 0, 0, 0, 0, 109]], "name": "LineScore"}, {"headers": ["GAME_ID", "HOME_TEAM_ID", "VISITOR_TEAM_ID", "GAME_DATE_EST", "HOME_TEAM_WINS", "HOME_TEAM_LOSSES", "SERIES_LEADER"], "rowSet": [["0021200061", 1610612742, 1610612761, "2012-11-07T00:00:00", 1, 1, "Tied"]], "name": "SeasonSeries"}, {"headers": ["GAME_ID", "LAST_GAME_ID", "LAST_GAME_DATE_EST", "LAST_GAME_HOME_TEAM_ID", "LAST_GAME_HOME_TEAM_CITY", "LAST_GAME_HOME_TEAM_NAME", "LAST_GAME_HOME_TEAM_ABBREVIATION", "LAST_GAME_HOME_TEAM_POINTS", "LAST_GAME_VISITOR_TEAM_ID", "LAST_GAME_VISITOR_TEAM_CITY", "LAST_GAME_VISITOR_TEAM_NAME", "LAST_GAME_VISITOR_TEAM_CITY1", "LAST_GAME_VISITOR_TEAM_POINTS"], "rowSet": [["0021200061", "0021100047", "2011-12-30T00:00:00", 1610612742, "Dallas", "Mavericks", "DAL", 99, 1610612761, "Toronto", "Raptors", "TOR", 86]], "name": "LastMeeting"}, {"headers": ["GAME_ID", "TEAM_ID", "TEAM_ABBREVIATION", "TEAM_CITY", "PLAYER_ID", "PLAYER_NAME", "START_POSITION", "COMMENT", "MIN", "FGM", "FGA", "FG_PCT", "FG3M", "FG3A", "FG3_PCT", "FTM", "FTA", "FT_PCT", "OREB", "DREB", "REB", "AST", "STL", "BLK", "TO", "PF", "PTS", "PLUS_MINUS"], "rowSet": [["0021200061", 1610612761, "TOR", "Toronto", 202361, "Landry Fields", "F", "", "19:11", 1, 4, 0.25, 0, 0, 0.0, 0, 0, 0.0, 0, 4, 4, 1, 0, 0, 1, 1, 2, -12.0], ["0021200061", 1610612761, "TOR", "Toronto", 200745, "Andrea Bargnani", "F", "", "38:42", 9, 20, 0.45, 0, 5, 0.0, 7, 7, 1.0, 2, 7, 9, 3, 2, 0, 0, 1, 25, 7.0], ["0021200061", 1610612761, "TOR", "Toronto", 202685, "Jonas Valanciunas", "C", "", "10:29", 2, 4, 0.5, 0, 0, 0.0, 0, 0, 0.0, 2, 0, 2, 0, 0, 0, 2, 5, 4, -13.0], ["0021200061", 1610612761, "TOR", "Toronto", 201942, "DeMar DeRozan", "G", "", "40:22", 8, 17, 0.471, 0, 3, 0.0, 8, 10, 0.8, 0, 6, 6, 7, 0, 0, 1, 2, 24, 5.0], ["0021200061", 1610612761, "TOR", "Toronto", 101181, "Jose Calderon", "G", "", "33:10", 4, 10, 0.4, 3, 5, 0.6, 0, 0, 0.0, 0, 0, 0, 6, 1, 0, 0, 2, 11, -1.0], ["0021200061", 1610612761, "TOR", "Toronto", 101187, "Alan Anderson", "", "", "16:05", 3, 9, 0.333, 2, 6, 0.333, 5, 5, 1.0, 0, 0, 0, 0, 1, 0, 0, 2, 13, -7.0], ["0021200061", 1610612761, "TOR", "Toronto", 101161, "Amir Johnson", "", "", "28:51", 6, 7, 0.857, 0, 0, 0.0, 6, 7, 0.857, 6, 5, 11, 3, 1, 1, 1, 5, 18, 4.0], ["0021200061", 1610612761, "TOR", "Toronto", 202334, "Ed Davis", "", "", "5:09", 0, 0, 0.0, 0, 0, 0.0, 1, 2, 0.5, 0, 1, 1, 0, 0, 0, 0, 0, 1, -6.0], ["0021200061", 1610612761, "TOR", "Toronto", 101249, "John Lucas III", "", "", "14:50", 0, 3, 0.0, 0, 1, 0.0, 0, 0, 0.0, 0, 2, 2, 1, 0, 0, 0, 1, 0, -4.0], ["0021200061", 1610612761, "TOR", "Toronto", 203082, "Terrence Ross", "", "", "7:47", 1, 3, 0.333, 0, 2, 0.0, 0, 0, 0.0, 0, 0, 0, 0, 0, 0, 0, 2, 2, 1.0], ["0021200061", 1610612761, "TOR", "Toronto", 201189, "Aaron Gray", "", "", "8:40", 1, 2, 0.5, 0, 0, 0.0, 0, 0, 0.0, 0, 1, 1, 0, 1, 0, 2, 2, 2, 4.0], ["0021200061", 1610612761, "TOR", "Toronto", 203112, "Quincy Acy", "", "", "4:09", 0, 1, 0.0, 0, 0, 0.0, 0, 0, 0.0, 0, 0, 0, 0, 0, 0, 0, 1, 0, -6.0], ["0021200061", 1610612761, "TOR", "Toronto", 201187, "Dominic McGuire", "", "", "12:35", 1, 1, 1.0, 0, 0, 0.0, 0, 0, 0.0, 0, 2, 2, 0, 1, 0, 1, 4, 2, 3.0], ["0021200061", 1610612742, "DAL", "Dallas", 203109, "Jae Crowder", "F", "", "27:14", 3, 4, 0.75, 2, 3, 0.667, 0, 0, 0.0, 0, 4, 4, 1, 0, 0, 0, 2, 8, 1.0], ["0021200061", 1610612742, "DAL", "Dallas", 201148, "Brandan Wright", "F", "", "28:15", 5, 9, 0.556, 0, 0, 0.0, 2, 3, 0.667, 3, 4, 7, 0, 0, 2, 1, 1, 12, 0.0], ["0021200061", 1610612742, "DAL", "Dallas", 2549, "Chris Kaman", "C", "", "32:60", 8, 15, 0.533, 0, 0, 0.0, 6, 8, 0.75, 2, 6, 8, 3, 0, 1, 2, 4, 22, 1.0], ["0021200061", 1610612742, "DAL", "Dallas", 201564, "O.J. Mayo", "G", "", "38:04", 8, 17, 0.471, 3, 6, 0.5, 3, 6, 0.5, 0, 5, 5, 6, 1, 0, 0, 1, 22, 10.0], ["0021200061", 1610612742, "DAL", "Dallas", 201954, "Darren Collison", "G", "", "35:18", 5, 13, 0.385, 0, 2, 0.0, 5, 6, 0.833, 0, 2, 2, 2, 1, 0, 0, 0, 15, -2.0], ["0021200061", 1610612742, "DAL", "Dallas", 2211, "Troy Murphy", "", "", "15:26", 2, 6, 0.333, 1, 4, 0.25, 0, 0, 0.0, 2, 0, 2, 0, 1, 1, 1, 2, 5, -2.0], ["0021200061", 1610612742, "DAL", "Dallas", 1713, "Vince Carter", "", "", "25:57", 6, 14, 0.429, 2, 6, 0.333, 3, 4, 0.75, 2, 3, 5, 3, 1, 2, 4, 4, 17, -3.0], ["0021200061", 1610612742, "DAL", "Dallas", 2563, "Dahntay Jones", "", "", "5:36", 0, 0, 0.0, 0, 0, 0.0, 1, 2, 0.5, 2, 0, 2, 1, 0, 0, 0, 1, 1, -1.0], ["0021200061", 1610612742, "DAL", "Dallas", 203108, "Bernard James", "", "", "18:28", 2, 4, 0.5, 0, 0, 0.0, 2, 2, 1.0, 4, 5, 9, 0, 0, 0, 1, 4, 6, 14.0], ["0021200061", 1610612742, "DAL", "Dallas", 202346, "Dominique Jones", "", "", "12:42", 0, 2, 0.0, 0, 0, 0.0, 1, 4, 0.25, 1, 2, 3, 5, 0, 0, 2, 4, 1, 7.0], ["0021200061", 1610612742, "DAL", "Dallas", 201958, "Rodrigue Beaubois", "", "DNP - Coach's Decision", null, null, null, null, null, null, null, null, null, null, null, null, null, null, null, null, null, null, null, null], ["0021200061", 1610612742, "DAL", "Dallas", 1882, "Elton Brand", "", "NWT - Personal Reasons", null, null, null, null, null, null, null, null, null, null, null, null, null, null, null, null, null, null, null, null], ["0021200061", 1610612742, "DAL", "Dallas", 203099, "Jared Cunningham", "", "DNP - Coach's Decision", null, null, null, null, null, null, null, null, null, null, null, null, null, null, null, null, null, null, null, null]], "name": "PlayerStats"}, {"headers": ["GAME_ID", "TEAM_ID", "TEAM_NAME", "TEAM_ABBREVIATION", "TEAM_CITY", "MIN", "FGM", "FGA", "FG_PCT", "FG3M", "FG3A", "FG3_PCT", "FTM", "FTA", "FT_PCT", "OREB", "DREB", "REB", "AST", "STL", "BLK", "TO", "PF", "PTS", "PLUS_MINUS"], "rowSet": [["0021200061", 1610612761, "Raptors", "TOR", "Toronto", "240:00", 36, 81, 0.444, 5, 22, 0.227, 27, 31, 0.871, 10, 28, 38, 21, 7, 1, 8, 28, 104, -5.0], ["0021200061", 1610612742, "Mavericks", "DAL", "Dallas", "240:00", 39, 84, 0.464, 8, 21, 0.381, 23, 35, 0.657, 16, 31, 47, 21, 4, 6, 11, 23, 109, 5.0]], "name": "TeamStats"}, {"headers": ["LEAGUE_ID", "SEASON_ID", "TEAM_ID", "TEAM_ABBREVIATION", "TEAM_CITY", "PTS_PAINT", "PTS_2ND_CHANCE", "PTS_FB", "LARGEST_LEAD", "LEAD_CHANGES", "TIMES_TIED"], "rowSet": [["00", "22012", 1610612742, "DAL", "Dallas", 42, 22, 19, 15, 1, 1], ["00", "22012", 1610612761, "TOR", "Toronto", 48, 9, 3, 16, 1, 1]], "name": "OtherStats"}, {"headers": ["OFFICIAL_ID", "FIRST_NAME", "LAST_NAME", "JERSEY_NUM"], "rowSet": [[1179, "Rodney", "Mott", "71"], [2882, "Sean", "Wright", "65"], [202027, "Tre", "Maddox", "73"]], "name": "Officials"}, {"headers": ["GAME_DATE", "ATTENDANCE", "GAME_TIME"], "rowSet": [["WEDNESDAY, NOVEMBER 7, 2012", 19763, "2:28"]], "name": "GameInfo"}, {"headers": ["PLAYER_ID", "FIRST_NAME", "LAST_NAME", "JERSEY_NUM", "TEAM_ID", "TEAM_CITY", "TEAM_NAME", "TEAM_ABBREVIATION"], "rowSet": [[1890, "Shawn", "Marion", " 0", 1610612742, "Dallas", "Mavericks", "DAL"], [1717, "Dirk", "Nowitzki", "41", 1610612742, "Dallas", "Mavericks", "DAL"], [101132, "Linas", "Kleiza", "11", 1610612761, "Toronto", "Raptors", "TOR"], [200768, "Kyle", "Lowry", " 3", 1610612761, "Toronto", "Raptors", "TOR"]], "name": "InactivePlayers"}, {"headers": ["VIDEO_AVAILABLE_FLAG"], "rowSet": [[1]], "name": "AvailableVideo"}], "parameters": {"GameID": "0021200061", "RangeType": 0, "StartPeriod": 0, "StartRange": 0, "EndPeriod": 0, "EndRange": 0}}