{"resource": "boxscore", "resultSets": [{"headers": ["GAME_DATE_EST", "GAME_SEQUENCE", "GAME_ID", "GAME_STATUS_ID", "GAME_STATUS_TEXT", "GAMECODE", "HOME_TEAM_ID", "VISITOR_TEAM_ID", "SEASON", "LIVE_PERIOD", "LIVE_PC_TIME", "NATL_TV_BROADCASTER_ABBREVIATION", "LIVE_PERIOD_TIME_BCAST", "WH_STATUS"], "rowSet": [["2012-11-07T00:00:00", 2, "0021200054", 3, "Final", "20121107/WASBOS", 1610612738, 1610612764, "2012", 5, "", null, "Q5  - ", 1]], "name": "GameSummary"}, {"headers": ["GAME_DATE_EST", "GAME_SEQUENCE", "GAME_ID", "TEAM_ID", "TEAM_ABBREVIATION", "TEAM_CITY_NAME", "TEAM_WINS_LOSSES", "PTS_QTR1", "PTS_QTR2", "PTS_QTR3", "PTS_QTR4", "PTS_OT1", "PTS_OT2", "PTS_OT3", "PTS_OT4", "PTS_OT5", "PTS_OT6", "PTS_OT7", "PTS_OT8", "PTS_OT9", "PTS_OT10", "PTS"], "rowSet": [["2012-11-07T00:00:00", 2, "0021200054", 1610612764, "WAS", "Washington", "0-3", 16, 26, 16, 30, 6, 0, 0, 0, 0, 0, 0, 0, 0, 0, 94], ["2012-11-07T00:00:00", 2, "0021200054", 1610612738, "BOS", "Boston", "2-2", 21, 16, 29, 22, 12, 0, 0, 0, 0, 0, 0, 0, 0, 0, 100]], "name": "LineScore"}, {"headers": ["GAME_ID", "HOME_TEAM_ID", "VISITOR_TEAM_ID", "GAME_DATE_EST", "HOME_TEAM_WINS", "HOME_TEAM_LOSSES", "SERIES_LEADER"], "rowSet": [["0021200054", 1610612738, 1610612764, "2012-11-07T00:00:00", 3, 0, "Boston"]], "name": "SeasonSeries"}, {"headers": ["GAME_ID", "LAST_GAME_ID", "LAST_GAME_DATE_EST", "LAST_GAME_HOME_TEAM_ID", "LAST_GAME_HOME_TEAM_CITY", "LAST_GAME_HOME_TEAM_NAME", "LAST_GAME_HOME_TEAM_ABBREVIATION", "LAST_GAME_HOME_TEAM_POINTS", "LAST_GAME_VISITOR_TEAM_ID", "LAST_GAME_VISITOR_TEAM_CITY", "LAST_GAME_VISITOR_TEAM_NAME", "LAST_GAME_VISITOR_TEAM_CITY1", "LAST_GAME_VISITOR_TEAM_POINTS"], "rowSet": [["0021200054", "0021200027", "2012-11-03T00:00:00", 1610612738, "Boston", "Celtics", "BOS", 89, 1610612764, "Washington", "Wizards", "WAS", 86]], "name": "LastMeeting"}, {"headers": ["GAME_ID", "TEAM_ID", "TEAM_ABBREVIATION", "TEAM_CITY", "PLAYER_ID", "PLAYER_NAME", "START_POSITION", "COMMENT", "MIN", "FGM", "FGA", "FG_PCT", "FG3M", "FG3A", "FG3_PCT", "FTM", "FTA", "FT_PCT", "OREB", "DREB", "REB", "AST", "STL", "BLK", "TO", "PF", "PTS", "PLUS_MINUS"], "rowSet": [["0021200054", 1610612764, "WAS", "Washington", 2772, "Trevor Ariza", "F", "", "18:41", 1, 6, 0.167, 0, 1, 0.0, 0, 0, 0.0, 1, 2, 3, 2, 2, 0, 0, 2, 2, -8.0], ["0021200054", 1610612764, "WAS", "Washington", 202344, "Trevor Booker", "F", "", "20:18", 3, 7, 0.429, 0, 0, 0.0, 0, 0, 0.0, 1, 3, 4, 1, 0, 0, 0, 1, 6, -4.0], ["0021200054", 1610612764, "WAS", "Washington", 2731, "Emeka Okafor", "C", "", "11:15", 1, 2, 0.5, 0, 0, 0.0, 0, 0, 0.0, 0, 1, 1, 0, 1, 2, 0, 0, 2, -4.0], ["0021200054", 1610612764, "WAS", "Washington", 203078, "Bradley Beal", "G", "", "38:19", 6, 15, 0.4, 3, 8, 0.375, 1, 1, 1.0, 0, 4, 4, 3, 1, 1, 2, 4, 16, 6.0], ["0021200054", 1610612764, "WAS", "Washington", 201985, "A.J. Price", "G", "", "36:41", 6, 13, 0.462, 3, 8, 0.375, 0, 0, 0.0, 0, 5, 5, 7, 1, 0, 6, 3, 15, 6.0], ["0021200054", 1610612764, "WAS", "Washington", 202338, "Kevin Seraphin", "", "", "36:21", 8, 19, 0.421, 0, 0, 0.0, 0, 0, 0.0, 4, 5, 9, 3, 0, 1, 6, 5, 16, -7.0], ["0021200054", 1610612764, "WAS", "Washington", 202686, "Jan Vesely", "", "", "12:54", 1, 3, 0.333, 0, 0, 0.0, 0, 0, 0.0, 1, 4, 5, 1, 0, 0, 2, 3, 2, -8.0], ["0021200054", 1610612764, "WAS", "Washington", 2457, "Jannero Pargo", "", "", "16:19", 1, 5, 0.2, 1, 3, 0.333, 0, 0, 0.0, 0, 0, 0, 3, 0, 1, 1, 2, 3, -12.0], ["0021200054", 1610612764, "WAS", "Washington", 101110, "Martell Webster", "", "", "34:49", 5, 9, 0.556, 3, 6, 0.5, 3, 3, 1.0, 0, 6, 6, 1, 0, 1, 1, 4, 16, 2.0], ["0021200054", 1610612764, "WAS", "Washington", 202348, "Jordan Crawford", "", "", "14:41", 1, 6, 0.167, 0, 2, 0.0, 0, 0, 0.0, 1, 1, 2, 2, 0, 0, 1, 0, 2, -12.0], ["0021200054", 1610612764, "WAS", "Washington", 202698, "Chris Singleton", "", "", "24:42", 6, 10, 0.6, 0, 1, 0.0, 2, 3, 0.667, 2, 3, 5, 2, 3, 0, 0, 3, 14, 11.0], ["0021200054", 1610612764, "WAS", "Washington", 2853, "Earl Barron", "", "DNP - Coach's Decision", null, null, null, null, null, null, null, null, null, null, null, null, null, null, null, null, null, null, null, null], ["0021200054", 1610612764, "WAS", "Washington", 201858, "Cartier Martin", "", "DNP - Coach's Decision", null, null, null, null, null, null, null, null, null, null, null, null, null, null, null, null, null, null, null, null], ["0021200054", 1610612738, "BOS", "Boston", 1718, "Paul Pierce", "F", "", "40:47", 2, 12, 0.167, 1, 4, 0.25, 10, 12, 0.833, 1, 9, 10, 2, 4, 0, 1, 3, 15, -5.0], ["0021200054", 1610612738, "BOS", "Boston", 203096, "Jared Sullinger", "F", "", "24:08", 2, 5, 0.4, 0, 0, 0.0, 0, 0, 0.0, 1, 3, 4, 1, 0, 1, 2, 0, 4, -2.0], ["0021200054", 1610612738, "BOS", "Boston", 708, "Kevin Garnett", "C", "", "34:54", 7, 16, 0.438, 0, 0, 0.0, 6, 7, 0.857, 1, 12, 13, 2, 1, 2, 3, 5, 20, 9.0], ["0021200054", 1610612738, "BOS", "Boston", 201584, "Courtney Lee", "G", "", "18:36", 0, 3, 0.0, 0, 1, 0.0, 2, 2, 1.0, 0, 0, 0, 1, 0, 0, 0, 1, 2, -2.0], ["0021200054", 1610612738, "BOS", "Boston", 200765, "Rajon Rondo", "G", "", "44:20", 7, 11, 0.636, 1, 2, 0.5, 3, 4, 0.75, 0, 4, 4, 14, 3, 0, 4, 4, 18, 11.0], ["0021200054", 1610612738, "BOS", "Boston", 101138, "Brandon Bass", "", "", "32:57", 4, 9, 0.444, 0, 0, 0.0, 3, 4, 0.75, 2, 5, 7, 0, 1, 0, 2, 4, 11, 6.0], ["0021200054", 1610612738, "BOS", "Boston", 1891, "Jason Terry", "", "", "32:16", 7, 15, 0.467, 2, 5, 0.4, 0, 0, 0.0, 0, 1, 1, 3, 0, 0, 1, 0, 16, 7.0], ["0021200054", 1610612738, "BOS", "Boston", 201145, "Jeff Green", "", "", "21:34", 3, 6, 0.5, 0, 0, 0.0, 0, 0, 0.0, 0, 2, 2, 2, 0, 0, 2, 0, 6, 2.0], ["0021200054", 1610612738, "BOS", "Boston", 2571, "Leandro Barbosa", "", "", "11:48", 1, 3, 0.333, 0, 1, 0.0, 0, 0, 0.0, 1, 0, 1, 1, 0, 1, 1, 0, 2, -4.0], ["0021200054", 1610612738, "BOS", "Boston", 2404, "Chris Wilcox", "", "", "3:41", 1, 1, 1.0, 0, 0, 0.0, 4, 5, 0.8, 0, 2, 2, 0, 0, 1, 0, 0, 6, 8.0], ["0021200054", 1610612738, "BOS", "Boston", 2215, "Jason Collins", "", "DNP - Coach's Decision", null, null, null, null, null, null, null, null, null, null, null, null, null, null, null, null, null, null, null, null], ["0021200054", 1610612738, "BOS", "Boston", 203126, "Kris Joseph", "", "DNP - Coach's Decision", null, null, null, null, null, null, null, null, null, null, null, null, null, null, null, null, null, null, null, null], ["0021200054", 1610612738, "BOS", "Boston", 2545, "Darko Milicic", "", "DNP - Coach's Decision", null, null, null, null, null, null, null, null, null, null, null, null, null, null, null, null, null, null, null, null]], "name": "PlayerStats"}, {"headers": ["GAME_ID", "TEAM_ID", "TEAM_NAME", "TEAM_ABBREVIATION", "TEAM_CITY", "MIN", "FGM", "FGA", "FG_PCT", "FG3M", "FG3A", "FG3_PCT", "FTM", "FTA", "FT_PCT", "OREB", "DREB", "REB", "AST", "STL", "BLK", "TO", "PF", "PTS", "PLUS_MINUS"], "rowSet": [["0021200054", 1610612764, "Wizards", "WAS", "Washington", "265:00", 39, 95, 0.411, 10, 29, 0.345, 6, 7, 0.857, 10, 34, 44, 25, 8, 6, 19, 27, 94, -6.0], ["0021200054", 1610612738, "Celtics", "BOS", "Boston", "265:00", 34, 81, 0.42, 4, 13, 0.308, 28, 34, 0.824, 6, 38, 44, 26, 9, 5, 16, 17, 100, 6.0]], "name": "TeamStats"}, {"headers": ["LEAGUE_ID", "SEASON_ID", "TEAM_ID", "TEAM_ABBREVIATION", "TEAM_CITY", "PTS_PAINT", "PTS_2ND_CHANCE", "PTS_FB", "LARGEST_LEAD", "LEAD_CHANGES", "TIMES_TIED"], "rowSet": [["00", "22012", 1610612764, "WAS", "Washington", 40, 13, 15, 11, 14, 13], ["00", "22012", 1610612738, "BOS", "Boston", 32, 4, 16, 10, 14, 13]], "name": "OtherStats"}, {"headers": ["OFFICIAL_ID", "FIRST_NAME", "LAST_NAME", "JERSEY_NUM"], "rowSet": [[1363, "Bennie", "Adams", "47"], [1176, "Monty", "McCutchen", "13"], [202041, "Kevin", "Scott", "79"]], "name": "Officials"}, {"headers": ["GAME_DATE", "ATTENDANCE", "GAME_TIME"], "rowSet": [["WEDNESDAY, NOVEMBER 7, 2012", 18624, "2:34"]], "name": "GameInfo"}, {"headers": ["PLAYER_ID", "FIRST_NAME", "LAST_NAME", "JERSEY_NUM", "TEAM_ID", "TEAM_CITY", "TEAM_NAME", "TEAM_ABBREVIATION"], "rowSet": [[203097, "Fab", "Melo", "13", 1610612738, "Boston", "Celtics", "BOS"], [202340, "Avery", "Bradley", " 0", 1610612738, "Boston", "Celtics", "BOS"], [202322, "John", "Wall", " 2", 1610612764, "Washington", "Wizards", "WAS"], [2403, "Nene", "Hilario", "42", 1610612764, "Washington", "Wizards", "WAS"]], "name": "InactivePlayers"}, {"headers": ["VIDEO_AVAILABLE_FLAG"], "rowSet": [[1]], "name": "AvailableVideo"}], "parameters": {"GameID": "0021200054", "RangeType": 0, "StartPeriod": 0, "StartRange": 0, "EndPeriod": 0, "EndRange": 0}}