{"resource": "boxscore", "resultSets": [{"headers": ["GAME_DATE_EST", "GAME_SEQUENCE", "GAME_ID", "GAME_STATUS_ID", "GAME_STATUS_TEXT", "GAMECODE", "HOME_TEAM_ID", "VISITOR_TEAM_ID", "SEASON", "LIVE_PERIOD", "LIVE_PC_TIME", "NATL_TV_BROADCASTER_ABBREVIATION", "LIVE_PERIOD_TIME_BCAST", "WH_STATUS"], "rowSet": [["2012-11-06T00:00:00", 3, "0021200052", 3, "Final", "20121106/DETDEN", 1610612743, 1610612765, "2012", 4, "", null, "Q4  - ", 1]], "name": "GameSummary"}, {"headers": ["GAME_DATE_EST", "GAME_SEQUENCE", "GAME_ID", "TEAM_ID", "TEAM_ABBREVIATION", "TEAM_CITY_NAME", "TEAM_WINS_LOSSES", "PTS_QTR1", "PTS_QTR2", "PTS_QTR3", "PTS_QTR4", "PTS_OT1", "PTS_OT2", "PTS_OT3", "PTS_OT4", "PTS_OT5", "PTS_OT6", "PTS_OT7", "PTS_OT8", "PTS_OT9", "PTS_OT10", "PTS"], "rowSet": [["2012-11-06T00:00:00", 3, "0021200052", 1610612765, "DET", "Detroit", "0-4", 21, 30, 25, 21, 0, 0, 0, 0, 0, 0, 0, 0, 0, 0, 97], ["2012-11-06T00:00:00", 3, "0021200052", 1610612743, "DEN", "Denver", "1-3", 24, 34, 27, 24, 0, 0, 0, 0, 0, 0, 0, 0, 0, 0, 109]], "name": "LineScore"}, {"headers": ["GAME_ID", "HOME_TEAM_ID", "VISITOR_TEAM_ID", "GAME_DATE_EST", "HOME_TEAM_WINS", "HOME_TEAM_LOSSES", "SERIES_LEADER"], "rowSet": [["0021200052", 1610612743, 1610612765, "2012-11-06T00:00:00", 2, 0, "Denver"]], "name": "SeasonSeries"}, {"headers": ["GAME_ID", "LAST_GAME_ID", "LAST_GAME_DATE_EST", "LAST_GAME_HOME_TEAM_ID", "LAST_GAME_HOME_TEAM_CITY", "LAST_GAME_HOME_TEAM_NAME", "LAST_GAME_HOME_TEAM_ABBREVIATION", "LAST_GAME_HOME_TEAM_POINTS", "LAST_GAME_VISITOR_TEAM_ID", "LAST_GAME_VISITOR_TEAM_CITY", "LAST_GAME_VISITOR_TEAM_NAME", "LAST_GAME_VISITOR_TEAM_CITY1", "LAST_GAME_VISITOR_TEAM_POINTS"], "rowSet": [["0021200052", "0021100691", "2012-03-21T00:00:00", 1610612743, "Denver", "Nuggets", "DEN", 116, 1610612765, "Detroit", "Pistons", "DET", 115]], "name": "LastMeeting"}, {"headers": ["GAME_ID", "TEAM_ID", "TEAM_ABBREVIATION", "TEAM_CITY", "PLAYER_ID", "PLAYER_NAME", "START_POSITION", "COMMENT", "MIN", "FGM", "FGA", "FG_PCT", "FG3M", "FG3A", "FG3_PCT", "FTM", "FTA", "FT_PCT", "OREB", "DREB", "REB", "AST", "STL", "BLK", "TO", "PF", "PTS", "PLUS_MINUS"], "rowSet": [["0021200052", 1610612765, "DET", "Detroit", 2419, "Tayshaun Prince", "F", "", "28:47", 2, 8, 0.25, 0, 0, 0.0, 0, 0, 0.0, 1, 2, 3, 1, 0, 0, 0, 0, 4, -10.0], ["0021200052", 1610612765, "DET", "Detroit", 101131, "Jason Maxiell", "F", "", "22:36", 4, 4, 1.0, 0, 0, 0.0, 1, 2, 0.5, 1, 1, 2, 0, 1, 2, 0, 2, 9, -8.0], ["0021200052", 1610612765, "DET", "Detroit", 202328, "Greg Monroe", "C", "", "35:21", 10, 20, 0.5, 0, 0, 0.0, 7, 7, 1.0, 3, 7, 10, 2, 1, 3, 2, 4, 27, -1.0], ["0021200052", 1610612765, "DET", "Detroit", 201155, "Rodney Stuckey", "G", "", "39:04", 5, 17, 0.294, 2, 6, 0.333, 5, 7, 0.714, 1, 3, 4, 4, 0, 1, 2, 2, 17, -9.0], ["0021200052", 1610612765, "DET", "Detroit", 202688, "Brandon Knight", "G", "", "32:60", 1, 6, 0.167, 0, 1, 0.0, 0, 0, 0.0, 0, 4, 4, 9, 1, 1, 4, 3, 2, -1.0], ["0021200052", 1610612765, "DET", "Detroit", 202713, "Kyle Singler", "", "", "19:13", 3, 5, 0.6, 0, 0, 0.0, 3, 4, 0.75, 1, 0, 1, 0, 0, 1, 1, 1, 9, -2.0], ["0021200052", 1610612765, "DET", "Detroit", 201973, "Jonas Jerebko", "", "", "25:20", 4, 8, 0.5, 1, 2, 0.5, 2, 2, 1.0, 1, 5, 6, 0, 3, 0, 1, 2, 11, -4.0], ["0021200052", 1610612765, "DET", "Detroit", 101198, "Will Bynum", "", "", "15:00", 1, 5, 0.2, 0, 0, 0.0, 3, 3, 1.0, 0, 3, 3, 8, 0, 0, 2, 2, 5, -11.0], ["0021200052", 1610612765, "DET", "Detroit", 203083, "Andre Drummond", "", "", "12:13", 3, 3, 1.0, 1, 1, 1.0, 0, 0, 0.0, 0, 2, 2, 2, 0, 0, 0, 0, 7, -8.0], ["0021200052", 1610612765, "DET", "Detroit", 203119, "Kim English", "", "", "9:22", 2, 2, 1.0, 2, 2, 1.0, 0, 0, 0.0, 0, 0, 0, 0, 0, 1, 1, 3, 6, -6.0], ["0021200052", 1610612765, "DET", "Detroit", 101111, "Charlie Villanueva", "", "", "0:04", 0, 0, 0.0, 0, 0, 0.0, 0, 0, 0.0, 0, 0, 0, 0, 0, 0, 0, 0, 0, 0.0], ["0021200052", 1610612765, "DET", "Detroit", 201948, "Austin Daye", "", "DNP - Coach's Decision", null, null, null, null, null, null, null, null, null, null, null, null, null, null, null, null, null, null, null, null], ["0021200052", 1610612765, "DET", "Detroit", 203114, "Khris Middleton", "", "DNP - Coach's Decision", null, null, null, null, null, null, null, null, null, null, null, null, null, null, null, null, null, null, null, null], ["0021200052", 1610612743, "DEN", "Denver", 201568, "Danilo Gallinari", "F", "", "31:40", 3, 11, 0.273, 2, 8, 0.25, 0, 0, 0.0, 2, 2, 4, 2, 0, 2, 4, 4, 8, 3.0], ["0021200052", 1610612743, "DEN", "Denver", 202702, "Kenneth Faried", "F", "", "22:40", 7, 10, 0.7, 0, 0, 0.0, 1, 3, 0.333, 3, 5, 8, 1, 0, 1, 0, 3, 15, 8.0], ["0021200052", 1610612743, "DEN", "Denver", 201585, "Kosta Koufos", "C", "", "29:33", 7, 13, 0.538, 0, 0, 0.0, 0, 0, 0.0, 2, 3, 5, 0, 0, 3, 1, 5, 14, 0.0], ["0021200052", 1610612743, "DEN", "Denver", 2738, "Andre Iguodala", "G", "", "36:21", 6, 15, 0.4, 3, 6, 0.5, 2, 2, 1.0, 3, 7, 10, 4, 1, 1, 4, 1, 17, 6.0], ["0021200052", 1610612743, "DEN", "Denver", 201951, "Ty Lawson", "G", "", "39:21", 3, 8, 0.375, 1, 4, 0.25, 8, 10, 0.8, 0, 4, 4, 9, 4, 0, 1, 3, 15, 21.0], ["0021200052", 1610612743, "DEN", "Denver", 1889, "Andre Miller", "", "", "26:09", 2, 5, 0.4, 0, 2, 0.0, 4, 5, 0.8, 2, 1, 3, 6, 3, 0, 2, 1, 8, 1.0], ["0021200052", 1610612743, "DEN", "Denver", 201163, "Wilson Chandler", "", "", "16:09", 2, 8, 0.25, 1, 3, 0.333, 0, 0, 0.0, 4, 3, 7, 0, 0, 0, 1, 2, 5, 7.0], ["0021200052", 1610612743, "DEN", "Denver", 201147, "Corey Brewer", "", "", "20:06", 4, 11, 0.364, 3, 7, 0.429, 0, 0, 0.0, 2, 6, 8, 0, 1, 1, 1, 2, 11, 5.0], ["0021200052", 1610612743, "DEN", "Denver", 201580, "JaVale McGee", "", "", "18:01", 7, 11, 0.636, 0, 0, 0.0, 2, 2, 1.0, 3, 0, 3, 1, 0, 3, 1, 0, 16, 9.0], ["0021200052", 1610612743, "DEN", "Denver", 203095, "Evan Fournier", "", "DNP - Coach's Decision", null, null, null, null, null, null, null, null, null, null, null, null, null, null, null, null, null, null, null, null], ["0021200052", 1610612743, "DEN", "Denver", 202706, "Jordan Hamilton", "", "DNP - Coach's Decision", null, null, null, null, null, null, null, null, null, null, null, null, null, null, null, null, null, null, null, null], ["0021200052", 1610612743, "DEN", "Denver", 202389, "Timofey Mozgov", "", "DNP - Coach's Decision", null, null, null, null, null, null, null, null, null, null, null, null, null, null, null, null, null, null, null, null], ["0021200052", 1610612743, "DEN", "Denver", 201576, "Anthony Randolph", "", "DNP - Coach's Decision", null, null, null, null, null, null, null, null, null, null, null, null, null, null, null, null, null, null, null, null]], "name": "PlayerStats"}, {"headers": ["GAME_ID", "TEAM_ID", "TEAM_NAME", "TEAM_ABBREVIATION", "TEAM_CITY", "MIN", "FGM", "FGA", "FG_PCT", "FG3M", "FG3A", "FG3_PCT", "FTM", "FTA", "FT_PCT", "OREB", "DREB", "REB", "AST", "STL", "BLK", "TO", "PF", "PTS", "PLUS_MINUS"], "rowSet": [["0021200052", 1610612765, "Pistons", "DET", "Detroit", "240:00", 35, 78, 0.449, 6, 12, 0.5, 21, 25, 0.84, 8, 27, 35, 26, 6, 9, 13, 19, 97, -12.0], ["0021200052", 1610612743, "Nuggets", "DEN", "Denver", "240:00", 41, 92, 0.446, 10, 30, 0.333, 17, 22, 0.773, 21, 31, 52, 23, 9, 11, 15, 21, 109, 12.0]], "name": "TeamStats"}, {"headers": ["LEAGUE_ID", "SEASON_ID", "TEAM_ID", "TEAM_ABBREVIATION", "TEAM_CITY", "PTS_PAINT", "PTS_2ND_CHANCE", "PTS_FB", "LARGEST_LEAD", "LEAD_CHANGES", "TIMES_TIED"], "rowSet": [["00", "22012", 1610612765, "DET", "Detroit", 44, 9, 9, 17, 6, 7], ["00", "22012", 1610612743, "DEN", "Denver", 56, 26, 14, 17, 6, 7]], "name": "OtherStats"}, {"headers": ["OFFICIAL_ID", "FIRST_NAME", "LAST_NAME", "JERSEY_NUM"], "rowSet": [[1185, "Violet", "Palmer", "12"], [101284, "John", "Goble", "30"], [202037, "JT", "Orr", "72"]], "name": "Officials"}, {"headers": ["GAME_DATE", "ATTENDANCE", "GAME_TIME"], "rowSet": [["TUESDAY, NOVEMBER 6, 2012", 19155, "2:17"]], "name": "GameInfo"}, {"headers": ["PLAYER_ID", "FIRST_NAME", "LAST_NAME", "JERSEY_NUM", "TEAM_ID", "TEAM_CITY", "TEAM_NAME", "TEAM_ABBREVIATION"], "rowSet": [[203113, "Quincy", "Miller", "30", 1610612743, "Denver", "Nuggets", "DEN"], [202933, "Julyan", "Stone", "10", 1610612743, "Denver", "Nuggets", "DEN"], [203139, "Viacheslav", "Kravtsov", "55", 1610612765, "Detroit", "Pistons", "DET"], [1894, "Corey", "Maggette", "50", 1610612765, "Detroit", "Pistons", "DET"]], "name": "InactivePlayers"}, {"headers": ["VIDEO_AVAILABLE_FLAG"], "rowSet": [[1]], "name": "AvailableVideo"}], "parameters": {"GameID": "0021200052", "RangeType": 0, "StartPeriod": 0, "StartRange": 0, "EndPeriod": 0, "EndRange": 0}}