{"resource": "boxscore", "resultSets": [{"headers": ["GAME_DATE_EST", "GAME_SEQUENCE", "GAME_ID", "GAME_STATUS_ID", "GAME_STATUS_TEXT", "GAMECODE", "HOME_TEAM_ID", "VISITOR_TEAM_ID", "SEASON", "LIVE_PERIOD", "LIVE_PC_TIME", "NATL_TV_BROADCASTER_ABBREVIATION", "LIVE_PERIOD_TIME_BCAST", "WH_STATUS"], "rowSet": [["2012-10-31T00:00:00", 8, "0021200011", 3, "Final", "20121031/MEMLAC", 1610612746, 1610612763, "2012", 4, "", null, "Q4  - ", 1]], "name": "GameSummary"}, {"headers": ["GAME_DATE_EST", "GAME_SEQUENCE", "GAME_ID", "TEAM_ID", "TEAM_ABBREVIATION", "TEAM_CITY_NAME", "TEAM_WINS_LOSSES", "PTS_QTR1", "PTS_QTR2", "PTS_QTR3", "PTS_QTR4", "PTS_OT1", "PTS_OT2", "PTS_OT3", "PTS_OT4", "PTS_OT5", "PTS_OT6", "PTS_OT7", "PTS_OT8", "PTS_OT9", "PTS_OT10", "PTS"], "rowSet": [["2012-10-31T00:00:00", 8, "0021200011", 1610612763, "MEM", "Memphis", "0-1", 24, 29, 24, 15, 0, 0, 0, 0, 0, 0, 0, 0, 0, 0, 92], ["2012-10-31T00:00:00", 8, "0021200011", 1610612746, "LAC", "Los Angeles", "1-0", 26, 23, 24, 28, 0, 0, 0, 0, 0, 0, 0, 0, 0, 0, 101]], "name": "LineScore"}, {"headers": ["GAME_ID", "HOME_TEAM_ID", "VISITOR_TEAM_ID", "GAME_DATE_EST", "HOME_TEAM_WINS", "HOME_TEAM_LOSSES", "SERIES_LEADER"], "rowSet": [["0021200011", 1610612746, 1610612763, "2012-10-31T00:00:00", 3, 1, "L.A. Clippers"]], "name": "SeasonSeries"}, {"headers": ["GAME_ID", "LAST_GAME_ID", "LAST_GAME_DATE_EST", "LAST_GAME_HOME_TEAM_ID", "LAST_GAME_HOME_TEAM_CITY", "LAST_GAME_HOME_TEAM_NAME", "LAST_GAME_HOME_TEAM_ABBREVIATION", "LAST_GAME_HOME_TEAM_POINTS", "LAST_GAME_VISITOR_TEAM_ID", "LAST_GAME_VISITOR_TEAM_CITY", "LAST_GAME_VISITOR_TEAM_NAME", "LAST_GAME_VISITOR_TEAM_CITY1", "LAST_GAME_VISITOR_TEAM_POINTS"], "rowSet": [["0021200011", "0041100177", "2012-05-13T00:00:00", 1610612746, "Los Angeles", "Clippers", "LAC", 82, 1610612763, "Memphis", "Grizzlies", "MEM", 72]], "name": "LastMeeting"}, {"headers": ["GAME_ID", "TEAM_ID", "TEAM_ABBREVIATION", "TEAM_CITY", "PLAYER_ID", "PLAYER_NAME", "START_POSITION", "COMMENT", "MIN", "FGM", "FGA", "FG_PCT", "FG3M", "FG3A", "FG3_PCT", "FTM", "FTA", "FT_PCT", "OREB", "DREB", "REB", "AST", "STL", "BLK", "TO", "PF", "PTS", "PLUS_MINUS"], "rowSet": [["0021200011", 1610612763, "MEM", "Memphis", 200752, "Rudy Gay", "F", "", "38:18", 11, 21, 0.524, 0, 1, 0.0, 3, 4, 0.75, 3, 4, 7, 3, 2, 1, 3, 2, 25, 1.0], ["0021200011", 1610612763, "MEM", "Memphis", 2216, "Zach Randolph", "F", "", "39:45", 5, 15, 0.333, 0, 0, 0.0, 5, 9, 0.556, 7, 9, 16, 3, 1, 1, 4, 3, 15, -25.0], ["0021200011", 1610612763, "MEM", "Memphis", 201188, "Marc Gasol", "C", "", "38:51", 8, 13, 0.615, 0, 0, 0.0, 4, 4, 1.0, 3, 4, 7, 5, 1, 1, 2, 3, 20, 0.0], ["0021200011", 1610612763, "MEM", "Memphis", 2754, "Tony Allen", "G", "", "28:30", 2, 6, 0.333, 0, 1, 0.0, 4, 4, 1.0, 1, 4, 5, 1, 3, 0, 1, 3, 8, -11.0], ["0021200011", 1610612763, "MEM", "Memphis", 201144, "Mike Conley", "G", "", "34:25", 2, 10, 0.2, 1, 4, 0.25, 2, 2, 1.0, 1, 2, 3, 5, 3, 0, 6, 3, 7, -4.0], ["0021200011", 1610612763, "MEM", "Memphis", 201573, "Jerryd Bayless", "", "", "15:20", 1, 8, 0.125, 1, 3, 0.333, 3, 4, 0.75, 0, 1, 1, 4, 1, 1, 1, 3, 6, -6.0], ["0021200011", 1610612763, "MEM", "Memphis", 201578, "Marreese Speights", "", "", "16:51", 2, 4, 0.5, 0, 0, 0.0, 3, 3, 1.0, 0, 2, 2, 0, 1, 0, 0, 4, 7, 7.0], ["0021200011", 1610612763, "MEM", "Memphis", 201961, "Wayne Ellington", "", "", "15:31", 2, 5, 0.4, 0, 2, 0.0, 0, 0, 0.0, 1, 1, 2, 0, 0, 0, 0, 2, 4, 3.0], ["0021200011", 1610612763, "MEM", "Memphis", 202347, "Quincy Pondexter", "", "", "12:28", 0, 4, 0.0, 0, 3, 0.0, 0, 0, 0.0, 1, 0, 1, 3, 2, 0, 1, 2, 0, -10.0], ["0021200011", 1610612763, "MEM", "Memphis", 201632, "Hamed Haddadi", "", "DNP - Coach's Decision", null, null, null, null, null, null, null, null, null, null, null, null, null, null, null, null, null, null, null, null], ["0021200011", 1610612763, "MEM", "Memphis", 202729, "Josh Selby", "", "DNP - Coach's Decision", null, null, null, null, null, null, null, null, null, null, null, null, null, null, null, null, null, null, null, null], ["0021200011", 1610612763, "MEM", "Memphis", 203100, "Tony Wroten", "", "DNP - Coach's Decision", null, null, null, null, null, null, null, null, null, null, null, null, null, null, null, null, null, null, null, null], ["0021200011", 1610612746, "LAC", "Los Angeles", 2406, "Caron Butler", "F", "", "34:25", 5, 12, 0.417, 0, 2, 0.0, 0, 0, 0.0, 0, 2, 2, 1, 1, 0, 1, 3, 10, -7.0], ["0021200011", 1610612746, "LAC", "Los Angeles", 201933, "Blake Griffin", "F", "", "32:09", 4, 10, 0.4, 0, 0, 0.0, 3, 5, 0.6, 2, 5, 7, 2, 0, 1, 4, 4, 11, 4.0], ["0021200011", 1610612746, "LAC", "Los Angeles", 201599, "DeAndre Jordan", "C", "", "23:23", 6, 8, 0.75, 0, 0, 0.0, 0, 0, 0.0, 3, 4, 7, 1, 2, 1, 9, 4, 12, 7.0], ["0021200011", 1610612746, "LAC", "Los Angeles", 2584, "Willie Green", "G", "", "28:53", 2, 7, 0.286, 2, 2, 1.0, 1, 2, 0.5, 0, 4, 4, 1, 0, 1, 0, 2, 7, 21.0], ["0021200011", 1610612746, "LAC", "Los Angeles", 101108, "Chris Paul", "G", "", "34:14", 4, 10, 0.4, 0, 2, 0.0, 4, 6, 0.667, 0, 4, 4, 12, 4, 0, 2, 2, 12, -1.0], ["0021200011", 1610612746, "LAC", "Los Angeles", 200797, "Ryan Hollins", "", "", "7:48", 1, 2, 0.5, 0, 0, 0.0, 0, 0, 0.0, 1, 2, 3, 0, 0, 1, 1, 5, 2, -10.0], ["0021200011", 1610612746, "LAC", "Los Angeles", 2037, "Jamal Crawford", "", "", "29:51", 10, 14, 0.714, 3, 7, 0.429, 6, 8, 0.75, 1, 1, 2, 1, 1, 0, 1, 1, 29, 5.0], ["0021200011", 1610612746, "LAC", "Los Angeles", 202339, "Eric Bledsoe", "", "", "17:11", 5, 8, 0.625, 0, 1, 0.0, 3, 4, 0.75, 1, 3, 4, 4, 0, 0, 1, 1, 13, 9.0], ["0021200011", 1610612746, "LAC", "Los Angeles", 101142, "Ronny Turiaf", "", "", "15:32", 0, 1, 0.0, 0, 0, 0.0, 3, 4, 0.75, 0, 0, 0, 1, 2, 1, 0, 3, 3, 10.0], ["0021200011", 1610612746, "LAC", "Los Angeles", 1885, "Lamar Odom", "", "", "16:36", 1, 2, 0.5, 0, 1, 0.0, 0, 0, 0.0, 0, 6, 6, 2, 2, 4, 3, 2, 2, 7.0], ["0021200011", 1610612746, "LAC", "Los Angeles", 2440, "Matt Barnes", "", "NWT - NBA Suspension", null, null, null, null, null, null, null, null, null, null, null, null, null, null, null, null, null, null, null, null]], "name": "PlayerStats"}, {"headers": ["GAME_ID", "TEAM_ID", "TEAM_NAME", "TEAM_ABBREVIATION", "TEAM_CITY", "MIN", "FGM", "FGA", "FG_PCT", "FG3M", "FG3A", "FG3_PCT", "FTM", "FTA", "FT_PCT", "OREB", "DREB", "REB", "AST", "STL", "BLK", "TO", "PF", "PTS", "PLUS_MINUS"], "rowSet": [["0021200011", 1610612763, "Grizzlies", "MEM", "Memphis", "240:00", 33, 86, 0.384, 2, 14, 0.143, 24, 30, 0.8, 17, 27, 44, 24, 14, 4, 18, 25, 92, -9.0], ["0021200011", 1610612746, "Clippers", "LAC", "Los Angeles", "240:00", 38, 74, 0.514, 5, 15, 0.333, 20, 29, 0.69, 8, 31, 39, 25, 12, 9, 22, 27, 101, 9.0]], "name": "TeamStats"}, {"headers": ["LEAGUE_ID", "SEASON_ID", "TEAM_ID", "TEAM_ABBREVIATION", "TEAM_CITY", "PTS_PAINT", "PTS_2ND_CHANCE", "PTS_FB", "LARGEST_LEAD", "LEAD_CHANGES", "TIMES_TIED"], "rowSet": [["00", "22012", 1610612746, "LAC", "Los Angeles", 52, 10, 29, 11, 7, 10], ["00", "22012", 1610612763, "MEM", "Memphis", 44, 15, 11, 12, 7, 10]], "name": "OtherStats"}, {"headers": ["OFFICIAL_ID", "FIRST_NAME", "LAST_NAME", "JERSEY_NUM"], "rowSet": [[1162, "Scott", "Foster", "48"], [1664, "Gary", "Zielinski", "59"], [200833, "Eric", "Dalen", "75"]], "name": "Officials"}, {"headers": ["GAME_DATE", "ATTENDANCE", "GAME_TIME"], "rowSet": [["WEDNESDAY, OCTOBER 31, 2012", 19060, "2:36"]], "name": "GameInfo"}, {"headers": ["PLAYER_ID", "FIRST_NAME", "LAST_NAME", "JERSEY_NUM", "TEAM_ID", "TEAM_CITY", "TEAM_NAME", "TEAM_ABBREVIATION"], "rowSet": [[1497, "Chauncey", "Billups", " 1", 1610612746, "Los Angeles", "Clippers", "LAC"], [255, "Grant", "Hill", "33", 1610612746, "Los Angeles", "Clippers", "LAC"], [202717, "Trey", "Thompkins", " 9", 1610612746, "Los Angeles", "Clippers", "LAC"], [201589, "Darrell", "Arthur", "00", 1610612763, "Memphis", "Grizzlies", "MEM"]], "name": "InactivePlayers"}, {"headers": ["VIDEO_AVAILABLE_FLAG"], "rowSet": [[1]], "name": "AvailableVideo"}], "parameters": {"GameID": "0021200011", "RangeType": 0, "StartPeriod": 0, "StartRange": 0, "EndPeriod": 0, "EndRange": 0}}