{"resource": "boxscore", "resultSets": [{"headers": ["GAME_DATE_EST", "GAME_SEQUENCE", "GAME_ID", "GAME_STATUS_ID", "GAME_STATUS_TEXT", "GAMECODE", "HOME_TEAM_ID", "VISITOR_TEAM_ID", "SEASON", "LIVE_PERIOD", "LIVE_PC_TIME", "NATL_TV_BROADCASTER_ABBREVIATION", "LIVE_PERIOD_TIME_BCAST", "WH_STATUS"], "rowSet": [["2012-11-03T00:00:00", 7, "0021200033", 3, "Final", "20121103/CLEMIL", 1610612749, 1610612739, "2012", 4, "", null, "Q4  - ", 1]], "name": "GameSummary"}, {"headers": ["GAME_DATE_EST", "GAME_SEQUENCE", "GAME_ID", "TEAM_ID", "TEAM_ABBREVIATION", "TEAM_CITY_NAME", "TEAM_WINS_LOSSES", "PTS_QTR1", "PTS_QTR2", "PTS_QTR3", "PTS_QTR4", "PTS_OT1", "PTS_OT2", "PTS_OT3", "PTS_OT4", "PTS_OT5", "PTS_OT6", "PTS_OT7", "PTS_OT8", "PTS_OT9", "PTS_OT10", "PTS"], "rowSet": [["2012-11-03T00:00:00", 7, "0021200033", 1610612739, "CLE", "Cleveland", "1-2", 27, 22, 30, 23, 0, 0, 0, 0, 0, 0, 0, 0, 0, 0, 102], ["2012-11-03T00:00:00", 7, "0021200033", 1610612749, "MIL", "Milwaukee", "2-0", 23, 32, 21, 29, 0, 0, 0, 0, 0, 0, 0, 0, 0, 0, 105]], "name": "LineScore"}, {"headers": ["GAME_ID", "HOME_TEAM_ID", "VISITOR_TEAM_ID", "GAME_DATE_EST", "HOME_TEAM_WINS", "HOME_TEAM_LOSSES", "SERIES_LEADER"], "rowSet": [["0021200033", 1610612749, 1610612739, "2012-11-03T00:00:00", 2, 2, "Tied"]], "name": "SeasonSeries"}, {"headers": ["GAME_ID", "LAST_GAME_ID", "LAST_GAME_DATE_EST", "LAST_GAME_HOME_TEAM_ID", "LAST_GAME_HOME_TEAM_CITY", "LAST_GAME_HOME_TEAM_NAME", "LAST_GAME_HOME_TEAM_ABBREVIATION", "LAST_GAME_HOME_TEAM_POINTS", "LAST_GAME_VISITOR_TEAM_ID", "LAST_GAME_VISITOR_TEAM_CITY", "LAST_GAME_VISITOR_TEAM_NAME", "LAST_GAME_VISITOR_TEAM_CITY1", "LAST_GAME_VISITOR_TEAM_POINTS"], "rowSet": [["0021200033", "0011200014", "2012-10-09T00:00:00", 1610612749, "Milwaukee", "Bucks", "MIL", 97, 1610612739, "Cleveland", "Cavaliers", "CLE", 80]], "name": "LastMeeting"}, {"headers": ["GAME_ID", "TEAM_ID", "TEAM_ABBREVIATION", "TEAM_CITY", "PLAYER_ID", "PLAYER_NAME", "START_POSITION", "COMMENT", "MIN", "FGM", "FGA", "FG_PCT", "FG3M", "FG3A", "FG3_PCT", "FTM", "FTA", "FT_PCT", "OREB", "DREB", "REB", "AST", "STL", "BLK", "TO", "PF", "PTS", "PLUS_MINUS"], "rowSet": [["0021200033", 1610612739, "CLE", "Cleveland", 202087, "Alonzo Gee", "F", "", "35:59", 6, 11, 0.545, 2, 3, 0.667, 4, 4, 1.0, 0, 3, 3, 6, 2, 0, 3, 1, 18, 11.0], ["0021200033", 1610612739, "CLE", "Cleveland", 202684, "Tristan Thompson", "F", "", "29:59", 2, 5, 0.4, 0, 0, 0.0, 5, 8, 0.625, 4, 2, 6, 0, 1, 0, 0, 3, 9, 13.0], ["0021200033", 1610612739, "CLE", "Cleveland", 2760, "Anderson Varejao", "C", "", "35:51", 10, 13, 0.769, 0, 0, 0.0, 0, 0, 0.0, 2, 15, 17, 0, 1, 0, 0, 1, 20, 15.0], ["0021200033", 1610612739, "CLE", "Cleveland", 203079, "Dion Waiters", "G", "", "28:59", 5, 12, 0.417, 1, 2, 0.5, 2, 4, 0.5, 0, 2, 2, 3, 1, 0, 3, 0, 13, 14.0], ["0021200033", 1610612739, "CLE", "Cleveland", 202681, "Kyrie Irving", "G", "", "33:22", 10, 18, 0.556, 0, 2, 0.0, 7, 8, 0.875, 0, 4, 4, 7, 2, 0, 4, 5, 27, 13.0], ["0021200033", 1610612739, "CLE", "Cleveland", 101139, "CJ Miles", "", "", "14:54", 0, 6, 0.0, 0, 3, 0.0, 0, 0, 0.0, 0, 1, 1, 1, 0, 0, 3, 4, 0, -16.0], ["0021200033", 1610612739, "CLE", "Cleveland", 203092, "Tyler Zeller", "", "", "20:43", 1, 5, 0.2, 0, 0, 0.0, 0, 2, 0.0, 2, 5, 7, 1, 0, 0, 0, 1, 2, -18.0], ["0021200033", 1610612739, "CLE", "Cleveland", 200789, "Daniel Gibson", "", "", "20:36", 2, 6, 0.333, 1, 3, 0.333, 0, 2, 0.0, 0, 0, 0, 0, 1, 0, 0, 4, 5, -17.0], ["0021200033", 1610612739, "CLE", "Cleveland", 2575, "Luke Walton", "", "", "7:02", 0, 2, 0.0, 0, 1, 0.0, 0, 0, 0.0, 1, 0, 1, 0, 1, 0, 1, 0, 0, -16.0], ["0021200033", 1610612739, "CLE", "Cleveland", 202388, "Donald Sloan", "", "", "12:35", 3, 5, 0.6, 2, 2, 1.0, 0, 1, 0.0, 0, 1, 1, 1, 0, 0, 1, 2, 8, -14.0], ["0021200033", 1610612739, "CLE", "Cleveland", 201956, "Omri Casspi", "", "DNP - Coach's Decision", null, null, null, null, null, null, null, null, null, null, null, null, null, null, null, null, null, null, null, null], ["0021200033", 1610612739, "CLE", "Cleveland", 202720, "Jon Leuer", "", "DNP - Coach's Decision", null, null, null, null, null, null, null, null, null, null, null, null, null, null, null, null, null, null, null, null], ["0021200033", 1610612739, "CLE", "Cleveland", 202396, "Samardo Samuels", "", "DNP - Coach's Decision", null, null, null, null, null, null, null, null, null, null, null, null, null, null, null, null, null, null, null, null], ["0021200033", 1610612749, "MIL", "Milwaukee", 202699, "Tobias Harris", "F", "", "13:18", 2, 3, 0.667, 0, 1, 0.0, 0, 0, 0.0, 2, 1, 3, 0, 0, 0, 2, 2, 4, -21.0], ["0021200033", 1610612749, "MIL", "Milwaukee", 101141, "Ersan Ilyasova", "F", "", "26:43", 1, 8, 0.125, 0, 4, 0.0, 1, 2, 0.5, 1, 2, 3, 2, 0, 0, 1, 4, 3, -7.0], ["0021200033", 1610612749, "MIL", "Milwaukee", 2223, "Samuel Dalembert", "C", "", "10:14", 0, 0, 0.0, 0, 0, 0.0, 0, 0, 0.0, 0, 2, 2, 1, 0, 1, 0, 1, 0, -10.0], ["0021200033", 1610612749, "MIL", "Milwaukee", 101145, "Monta Ellis", "G", "", "36:29", 8, 20, 0.4, 1, 5, 0.2, 6, 8, 0.75, 0, 2, 2, 4, 1, 2, 5, 0, 23, -13.0], ["0021200033", 1610612749, "MIL", "Milwaukee", 201943, "Brandon Jennings", "G", "", "37:14", 5, 13, 0.385, 1, 5, 0.2, 2, 2, 1.0, 0, 4, 4, 13, 2, 1, 4, 0, 13, -14.0], ["0021200033", 1610612749, "MIL", "Milwaukee", 2399, "Mike Dunleavy", "", "", "34:42", 10, 12, 0.833, 6, 7, 0.857, 3, 5, 0.6, 0, 12, 12, 6, 2, 1, 1, 1, 29, 24.0], ["0021200033", 1610612749, "MIL", "Milwaukee", 2757, "Beno Udrih", "", "", "16:46", 5, 10, 0.5, 1, 2, 0.5, 0, 0, 0.0, 0, 2, 2, 5, 1, 0, 0, 1, 11, 20.0], ["0021200033", 1610612749, "MIL", "Milwaukee", 202336, "Larry Sanders", "", "", "29:59", 8, 9, 0.889, 0, 0, 0.0, 1, 2, 0.5, 0, 7, 7, 0, 0, 4, 1, 6, 17, 19.0], ["0021200033", 1610612749, "MIL", "Milwaukee", 202327, "Ekpe Udoh", "", "", "23:24", 2, 4, 0.5, 0, 0, 0.0, 1, 2, 0.5, 0, 0, 0, 1, 1, 0, 1, 2, 5, 8.0], ["0021200033", 1610612749, "MIL", "Milwaukee", 203117, "Doron Lamb", "", "", "5:31", 0, 0, 0.0, 0, 0, 0.0, 0, 0, 0.0, 0, 0, 0, 0, 1, 0, 0, 0, 0, 13.0], ["0021200033", 1610612749, "MIL", "Milwaukee", 2038, "Joel Przybilla", "", "", "5:40", 0, 0, 0.0, 0, 0, 0.0, 0, 0, 0.0, 0, 2, 2, 0, 0, 0, 0, 1, 0, -4.0], ["0021200033", 1610612749, "MIL", "Milwaukee", 2605, "Marquis Daniels", "", "DNP - Coach's Decision", null, null, null, null, null, null, null, null, null, null, null, null, null, null, null, null, null, null, null, null], ["0021200033", 1610612749, "MIL", "Milwaukee", 2400, "Drew Gooden", "", "DNP - Coach's Decision", null, null, null, null, null, null, null, null, null, null, null, null, null, null, null, null, null, null, null, null]], "name": "PlayerStats"}, {"headers": ["GAME_ID", "TEAM_ID", "TEAM_NAME", "TEAM_ABBREVIATION", "TEAM_CITY", "MIN", "FGM", "FGA", "FG_PCT", "FG3M", "FG3A", "FG3_PCT", "FTM", "FTA", "FT_PCT", "OREB", "DREB", "REB", "AST", "STL", "BLK", "TO", "PF", "PTS", "PLUS_MINUS"], "rowSet": [["0021200033", 1610612749, "Bucks", "MIL", "Milwaukee", "240:00", 41, 79, 0.519, 9, 24, 0.375, 14, 21, 0.667, 3, 34, 37, 32, 8, 9, 15, 18, 105, 3.0], ["0021200033", 1610612739, "Cavaliers", "CLE", "Cleveland", "240:00", 39, 83, 0.47, 6, 16, 0.375, 18, 29, 0.621, 9, 33, 42, 19, 9, 0, 15, 21, 102, -3.0]], "name": "TeamStats"}, {"headers": ["LEAGUE_ID", "SEASON_ID", "TEAM_ID", "TEAM_ABBREVIATION", "TEAM_CITY", "PTS_PAINT", "PTS_2ND_CHANCE", "PTS_FB", "LARGEST_LEAD", "LEAD_CHANGES", "TIMES_TIED"], "rowSet": [["00", "22012", 1610612739, "CLE", "Cleveland", 40, 5, 22, 13, 12, 7], ["00", "22012", 1610612749, "MIL", "Milwaukee", 34, 4, 15, 12, 12, 7]], "name": "OtherStats"}, {"headers": ["OFFICIAL_ID", "FIRST_NAME", "LAST_NAME", "JERSEY_NUM"], "rowSet": [[1195, "Derrick", "Stafford", "9"], [1159, "Kevin", "Fehr", "7"], [101284, "John", "Goble", "30"]], "name": "Officials"}, {"headers": ["GAME_DATE", "ATTENDANCE", "GAME_TIME"], "rowSet": [["SATURDAY, NOVEMBER 3, 2012", 17086, "2:16"]], "name": "GameInfo"}, {"headers": ["PLAYER_ID", "FIRST_NAME", "LAST_NAME", "JERSEY_NUM", "TEAM_ID", "TEAM_CITY", "TEAM_NAME", "TEAM_ABBREVIATION"], "rowSet": [[201601, "Luc", "Mbah a Moute", "12", 1610612749, "Milwaukee", "Bucks", "MIL"], [203089, "John", "Henson", "31", 1610612749, "Milwaukee", "Bucks", "MIL"], [202376, "Luke", "Harangody", "44", 1610612739, "Cleveland", "Cavaliers", "CLE"], [202951, "Jeremy", "Pargo", " 8", 1610612739, "Cleveland", "Cavaliers", "CLE"]], "name": "InactivePlayers"}, {"headers": ["VIDEO_AVAILABLE_FLAG"], "rowSet": [[1]], "name": "AvailableVideo"}], "parameters": {"GameID": "0021200033", "RangeType": 0, "StartPeriod": 0, "StartRange": 0, "EndPeriod": 0, "EndRange": 0}}