{"resource": "boxscore", "resultSets": [{"headers": ["GAME_DATE_EST", "GAME_SEQUENCE", "GAME_ID", "GAME_STATUS_ID", "GAME_STATUS_TEXT", "GAMECODE", "HOME_TEAM_ID", "VISITOR_TEAM_ID", "SEASON", "LIVE_PERIOD", "LIVE_PC_TIME", "NATL_TV_BROADCASTER_ABBREVIATION", "LIVE_PERIOD_TIME_BCAST", "WH_STATUS"], "rowSet": [["2012-11-07T00:00:00", 3, "0021200055", 3, "Final", "20121107/INDATL", 1610612737, 1610612754, "2012", 4, "", null, "Q4  - ", 1]], "name": "GameSummary"}, {"headers": ["GAME_DATE_EST", "GAME_SEQUENCE", "GAME_ID", "TEAM_ID", "TEAM_ABBREVIATION", "TEAM_CITY_NAME", "TEAM_WINS_LOSSES", "PTS_QTR1", "PTS_QTR2", "PTS_QTR3", "PTS_QTR4", "PTS_OT1", "PTS_OT2", "PTS_OT3", "PTS_OT4", "PTS_OT5", "PTS_OT6", "PTS_OT7", "PTS_OT8", "PTS_OT9", "PTS_OT10", "PTS"], "rowSet": [["2012-11-07T00:00:00", 3, "0021200055", 1610612737, "ATL", "Atlanta", "2-1", 22, 29, 14, 24, 0, 0, 0, 0, 0, 0, 0, 0, 0, 0, 89], ["2012-11-07T00:00:00", 3, "0021200055", 1610612754, "IND", "Indiana", "2-3", 25, 25, 27, 9, 0, 0, 0, 0, 0, 0, 0, 0, 0, 0, 86]], "name": "LineScore"}, {"headers": ["GAME_ID", "HOME_TEAM_ID", "VISITOR_TEAM_ID", "GAME_DATE_EST", "HOME_TEAM_WINS", "HOME_TEAM_LOSSES", "SERIES_LEADER"], "rowSet": [["0021200055", 1610612737, 1610612754, "2012-11-07T00:00:00", 2, 2, "Tied"]], "name": "SeasonSeries"}, {"headers": ["GAME_ID", "LAST_GAME_ID", "LAST_GAME_DATE_EST", "LAST_GAME_HOME_TEAM_ID", "LAST_GAME_HOME_TEAM_CITY", "LAST_GAME_HOME_TEAM_NAME", "LAST_GAME_HOME_TEAM_ABBREVIATION", "LAST_GAME_HOME_TEAM_POINTS", "LAST_GAME_VISITOR_TEAM_ID", "LAST_GAME_VISITOR_TEAM_CITY", "LAST_GAME_VISITOR_TEAM_NAME", "LAST_GAME_VISITOR_TEAM_CITY1", "LAST_GAME_VISITOR_TEAM_POINTS"], "rowSet": [["0021200055", "0011200053", "2012-10-16T00:00:00", 1610612737, "Atlanta", "Hawks", "ATL", 98, 1610612754, "Indiana", "Pacers", "IND", 102]], "name": "LastMeeting"}, {"headers": ["GAME_ID", "TEAM_ID", "TEAM_ABBREVIATION", "TEAM_CITY", "PLAYER_ID", "PLAYER_NAME", "START_POSITION", "COMMENT", "MIN", "FGM", "FGA", "FG_PCT", "FG3M", "FG3A", "FG3_PCT", "FTM", "FTA", "FT_PCT", "OREB", "DREB", "REB", "AST", "STL", "BLK", "TO", "PF", "PTS", "PLUS_MINUS"], "rowSet": [["0021200055", 1610612754, "IND", "Indiana", 2561, "David West", "F", "", "36:06", 9, 18, 0.5, 0, 1, 0.0, 2, 2, 1.0, 3, 3, 6, 2, 0, 1, 1, 4, 20, 1.0], ["0021200055", 1610612754, "IND", "Indiana", 201970, "Sam Young", "F", "", "11:18", 1, 3, 0.333, 0, 1, 0.0, 0, 0, 0.0, 0, 2, 2, 1, 0, 0, 2, 1, 2, -1.0], ["0021200055", 1610612754, "IND", "Indiana", 201579, "Roy Hibbert", "C", "", "36:52", 4, 12, 0.333, 0, 0, 0.0, 1, 1, 1.0, 3, 4, 7, 3, 0, 2, 1, 2, 9, 12.0], ["0021200055", 1610612754, "IND", "Indiana", 202331, "Paul George", "G", "", "39:05", 5, 13, 0.385, 2, 7, 0.286, 1, 1, 1.0, 1, 6, 7, 2, 4, 1, 3, 1, 13, 5.0], ["0021200055", 1610612754, "IND", "Indiana", 201588, "George Hill", "G", "", "38:14", 7, 12, 0.583, 4, 7, 0.571, 2, 2, 1.0, 0, 3, 3, 5, 4, 1, 2, 1, 20, 8.0], ["0021200055", 1610612754, "IND", "Indiana", 101123, "Gerald Green", "", "", "17:40", 2, 8, 0.25, 1, 4, 0.25, 0, 0, 0.0, 2, 3, 5, 0, 0, 2, 2, 1, 5, -7.0], ["0021200055", 1610612754, "IND", "Indiana", 101133, "Ian Mahinmi", "", "", "8:01", 2, 3, 0.667, 0, 0, 0.0, 0, 1, 0.0, 2, 0, 2, 0, 0, 0, 1, 1, 4, -13.0], ["0021200055", 1610612754, "IND", "Indiana", 201946, "Tyler Hansbrough", "", "", "15:01", 2, 4, 0.5, 0, 0, 0.0, 0, 0, 0.0, 0, 3, 3, 1, 1, 0, 2, 1, 4, -6.0], ["0021200055", 1610612754, "IND", "Indiana", 201571, "D.J. Augustin", "", "", "9:46", 0, 2, 0.0, 0, 2, 0.0, 0, 0, 0.0, 0, 1, 1, 1, 0, 0, 0, 0, 0, -11.0], ["0021200055", 1610612754, "IND", "Indiana", 202362, "Lance Stephenson", "", "", "27:57", 3, 10, 0.3, 1, 4, 0.25, 2, 2, 1.0, 0, 5, 5, 3, 1, 0, 1, 2, 9, -3.0], ["0021200055", 1610612754, "IND", "Indiana", 203162, "Ben Hansbrough", "", "DNP - Coach's Decision", null, null, null, null, null, null, null, null, null, null, null, null, null, null, null, null, null, null, null, null], ["0021200055", 1610612754, "IND", "Indiana", 203111, "Orlando Johnson", "", "DNP - Coach's Decision", null, null, null, null, null, null, null, null, null, null, null, null, null, null, null, null, null, null, null, null], ["0021200055", 1610612754, "IND", "Indiana", 203101, "Miles Plumlee", "", "DNP - Coach's Decision", null, null, null, null, null, null, null, null, null, null, null, null, null, null, null, null, null, null, null, null], ["0021200055", 1610612737, "ATL", "Atlanta", 2746, "Josh Smith", "F", "", "34:50", 5, 12, 0.417, 0, 1, 0.0, 1, 5, 0.2, 3, 2, 5, 7, 1, 0, 1, 3, 11, 4.0], ["0021200055", 1610612737, "ATL", "Atlanta", 201143, "Al Horford", "F", "", "33:28", 7, 12, 0.583, 0, 0, 0.0, 2, 3, 0.667, 1, 8, 9, 1, 0, 3, 2, 1, 16, -5.0], ["0021200055", 1610612737, "ATL", "Atlanta", 2585, "Zaza Pachulia", "C", "", "33:47", 3, 5, 0.6, 0, 0, 0.0, 0, 0, 0.0, 6, 8, 14, 1, 1, 0, 3, 1, 6, -5.0], ["0021200055", 1610612737, "ATL", "Atlanta", 2594, "Kyle Korver", "G", "", "30:49", 5, 13, 0.385, 3, 9, 0.333, 0, 0, 0.0, 1, 4, 5, 1, 0, 0, 2, 1, 13, 3.0], ["0021200055", 1610612737, "ATL", "Atlanta", 201952, "Jeff Teague", "G", "", "32:25", 7, 15, 0.467, 1, 3, 0.333, 0, 0, 0.0, 1, 5, 6, 6, 3, 0, 2, 1, 15, 9.0], ["0021200055", 1610612737, "ATL", "Atlanta", 2052, "DeShawn Stevenson", "", "", "17:11", 2, 2, 1.0, 2, 2, 1.0, 2, 3, 0.667, 1, 2, 3, 1, 1, 0, 0, 0, 8, 0.0], ["0021200055", 1610612737, "ATL", "Atlanta", 101150, "Louis Williams", "", "", "20:35", 4, 11, 0.364, 1, 5, 0.2, 0, 0, 0.0, 1, 2, 3, 3, 0, 0, 2, 0, 9, 2.0], ["0021200055", 1610612737, "ATL", "Atlanta", 2734, "Devin Harris", "", "", "14:45", 2, 6, 0.333, 0, 1, 0.0, 0, 0, 0.0, 0, 1, 1, 3, 0, 0, 4, 4, 4, -3.0], ["0021200055", 1610612737, "ATL", "Atlanta", 201274, "Ivan Johnson", "", "", "8:34", 2, 4, 0.5, 0, 0, 0.0, 1, 1, 1.0, 2, 1, 3, 0, 0, 0, 1, 3, 5, 11.0], ["0021200055", 1610612737, "ATL", "Atlanta", 201229, "Anthony Tolliver", "", "", "13:36", 1, 7, 0.143, 0, 1, 0.0, 0, 0, 0.0, 1, 1, 2, 1, 2, 0, 0, 1, 2, -1.0], ["0021200055", 1610612737, "ATL", "Atlanta", 203098, "John Jenkins", "", "DNP - Coach's Decision", null, null, null, null, null, null, null, null, null, null, null, null, null, null, null, null, null, null, null, null], ["0021200055", 1610612737, "ATL", "Atlanta", 201627, "Anthony Morrow", "", "DNP - Coach's Decision", null, null, null, null, null, null, null, null, null, null, null, null, null, null, null, null, null, null, null, null], ["0021200055", 1610612737, "ATL", "Atlanta", 203118, "Mike Scott", "", "DNP - Coach's Decision", null, null, null, null, null, null, null, null, null, null, null, null, null, null, null, null, null, null, null, null]], "name": "PlayerStats"}, {"headers": ["GAME_ID", "TEAM_ID", "TEAM_NAME", "TEAM_ABBREVIATION", "TEAM_CITY", "MIN", "FGM", "FGA", "FG_PCT", "FG3M", "FG3A", "FG3_PCT", "FTM", "FTA", "FT_PCT", "OREB", "DREB", "REB", "AST", "STL", "BLK", "TO", "PF", "PTS", "PLUS_MINUS"], "rowSet": [["0021200055", 1610612754, "Pacers", "IND", "Indiana", "240:00", 35, 85, 0.412, 8, 26, 0.308, 8, 9, 0.889, 11, 30, 41, 18, 10, 7, 15, 14, 86, -3.0], ["0021200055", 1610612737, "Hawks", "ATL", "Atlanta", "240:00", 38, 87, 0.437, 7, 22, 0.318, 6, 12, 0.5, 17, 34, 51, 24, 8, 3, 17, 15, 89, 3.0]], "name": "TeamStats"}, {"headers": ["LEAGUE_ID", "SEASON_ID", "TEAM_ID", "TEAM_ABBREVIATION", "TEAM_CITY", "PTS_PAINT", "PTS_2ND_CHANCE", "PTS_FB", "LARGEST_LEAD", "LEAD_CHANGES", "TIMES_TIED"], "rowSet": [["00", "22012", 1610612737, "ATL", "Atlanta", 48, 18, 13, 14, 7, 10], ["00", "22012", 1610612754, "IND", "Indiana", 36, 15, 17, 14, 7, 10]], "name": "OtherStats"}, {"headers": ["OFFICIAL_ID", "FIRST_NAME", "LAST_NAME", "JERSEY_NUM"], "rowSet": [[1204, "Derek", "Richardson", "63"], [1174, "Ken", "Mauer", "41"], [201640, "Kane", "Fitzgerald", "35"]], "name": "Officials"}, {"headers": ["GAME_DATE", "ATTENDANCE", "GAME_TIME"], "rowSet": [["WEDNESDAY, NOVEMBER 7, 2012", 10684, "2:09"]], "name": "GameInfo"}, {"headers": ["PLAYER_ID", "FIRST_NAME", "LAST_NAME", "JERSEY_NUM", "TEAM_ID", "TEAM_CITY", "TEAM_NAME", "TEAM_ABBREVIATION"], "rowSet": [[101130, "Johan", "Petro", "10", 1610612737, "Atlanta", "Hawks", "ATL"], [101122, "Danny", "Granger", "33", 1610612754, "Indiana", "Pacers", "IND"], [201965, "Jeff", "Ayres", "29", 1610612754, "Indiana", "Pacers", "IND"]], "name": "InactivePlayers"}, {"headers": ["VIDEO_AVAILABLE_FLAG"], "rowSet": [[1]], "name": "AvailableVideo"}], "parameters": {"GameID": "0021200055", "RangeType": 0, "StartPeriod": 0, "StartRange": 0, "EndPeriod": 0, "EndRange": 0}}