{"resource": "boxscore", "resultSets": [{"headers": ["GAME_DATE_EST", "GAME_SEQUENCE", "GAME_ID", "GAME_STATUS_ID", "GAME_STATUS_TEXT", "GAMECODE", "HOME_TEAM_ID", "VISITOR_TEAM_ID", "SEASON", "LIVE_PERIOD", "LIVE_PC_TIME", "NATL_TV_BROADCASTER_ABBREVIATION", "LIVE_PERIOD_TIME_BCAST", "WH_STATUS"], "rowSet": [["2012-11-08T00:00:00", 2, "0021200067", 3, "Final", "20121108/LACPOR", 1610612757, 1610612746, "2012", 4, "", "TNT", "Q4  - TNT", 1]], "name": "GameSummary"}, {"headers": ["GAME_DATE_EST", "GAME_SEQUENCE", "GAME_ID", "TEAM_ID", "TEAM_ABBREVIATION", "TEAM_CITY_NAME", "TEAM_WINS_LOSSES", "PTS_QTR1", "PTS_QTR2", "PTS_QTR3", "PTS_QTR4", "PTS_OT1", "PTS_OT2", "PTS_OT3", "PTS_OT4", "PTS_OT5", "PTS_OT6", "PTS_OT7", "PTS_OT8", "PTS_OT9", "PTS_OT10", "PTS"], "rowSet": [["2012-11-08T00:00:00", 2, "0021200067", 1610612757, "POR", "Portland", "2-3", 22, 17, 32, 19, 0, 0, 0, 0, 0, 0, 0, 0, 0, 0, 90], ["2012-11-08T00:00:00", 2, "0021200067", 1610612746, "LAC", "Los Angeles", "4-2", 29, 31, 17, 26, 0, 0, 0, 0, 0, 0, 0, 0, 0, 0, 103]], "name": "LineScore"}, {"headers": ["GAME_ID", "HOME_TEAM_ID", "VISITOR_TEAM_ID", "GAME_DATE_EST", "HOME_TEAM_WINS", "HOME_TEAM_LOSSES", "SERIES_LEADER"], "rowSet": [["0021200067", 1610612757, 1610612746, "2012-11-08T00:00:00", 1, 3, "L.A. Clippers"]], "name": "SeasonSeries"}, {"headers": ["GAME_ID", "LAST_GAME_ID", "LAST_GAME_DATE_EST", "LAST_GAME_HOME_TEAM_ID", "LAST_GAME_HOME_TEAM_CITY", "LAST_GAME_HOME_TEAM_NAME", "LAST_GAME_HOME_TEAM_ABBREVIATION", "LAST_GAME_HOME_TEAM_POINTS", "LAST_GAME_VISITOR_TEAM_ID", "LAST_GAME_VISITOR_TEAM_CITY", "LAST_GAME_VISITOR_TEAM_NAME", "LAST_GAME_VISITOR_TEAM_CITY1", "LAST_GAME_VISITOR_TEAM_POINTS"], "rowSet": [["0021200067", "0021100767", "2012-03-30T00:00:00", 1610612757, "Portland", "Trail Blazers", "POR", 97, 1610612746, "Los Angeles", "Clippers", "LAC", 98]], "name": "LastMeeting"}, {"headers": ["GAME_ID", "TEAM_ID", "TEAM_ABBREVIATION", "TEAM_CITY", "PLAYER_ID", "PLAYER_NAME", "START_POSITION", "COMMENT", "MIN", "FGM", "FGA", "FG_PCT", "FG3M", "FG3A", "FG3_PCT", "FTM", "FTA", "FT_PCT", "OREB", "DREB", "REB", "AST", "STL", "BLK", "TO", "PF", "PTS", "PLUS_MINUS"], "rowSet": [["0021200067", 1610612746, "LAC", "Los Angeles", 2406, "Caron Butler", "F", "", "21:08", 1, 4, 0.25, 0, 1, 0.0, 0, 0, 0.0, 0, 2, 2, 1, 0, 0, 1, 2, 2, -4.0], ["0021200067", 1610612746, "LAC", "Los Angeles", 201933, "Blake Griffin", "F", "", "25:31", 3, 9, 0.333, 0, 0, 0.0, 1, 4, 0.25, 0, 10, 10, 4, 3, 0, 2, 3, 7, 2.0], ["0021200067", 1610612746, "LAC", "Los Angeles", 201599, "DeAndre Jordan", "C", "", "28:05", 8, 10, 0.8, 0, 0, 0.0, 5, 7, 0.714, 6, 2, 8, 1, 0, 1, 1, 5, 21, 7.0], ["0021200067", 1610612746, "LAC", "Los Angeles", 2584, "Willie Green", "G", "", "19:14", 3, 6, 0.5, 1, 2, 0.5, 0, 0, 0.0, 0, 0, 0, 2, 0, 1, 1, 1, 7, -3.0], ["0021200067", 1610612746, "LAC", "Los Angeles", 101108, "Chris Paul", "G", "", "33:47", 9, 17, 0.529, 0, 1, 0.0, 3, 3, 1.0, 0, 4, 4, 6, 3, 0, 2, 1, 21, 5.0], ["0021200067", 1610612746, "LAC", "Los Angeles", 202339, "Eric Bledsoe", "", "", "14:33", 3, 4, 0.75, 0, 0, 0.0, 2, 3, 0.667, 0, 2, 2, 1, 1, 0, 3, 1, 8, 5.0], ["0021200067", 1610612746, "LAC", "Los Angeles", 2440, "Matt Barnes", "", "", "27:26", 2, 4, 0.5, 1, 3, 0.333, 0, 0, 0.0, 0, 3, 3, 3, 0, 0, 1, 2, 5, 15.0], ["0021200067", 1610612746, "LAC", "Los Angeles", 2037, "Jamal Crawford", "", "", "28:27", 9, 17, 0.529, 1, 6, 0.167, 6, 6, 1.0, 0, 3, 3, 1, 1, 0, 1, 1, 25, 19.0], ["0021200067", 1610612746, "LAC", "Los Angeles", 1885, "Lamar Odom", "", "", "6:01", 0, 2, 0.0, 0, 0, 0.0, 0, 0, 0.0, 0, 2, 2, 0, 0, 0, 0, 0, 0, 6.0], ["0021200067", 1610612746, "LAC", "Los Angeles", 200797, "Ryan Hollins", "", "", "19:22", 1, 2, 0.5, 0, 0, 0.0, 1, 2, 0.5, 3, 2, 5, 0, 1, 0, 1, 3, 3, 8.0], ["0021200067", 1610612746, "LAC", "Los Angeles", 101142, "Ronny Turiaf", "", "", "16:28", 2, 2, 1.0, 0, 0, 0.0, 0, 0, 0.0, 1, 4, 5, 1, 0, 1, 0, 3, 4, 5.0], ["0021200067", 1610612757, "POR", "Portland", 201587, "Nicolas Batum", "F", "", "40:19", 6, 18, 0.333, 3, 10, 0.3, 8, 12, 0.667, 1, 8, 9, 5, 3, 1, 2, 3, 23, -4.0], ["0021200067", 1610612757, "POR", "Portland", 200746, "LaMarcus Aldridge", "F", "", "42:23", 7, 17, 0.412, 0, 0, 0.0, 0, 0, 0.0, 1, 3, 4, 5, 0, 1, 1, 2, 14, -11.0], ["0021200067", 1610612757, "POR", "Portland", 201581, "JJ Hickson", "C", "", "22:51", 2, 4, 0.5, 0, 0, 0.0, 1, 2, 0.5, 1, 4, 5, 0, 0, 1, 1, 0, 5, -12.0], ["0021200067", 1610612757, "POR", "Portland", 202083, "Wesley Matthews", "G", "", "37:48", 4, 12, 0.333, 1, 4, 0.25, 1, 3, 0.333, 1, 1, 2, 4, 3, 0, 3, 3, 10, -10.0], ["0021200067", 1610612757, "POR", "Portland", 203081, "Damian Lillard", "G", "", "41:21", 6, 13, 0.462, 2, 4, 0.5, 2, 4, 0.5, 1, 1, 2, 4, 3, 0, 3, 2, 16, -10.0], ["0021200067", 1610612757, "POR", "Portland", 101179, "Ronnie Price", "", "", "14:60", 1, 1, 1.0, 0, 0, 0.0, 3, 5, 0.6, 0, 1, 1, 0, 0, 0, 1, 6, 5, -10.0], ["0021200067", 1610612757, "POR", "Portland", 2562, "Sasha Pavlovic", "", "", "5:09", 0, 0, 0.0, 0, 0, 0.0, 0, 0, 0.0, 0, 0, 0, 0, 0, 0, 1, 0, 0, -4.0], ["0021200067", 1610612757, "POR", "Portland", 203086, "Meyers Leonard", "", "", "24:00", 3, 4, 0.75, 0, 0, 0.0, 2, 2, 1.0, 3, 3, 6, 1, 1, 1, 0, 3, 8, -7.0], ["0021200067", 1610612757, "POR", "Portland", 2407, "Jared Jeffries", "", "", "4:03", 1, 1, 1.0, 0, 0, 0.0, 0, 0, 0.0, 1, 0, 1, 0, 0, 0, 1, 1, 2, -3.0], ["0021200067", 1610612757, "POR", "Portland", 202337, "Luke Babbitt", "", "", "2:23", 1, 2, 0.5, 1, 2, 0.5, 0, 0, 0.0, 0, 0, 0, 0, 0, 0, 0, 1, 3, 3.0], ["0021200067", 1610612757, "POR", "Portland", 203115, "Will Barton", "", "", "1:34", 0, 0, 0.0, 0, 0, 0.0, 0, 0, 0.0, 0, 0, 0, 0, 0, 0, 0, 1, 0, 1.0], ["0021200067", 1610612757, "POR", "Portland", 200777, "Joel Freeland", "", "", "1:34", 0, 1, 0.0, 0, 0, 0.0, 2, 2, 1.0, 0, 1, 1, 0, 0, 0, 0, 0, 2, 1.0], ["0021200067", 1610612757, "POR", "Portland", 202701, "Nolan Smith", "", "", "1:34", 1, 2, 0.5, 0, 0, 0.0, 0, 0, 0.0, 0, 0, 0, 0, 0, 0, 0, 0, 2, 1.0]], "name": "PlayerStats"}, {"headers": ["GAME_ID", "TEAM_ID", "TEAM_NAME", "TEAM_ABBREVIATION", "TEAM_CITY", "MIN", "FGM", "FGA", "FG_PCT", "FG3M", "FG3A", "FG3_PCT", "FTM", "FTA", "FT_PCT", "OREB", "DREB", "REB", "AST", "STL", "BLK", "TO", "PF", "PTS", "PLUS_MINUS"], "rowSet": [["0021200067", 1610612757, "Trail Blazers", "POR", "Portland", "240:00", 32, 75, 0.427, 7, 20, 0.35, 19, 30, 0.633, 9, 22, 31, 19, 10, 4, 13, 22, 90, -13.0], ["0021200067", 1610612746, "Clippers", "LAC", "Los Angeles", "240:00", 41, 77, 0.532, 3, 13, 0.231, 18, 25, 0.72, 10, 34, 44, 20, 9, 3, 13, 22, 103, 13.0]], "name": "TeamStats"}, {"headers": ["LEAGUE_ID", "SEASON_ID", "TEAM_ID", "TEAM_ABBREVIATION", "TEAM_CITY", "PTS_PAINT", "PTS_2ND_CHANCE", "PTS_FB", "LARGEST_LEAD", "LEAD_CHANGES", "TIMES_TIED"], "rowSet": [["00", "22012", 1610612746, "LAC", "Los Angeles", 56, 11, 11, 24, 4, 4], ["00", "22012", 1610612757, "POR", "Portland", 30, 9, 7, 25, 4, 4]], "name": "OtherStats"}, {"headers": ["OFFICIAL_ID", "FIRST_NAME", "LAST_NAME", "JERSEY_NUM"], "rowSet": [[1199, "Tom", "Washington", "49"], [2715, "Eric", "Lewis", "42"], [200834, "Mark", "Lindsay", "29"]], "name": "Officials"}, {"headers": ["GAME_DATE", "ATTENDANCE", "GAME_TIME"], "rowSet": [["THURSDAY, NOVEMBER 8, 2012", 20425, "2:27"]], "name": "GameInfo"}, {"headers": ["PLAYER_ID", "FIRST_NAME", "LAST_NAME", "JERSEY_NUM", "TEAM_ID", "TEAM_CITY", "TEAM_NAME", "TEAM_ABBREVIATION"], "rowSet": [[1497, "Chauncey", "Billups", " 1", 1610612746, "Los Angeles", "Clippers", "LAC"], [202717, "Trey", "Thompkins", " 9", 1610612746, "Los Angeles", "Clippers", "LAC"], [255, "Grant", "Hill", "33", 1610612746, "Los Angeles", "Clippers", "LAC"], [201964, "Victor", "Claver", "18", 1610612757, "Portland", "Trail Blazers", "POR"], [202343, "Elliot", "Williams", " 9", 1610612757, "Portland", "Trail Blazers", "POR"]], "name": "InactivePlayers"}, {"headers": ["VIDEO_AVAILABLE_FLAG"], "rowSet": [[1]], "name": "AvailableVideo"}], "parameters": {"GameID": "0021200067", "RangeType": 0, "StartPeriod": 0, "StartRange": 0, "EndPeriod": 0, "EndRange": 0}}