{"resource": "boxscore", "resultSets": [{"headers": ["GAME_DATE_EST", "GAME_SEQUENCE", "GAME_ID", "GAME_STATUS_ID", "GAME_STATUS_TEXT", "GAMECODE", "HOME_TEAM_ID", "VISITOR_TEAM_ID", "SEASON", "LIVE_PERIOD", "LIVE_PC_TIME", "NATL_TV_BROADCASTER_ABBREVIATION", "LIVE_PERIOD_TIME_BCAST", "WH_STATUS"], "rowSet": [["2012-11-09T00:00:00", 6, "0021200073", 3, "Final", "20121109/HOUMEM", 1610612763, 1610612745, "2012", 4, "", "NBA TV", "Q4  - NBA TV", 1]], "name": "GameSummary"}, {"headers": ["GAME_DATE_EST", "GAME_SEQUENCE", "GAME_ID", "TEAM_ID", "TEAM_ABBREVIATION", "TEAM_CITY_NAME", "TEAM_WINS_LOSSES", "PTS_QTR1", "PTS_QTR2", "PTS_QTR3", "PTS_QTR4", "PTS_OT1", "PTS_OT2", "PTS_OT3", "PTS_OT4", "PTS_OT5", "PTS_OT6", "PTS_OT7", "PTS_OT8", "PTS_OT9", "PTS_OT10", "PTS"], "rowSet": [["2012-11-09T00:00:00", 6, "0021200073", 1610612745, "HOU", "Houston", "2-3", 24, 22, 22, 17, 0, 0, 0, 0, 0, 0, 0, 0, 0, 0, 85], ["2012-11-09T00:00:00", 6, "0021200073", 1610612763, "MEM", "Memphis", "4-1", 17, 25, 27, 24, 0, 0, 0, 0, 0, 0, 0, 0, 0, 0, 93]], "name": "LineScore"}, {"headers": ["GAME_ID", "HOME_TEAM_ID", "VISITOR_TEAM_ID", "GAME_DATE_EST", "HOME_TEAM_WINS", "HOME_TEAM_LOSSES", "SERIES_LEADER"], "rowSet": [["0021200073", 1610612763, 1610612745, "2012-11-09T00:00:00", 3, 1, "Memphis"]], "name": "SeasonSeries"}, {"headers": ["GAME_ID", "LAST_GAME_ID", "LAST_GAME_DATE_EST", "LAST_GAME_HOME_TEAM_ID", "LAST_GAME_HOME_TEAM_CITY", "LAST_GAME_HOME_TEAM_NAME", "LAST_GAME_HOME_TEAM_ABBREVIATION", "LAST_GAME_HOME_TEAM_POINTS", "LAST_GAME_VISITOR_TEAM_ID", "LAST_GAME_VISITOR_TEAM_CITY", "LAST_GAME_VISITOR_TEAM_NAME", "LAST_GAME_VISITOR_TEAM_CITY1", "LAST_GAME_VISITOR_TEAM_POINTS"], "rowSet": [["0021200073", "0011200062", "2012-10-17T00:00:00", 1610612763, "Memphis", "Grizzlies", "MEM", 102, 1610612745, "Houston", "Rockets", "HOU", 109]], "name": "LastMeeting"}, {"headers": ["GAME_ID", "TEAM_ID", "TEAM_ABBREVIATION", "TEAM_CITY", "PLAYER_ID", "PLAYER_NAME", "START_POSITION", "COMMENT", "MIN", "FGM", "FGA", "FG_PCT", "FG3M", "FG3A", "FG3_PCT", "FTM", "FTA", "FT_PCT", "OREB", "DREB", "REB", "AST", "STL", "BLK", "TO", "PF", "PTS", "PLUS_MINUS"], "rowSet": [["0021200073", 1610612745, "HOU", "Houston", 202718, "Chandler Parsons", "F", "", "37:01", 8, 13, 0.615, 3, 6, 0.5, 0, 0, 0.0, 1, 4, 5, 2, 1, 0, 3, 4, 19, -1.0], ["0021200073", 1610612745, "HOU", "Houston", 202335, "Patrick Patterson", "F", "", "30:54", 4, 10, 0.4, 0, 1, 0.0, 0, 0, 0.0, 1, 3, 4, 4, 0, 0, 1, 5, 8, -3.0], ["0021200073", 1610612745, "HOU", "Houston", 201600, "Omer Asik", "C", "", "40:24", 4, 6, 0.667, 0, 0, 0.0, 2, 2, 1.0, 3, 10, 13, 2, 0, 2, 5, 2, 10, 1.0], ["0021200073", 1610612745, "HOU", "Houston", 201935, "James Harden", "G", "", "40:38", 4, 18, 0.222, 1, 6, 0.167, 9, 10, 0.9, 2, 2, 4, 4, 0, 2, 5, 1, 18, -2.0], ["0021200073", 1610612745, "HOU", "Houston", 202391, "Jeremy Lin", "G", "", "36:58", 5, 10, 0.5, 2, 4, 0.5, 3, 3, 1.0, 0, 5, 5, 3, 2, 0, 4, 1, 15, -14.0], ["0021200073", 1610612745, "HOU", "Houston", 2568, "Carlos Delfino", "", "", "27:18", 3, 9, 0.333, 2, 7, 0.286, 0, 0, 0.0, 0, 4, 4, 2, 1, 1, 2, 0, 8, -1.0], ["0021200073", 1610612745, "HOU", "Houston", 201161, "Daequan Cook", "", "", "7:00", 0, 1, 0.0, 0, 1, 0.0, 0, 0, 0.0, 0, 2, 2, 0, 0, 0, 0, 0, 0, -2.0], ["0021200073", 1610612745, "HOU", "Houston", 202694, "Marcus Morris", "", "", "14:57", 2, 6, 0.333, 1, 2, 0.5, 0, 0, 0.0, 0, 3, 3, 0, 1, 0, 0, 2, 5, -12.0], ["0021200073", 1610612745, "HOU", "Houston", 202332, "Cole Aldrich", "", "", "4:50", 1, 3, 0.333, 0, 0, 0.0, 0, 0, 0.0, 1, 0, 1, 0, 0, 1, 0, 2, 2, -6.0], ["0021200073", 1610612745, "HOU", "Houston", 201962, "Toney Douglas", "", "DNP - Coach's Decision", null, null, null, null, null, null, null, null, null, null, null, null, null, null, null, null, null, null, null, null], ["0021200073", 1610612745, "HOU", "Houston", 203093, "Terrence Jones", "", "DNP - Coach's Decision", null, null, null, null, null, null, null, null, null, null, null, null, null, null, null, null, null, null, null, null], ["0021200073", 1610612745, "HOU", "Houston", 202700, "Donatas Motiejunas", "", "DNP - Coach's Decision", null, null, null, null, null, null, null, null, null, null, null, null, null, null, null, null, null, null, null, null], ["0021200073", 1610612745, "HOU", "Houston", 202962, "Greg Smith", "", "DNP - Coach's Decision", null, null, null, null, null, null, null, null, null, null, null, null, null, null, null, null, null, null, null, null], ["0021200073", 1610612763, "MEM", "Memphis", 200752, "Rudy Gay", "F", "", "30:13", 9, 19, 0.474, 1, 4, 0.25, 2, 4, 0.5, 3, 4, 7, 1, 1, 0, 2, 3, 21, -6.0], ["0021200073", 1610612763, "MEM", "Memphis", 2216, "Zach Randolph", "F", "", "41:19", 5, 13, 0.385, 0, 0, 0.0, 5, 6, 0.833, 5, 9, 14, 1, 1, 3, 2, 1, 15, 18.0], ["0021200073", 1610612763, "MEM", "Memphis", 201188, "Marc Gasol", "C", "", "32:37", 3, 12, 0.25, 0, 0, 0.0, 0, 0, 0.0, 2, 2, 4, 2, 0, 1, 1, 4, 6, -4.0], ["0021200073", 1610612763, "MEM", "Memphis", 2754, "Tony Allen", "G", "", "19:34", 3, 9, 0.333, 0, 1, 0.0, 2, 2, 1.0, 0, 0, 0, 0, 2, 1, 0, 3, 8, -6.0], ["0021200073", 1610612763, "MEM", "Memphis", 201144, "Mike Conley", "G", "", "30:53", 5, 13, 0.385, 1, 3, 0.333, 3, 5, 0.6, 1, 3, 4, 4, 3, 0, 2, 2, 14, -4.0], ["0021200073", 1610612763, "MEM", "Memphis", 201578, "Marreese Speights", "", "", "20:37", 2, 9, 0.222, 0, 0, 0.0, 3, 4, 0.75, 6, 1, 7, 2, 0, 2, 0, 0, 7, 9.0], ["0021200073", 1610612763, "MEM", "Memphis", 202347, "Quincy Pondexter", "", "", "28:59", 2, 7, 0.286, 1, 4, 0.25, 0, 0, 0.0, 1, 0, 1, 1, 4, 0, 1, 1, 5, 12.0], ["0021200073", 1610612763, "MEM", "Memphis", 201573, "Jerryd Bayless", "", "", "17:56", 4, 8, 0.5, 2, 4, 0.5, 2, 2, 1.0, 0, 2, 2, 3, 3, 0, 1, 1, 12, 9.0], ["0021200073", 1610612763, "MEM", "Memphis", 201961, "Wayne Ellington", "", "", "17:53", 2, 4, 0.5, 1, 3, 0.333, 0, 0, 0.0, 0, 1, 1, 2, 0, 1, 0, 1, 5, 12.0], ["0021200073", 1610612763, "MEM", "Memphis", 201589, "Darrell Arthur", "", "DNP - Coach's Decision", null, null, null, null, null, null, null, null, null, null, null, null, null, null, null, null, null, null, null, null], ["0021200073", 1610612763, "MEM", "Memphis", 201632, "Hamed Haddadi", "", "DNP - Coach's Decision", null, null, null, null, null, null, null, null, null, null, null, null, null, null, null, null, null, null, null, null], ["0021200073", 1610612763, "MEM", "Memphis", 202729, "Josh Selby", "", "DNP - Coach's Decision", null, null, null, null, null, null, null, null, null, null, null, null, null, null, null, null, null, null, null, null], ["0021200073", 1610612763, "MEM", "Memphis", 203100, "Tony Wroten", "", "DNP - Coach's Decision", null, null, null, null, null, null, null, null, null, null, null, null, null, null, null, null, null, null, null, null]], "name": "PlayerStats"}, {"headers": ["GAME_ID", "TEAM_ID", "TEAM_NAME", "TEAM_ABBREVIATION", "TEAM_CITY", "MIN", "FGM", "FGA", "FG_PCT", "FG3M", "FG3A", "FG3_PCT", "FTM", "FTA", "FT_PCT", "OREB", "DREB", "REB", "AST", "STL", "BLK", "TO", "PF", "PTS", "PLUS_MINUS"], "rowSet": [["0021200073", 1610612763, "Grizzlies", "MEM", "Memphis", "240:00", 35, 94, 0.372, 6, 19, 0.316, 17, 23, 0.739, 18, 22, 40, 16, 14, 8, 9, 16, 93, 8.0], ["0021200073", 1610612745, "Rockets", "HOU", "Houston", "240:00", 31, 76, 0.408, 9, 27, 0.333, 14, 15, 0.933, 8, 33, 41, 17, 5, 6, 20, 17, 85, -8.0]], "name": "TeamStats"}, {"headers": ["LEAGUE_ID", "SEASON_ID", "TEAM_ID", "TEAM_ABBREVIATION", "TEAM_CITY", "PTS_PAINT", "PTS_2ND_CHANCE", "PTS_FB", "LARGEST_LEAD", "LEAD_CHANGES", "TIMES_TIED"], "rowSet": [["00", "22012", 1610612745, "HOU", "Houston", 34, 16, 5, 12, 11, 6], ["00", "22012", 1610612763, "MEM", "Memphis", 48, 15, 21, 10, 11, 6]], "name": "OtherStats"}, {"headers": ["OFFICIAL_ID", "FIRST_NAME", "LAST_NAME", "JERSEY_NUM"], "rowSet": [[1363, "Bennie", "Adams", "47"], [1152, "Dan", "Crawford", "43"], [201639, "Josh", "Tiven", "58"]], "name": "Officials"}, {"headers": ["GAME_DATE", "ATTENDANCE", "GAME_TIME"], "rowSet": [["FRIDAY, NOVEMBER 9, 2012", 16087, "2:12"]], "name": "GameInfo"}, {"headers": ["PLAYER_ID", "FIRST_NAME", "LAST_NAME", "JERSEY_NUM", "TEAM_ID", "TEAM_CITY", "TEAM_NAME", "TEAM_ABBREVIATION"], "rowSet": [[203159, "Scott", "Machado", " 1", 1610612745, "Houston", "Rockets", "HOU"], [203091, "Royce", "White", "30", 1610612745, "Houston", "Rockets", "HOU"]], "name": "InactivePlayers"}, {"headers": ["VIDEO_AVAILABLE_FLAG"], "rowSet": [[1]], "name": "AvailableVideo"}], "parameters": {"GameID": "0021200073", "RangeType": 0, "StartPeriod": 0, "StartRange": 0, "EndPeriod": 0, "EndRange": 0}}