{"resource": "boxscore", "resultSets": [{"headers": ["GAME_DATE_EST", "GAME_SEQUENCE", "GAME_ID", "GAME_STATUS_ID", "GAME_STATUS_TEXT", "GAMECODE", "HOME_TEAM_ID", "VISITOR_TEAM_ID", "SEASON", "LIVE_PERIOD", "LIVE_PC_TIME", "NATL_TV_BROADCASTER_ABBREVIATION", "LIVE_PERIOD_TIME_BCAST", "WH_STATUS"], "rowSet": [["2012-10-30T00:00:00", 1, "0021200001", 3, "Final", "20121030/WASCLE", 1610612739, 1610612764, "2012", 4, "", null, "Q4  - ", 1]], "name": "GameSummary"}, {"headers": ["GAME_DATE_EST", "GAME_SEQUENCE", "GAME_ID", "TEAM_ID", "TEAM_ABBREVIATION", "TEAM_CITY_NAME", "TEAM_WINS_LOSSES", "PTS_QTR1", "PTS_QTR2", "PTS_QTR3", "PTS_QTR4", "PTS_OT1", "PTS_OT2", "PTS_OT3", "PTS_OT4", "PTS_OT5", "PTS_OT6", "PTS_OT7", "PTS_OT8", "PTS_OT9", "PTS_OT10", "PTS"], "rowSet": [["2012-10-30T00:00:00", 1, "0021200001", 1610612764, "WAS", "Washington", "0-1", 24, 15, 23, 22, 0, 0, 0, 0, 0, 0, 0, 0, 0, 0, 84], ["2012-10-30T00:00:00", 1, "0021200001", 1610612739, "CLE", "Cleveland", "1-0", 31, 19, 24, 20, 0, 0, 0, 0, 0, 0, 0, 0, 0, 0, 94]], "name": "LineScore"}, {"headers": ["GAME_ID", "HOME_TEAM_ID", "VISITOR_TEAM_ID", "GAME_DATE_EST", "HOME_TEAM_WINS", "HOME_TEAM_LOSSES", "SERIES_LEADER"], "rowSet": [["0021200001", 1610612739, 1610612764, "2012-10-30T00:00:00", 3, 0, "Cleveland"]], "name": "SeasonSeries"}, {"headers": ["GAME_ID", "LAST_GAME_ID", "LAST_GAME_DATE_EST", "LAST_GAME_HOME_TEAM_ID", "LAST_GAME_HOME_TEAM_CITY", "LAST_GAME_HOME_TEAM_NAME", "LAST_GAME_HOME_TEAM_ABBREVIATION", "LAST_GAME_HOME_TEAM_POINTS", "LAST_GAME_VISITOR_TEAM_ID", "LAST_GAME_VISITOR_TEAM_CITY", "LAST_GAME_VISITOR_TEAM_NAME", "LAST_GAME_VISITOR_TEAM_CITY1", "LAST_GAME_VISITOR_TEAM_POINTS"], "rowSet": [["0021200001", "0011200040", "2012-10-13T00:00:00", 1610612739, "Cleveland", "Cavaliers", "CLE", 95, 1610612764, "Washington", "Wizards", "WAS", 99]], "name": "LastMeeting"}, {"headers": ["GAME_ID", "TEAM_ID", "TEAM_ABBREVIATION", "TEAM_CITY", "PLAYER_ID", "PLAYER_NAME", "START_POSITION", "COMMENT", "MIN", "FGM", "FGA", "FG_PCT", "FG3M", "FG3A", "FG3_PCT", "FTM", "FTA", "FT_PCT", "OREB", "DREB", "REB", "AST", "STL", "BLK", "TO", "PF", "PTS", "PLUS_MINUS"], "rowSet": [["0021200001", 1610612764, "WAS", "Washington", 2772, "Trevor Ariza", "F", "", "24:35", 3, 8, 0.375, 2, 4, 0.5, 1, 2, 0.5, 1, 2, 3, 4, 3, 2, 0, 0, 9, -9.0], ["0021200001", 1610612764, "WAS", "Washington", 202344, "Trevor Booker", "F", "", "16:45", 2, 9, 0.222, 0, 1, 0.0, 0, 0, 0.0, 1, 0, 1, 1, 1, 1, 4, 4, 4, -15.0], ["0021200001", 1610612764, "WAS", "Washington", 2731, "Emeka Okafor", "C", "", "24:35", 4, 10, 0.4, 0, 0, 0.0, 2, 4, 0.5, 5, 2, 7, 0, 0, 4, 1, 1, 10, -5.0], ["0021200001", 1610612764, "WAS", "Washington", 203078, "Bradley Beal", "G", "", "21:33", 2, 8, 0.25, 2, 4, 0.5, 2, 2, 1.0, 0, 3, 3, 3, 1, 0, 2, 1, 8, -16.0], ["0021200001", 1610612764, "WAS", "Washington", 201985, "A.J. Price", "G", "", "29:24", 2, 13, 0.154, 2, 9, 0.222, 1, 1, 1.0, 1, 1, 2, 6, 0, 0, 1, 1, 7, -11.0], ["0021200001", 1610612764, "WAS", "Washington", 202686, "Jan Vesely", "", "", "21:14", 3, 4, 0.75, 0, 0, 0.0, 1, 4, 0.25, 3, 1, 4, 1, 0, 1, 1, 3, 7, -2.0], ["0021200001", 1610612764, "WAS", "Washington", 101110, "Martell Webster", "", "", "23:25", 4, 6, 0.667, 1, 3, 0.333, 0, 0, 0.0, 0, 3, 3, 1, 2, 0, 0, 1, 9, -1.0], ["0021200001", 1610612764, "WAS", "Washington", 202348, "Jordan Crawford", "", "", "28:42", 4, 13, 0.308, 0, 6, 0.0, 3, 4, 0.75, 1, 2, 3, 5, 1, 1, 1, 1, 11, 0.0], ["0021200001", 1610612764, "WAS", "Washington", 202698, "Chris Singleton", "", "", "17:11", 2, 7, 0.286, 0, 1, 0.0, 0, 0, 0.0, 2, 2, 4, 2, 2, 0, 1, 2, 4, 1.0], ["0021200001", 1610612764, "WAS", "Washington", 2457, "Jannero Pargo", "", "", "16:21", 2, 6, 0.333, 1, 4, 0.25, 2, 2, 1.0, 0, 1, 1, 3, 0, 0, 1, 3, 7, 7.0], ["0021200001", 1610612764, "WAS", "Washington", 2853, "Earl Barron", "", "", "16:15", 4, 6, 0.667, 0, 0, 0.0, 0, 1, 0.0, 4, 4, 8, 0, 1, 1, 0, 2, 8, 1.0], ["0021200001", 1610612764, "WAS", "Washington", 201858, "Cartier Martin", "", "DNP - Coach's Decision", null, null, null, null, null, null, null, null, null, null, null, null, null, null, null, null, null, null, null, null], ["0021200001", 1610612739, "CLE", "Cleveland", 202087, "Alonzo Gee", "F", "", "33:53", 2, 9, 0.222, 0, 2, 0.0, 0, 0, 0.0, 2, 1, 3, 2, 2, 0, 3, 5, 4, 14.0], ["0021200001", 1610612739, "CLE", "Cleveland", 202684, "Tristan Thompson", "F", "", "31:31", 5, 8, 0.625, 0, 0, 0.0, 2, 4, 0.5, 3, 7, 10, 5, 1, 0, 2, 2, 12, 20.0], ["0021200001", 1610612739, "CLE", "Cleveland", 2760, "Anderson Varejao", "C", "", "37:22", 3, 7, 0.429, 0, 0, 0.0, 3, 3, 1.0, 12, 11, 23, 9, 0, 2, 1, 4, 9, 7.0], ["0021200001", 1610612739, "CLE", "Cleveland", 203079, "Dion Waiters", "G", "", "28:14", 6, 14, 0.429, 2, 5, 0.4, 3, 4, 0.75, 0, 2, 2, 0, 3, 0, 3, 0, 17, 13.0], ["0021200001", 1610612739, "CLE", "Cleveland", 202681, "Kyrie Irving", "G", "", "34:34", 11, 20, 0.55, 3, 6, 0.5, 4, 5, 0.8, 0, 6, 6, 3, 0, 1, 4, 4, 29, 23.0], ["0021200001", 1610612739, "CLE", "Cleveland", 101139, "CJ Miles", "", "", "17:42", 1, 5, 0.2, 0, 1, 0.0, 0, 0, 0.0, 0, 4, 4, 1, 0, 0, 3, 0, 2, 2.0], ["0021200001", 1610612739, "CLE", "Cleveland", 203092, "Tyler Zeller", "", "", "14:53", 2, 4, 0.5, 0, 0, 0.0, 1, 2, 0.5, 0, 2, 2, 0, 1, 1, 0, 2, 5, 4.0], ["0021200001", 1610612739, "CLE", "Cleveland", 200789, "Daniel Gibson", "", "", "16:11", 3, 5, 0.6, 2, 4, 0.5, 2, 4, 0.5, 1, 2, 3, 1, 0, 1, 0, 2, 10, -9.0], ["0021200001", 1610612739, "CLE", "Cleveland", 2575, "Luke Walton", "", "", "12:14", 1, 2, 0.5, 0, 1, 0.0, 0, 0, 0.0, 0, 1, 1, 0, 0, 0, 2, 0, 2, -11.0], ["0021200001", 1610612739, "CLE", "Cleveland", 202388, "Donald Sloan", "", "", "13:26", 2, 5, 0.4, 0, 1, 0.0, 0, 0, 0.0, 0, 0, 0, 1, 0, 0, 2, 2, 4, -13.0], ["0021200001", 1610612739, "CLE", "Cleveland", 201956, "Omri Casspi", "", "DNP - Coach's Decision", null, null, null, null, null, null, null, null, null, null, null, null, null, null, null, null, null, null, null, null], ["0021200001", 1610612739, "CLE", "Cleveland", 202720, "Jon Leuer", "", "DNP - Coach's Decision", null, null, null, null, null, null, null, null, null, null, null, null, null, null, null, null, null, null, null, null], ["0021200001", 1610612739, "CLE", "Cleveland", 202396, "Samardo Samuels", "", "DNP - Coach's Decision", null, null, null, null, null, null, null, null, null, null, null, null, null, null, null, null, null, null, null, null]], "name": "PlayerStats"}, {"headers": ["GAME_ID", "TEAM_ID", "TEAM_NAME", "TEAM_ABBREVIATION", "TEAM_CITY", "MIN", "FGM", "FGA", "FG_PCT", "FG3M", "FG3A", "FG3_PCT", "FTM", "FTA", "FT_PCT", "OREB", "DREB", "REB", "AST", "STL", "BLK", "TO", "PF", "PTS", "PLUS_MINUS"], "rowSet": [["0021200001", 1610612764, "Wizards", "WAS", "Washington", "240:00", 32, 90, 0.356, 8, 32, 0.25, 12, 20, 0.6, 18, 21, 39, 26, 11, 10, 12, 19, 84, -10.0], ["0021200001", 1610612739, "Cavaliers", "CLE", "Cleveland", "240:00", 36, 79, 0.456, 7, 20, 0.35, 15, 22, 0.682, 18, 36, 54, 22, 7, 5, 20, 21, 94, 10.0]], "name": "TeamStats"}, {"headers": ["LEAGUE_ID", "SEASON_ID", "TEAM_ID", "TEAM_ABBREVIATION", "TEAM_CITY", "PTS_PAINT", "PTS_2ND_CHANCE", "PTS_FB", "LARGEST_LEAD", "LEAD_CHANGES", "TIMES_TIED"], "rowSet": [["00", "22012", 1610612764, "WAS", "Washington", 32, 7, 13, 16, 5, 6], ["00", "22012", 1610612739, "CLE", "Cleveland", 42, 24, 6, 16, 5, 6]], "name": "OtherStats"}, {"headers": ["OFFICIAL_ID", "FIRST_NAME", "LAST_NAME", "JERSEY_NUM"], "rowSet": [[1193, "Michael", "Smith", "38"], [1146, "Tony", "Brothers", "25"], [201637, "Haywoode", "Workman", "66"]], "name": "Officials"}, {"headers": ["GAME_DATE", "ATTENDANCE", "GAME_TIME"], "rowSet": [["TUESDAY, OCTOBER 30, 2012", 20562, "2:10"]], "name": "GameInfo"}, {"headers": ["PLAYER_ID", "FIRST_NAME", "LAST_NAME", "JERSEY_NUM", "TEAM_ID", "TEAM_CITY", "TEAM_NAME", "TEAM_ABBREVIATION"], "rowSet": [[202376, "Luke", "Harangody", "44", 1610612739, "Cleveland", "Cavaliers", "CLE"], [202951, "Jeremy", "Pargo", " 8", 1610612739, "Cleveland", "Cavaliers", "CLE"], [202322, "John", "Wall", " 2", 1610612764, "Washington", "Wizards", "WAS"], [2403, "Nene", "Hilario", "42", 1610612764, "Washington", "Wizards", "WAS"], [202338, "Kevin", "Seraphin", "13", 1610612764, "Washington", "Wizards", "WAS"]], "name": "InactivePlayers"}, {"headers": ["VIDEO_AVAILABLE_FLAG"], "rowSet": [[1]], "name": "AvailableVideo"}], "parameters": {"GameID": "0021200001", "RangeType": 0, "StartPeriod": 0, "StartRange": 0, "EndPeriod": 0, "EndRange": 0}}