{"resource": "boxscore", "resultSets": [{"headers": ["GAME_DATE_EST", "GAME_SEQUENCE", "GAME_ID", "GAME_STATUS_ID", "GAME_STATUS_TEXT", "GAMECODE", "HOME_TEAM_ID", "VISITOR_TEAM_ID", "SEASON", "LIVE_PERIOD", "LIVE_PC_TIME", "NATL_TV_BROADCASTER_ABBREVIATION", "LIVE_PERIOD_TIME_BCAST", "WH_STATUS"], "rowSet": [["2012-11-07T00:00:00", 4, "0021200056", 3, "Final", "20121107/BKNMIA", 1610612748, 1610612751, "2012", 4, "", null, "Q4  - ", 1]], "name": "GameSummary"}, {"headers": ["GAME_DATE_EST", "GAME_SEQUENCE", "GAME_ID", "TEAM_ID", "TEAM_ABBREVIATION", "TEAM_CITY_NAME", "TEAM_WINS_LOSSES", "PTS_QTR1", "PTS_QTR2", "PTS_QTR3", "PTS_QTR4", "PTS_OT1", "PTS_OT2", "PTS_OT3", "PTS_OT4", "PTS_OT5", "PTS_OT6", "PTS_OT7", "PTS_OT8", "PTS_OT9", "PTS_OT10", "PTS"], "rowSet": [["2012-11-07T00:00:00", 4, "0021200056", 1610612751, "BKN", "Brooklyn", "1-2", 22, 19, 15, 17, 0, 0, 0, 0, 0, 0, 0, 0, 0, 0, 73], ["2012-11-07T00:00:00", 4, "0021200056", 1610612748, "MIA", "Miami", "4-1", 26, 24, 29, 24, 0, 0, 0, 0, 0, 0, 0, 0, 0, 0, 103]], "name": "LineScore"}, {"headers": ["GAME_ID", "HOME_TEAM_ID", "VISITOR_TEAM_ID", "GAME_DATE_EST", "HOME_TEAM_WINS", "HOME_TEAM_LOSSES", "SERIES_LEADER"], "rowSet": [["0021200056", 1610612748, 1610612751, "2012-11-07T00:00:00", 3, 0, "Miami"]], "name": "SeasonSeries"}, {"headers": ["GAME_ID", "LAST_GAME_ID", "LAST_GAME_DATE_EST", "LAST_GAME_HOME_TEAM_ID", "LAST_GAME_HOME_TEAM_CITY", "LAST_GAME_HOME_TEAM_NAME", "LAST_GAME_HOME_TEAM_ABBREVIATION", "LAST_GAME_HOME_TEAM_POINTS", "LAST_GAME_VISITOR_TEAM_ID", "LAST_GAME_VISITOR_TEAM_CITY", "LAST_GAME_VISITOR_TEAM_NAME", "LAST_GAME_VISITOR_TEAM_CITY1", "LAST_GAME_VISITOR_TEAM_POINTS"], "rowSet": [["0021200056", "0021100906", "2012-04-16T00:00:00", 1610612748, "Miami", "Heat", "MIA", 101, 1610612751, "Brooklyn", "Nets", "BKN", 98]], "name": "LastMeeting"}, {"headers": ["GAME_ID", "TEAM_ID", "TEAM_ABBREVIATION", "TEAM_CITY", "PLAYER_ID", "PLAYER_NAME", "START_POSITION", "COMMENT", "MIN", "FGM", "FGA", "FG_PCT", "FG3M", "FG3A", "FG3_PCT", "FTM", "FTA", "FT_PCT", "OREB", "DREB", "REB", "AST", "STL", "BLK", "TO", "PF", "PTS", "PLUS_MINUS"], "rowSet": [["0021200056", 1610612751, "BKN", "Brooklyn", 2207, "Joe Johnson", "F", "", "32:13", 4, 14, 0.286, 1, 3, 0.333, 0, 0, 0.0, 0, 2, 2, 1, 2, 0, 0, 1, 9, -19.0], ["0021200056", 1610612751, "BKN", "Brooklyn", 2743, "Kris Humphries", "F", "", "24:14", 4, 8, 0.5, 0, 0, 0.0, 3, 6, 0.5, 5, 6, 11, 1, 0, 0, 1, 2, 11, -12.0], ["0021200056", 1610612751, "BKN", "Brooklyn", 201572, "Brook Lopez", "C", "", "20:34", 4, 8, 0.5, 0, 0, 0.0, 0, 1, 0.0, 2, 5, 7, 1, 0, 1, 0, 1, 8, -5.0], ["0021200056", 1610612751, "BKN", "Brooklyn", 2586, "Keith Bogans", "G", "", "21:00", 1, 3, 0.333, 1, 3, 0.333, 0, 0, 0.0, 0, 2, 2, 1, 1, 0, 0, 2, 3, -12.0], ["0021200056", 1610612751, "BKN", "Brooklyn", 101114, "Deron Williams", "G", "", "30:52", 7, 15, 0.467, 0, 4, 0.0, 0, 0, 0.0, 0, 1, 1, 3, 1, 0, 7, 3, 14, -18.0], ["0021200056", 1610612751, "BKN", "Brooklyn", 101154, "Andray Blatche", "", "", "21:09", 2, 8, 0.25, 0, 0, 0.0, 0, 0, 0.0, 2, 6, 8, 0, 1, 0, 2, 2, 4, -19.0], ["0021200056", 1610612751, "BKN", "Brooklyn", 201228, "CJ Watson", "", "", "24:36", 1, 5, 0.2, 0, 4, 0.0, 0, 0, 0.0, 1, 0, 1, 2, 1, 0, 3, 1, 2, -16.0], ["0021200056", 1610612751, "BKN", "Brooklyn", 203141, "Mirza Teletovic", "", "", "16:54", 1, 8, 0.125, 1, 7, 0.143, 0, 0, 0.0, 1, 0, 1, 1, 0, 0, 0, 0, 3, -18.0], ["0021200056", 1610612751, "BKN", "Brooklyn", 202705, "MarShon Brooks", "", "", "18:58", 5, 7, 0.714, 0, 0, 0.0, 2, 4, 0.5, 0, 1, 1, 2, 1, 0, 3, 1, 12, -14.0], ["0021200056", 1610612751, "BKN", "Brooklyn", 2501, "Reggie Evans", "", "", "13:09", 1, 1, 1.0, 0, 0, 0.0, 3, 4, 0.75, 2, 3, 5, 0, 0, 0, 1, 2, 5, -6.0], ["0021200056", 1610612751, "BKN", "Brooklyn", 203129, "Tornike Shengelia", "", "", "12:00", 0, 0, 0.0, 0, 0, 0.0, 2, 2, 1.0, 0, 1, 1, 0, 0, 0, 2, 0, 2, -7.0], ["0021200056", 1610612751, "BKN", "Brooklyn", 203116, "Tyshawn Taylor", "", "", "4:21", 0, 3, 0.0, 0, 0, 0.0, 0, 0, 0.0, 0, 0, 0, 0, 0, 0, 0, 0, 0, -4.0], ["0021200056", 1610612751, "BKN", "Brooklyn", 711, "Jerry Stackhouse", "", "DNP - Coach's Decision", null, null, null, null, null, null, null, null, null, null, null, null, null, null, null, null, null, null, null, null], ["0021200056", 1610612748, "MIA", "Miami", 2544, "LeBron James", "F", "", "29:59", 7, 12, 0.583, 2, 3, 0.667, 4, 4, 1.0, 4, 8, 12, 8, 1, 0, 2, 1, 20, 18.0], ["0021200056", 1610612748, "MIA", "Miami", 2203, "Shane Battier", "F", "", "24:47", 3, 9, 0.333, 3, 8, 0.375, 0, 0, 0.0, 0, 2, 2, 0, 0, 0, 0, 2, 9, 13.0], ["0021200056", 1610612748, "MIA", "Miami", 2547, "Chris Bosh", "C", "", "24:00", 2, 10, 0.2, 0, 1, 0.0, 4, 6, 0.667, 2, 2, 4, 1, 3, 1, 0, 2, 8, 13.0], ["0021200056", 1610612748, "MIA", "Miami", 2548, "Dwyane Wade", "G", "", "32:04", 10, 14, 0.714, 0, 1, 0.0, 2, 2, 1.0, 1, 1, 2, 5, 1, 2, 1, 2, 22, 24.0], ["0021200056", 1610612748, "MIA", "Miami", 201596, "Mario Chalmers", "G", "", "26:38", 3, 7, 0.429, 1, 2, 0.5, 1, 2, 0.5, 1, 5, 6, 5, 1, 0, 4, 2, 8, 5.0], ["0021200056", 1610612748, "MIA", "Miami", 951, "Ray Allen", "", "", "26:43", 4, 6, 0.667, 1, 2, 0.5, 0, 0, 0.0, 0, 3, 3, 1, 0, 0, 1, 5, 9, 12.0], ["0021200056", 1610612748, "MIA", "Miami", 202708, "Norris Cole", "", "", "20:32", 0, 2, 0.0, 0, 1, 0.0, 2, 2, 1.0, 0, 1, 1, 4, 1, 0, 2, 2, 2, 21.0], ["0021200056", 1610612748, "MIA", "Miami", 2617, "Udonis Haslem", "", "", "19:39", 2, 3, 0.667, 0, 0, 0.0, 0, 0, 0.0, 0, 6, 6, 0, 0, 0, 1, 0, 4, 13.0], ["0021200056", 1610612748, "MIA", "Miami", 1740, "Rashard Lewis", "", "", "19:11", 6, 9, 0.667, 1, 3, 0.333, 0, 0, 0.0, 0, 0, 0, 0, 1, 0, 0, 1, 13, 13.0], ["0021200056", 1610612748, "MIA", "Miami", 2034, "Mike Miller", "", "", "4:21", 1, 1, 1.0, 1, 1, 1.0, 0, 0, 0.0, 0, 1, 1, 1, 0, 0, 0, 0, 3, 4.0], ["0021200056", 1610612748, "MIA", "Miami", 201202, "Joel Anthony", "", "", "4:21", 1, 1, 1.0, 0, 0, 0.0, 0, 0, 0.0, 0, 2, 2, 0, 0, 2, 0, 0, 2, 4.0], ["0021200056", 1610612748, "MIA", "Miami", 202725, "Josh Harrellson", "", "", "4:02", 0, 1, 0.0, 0, 0, 0.0, 0, 0, 0.0, 0, 1, 1, 0, 0, 0, 1, 1, 0, 4.0], ["0021200056", 1610612748, "MIA", "Miami", 2592, "James Jones", "", "", "3:43", 1, 2, 0.5, 1, 2, 0.5, 0, 0, 0.0, 0, 0, 0, 0, 0, 0, 0, 0, 3, 6.0]], "name": "PlayerStats"}, {"headers": ["GAME_ID", "TEAM_ID", "TEAM_NAME", "TEAM_ABBREVIATION", "TEAM_CITY", "MIN", "FGM", "FGA", "FG_PCT", "FG3M", "FG3A", "FG3_PCT", "FTM", "FTA", "FT_PCT", "OREB", "DREB", "REB", "AST", "STL", "BLK", "TO", "PF", "PTS", "PLUS_MINUS"], "rowSet": [["0021200056", 1610612748, "Heat", "MIA", "Miami", "240:00", 40, 77, 0.519, 10, 24, 0.417, 13, 16, 0.813, 8, 32, 40, 25, 8, 5, 12, 18, 103, 30.0], ["0021200056", 1610612751, "Nets", "BKN", "Brooklyn", "240:00", 30, 80, 0.375, 3, 21, 0.143, 10, 17, 0.588, 13, 27, 40, 12, 7, 1, 19, 15, 73, -30.0]], "name": "TeamStats"}, {"headers": ["LEAGUE_ID", "SEASON_ID", "TEAM_ID", "TEAM_ABBREVIATION", "TEAM_CITY", "PTS_PAINT", "PTS_2ND_CHANCE", "PTS_FB", "LARGEST_LEAD", "LEAD_CHANGES", "TIMES_TIED"], "rowSet": [["00", "22012", 1610612751, "BKN", "Brooklyn", 46, 18, 6, 30, 8, 0], ["00", "22012", 1610612748, "MIA", "Miami", 34, 4, 17, 28, 8, 0]], "name": "OtherStats"}, {"headers": ["OFFICIAL_ID", "FIRST_NAME", "LAST_NAME", "JERSEY_NUM"], "rowSet": [[1147, "Mike", "Callahan", "24"], [2529, "Tony", "Brown", "6"], [201639, "Josh", "Tiven", "58"]], "name": "Officials"}, {"headers": ["GAME_DATE", "ATTENDANCE", "GAME_TIME"], "rowSet": [["WEDNESDAY, NOVEMBER 7, 2012", 19627, "2:04"]], "name": "GameInfo"}, {"headers": ["PLAYER_ID", "FIRST_NAME", "LAST_NAME", "JERSEY_NUM", "TEAM_ID", "TEAM_CITY", "TEAM_NAME", "TEAM_ABBREVIATION"], "rowSet": [[202227, "Terrel", "Harris", "14", 1610612748, "Miami", "Heat", "MIA"], [202354, "Dexter", "Pittman", "45", 1610612748, "Miami", "Heat", "MIA"], [2735, "Josh", "Childress", " 2", 1610612751, "Brooklyn", "Nets", "BKN"], [2222, "Gerald", "Wallace", "45", 1610612751, "Brooklyn", "Nets", "BKN"]], "name": "InactivePlayers"}, {"headers": ["VIDEO_AVAILABLE_FLAG"], "rowSet": [[0]], "name": "AvailableVideo"}], "parameters": {"GameID": "0021200056", "RangeType": 0, "StartPeriod": 0, "StartRange": 0, "EndPeriod": 0, "EndRange": 0}}