{"resource": "boxscore", "resultSets": [{"headers": ["GAME_DATE_EST", "GAME_SEQUENCE", "GAME_ID", "GAME_STATUS_ID", "GAME_STATUS_TEXT", "GAMECODE", "HOME_TEAM_ID", "VISITOR_TEAM_ID", "SEASON", "LIVE_PERIOD", "LIVE_PC_TIME", "NATL_TV_BROADCASTER_ABBREVIATION", "LIVE_PERIOD_TIME_BCAST", "WH_STATUS"], "rowSet": [["2012-11-03T00:00:00", 8, "0021200034", 3, "Final", "20121103/CHADAL", 1610612742, 1610612766, "2012", 4, "", null, "Q4  - ", 1]], "name": "GameSummary"}, {"headers": ["GAME_DATE_EST", "GAME_SEQUENCE", "GAME_ID", "TEAM_ID", "TEAM_ABBREVIATION", "TEAM_CITY_NAME", "TEAM_WINS_LOSSES", "PTS_QTR1", "PTS_QTR2", "PTS_QTR3", "PTS_QTR4", "PTS_OT1", "PTS_OT2", "PTS_OT3", "PTS_OT4", "PTS_OT5", "PTS_OT6", "PTS_OT7", "PTS_OT8", "PTS_OT9", "PTS_OT10", "PTS"], "rowSet": [["2012-11-03T00:00:00", 8, "0021200034", 1610612766, "CHA", "Charlotte", "1-1", 19, 34, 28, 18, 0, 0, 0, 0, 0, 0, 0, 0, 0, 0, 99], ["2012-11-03T00:00:00", 8, "0021200034", 1610612742, "DAL", "Dallas", "2-1", 31, 30, 36, 29, 0, 0, 0, 0, 0, 0, 0, 0, 0, 0, 126]], "name": "LineScore"}, {"headers": ["GAME_ID", "HOME_TEAM_ID", "VISITOR_TEAM_ID", "GAME_DATE_EST", "HOME_TEAM_WINS", "HOME_TEAM_LOSSES", "SERIES_LEADER"], "rowSet": [["0021200034", 1610612742, 1610612766, "2012-11-03T00:00:00", 1, 1, "Tied"]], "name": "SeasonSeries"}, {"headers": ["GAME_ID", "LAST_GAME_ID", "LAST_GAME_DATE_EST", "LAST_GAME_HOME_TEAM_ID", "LAST_GAME_HOME_TEAM_CITY", "LAST_GAME_HOME_TEAM_NAME", "LAST_GAME_HOME_TEAM_ABBREVIATION", "LAST_GAME_HOME_TEAM_POINTS", "LAST_GAME_VISITOR_TEAM_ID", "LAST_GAME_VISITOR_TEAM_CITY", "LAST_GAME_VISITOR_TEAM_NAME", "LAST_GAME_VISITOR_TEAM_CITY1", "LAST_GAME_VISITOR_TEAM_POINTS"], "rowSet": [["0021200034", "0011200115", "2012-10-26T00:00:00", 1610612742, "Dallas", "Mavericks", "DAL", 99, 1610612766, "Charlotte", "Bobcats", "CHA", 82]], "name": "LastMeeting"}, {"headers": ["GAME_ID", "TEAM_ID", "TEAM_ABBREVIATION", "TEAM_CITY", "PLAYER_ID", "PLAYER_NAME", "START_POSITION", "COMMENT", "MIN", "FGM", "FGA", "FG_PCT", "FG3M", "FG3A", "FG3_PCT", "FTM", "FTA", "FT_PCT", "OREB", "DREB", "REB", "AST", "STL", "BLK", "TO", "PF", "PTS", "PLUS_MINUS"], "rowSet": [["0021200034", 1610612766, "CHA", "Charlotte", 203077, "Michael Kidd-Gilchrist", "F", "", "27:10", 4, 8, 0.5, 0, 0, 0.0, 5, 9, 0.556, 3, 2, 5, 2, 5, 1, 3, 1, 13, 7.0], ["0021200034", 1610612766, "CHA", "Charlotte", 201957, "Byron Mullens", "F", "", "32:20", 7, 18, 0.389, 2, 8, 0.25, 0, 0, 0.0, 3, 7, 10, 1, 0, 0, 1, 2, 16, -19.0], ["0021200034", 1610612766, "CHA", "Charlotte", 2217, "Brendan Haywood", "C", "", "30:56", 7, 13, 0.538, 0, 0, 0.0, 0, 0, 0.0, 7, 4, 11, 0, 0, 1, 0, 3, 14, -2.0], ["0021200034", 1610612766, "CHA", "Charlotte", 201945, "Gerald Henderson", "G", "", "20:25", 2, 9, 0.222, 0, 0, 0.0, 3, 4, 0.75, 2, 1, 3, 2, 1, 0, 1, 1, 7, -16.0], ["0021200034", 1610612766, "CHA", "Charlotte", 202689, "Kemba Walker", "G", "", "31:11", 4, 10, 0.4, 0, 3, 0.0, 2, 2, 1.0, 0, 3, 3, 5, 3, 0, 1, 1, 10, -17.0], ["0021200034", 1610612766, "CHA", "Charlotte", 2732, "Ben Gordon", "", "", "18:59", 2, 6, 0.333, 0, 1, 0.0, 2, 2, 1.0, 0, 0, 0, 1, 1, 0, 1, 0, 6, -15.0], ["0021200034", 1610612766, "CHA", "Charlotte", 202130, "Reggie Williams", "", "", "4:58", 1, 2, 0.5, 0, 1, 0.0, 0, 0, 0.0, 0, 0, 0, 0, 1, 0, 1, 2, 2, -17.0], ["0021200034", 1610612766, "CHA", "Charlotte", 201196, "Ramon Sessions", "", "", "28:14", 8, 13, 0.615, 1, 3, 0.333, 5, 5, 1.0, 0, 4, 4, 5, 0, 0, 1, 0, 22, -16.0], ["0021200034", 1610612766, "CHA", "Charlotte", 202687, "Bismack Biyombo", "", "", "10:51", 0, 1, 0.0, 0, 0, 0.0, 0, 0, 0.0, 0, 0, 0, 0, 1, 0, 1, 0, 0, -16.0], ["0021200034", 1610612766, "CHA", "Charlotte", 200748, "Tyrus Thomas", "", "", "19:02", 4, 7, 0.571, 0, 0, 0.0, 1, 2, 0.5, 0, 2, 2, 1, 1, 0, 0, 3, 9, -18.0], ["0021200034", 1610612766, "CHA", "Charlotte", 203106, "Jeff Taylor", "", "", "5:51", 0, 2, 0.0, 0, 0, 0.0, 0, 0, 0.0, 0, 0, 0, 0, 0, 0, 0, 0, 0, -2.0], ["0021200034", 1610612766, "CHA", "Charlotte", 2679, "Matt Carroll", "", "", "5:51", 0, 0, 0.0, 0, 0, 0.0, 0, 0, 0.0, 0, 0, 0, 1, 0, 0, 0, 1, 0, -2.0], ["0021200034", 1610612766, "CHA", "Charlotte", 202809, "Cory Higgins", "", "", "4:12", 0, 2, 0.0, 0, 1, 0.0, 0, 0, 0.0, 0, 0, 0, 1, 0, 0, 0, 0, 0, -2.0], ["0021200034", 1610612742, "DAL", "Dallas", 1890, "Shawn Marion", "F", "", "21:48", 3, 3, 1.0, 0, 0, 0.0, 2, 3, 0.667, 2, 7, 9, 2, 0, 2, 5, 1, 8, 6.0], ["0021200034", 1610612742, "DAL", "Dallas", 1882, "Elton Brand", "F", "", "20:04", 1, 5, 0.2, 0, 0, 0.0, 0, 0, 0.0, 1, 1, 2, 3, 0, 1, 2, 2, 2, 10.0], ["0021200034", 1610612742, "DAL", "Dallas", 201148, "Brandan Wright", "C", "", "23:15", 5, 8, 0.625, 0, 0, 0.0, 0, 2, 0.0, 1, 5, 6, 1, 1, 1, 2, 2, 10, 3.0], ["0021200034", 1610612742, "DAL", "Dallas", 201564, "O.J. Mayo", "G", "", "31:38", 10, 17, 0.588, 7, 10, 0.7, 3, 3, 1.0, 1, 5, 6, 3, 0, 0, 2, 2, 30, 27.0], ["0021200034", 1610612742, "DAL", "Dallas", 201954, "Darren Collison", "G", "", "31:54", 8, 12, 0.667, 2, 2, 1.0, 0, 0, 0.0, 0, 3, 3, 10, 1, 0, 2, 2, 18, 21.0], ["0021200034", 1610612742, "DAL", "Dallas", 203109, "Jae Crowder", "", "", "21:36", 4, 5, 0.8, 1, 2, 0.5, 1, 1, 1.0, 0, 3, 3, 2, 1, 1, 1, 3, 10, 12.0], ["0021200034", 1610612742, "DAL", "Dallas", 2549, "Chris Kaman", "", "", "20:27", 8, 9, 0.889, 0, 0, 0.0, 0, 0, 0.0, 1, 3, 4, 2, 0, 0, 2, 2, 16, 26.0], ["0021200034", 1610612742, "DAL", "Dallas", 1713, "Vince Carter", "", "", "21:54", 7, 12, 0.583, 4, 8, 0.5, 0, 0, 0.0, 0, 1, 1, 2, 2, 1, 2, 2, 18, 12.0], ["0021200034", 1610612742, "DAL", "Dallas", 202346, "Dominique Jones", "", "", "16:06", 1, 6, 0.167, 0, 1, 0.0, 4, 4, 1.0, 2, 0, 2, 6, 1, 0, 3, 2, 6, 6.0], ["0021200034", 1610612742, "DAL", "Dallas", 203108, "Bernard James", "", "", "9:14", 0, 0, 0.0, 0, 0, 0.0, 0, 0, 0.0, 0, 0, 0, 0, 0, 0, 0, 1, 0, -8.0], ["0021200034", 1610612742, "DAL", "Dallas", 203099, "Jared Cunningham", "", "", "8:05", 2, 2, 1.0, 2, 2, 1.0, 0, 0, 0.0, 0, 1, 1, 0, 0, 0, 0, 1, 6, -4.0], ["0021200034", 1610612742, "DAL", "Dallas", 2211, "Troy Murphy", "", "", "8:43", 0, 0, 0.0, 0, 0, 0.0, 0, 0, 0.0, 0, 5, 5, 0, 0, 0, 1, 3, 0, 20.0], ["0021200034", 1610612742, "DAL", "Dallas", 2563, "Dahntay Jones", "", "", "5:15", 0, 1, 0.0, 0, 0, 0.0, 2, 2, 1.0, 0, 1, 1, 0, 0, 1, 0, 0, 2, 4.0]], "name": "PlayerStats"}, {"headers": ["GAME_ID", "TEAM_ID", "TEAM_NAME", "TEAM_ABBREVIATION", "TEAM_CITY", "MIN", "FGM", "FGA", "FG_PCT", "FG3M", "FG3A", "FG3_PCT", "FTM", "FTA", "FT_PCT", "OREB", "DREB", "REB", "AST", "STL", "BLK", "TO", "PF", "PTS", "PLUS_MINUS"], "rowSet": [["0021200034", 1610612742, "Mavericks", "DAL", "Dallas", "240:00", 49, 80, 0.613, 16, 25, 0.64, 12, 15, 0.8, 8, 35, 43, 31, 6, 7, 22, 23, 126, 27.0], ["0021200034", 1610612766, "Bobcats", "CHA", "Charlotte", "240:00", 39, 91, 0.429, 3, 17, 0.176, 18, 24, 0.75, 15, 23, 38, 19, 13, 2, 10, 14, 99, -27.0]], "name": "TeamStats"}, {"headers": ["LEAGUE_ID", "SEASON_ID", "TEAM_ID", "TEAM_ABBREVIATION", "TEAM_CITY", "PTS_PAINT", "PTS_2ND_CHANCE", "PTS_FB", "LARGEST_LEAD", "LEAD_CHANGES", "TIMES_TIED"], "rowSet": [["00", "22012", 1610612766, "CHA", "Charlotte", 44, 12, 12, 29, 7, 9], ["00", "22012", 1610612742, "DAL", "Dallas", 50, 14, 16, 27, 7, 9]], "name": "OtherStats"}, {"headers": ["OFFICIAL_ID", "FIRST_NAME", "LAST_NAME", "JERSEY_NUM"], "rowSet": [[1146, "Tony", "Brothers", "25"], [2529, "Tony", "Brown", "6"], [201637, "Haywoode", "Workman", "66"]], "name": "Officials"}, {"headers": ["GAME_DATE", "ATTENDANCE", "GAME_TIME"], "rowSet": [["SATURDAY, NOVEMBER 3, 2012", 19490, "2:09"]], "name": "GameInfo"}, {"headers": ["PLAYER_ID", "FIRST_NAME", "LAST_NAME", "JERSEY_NUM", "TEAM_ID", "TEAM_CITY", "TEAM_NAME", "TEAM_ABBREVIATION"], "rowSet": [[2205, "DeSagana", "Diop", " 2", 1610612766, "Charlotte", "Bobcats", "CHA"], [1717, "Dirk", "Nowitzki", "41", 1610612742, "Dallas", "Mavericks", "DAL"], [201958, "Rodrigue", "Beaubois", " 3", 1610612742, "Dallas", "Mavericks", "DAL"]], "name": "InactivePlayers"}, {"headers": ["VIDEO_AVAILABLE_FLAG"], "rowSet": [[1]], "name": "AvailableVideo"}], "parameters": {"GameID": "0021200034", "RangeType": 0, "StartPeriod": 0, "StartRange": 0, "EndPeriod": 0, "EndRange": 0}}