{"resource": "boxscore", "resultSets": [{"headers": ["GAME_DATE_EST", "GAME_SEQUENCE", "GAME_ID", "GAME_STATUS_ID", "GAME_STATUS_TEXT", "GAMECODE", "HOME_TEAM_ID", "VISITOR_TEAM_ID", "SEASON", "LIVE_PERIOD", "LIVE_PC_TIME", "NATL_TV_BROADCASTER_ABBREVIATION", "LIVE_PERIOD_TIME_BCAST", "WH_STATUS"], "rowSet": [["2012-11-09T00:00:00", 5, "0021200072", 3, "Final", "20121109/MIAATL", 1610612737, 1610612748, "2012", 4, "", null, "Q4  - ", 1]], "name": "GameSummary"}, {"headers": ["GAME_DATE_EST", "GAME_SEQUENCE", "GAME_ID", "TEAM_ID", "TEAM_ABBREVIATION", "TEAM_CITY_NAME", "TEAM_WINS_LOSSES", "PTS_QTR1", "PTS_QTR2", "PTS_QTR3", "PTS_QTR4", "PTS_OT1", "PTS_OT2", "PTS_OT3", "PTS_OT4", "PTS_OT5", "PTS_OT6", "PTS_OT7", "PTS_OT8", "PTS_OT9", "PTS_OT10", "PTS"], "rowSet": [["2012-11-09T00:00:00", 5, "0021200072", 1610612737, "ATL", "Atlanta", "2-2", 25, 21, 25, 18, 0, 0, 0, 0, 0, 0, 0, 0, 0, 0, 89], ["2012-11-09T00:00:00", 5, "0021200072", 1610612748, "MIA", "Miami", "5-1", 25, 17, 30, 23, 0, 0, 0, 0, 0, 0, 0, 0, 0, 0, 95]], "name": "LineScore"}, {"headers": ["GAME_ID", "HOME_TEAM_ID", "VISITOR_TEAM_ID", "GAME_DATE_EST", "HOME_TEAM_WINS", "HOME_TEAM_LOSSES", "SERIES_LEADER"], "rowSet": [["0021200072", 1610612737, 1610612748, "2012-11-09T00:00:00", 0, 4, "Miami"]], "name": "SeasonSeries"}, {"headers": ["GAME_ID", "LAST_GAME_ID", "LAST_GAME_DATE_EST", "LAST_GAME_HOME_TEAM_ID", "LAST_GAME_HOME_TEAM_CITY", "LAST_GAME_HOME_TEAM_NAME", "LAST_GAME_HOME_TEAM_ABBREVIATION", "LAST_GAME_HOME_TEAM_POINTS", "LAST_GAME_VISITOR_TEAM_ID", "LAST_GAME_VISITOR_TEAM_CITY", "LAST_GAME_VISITOR_TEAM_NAME", "LAST_GAME_VISITOR_TEAM_CITY1", "LAST_GAME_VISITOR_TEAM_POINTS"], "rowSet": [["0021200072", "0011200008", "2012-10-07T00:00:00", 1610612737, "Atlanta", "Hawks", "ATL", 92, 1610612748, "Miami", "Heat", "MIA", 79]], "name": "LastMeeting"}, {"headers": ["GAME_ID", "TEAM_ID", "TEAM_ABBREVIATION", "TEAM_CITY", "PLAYER_ID", "PLAYER_NAME", "START_POSITION", "COMMENT", "MIN", "FGM", "FGA", "FG_PCT", "FG3M", "FG3A", "FG3_PCT", "FTM", "FTA", "FT_PCT", "OREB", "DREB", "REB", "AST", "STL", "BLK", "TO", "PF", "PTS", "PLUS_MINUS"], "rowSet": [["0021200072", 1610612748, "MIA", "Miami", 2203, "Shane Battier", "F", "", "20:20", 1, 4, 0.25, 0, 2, 0.0, 0, 0, 0.0, 0, 0, 0, 0, 1, 1, 1, 4, 2, 5.0], ["0021200072", 1610612748, "MIA", "Miami", 2544, "LeBron James", "F", "", "35:40", 10, 17, 0.588, 0, 2, 0.0, 1, 3, 0.333, 2, 9, 11, 9, 1, 0, 2, 2, 21, 0.0], ["0021200072", 1610612748, "MIA", "Miami", 2547, "Chris Bosh", "C", "", "37:42", 7, 13, 0.538, 0, 2, 0.0, 10, 10, 1.0, 3, 2, 5, 2, 3, 1, 2, 2, 24, 7.0], ["0021200072", 1610612748, "MIA", "Miami", 2034, "Mike Miller", "G", "", "30:47", 1, 4, 0.25, 1, 4, 0.25, 1, 1, 1.0, 2, 4, 6, 2, 0, 0, 1, 2, 4, 4.0], ["0021200072", 1610612748, "MIA", "Miami", 201596, "Mario Chalmers", "G", "", "26:39", 5, 10, 0.5, 2, 4, 0.5, 0, 0, 0.0, 0, 1, 1, 3, 1, 0, 0, 2, 12, 0.0], ["0021200072", 1610612748, "MIA", "Miami", 951, "Ray Allen", "", "", "24:03", 6, 12, 0.5, 3, 5, 0.6, 2, 2, 1.0, 0, 1, 1, 1, 0, 0, 2, 4, 17, 2.0], ["0021200072", 1610612748, "MIA", "Miami", 202708, "Norris Cole", "", "", "20:20", 3, 7, 0.429, 0, 2, 0.0, 0, 0, 0.0, 0, 2, 2, 4, 1, 0, 0, 1, 6, 2.0], ["0021200072", 1610612748, "MIA", "Miami", 1740, "Rashard Lewis", "", "", "20:33", 3, 6, 0.5, 1, 1, 1.0, 0, 0, 0.0, 0, 0, 0, 1, 1, 0, 4, 4, 7, 6.0], ["0021200072", 1610612748, "MIA", "Miami", 2617, "Udonis Haslem", "", "", "23:57", 1, 3, 0.333, 0, 0, 0.0, 0, 0, 0.0, 1, 9, 10, 0, 0, 0, 2, 1, 2, 4.0], ["0021200072", 1610612748, "MIA", "Miami", 201202, "Joel Anthony", "", "DNP - Coach's Decision", null, null, null, null, null, null, null, null, null, null, null, null, null, null, null, null, null, null, null, null], ["0021200072", 1610612748, "MIA", "Miami", 202725, "Josh Harrellson", "", "DNP - Coach's Decision", null, null, null, null, null, null, null, null, null, null, null, null, null, null, null, null, null, null, null, null], ["0021200072", 1610612748, "MIA", "Miami", 202227, "Terrel Harris", "", "DNP - Coach's Decision", null, null, null, null, null, null, null, null, null, null, null, null, null, null, null, null, null, null, null, null], ["0021200072", 1610612748, "MIA", "Miami", 2592, "James Jones", "", "DNP - Coach's Decision", null, null, null, null, null, null, null, null, null, null, null, null, null, null, null, null, null, null, null, null], ["0021200072", 1610612737, "ATL", "Atlanta", 2052, "DeShawn Stevenson", "F", "", "24:02", 1, 7, 0.143, 1, 5, 0.2, 0, 0, 0.0, 0, 1, 1, 0, 0, 0, 0, 0, 3, 3.0], ["0021200072", 1610612737, "ATL", "Atlanta", 2746, "Josh Smith", "F", "", "36:02", 6, 19, 0.316, 0, 2, 0.0, 1, 5, 0.2, 3, 5, 8, 0, 2, 2, 3, 2, 13, -2.0], ["0021200072", 1610612737, "ATL", "Atlanta", 201143, "Al Horford", "C", "", "34:59", 5, 9, 0.556, 0, 0, 0.0, 0, 0, 0.0, 1, 6, 7, 2, 0, 2, 0, 1, 10, -12.0], ["0021200072", 1610612737, "ATL", "Atlanta", 2594, "Kyle Korver", "G", "", "30:08", 4, 10, 0.4, 3, 7, 0.429, 0, 0, 0.0, 1, 1, 2, 0, 1, 0, 1, 5, 11, -1.0], ["0021200072", 1610612737, "ATL", "Atlanta", 201952, "Jeff Teague", "G", "", "27:20", 7, 8, 0.875, 2, 2, 1.0, 4, 4, 1.0, 0, 3, 3, 11, 0, 1, 2, 2, 20, 3.0], ["0021200072", 1610612737, "ATL", "Atlanta", 2734, "Devin Harris", "", "", "19:37", 1, 3, 0.333, 0, 1, 0.0, 2, 2, 1.0, 0, 2, 2, 3, 0, 0, 2, 1, 4, -10.0], ["0021200072", 1610612737, "ATL", "Atlanta", 101150, "Louis Williams", "", "", "19:25", 0, 6, 0.0, 0, 3, 0.0, 2, 2, 1.0, 0, 3, 3, 3, 0, 0, 2, 0, 2, -9.0], ["0021200072", 1610612737, "ATL", "Atlanta", 201229, "Anthony Tolliver", "", "", "13:53", 2, 3, 0.667, 1, 2, 0.5, 0, 0, 0.0, 0, 3, 3, 0, 1, 0, 2, 1, 5, -3.0], ["0021200072", 1610612737, "ATL", "Atlanta", 2585, "Zaza Pachulia", "", "", "13:41", 1, 3, 0.333, 0, 1, 0.0, 0, 0, 0.0, 0, 4, 4, 1, 0, 0, 1, 2, 2, -4.0], ["0021200072", 1610612737, "ATL", "Atlanta", 201627, "Anthony Morrow", "", "", "15:29", 6, 11, 0.545, 2, 2, 1.0, 3, 3, 1.0, 1, 0, 1, 0, 0, 0, 0, 2, 17, 5.0], ["0021200072", 1610612737, "ATL", "Atlanta", 201274, "Ivan Johnson", "", "", "5:24", 1, 2, 0.5, 0, 0, 0.0, 0, 0, 0.0, 1, 1, 2, 0, 0, 0, 0, 0, 2, 0.0], ["0021200072", 1610612737, "ATL", "Atlanta", 203098, "John Jenkins", "", "DNP - Coach's Decision", null, null, null, null, null, null, null, null, null, null, null, null, null, null, null, null, null, null, null, null], ["0021200072", 1610612737, "ATL", "Atlanta", 203118, "Mike Scott", "", "DNP - Coach's Decision", null, null, null, null, null, null, null, null, null, null, null, null, null, null, null, null, null, null, null, null]], "name": "PlayerStats"}, {"headers": ["GAME_ID", "TEAM_ID", "TEAM_NAME", "TEAM_ABBREVIATION", "TEAM_CITY", "MIN", "FGM", "FGA", "FG_PCT", "FG3M", "FG3A", "FG3_PCT", "FTM", "FTA", "FT_PCT", "OREB", "DREB", "REB", "AST", "STL", "BLK", "TO", "PF", "PTS", "PLUS_MINUS"], "rowSet": [["0021200072", 1610612748, "Heat", "MIA", "Miami", "240:00", 37, 76, 0.487, 7, 22, 0.318, 14, 16, 0.875, 8, 28, 36, 22, 8, 2, 14, 22, 95, 6.0], ["0021200072", 1610612737, "Hawks", "ATL", "Atlanta", "240:00", 34, 81, 0.42, 9, 25, 0.36, 12, 16, 0.75, 7, 29, 36, 20, 4, 5, 13, 16, 89, -6.0]], "name": "TeamStats"}, {"headers": ["LEAGUE_ID", "SEASON_ID", "TEAM_ID", "TEAM_ABBREVIATION", "TEAM_CITY", "PTS_PAINT", "PTS_2ND_CHANCE", "PTS_FB", "LARGEST_LEAD", "LEAD_CHANGES", "TIMES_TIED"], "rowSet": [["00", "22012", 1610612737, "ATL", "Atlanta", 26, 11, 19, 9, 14, 16], ["00", "22012", 1610612748, "MIA", "Miami", 40, 9, 13, 9, 14, 16]], "name": "OtherStats"}, {"headers": ["OFFICIAL_ID", "FIRST_NAME", "LAST_NAME", "JERSEY_NUM"], "rowSet": [[1153, "Joe", "Crawford", "17"], [101283, "Brian", "Forte", "45"], [202026, "Karl", "Lane", "77"]], "name": "Officials"}, {"headers": ["GAME_DATE", "ATTENDANCE", "GAME_TIME"], "rowSet": [["FRIDAY, NOVEMBER 9, 2012", 16785, "2:11"]], "name": "GameInfo"}, {"headers": ["PLAYER_ID", "FIRST_NAME", "LAST_NAME", "JERSEY_NUM", "TEAM_ID", "TEAM_CITY", "TEAM_NAME", "TEAM_ABBREVIATION"], "rowSet": [[101130, "Johan", "Petro", "10", 1610612737, "Atlanta", "Hawks", "ATL"], [2548, "Dwyane", "Wade", " 3", 1610612748, "Miami", "Heat", "MIA"], [202354, "Dexter", "Pittman", "45", 1610612748, "Miami", "Heat", "MIA"]], "name": "InactivePlayers"}, {"headers": ["VIDEO_AVAILABLE_FLAG"], "rowSet": [[1]], "name": "AvailableVideo"}], "parameters": {"GameID": "0021200072", "RangeType": 0, "StartPeriod": 0, "StartRange": 0, "EndPeriod": 0, "EndRange": 0}}