{"resource": "boxscore", "resultSets": [{"headers": ["GAME_DATE_EST", "GAME_SEQUENCE", "GAME_ID", "GAME_STATUS_ID", "GAME_STATUS_TEXT", "GAMECODE", "HOME_TEAM_ID", "VISITOR_TEAM_ID", "SEASON", "LIVE_PERIOD", "LIVE_PC_TIME", "NATL_TV_BROADCASTER_ABBREVIATION", "LIVE_PERIOD_TIME_BCAST", "WH_STATUS"], "rowSet": [["2012-11-03T00:00:00", 6, "0021200032", 3, "Final", "20121103/PORHOU", 1610612745, 1610612757, "2012", 5, "", null, "Q5  - ", 1]], "name": "GameSummary"}, {"headers": ["GAME_DATE_EST", "GAME_SEQUENCE", "GAME_ID", "TEAM_ID", "TEAM_ABBREVIATION", "TEAM_CITY_NAME", "TEAM_WINS_LOSSES", "PTS_QTR1", "PTS_QTR2", "PTS_QTR3", "PTS_QTR4", "PTS_OT1", "PTS_OT2", "PTS_OT3", "PTS_OT4", "PTS_OT5", "PTS_OT6", "PTS_OT7", "PTS_OT8", "PTS_OT9", "PTS_OT10", "PTS"], "rowSet": [["2012-11-03T00:00:00", 6, "0021200032", 1610612745, "HOU", "Houston", "2-1", 19, 26, 18, 18, 4, 0, 0, 0, 0, 0, 0, 0, 0, 0, 85], ["2012-11-03T00:00:00", 6, "0021200032", 1610612757, "POR", "Portland", "2-1", 17, 20, 27, 17, 14, 0, 0, 0, 0, 0, 0, 0, 0, 0, 95]], "name": "LineScore"}, {"headers": ["GAME_ID", "HOME_TEAM_ID", "VISITOR_TEAM_ID", "GAME_DATE_EST", "HOME_TEAM_WINS", "HOME_TEAM_LOSSES", "SERIES_LEADER"], "rowSet": [["0021200032", 1610612745, 1610612757, "2012-11-03T00:00:00", 2, 2, "Tied"]], "name": "SeasonSeries"}, {"headers": ["GAME_ID", "LAST_GAME_ID", "LAST_GAME_DATE_EST", "LAST_GAME_HOME_TEAM_ID", "LAST_GAME_HOME_TEAM_CITY", "LAST_GAME_HOME_TEAM_NAME", "LAST_GAME_HOME_TEAM_ABBREVIATION", "LAST_GAME_HOME_TEAM_POINTS", "LAST_GAME_VISITOR_TEAM_ID", "LAST_GAME_VISITOR_TEAM_CITY", "LAST_GAME_VISITOR_TEAM_NAME", "LAST_GAME_VISITOR_TEAM_CITY1", "LAST_GAME_VISITOR_TEAM_POINTS"], "rowSet": [["0021200032", "0021100851", "2012-04-09T00:00:00", 1610612745, "Houston", "Rockets", "HOU", 94, 1610612757, "Portland", "Trail Blazers", "POR", 89]], "name": "LastMeeting"}, {"headers": ["GAME_ID", "TEAM_ID", "TEAM_ABBREVIATION", "TEAM_CITY", "PLAYER_ID", "PLAYER_NAME", "START_POSITION", "COMMENT", "MIN", "FGM", "FGA", "FG_PCT", "FG3M", "FG3A", "FG3_PCT", "FTM", "FTA", "FT_PCT", "OREB", "DREB", "REB", "AST", "STL", "BLK", "TO", "PF", "PTS", "PLUS_MINUS"], "rowSet": [["0021200032", 1610612757, "POR", "Portland", 201587, "Nicolas Batum", "F", "", "44:43", 5, 11, 0.455, 4, 6, 0.667, 3, 4, 0.75, 1, 8, 9, 4, 6, 2, 2, 1, 17, 14.0], ["0021200032", 1610612757, "POR", "Portland", 200746, "LaMarcus Aldridge", "F", "", "41:45", 13, 29, 0.448, 0, 0, 0.0, 1, 2, 0.5, 3, 8, 11, 6, 1, 2, 3, 3, 27, 27.0], ["0021200032", 1610612757, "POR", "Portland", 201581, "JJ Hickson", "C", "", "36:18", 4, 10, 0.4, 0, 0, 0.0, 1, 2, 0.5, 2, 10, 12, 2, 0, 1, 3, 4, 9, 8.0], ["0021200032", 1610612757, "POR", "Portland", 202083, "Wesley Matthews", "G", "", "42:15", 7, 18, 0.389, 2, 7, 0.286, 0, 0, 0.0, 0, 5, 5, 5, 2, 0, 1, 4, 16, 12.0], ["0021200032", 1610612757, "POR", "Portland", 203081, "Damian Lillard", "G", "", "42:18", 8, 15, 0.533, 3, 6, 0.5, 1, 2, 0.5, 1, 5, 6, 9, 0, 0, 3, 0, 20, 10.0], ["0021200032", 1610612757, "POR", "Portland", 101179, "Ronnie Price", "", "", "5:36", 0, 1, 0.0, 0, 1, 0.0, 0, 0, 0.0, 0, 0, 0, 1, 0, 0, 0, 0, 0, -3.0], ["0021200032", 1610612757, "POR", "Portland", 203115, "Will Barton", "", "", "15:29", 2, 7, 0.286, 1, 3, 0.333, 0, 0, 0.0, 1, 3, 4, 1, 1, 1, 2, 1, 5, -6.0], ["0021200032", 1610612757, "POR", "Portland", 203086, "Meyers Leonard", "", "", "16:42", 0, 0, 0.0, 0, 0, 0.0, 1, 2, 0.5, 1, 1, 2, 0, 0, 2, 0, 2, 1, 2.0], ["0021200032", 1610612757, "POR", "Portland", 2407, "Jared Jeffries", "", "", "7:56", 0, 1, 0.0, 0, 0, 0.0, 0, 0, 0.0, 0, 0, 0, 0, 1, 0, 0, 2, 0, -9.0], ["0021200032", 1610612757, "POR", "Portland", 202337, "Luke Babbitt", "", "", "3:19", 0, 1, 0.0, 0, 1, 0.0, 0, 0, 0.0, 0, 1, 1, 0, 0, 0, 1, 0, 0, -8.0], ["0021200032", 1610612757, "POR", "Portland", 201964, "Victor Claver", "", "", "3:33", 0, 0, 0.0, 0, 0, 0.0, 0, 0, 0.0, 0, 1, 1, 0, 0, 0, 0, 0, 0, 0.0], ["0021200032", 1610612757, "POR", "Portland", 202701, "Nolan Smith", "", "", "5:06", 0, 0, 0.0, 0, 0, 0.0, 0, 0, 0.0, 1, 1, 2, 0, 0, 0, 1, 1, 0, 3.0], ["0021200032", 1610612757, "POR", "Portland", 200777, "Joel Freeland", "", "DNP - Coach's Decision", null, null, null, null, null, null, null, null, null, null, null, null, null, null, null, null, null, null, null, null], ["0021200032", 1610612745, "HOU", "Houston", 202718, "Chandler Parsons", "F", "", "46:36", 4, 10, 0.4, 1, 4, 0.25, 0, 0, 0.0, 1, 11, 12, 3, 1, 0, 3, 0, 9, -6.0], ["0021200032", 1610612745, "HOU", "Houston", 202335, "Patrick Patterson", "F", "", "38:04", 6, 16, 0.375, 0, 2, 0.0, 0, 0, 0.0, 3, 3, 6, 0, 1, 0, 1, 1, 12, -29.0], ["0021200032", 1610612745, "HOU", "Houston", 201600, "Omer Asik", "C", "", "35:15", 2, 7, 0.286, 0, 0, 0.0, 0, 0, 0.0, 4, 11, 15, 1, 0, 2, 4, 4, 4, -6.0], ["0021200032", 1610612745, "HOU", "Houston", 201935, "James Harden", "G", "", "40:43", 8, 24, 0.333, 1, 6, 0.167, 7, 10, 0.7, 2, 4, 6, 5, 1, 1, 5, 3, 24, -16.0], ["0021200032", 1610612745, "HOU", "Houston", 202391, "Jeremy Lin", "G", "", "37:18", 5, 13, 0.385, 1, 4, 0.25, 2, 2, 1.0, 1, 2, 3, 7, 3, 0, 3, 3, 13, -17.0], ["0021200032", 1610612745, "HOU", "Houston", 202332, "Cole Aldrich", "", "", "16:20", 3, 5, 0.6, 0, 0, 0.0, 0, 0, 0.0, 2, 4, 6, 0, 1, 0, 1, 2, 6, -2.0], ["0021200032", 1610612745, "HOU", "Houston", 2568, "Carlos Delfino", "", "", "20:06", 1, 7, 0.143, 0, 5, 0.0, 0, 0, 0.0, 0, 4, 4, 1, 1, 0, 0, 3, 2, 0.0], ["0021200032", 1610612745, "HOU", "Houston", 201962, "Toney Douglas", "", "", "15:42", 1, 6, 0.167, 0, 1, 0.0, 0, 0, 0.0, 0, 1, 1, 2, 4, 0, 0, 0, 2, 7.0], ["0021200032", 1610612745, "HOU", "Houston", 202694, "Marcus Morris", "", "", "14:56", 4, 8, 0.5, 2, 4, 0.5, 3, 6, 0.5, 3, 0, 3, 0, 0, 1, 1, 0, 13, 19.0], ["0021200032", 1610612745, "HOU", "Houston", 201161, "Daequan Cook", "", "DNP - Coach's Decision", null, null, null, null, null, null, null, null, null, null, null, null, null, null, null, null, null, null, null, null], ["0021200032", 1610612745, "HOU", "Houston", 203093, "Terrence Jones", "", "DNP - Coach's Decision", null, null, null, null, null, null, null, null, null, null, null, null, null, null, null, null, null, null, null, null], ["0021200032", 1610612745, "HOU", "Houston", 203159, "Scott Machado", "", "DNP - Coach's Decision", null, null, null, null, null, null, null, null, null, null, null, null, null, null, null, null, null, null, null, null], ["0021200032", 1610612745, "HOU", "Houston", 202700, "Donatas Motiejunas", "", "DNP - Coach's Decision", null, null, null, null, null, null, null, null, null, null, null, null, null, null, null, null, null, null, null, null]], "name": "PlayerStats"}, {"headers": ["GAME_ID", "TEAM_ID", "TEAM_NAME", "TEAM_ABBREVIATION", "TEAM_CITY", "MIN", "FGM", "FGA", "FG_PCT", "FG3M", "FG3A", "FG3_PCT", "FTM", "FTA", "FT_PCT", "OREB", "DREB", "REB", "AST", "STL", "BLK", "TO", "PF", "PTS", "PLUS_MINUS"], "rowSet": [["0021200032", 1610612757, "Trail Blazers", "POR", "Portland", "265:00", 39, 93, 0.419, 10, 24, 0.417, 7, 12, 0.583, 10, 43, 53, 28, 11, 8, 16, 18, 95, 10.0], ["0021200032", 1610612745, "Rockets", "HOU", "Houston", "265:00", 34, 96, 0.354, 5, 26, 0.192, 12, 18, 0.667, 16, 40, 56, 19, 12, 4, 18, 16, 85, -10.0]], "name": "TeamStats"}, {"headers": ["LEAGUE_ID", "SEASON_ID", "TEAM_ID", "TEAM_ABBREVIATION", "TEAM_CITY", "PTS_PAINT", "PTS_2ND_CHANCE", "PTS_FB", "LARGEST_LEAD", "LEAD_CHANGES", "TIMES_TIED"], "rowSet": [["00", "22012", 1610612757, "POR", "Portland", 38, 8, 9, 12, 5, 14], ["00", "22012", 1610612745, "HOU", "Houston", 48, 13, 18, 12, 5, 14]], "name": "OtherStats"}, {"headers": ["OFFICIAL_ID", "FIRST_NAME", "LAST_NAME", "JERSEY_NUM"], "rowSet": [[1152, "Dan", "Crawford", "43"], [2148, "Mark", "Ayotte", "56"], [2002, "Derrick", "Collins", "11"]], "name": "Officials"}, {"headers": ["GAME_DATE", "ATTENDANCE", "GAME_TIME"], "rowSet": [["SATURDAY, NOVEMBER 3, 2012", 18140, "2:20"]], "name": "GameInfo"}, {"headers": ["PLAYER_ID", "FIRST_NAME", "LAST_NAME", "JERSEY_NUM", "TEAM_ID", "TEAM_CITY", "TEAM_NAME", "TEAM_ABBREVIATION"], "rowSet": [[203091, "Royce", "White", "30", 1610612745, "Houston", "Rockets", "HOU"], [202962, "Greg", "Smith", " 4", 1610612745, "Houston", "Rockets", "HOU"], [202343, "Elliot", "Williams", " 9", 1610612757, "Portland", "Trail Blazers", "POR"], [2562, "Sasha", "Pavlovic", " 3", 1610612757, "Portland", "Trail Blazers", "POR"]], "name": "InactivePlayers"}, {"headers": ["VIDEO_AVAILABLE_FLAG"], "rowSet": [[1]], "name": "AvailableVideo"}], "parameters": {"GameID": "0021200032", "RangeType": 0, "StartPeriod": 0, "StartRange": 0, "EndPeriod": 0, "EndRange": 0}}