{"resource": "boxscore", "resultSets": [{"headers": ["GAME_DATE_EST", "GAME_SEQUENCE", "GAME_ID", "GAME_STATUS_ID", "GAME_STATUS_TEXT", "GAMECODE", "HOME_TEAM_ID", "VISITOR_TEAM_ID", "SEASON", "LIVE_PERIOD", "LIVE_PC_TIME", "NATL_TV_BROADCASTER_ABBREVIATION", "LIVE_PERIOD_TIME_BCAST", "WH_STATUS"], "rowSet": [["2012-11-02T00:00:00", 1, "0021200015", 3, "Final", "20121102/INDCHA", 1610612766, 1610612754, "2012", 4, "", null, "Q4  - ", 1]], "name": "GameSummary"}, {"headers": ["GAME_DATE_EST", "GAME_SEQUENCE", "GAME_ID", "TEAM_ID", "TEAM_ABBREVIATION", "TEAM_CITY_NAME", "TEAM_WINS_LOSSES", "PTS_QTR1", "PTS_QTR2", "PTS_QTR3", "PTS_QTR4", "PTS_OT1", "PTS_OT2", "PTS_OT3", "PTS_OT4", "PTS_OT5", "PTS_OT6", "PTS_OT7", "PTS_OT8", "PTS_OT9", "PTS_OT10", "PTS"], "rowSet": [["2012-11-02T00:00:00", 1, "0021200015", 1610612766, "CHA", "Charlotte", "1-0", 17, 22, 35, 16, 0, 0, 0, 0, 0, 0, 0, 0, 0, 0, 90], ["2012-11-02T00:00:00", 1, "0021200015", 1610612754, "IND", "Indiana", "1-1", 20, 23, 27, 19, 0, 0, 0, 0, 0, 0, 0, 0, 0, 0, 89]], "name": "LineScore"}, {"headers": ["GAME_ID", "HOME_TEAM_ID", "VISITOR_TEAM_ID", "GAME_DATE_EST", "HOME_TEAM_WINS", "HOME_TEAM_LOSSES", "SERIES_LEADER"], "rowSet": [["0021200015", 1610612766, 1610612754, "2012-11-02T00:00:00", 1, 3, "Indiana"]], "name": "SeasonSeries"}, {"headers": ["GAME_ID", "LAST_GAME_ID", "LAST_GAME_DATE_EST", "LAST_GAME_HOME_TEAM_ID", "LAST_GAME_HOME_TEAM_CITY", "LAST_GAME_HOME_TEAM_NAME", "LAST_GAME_HOME_TEAM_ABBREVIATION", "LAST_GAME_HOME_TEAM_POINTS", "LAST_GAME_VISITOR_TEAM_ID", "LAST_GAME_VISITOR_TEAM_CITY", "LAST_GAME_VISITOR_TEAM_NAME", "LAST_GAME_VISITOR_TEAM_CITY1", "LAST_GAME_VISITOR_TEAM_POINTS"], "rowSet": [["0021200015", "0021100488", "2012-02-22T00:00:00", 1610612766, "Charlotte", "Bobcats", "CHA", 88, 1610612754, "Indiana", "Pacers", "IND", 102]], "name": "LastMeeting"}, {"headers": ["GAME_ID", "TEAM_ID", "TEAM_ABBREVIATION", "TEAM_CITY", "PLAYER_ID", "PLAYER_NAME", "START_POSITION", "COMMENT", "MIN", "FGM", "FGA", "FG_PCT", "FG3M", "FG3A", "FG3_PCT", "FTM", "FTA", "FT_PCT", "OREB", "DREB", "REB", "AST", "STL", "BLK", "TO", "PF", "PTS", "PLUS_MINUS"], "rowSet": [["0021200015", 1610612754, "IND", "Indiana", 101123, "Gerald Green", "F", "", "31:54", 3, 12, 0.25, 1, 6, 0.167, 0, 4, 0.0, 1, 3, 4, 0, 0, 1, 2, 2, 7, -16.0], ["0021200015", 1610612754, "IND", "Indiana", 2561, "David West", "F", "", "34:02", 7, 17, 0.412, 0, 0, 0.0, 0, 2, 0.0, 0, 6, 6, 2, 1, 0, 1, 1, 14, -11.0], ["0021200015", 1610612754, "IND", "Indiana", 201579, "Roy Hibbert", "C", "", "23:43", 3, 4, 0.75, 0, 0, 0.0, 1, 2, 0.5, 6, 1, 7, 1, 0, 1, 2, 4, 7, -5.0], ["0021200015", 1610612754, "IND", "Indiana", 202331, "Paul George", "G", "", "36:00", 4, 11, 0.364, 2, 5, 0.4, 2, 2, 1.0, 1, 6, 7, 6, 1, 0, 5, 3, 12, -4.0], ["0021200015", 1610612754, "IND", "Indiana", 201588, "George Hill", "G", "", "33:54", 3, 9, 0.333, 1, 6, 0.167, 1, 1, 1.0, 0, 4, 4, 1, 0, 0, 2, 2, 8, -8.0], ["0021200015", 1610612754, "IND", "Indiana", 201970, "Sam Young", "", "", "0:20", 0, 0, 0.0, 0, 0, 0.0, 1, 2, 0.5, 0, 0, 0, 0, 0, 0, 0, 0, 1, 1.0], ["0021200015", 1610612754, "IND", "Indiana", 202362, "Lance Stephenson", "", "", "25:06", 6, 9, 0.667, 2, 3, 0.667, 1, 2, 0.5, 0, 6, 6, 4, 2, 0, 3, 0, 15, 13.0], ["0021200015", 1610612754, "IND", "Indiana", 201946, "Tyler Hansbrough", "", "", "16:44", 4, 9, 0.444, 0, 1, 0.0, 7, 8, 0.875, 4, 2, 6, 0, 1, 2, 1, 2, 15, 9.0], ["0021200015", 1610612754, "IND", "Indiana", 101133, "Ian Mahinmi", "", "", "21:31", 2, 5, 0.4, 0, 0, 0.0, 3, 4, 0.75, 2, 6, 8, 0, 0, 1, 1, 1, 7, 5.0], ["0021200015", 1610612754, "IND", "Indiana", 201571, "D.J. Augustin", "", "", "16:46", 1, 7, 0.143, 1, 5, 0.2, 0, 0, 0.0, 0, 4, 4, 5, 0, 0, 0, 1, 3, 11.0], ["0021200015", 1610612754, "IND", "Indiana", 203162, "Ben Hansbrough", "", "DNP - Coach's Decision", null, null, null, null, null, null, null, null, null, null, null, null, null, null, null, null, null, null, null, null], ["0021200015", 1610612754, "IND", "Indiana", 203111, "Orlando Johnson", "", "DNP - Coach's Decision", null, null, null, null, null, null, null, null, null, null, null, null, null, null, null, null, null, null, null, null], ["0021200015", 1610612754, "IND", "Indiana", 203101, "Miles Plumlee", "", "DNP - Coach's Decision", null, null, null, null, null, null, null, null, null, null, null, null, null, null, null, null, null, null, null, null], ["0021200015", 1610612766, "CHA", "Charlotte", 203077, "Michael Kidd-Gilchrist", "F", "", "19:37", 1, 7, 0.143, 0, 0, 0.0, 0, 0, 0.0, 2, 5, 7, 1, 0, 2, 1, 0, 2, 12.0], ["0021200015", 1610612766, "CHA", "Charlotte", 201957, "Byron Mullens", "F", "", "31:06", 3, 10, 0.3, 0, 6, 0.0, 0, 0, 0.0, 2, 5, 7, 2, 2, 2, 0, 2, 6, 12.0], ["0021200015", 1610612766, "CHA", "Charlotte", 2217, "Brendan Haywood", "C", "", "31:14", 1, 3, 0.333, 0, 0, 0.0, 2, 4, 0.5, 3, 6, 9, 2, 0, 0, 1, 5, 4, 14.0], ["0021200015", 1610612766, "CHA", "Charlotte", 201945, "Gerald Henderson", "G", "", "35:31", 6, 14, 0.429, 2, 5, 0.4, 4, 4, 1.0, 0, 1, 1, 3, 5, 2, 2, 4, 18, 10.0], ["0021200015", 1610612766, "CHA", "Charlotte", 202689, "Kemba Walker", "G", "", "33:01", 10, 21, 0.476, 1, 1, 1.0, 9, 10, 0.9, 3, 2, 5, 3, 1, 1, 1, 1, 30, 13.0], ["0021200015", 1610612766, "CHA", "Charlotte", 200748, "Tyrus Thomas", "", "", "16:54", 1, 9, 0.111, 0, 0, 0.0, 2, 2, 1.0, 0, 3, 3, 1, 1, 0, 1, 4, 4, -11.0], ["0021200015", 1610612766, "CHA", "Charlotte", 202687, "Bismack Biyombo", "", "", "16:46", 1, 2, 0.5, 0, 0, 0.0, 0, 0, 0.0, 0, 4, 4, 0, 0, 2, 0, 1, 2, -13.0], ["0021200015", 1610612766, "CHA", "Charlotte", 201196, "Ramon Sessions", "", "", "21:19", 3, 8, 0.375, 1, 1, 1.0, 4, 4, 1.0, 0, 2, 2, 4, 1, 0, 2, 3, 11, -12.0], ["0021200015", 1610612766, "CHA", "Charlotte", 2732, "Ben Gordon", "", "", "22:03", 4, 8, 0.5, 2, 4, 0.5, 0, 0, 0.0, 0, 2, 2, 2, 0, 0, 1, 1, 10, -11.0], ["0021200015", 1610612766, "CHA", "Charlotte", 202130, "Reggie Williams", "", "", "12:29", 1, 3, 0.333, 1, 2, 0.5, 0, 0, 0.0, 0, 1, 1, 0, 0, 0, 1, 1, 3, -9.0], ["0021200015", 1610612766, "CHA", "Charlotte", 2679, "Matt Carroll", "", "DNP - Coach's Decision", null, null, null, null, null, null, null, null, null, null, null, null, null, null, null, null, null, null, null, null], ["0021200015", 1610612766, "CHA", "Charlotte", 202809, "Cory Higgins", "", "DNP - Coach's Decision", null, null, null, null, null, null, null, null, null, null, null, null, null, null, null, null, null, null, null, null], ["0021200015", 1610612766, "CHA", "Charlotte", 203106, "Jeff Taylor", "", "DNP - Coach's Decision", null, null, null, null, null, null, null, null, null, null, null, null, null, null, null, null, null, null, null, null]], "name": "PlayerStats"}, {"headers": ["GAME_ID", "TEAM_ID", "TEAM_NAME", "TEAM_ABBREVIATION", "TEAM_CITY", "MIN", "FGM", "FGA", "FG_PCT", "FG3M", "FG3A", "FG3_PCT", "FTM", "FTA", "FT_PCT", "OREB", "DREB", "REB", "AST", "STL", "BLK", "TO", "PF", "PTS", "PLUS_MINUS"], "rowSet": [["0021200015", 1610612754, "Pacers", "IND", "Indiana", "240:00", 33, 83, 0.398, 7, 26, 0.269, 16, 27, 0.593, 14, 38, 52, 19, 5, 5, 17, 16, 89, -1.0], ["0021200015", 1610612766, "Bobcats", "CHA", "Charlotte", "240:00", 31, 85, 0.365, 7, 19, 0.368, 21, 24, 0.875, 10, 31, 41, 18, 10, 9, 10, 22, 90, 1.0]], "name": "TeamStats"}, {"headers": ["LEAGUE_ID", "SEASON_ID", "TEAM_ID", "TEAM_ABBREVIATION", "TEAM_CITY", "PTS_PAINT", "PTS_2ND_CHANCE", "PTS_FB", "LARGEST_LEAD", "LEAD_CHANGES", "TIMES_TIED"], "rowSet": [["00", "22012", 1610612754, "IND", "Indiana", 44, 13, 17, 9, 4, 2], ["00", "22012", 1610612766, "CHA", "Charlotte", 24, 16, 21, 9, 4, 2]], "name": "OtherStats"}, {"headers": ["OFFICIAL_ID", "FIRST_NAME", "LAST_NAME", "JERSEY_NUM"], "rowSet": [[1164, "Ron", "Garretson", "10"], [1188, "Leroy", "Richardson", "20"], [202037, "JT", "Orr", "72"]], "name": "Officials"}, {"headers": ["GAME_DATE", "ATTENDANCE", "GAME_TIME"], "rowSet": [["FRIDAY, NOVEMBER 2, 2012", 19124, "2:18"]], "name": "GameInfo"}, {"headers": ["PLAYER_ID", "FIRST_NAME", "LAST_NAME", "JERSEY_NUM", "TEAM_ID", "TEAM_CITY", "TEAM_NAME", "TEAM_ABBREVIATION"], "rowSet": [[2205, "DeSagana", "Diop", " 2", 1610612766, "Charlotte", "Bobcats", "CHA"], [101122, "Danny", "Granger", "33", 1610612754, "Indiana", "Pacers", "IND"], [201965, "Jeff", "Ayres", "29", 1610612754, "Indiana", "Pacers", "IND"]], "name": "InactivePlayers"}, {"headers": ["VIDEO_AVAILABLE_FLAG"], "rowSet": [[1]], "name": "AvailableVideo"}], "parameters": {"GameID": "0021200015", "RangeType": 0, "StartPeriod": 0, "StartRange": 0, "EndPeriod": 0, "EndRange": 0}}