{"resource": "boxscore", "resultSets": [{"headers": ["GAME_DATE_EST", "GAME_SEQUENCE", "GAME_ID", "GAME_STATUS_ID", "GAME_STATUS_TEXT", "GAMECODE", "HOME_TEAM_ID", "VISITOR_TEAM_ID", "SEASON", "LIVE_PERIOD", "LIVE_PC_TIME", "NATL_TV_BROADCASTER_ABBREVIATION", "LIVE_PERIOD_TIME_BCAST", "WH_STATUS"], "rowSet": [["2012-11-05T00:00:00", 1, "0021200042", 3, "Final", "20121105/NYKPHI", 1610612755, 1610612752, "2012", 4, "", null, "Q4  - ", 1]], "name": "GameSummary"}, {"headers": ["GAME_DATE_EST", "GAME_SEQUENCE", "GAME_ID", "TEAM_ID", "TEAM_ABBREVIATION", "TEAM_CITY_NAME", "TEAM_WINS_LOSSES", "PTS_QTR1", "PTS_QTR2", "PTS_QTR3", "PTS_QTR4", "PTS_OT1", "PTS_OT2", "PTS_OT3", "PTS_OT4", "PTS_OT5", "PTS_OT6", "PTS_OT7", "PTS_OT8", "PTS_OT9", "PTS_OT10", "PTS"], "rowSet": [["2012-11-05T00:00:00", 1, "0021200042", 1610612755, "PHI", "Philadelphia", "1-2", 21, 27, 20, 20, 0, 0, 0, 0, 0, 0, 0, 0, 0, 0, 88], ["2012-11-05T00:00:00", 1, "0021200042", 1610612752, "NYK", "New York", "3-0", 25, 31, 33, 21, 0, 0, 0, 0, 0, 0, 0, 0, 0, 0, 110]], "name": "LineScore"}, {"headers": ["GAME_ID", "HOME_TEAM_ID", "VISITOR_TEAM_ID", "GAME_DATE_EST", "HOME_TEAM_WINS", "HOME_TEAM_LOSSES", "SERIES_LEADER"], "rowSet": [["0021200042", 1610612755, 1610612752, "2012-11-05T00:00:00", 1, 3, "New York"]], "name": "SeasonSeries"}, {"headers": ["GAME_ID", "LAST_GAME_ID", "LAST_GAME_DATE_EST", "LAST_GAME_HOME_TEAM_ID", "LAST_GAME_HOME_TEAM_CITY", "LAST_GAME_HOME_TEAM_NAME", "LAST_GAME_HOME_TEAM_ABBREVIATION", "LAST_GAME_HOME_TEAM_POINTS", "LAST_GAME_VISITOR_TEAM_ID", "LAST_GAME_VISITOR_TEAM_CITY", "LAST_GAME_VISITOR_TEAM_NAME", "LAST_GAME_VISITOR_TEAM_CITY1", "LAST_GAME_VISITOR_TEAM_POINTS"], "rowSet": [["0021200042", "0021200037", "2012-11-04T00:00:00", 1610612755, "Philadelphia", "76ers", "PHI", 84, 1610612752, "New York", "Knicks", "NYK", 100]], "name": "LastMeeting"}, {"headers": ["GAME_ID", "TEAM_ID", "TEAM_ABBREVIATION", "TEAM_CITY", "PLAYER_ID", "PLAYER_NAME", "START_POSITION", "COMMENT", "MIN", "FGM", "FGA", "FG_PCT", "FG3M", "FG3A", "FG3_PCT", "FTM", "FTA", "FT_PCT", "OREB", "DREB", "REB", "AST", "STL", "BLK", "TO", "PF", "PTS", "PLUS_MINUS"], "rowSet": [["0021200042", 1610612752, "NYK", "New York", 200758, "Ronnie Brewer", "F", "", "32:41", 5, 8, 0.625, 3, 4, 0.75, 0, 0, 0.0, 0, 10, 10, 0, 1, 0, 0, 0, 13, 16.0], ["0021200042", 1610612752, "NYK", "New York", 2546, "Carmelo Anthony", "F", "", "30:26", 7, 16, 0.438, 1, 6, 0.167, 6, 6, 1.0, 2, 5, 7, 2, 0, 1, 2, 2, 21, 20.0], ["0021200042", 1610612752, "NYK", "New York", 2199, "Tyson Chandler", "C", "", "28:18", 5, 9, 0.556, 0, 0, 0.0, 4, 4, 1.0, 4, 2, 6, 0, 0, 1, 0, 3, 14, 14.0], ["0021200042", 1610612752, "NYK", "New York", 101109, "Raymond Felton", "G", "", "23:14", 6, 13, 0.462, 2, 5, 0.4, 2, 2, 1.0, 2, 1, 3, 8, 1, 0, 2, 1, 16, 12.0], ["0021200042", 1610612752, "NYK", "New York", 467, "Jason Kidd", "G", "", "17:59", 1, 1, 1.0, 1, 1, 1.0, 0, 0, 0.0, 0, 4, 4, 2, 1, 0, 0, 0, 3, 12.0], ["0021200042", 1610612752, "NYK", "New York", 2747, "J.R. Smith", "", "", "33:53", 7, 15, 0.467, 2, 4, 0.5, 1, 1, 1.0, 0, 7, 7, 5, 2, 1, 0, 2, 17, 15.0], ["0021200042", 1610612752, "NYK", "New York", 703, "Kurt Thomas", "", "", "6:03", 0, 2, 0.0, 0, 0, 0.0, 0, 0, 0.0, 0, 2, 2, 0, 0, 0, 0, 0, 0, 5.0], ["0021200042", 1610612752, "NYK", "New York", 203143, "Pablo Prigioni", "", "", "24:46", 3, 5, 0.6, 1, 3, 0.333, 4, 4, 1.0, 1, 0, 1, 6, 2, 0, 2, 4, 11, 10.0], ["0021200042", 1610612752, "NYK", "New York", 200779, "Steve Novak", "", "", "22:17", 0, 3, 0.0, 0, 2, 0.0, 0, 0, 0.0, 0, 1, 1, 1, 0, 0, 0, 1, 0, 3.0], ["0021200042", 1610612752, "NYK", "New York", 739, "Rasheed Wallace", "", "", "13:33", 4, 9, 0.444, 2, 6, 0.333, 0, 0, 0.0, 0, 3, 3, 0, 0, 2, 1, 3, 10, 3.0], ["0021200042", 1610612752, "NYK", "New York", 200778, "James White", "", "", "3:25", 0, 1, 0.0, 0, 0, 0.0, 0, 0, 0.0, 0, 0, 0, 0, 0, 0, 0, 1, 0, 0.0], ["0021200042", 1610612752, "NYK", "New York", 203142, "Chris Copeland", "", "", "3:25", 1, 2, 0.5, 1, 1, 1.0, 2, 2, 1.0, 0, 0, 0, 0, 0, 0, 0, 0, 5, 0.0], ["0021200042", 1610612752, "NYK", "New York", 948, "Marcus Camby", "", "DNP - Coach's Decision", null, null, null, null, null, null, null, null, null, null, null, null, null, null, null, null, null, null, null, null], ["0021200042", 1610612755, "PHI", "Philadelphia", 2748, "Dorell Wright", "F", "", "34:08", 4, 14, 0.286, 2, 7, 0.286, 4, 5, 0.8, 1, 8, 9, 1, 0, 1, 0, 1, 14, -18.0], ["0021200042", 1610612755, "PHI", "Philadelphia", 201152, "Thaddeus Young", "F", "", "29:22", 7, 12, 0.583, 0, 0, 0.0, 0, 0, 0.0, 4, 6, 10, 1, 1, 0, 3, 1, 14, -16.0], ["0021200042", 1610612755, "PHI", "Philadelphia", 2198, "Kwame Brown", "C", "", "10:50", 2, 3, 0.667, 0, 0, 0.0, 0, 0, 0.0, 1, 2, 3, 0, 0, 0, 0, 1, 4, 2.0], ["0021200042", 1610612755, "PHI", "Philadelphia", 202323, "Evan Turner", "G", "", "27:07", 3, 9, 0.333, 0, 0, 0.0, 5, 5, 1.0, 3, 6, 9, 6, 0, 0, 1, 4, 11, -18.0], ["0021200042", 1610612755, "PHI", "Philadelphia", 201950, "Jrue Holiday", "G", "", "35:24", 4, 12, 0.333, 3, 6, 0.5, 6, 6, 1.0, 1, 2, 3, 8, 2, 0, 4, 3, 17, -17.0], ["0021200042", 1610612755, "PHI", "Philadelphia", 201150, "Spencer Hawes", "", "", "21:27", 1, 4, 0.25, 0, 0, 0.0, 0, 2, 0.0, 3, 4, 7, 2, 0, 0, 1, 2, 2, -20.0], ["0021200042", 1610612755, "PHI", "Philadelphia", 201156, "Nick Young", "", "", "28:46", 4, 15, 0.267, 2, 7, 0.286, 2, 2, 1.0, 0, 1, 1, 1, 0, 0, 2, 0, 12, -10.0], ["0021200042", 1610612755, "PHI", "Philadelphia", 2767, "Royal Ivey", "", "", "18:37", 1, 4, 0.25, 1, 2, 0.5, 2, 2, 1.0, 3, 3, 6, 0, 0, 0, 0, 1, 5, -2.0], ["0021200042", 1610612755, "PHI", "Philadelphia", 2863, "Damien Wilkins", "", "", "11:52", 1, 4, 0.25, 0, 0, 0.0, 1, 2, 0.5, 0, 2, 2, 0, 0, 0, 0, 3, 3, -7.0], ["0021200042", 1610612755, "PHI", "Philadelphia", 202730, "Lavoy Allen", "", "", "15:37", 1, 7, 0.143, 0, 0, 0.0, 2, 2, 1.0, 2, 1, 3, 0, 0, 1, 1, 2, 4, -4.0], ["0021200042", 1610612755, "PHI", "Philadelphia", 203102, "Arnett Moultrie", "", "", "3:25", 1, 1, 1.0, 0, 0, 0.0, 0, 0, 0.0, 1, 0, 1, 0, 0, 0, 0, 0, 2, 0.0], ["0021200042", 1610612755, "PHI", "Philadelphia", 203146, "Maalik Wayns", "", "", "3:25", 0, 1, 0.0, 0, 0, 0.0, 0, 0, 0.0, 0, 0, 0, 0, 0, 0, 1, 1, 0, 0.0], ["0021200042", 1610612755, "PHI", "Philadelphia", 2202, "Jason Richardson", "", "DND - Left Ankle Sprain", null, null, null, null, null, null, null, null, null, null, null, null, null, null, null, null, null, null, null, null]], "name": "PlayerStats"}, {"headers": ["GAME_ID", "TEAM_ID", "TEAM_NAME", "TEAM_ABBREVIATION", "TEAM_CITY", "MIN", "FGM", "FGA", "FG_PCT", "FG3M", "FG3A", "FG3_PCT", "FTM", "FTA", "FT_PCT", "OREB", "DREB", "REB", "AST", "STL", "BLK", "TO", "PF", "PTS", "PLUS_MINUS"], "rowSet": [["0021200042", 1610612755, "76ers", "PHI", "Philadelphia", "240:00", 29, 86, 0.337, 8, 22, 0.364, 22, 26, 0.846, 19, 35, 54, 19, 3, 2, 13, 19, 88, -22.0], ["0021200042", 1610612752, "Knicks", "NYK", "New York", "240:00", 39, 84, 0.464, 13, 32, 0.406, 19, 19, 1.0, 9, 35, 44, 24, 7, 5, 7, 17, 110, 22.0]], "name": "TeamStats"}, {"headers": ["LEAGUE_ID", "SEASON_ID", "TEAM_ID", "TEAM_ABBREVIATION", "TEAM_CITY", "PTS_PAINT", "PTS_2ND_CHANCE", "PTS_FB", "LARGEST_LEAD", "LEAD_CHANGES", "TIMES_TIED"], "rowSet": [["00", "22012", 1610612755, "PHI", "Philadelphia", 34, 21, 14, 24, 3, 3], ["00", "22012", 1610612752, "NYK", "New York", 30, 8, 13, 24, 3, 3]], "name": "OtherStats"}, {"headers": ["OFFICIAL_ID", "FIRST_NAME", "LAST_NAME", "JERSEY_NUM"], "rowSet": [[1162, "Scott", "Foster", "48"], [1664, "Gary", "Zielinski", "59"], [2004, "Courtney", "Kirkland", "61"]], "name": "Officials"}, {"headers": ["GAME_DATE", "ATTENDANCE", "GAME_TIME"], "rowSet": [["MONDAY, NOVEMBER 5, 2012", 15783, "2:15"]], "name": "GameInfo"}, {"headers": ["PLAYER_ID", "FIRST_NAME", "LAST_NAME", "JERSEY_NUM", "TEAM_ID", "TEAM_CITY", "TEAM_NAME", "TEAM_ABBREVIATION"], "rowSet": [[101115, "Andrew", "Bynum", "33", 1610612755, "Philadelphia", "76ers", "PHI"], [2405, "Amar'e", "Stoudemire", " 1", 1610612752, "New York", "Knicks", "NYK"], [202697, "Iman", "Shumpert", "21", 1610612752, "New York", "Knicks", "NYK"]], "name": "InactivePlayers"}, {"headers": ["VIDEO_AVAILABLE_FLAG"], "rowSet": [[1]], "name": "AvailableVideo"}], "parameters": {"GameID": "0021200042", "RangeType": 0, "StartPeriod": 0, "StartRange": 0, "EndPeriod": 0, "EndRange": 0}}