{"resource": "boxscore", "resultSets": [{"headers": ["GAME_DATE_EST", "GAME_SEQUENCE", "GAME_ID", "GAME_STATUS_ID", "GAME_STATUS_TEXT", "GAMECODE", "HOME_TEAM_ID", "VISITOR_TEAM_ID", "SEASON", "LIVE_PERIOD", "LIVE_PC_TIME", "NATL_TV_BROADCASTER_ABBREVIATION", "LIVE_PERIOD_TIME_BCAST", "WH_STATUS"], "rowSet": [["2012-11-05T00:00:00", 5, "0021200046", 3, "Final", "20121105/PORDAL", 1610612742, 1610612757, "2012", 4, "", null, "Q4  - ", 1]], "name": "GameSummary"}, {"headers": ["GAME_DATE_EST", "GAME_SEQUENCE", "GAME_ID", "TEAM_ID", "TEAM_ABBREVIATION", "TEAM_CITY_NAME", "TEAM_WINS_LOSSES", "PTS_QTR1", "PTS_QTR2", "PTS_QTR3", "PTS_QTR4", "PTS_OT1", "PTS_OT2", "PTS_OT3", "PTS_OT4", "PTS_OT5", "PTS_OT6", "PTS_OT7", "PTS_OT8", "PTS_OT9", "PTS_OT10", "PTS"], "rowSet": [["2012-11-05T00:00:00", 5, "0021200046", 1610612757, "POR", "Portland", "2-2", 27, 28, 24, 12, 0, 0, 0, 0, 0, 0, 0, 0, 0, 0, 91], ["2012-11-05T00:00:00", 5, "0021200046", 1610612742, "DAL", "Dallas", "3-1", 31, 26, 26, 31, 0, 0, 0, 0, 0, 0, 0, 0, 0, 0, 114]], "name": "LineScore"}, {"headers": ["GAME_ID", "HOME_TEAM_ID", "VISITOR_TEAM_ID", "GAME_DATE_EST", "HOME_TEAM_WINS", "HOME_TEAM_LOSSES", "SERIES_LEADER"], "rowSet": [["0021200046", 1610612742, 1610612757, "2012-11-05T00:00:00", 3, 1, "Dallas"]], "name": "SeasonSeries"}, {"headers": ["GAME_ID", "LAST_GAME_ID", "LAST_GAME_DATE_EST", "LAST_GAME_HOME_TEAM_ID", "LAST_GAME_HOME_TEAM_CITY", "LAST_GAME_HOME_TEAM_NAME", "LAST_GAME_HOME_TEAM_ABBREVIATION", "LAST_GAME_HOME_TEAM_POINTS", "LAST_GAME_VISITOR_TEAM_ID", "LAST_GAME_VISITOR_TEAM_CITY", "LAST_GAME_VISITOR_TEAM_NAME", "LAST_GAME_VISITOR_TEAM_CITY1", "LAST_GAME_VISITOR_TEAM_POINTS"], "rowSet": [["0021200046", "0021100885", "2012-04-13T00:00:00", 1610612742, "Dallas", "Mavericks", "DAL", 97, 1610612757, "Portland", "Trail Blazers", "POR", 94]], "name": "LastMeeting"}, {"headers": ["GAME_ID", "TEAM_ID", "TEAM_ABBREVIATION", "TEAM_CITY", "PLAYER_ID", "PLAYER_NAME", "START_POSITION", "COMMENT", "MIN", "FGM", "FGA", "FG_PCT", "FG3M", "FG3A", "FG3_PCT", "FTM", "FTA", "FT_PCT", "OREB", "DREB", "REB", "AST", "STL", "BLK", "TO", "PF", "PTS", "PLUS_MINUS"], "rowSet": [["0021200046", 1610612757, "POR", "Portland", 201587, "Nicolas Batum", "F", "", "35:46", 6, 13, 0.462, 0, 5, 0.0, 2, 2, 1.0, 2, 3, 5, 3, 1, 1, 1, 0, 14, -15.0], ["0021200046", 1610612757, "POR", "Portland", 200746, "LaMarcus Aldridge", "F", "", "32:12", 9, 19, 0.474, 0, 1, 0.0, 2, 3, 0.667, 1, 6, 7, 2, 1, 1, 0, 0, 20, -14.0], ["0021200046", 1610612757, "POR", "Portland", 201581, "JJ Hickson", "C", "", "25:00", 3, 10, 0.3, 0, 0, 0.0, 1, 2, 0.5, 7, 4, 11, 0, 1, 0, 2, 0, 7, -14.0], ["0021200046", 1610612757, "POR", "Portland", 202083, "Wesley Matthews", "G", "", "36:10", 8, 15, 0.533, 3, 4, 0.75, 1, 3, 0.333, 2, 1, 3, 0, 1, 0, 5, 1, 20, -20.0], ["0021200046", 1610612757, "POR", "Portland", 203081, "Damian Lillard", "G", "", "32:47", 2, 13, 0.154, 1, 8, 0.125, 8, 8, 1.0, 1, 2, 3, 5, 1, 0, 1, 2, 13, -12.0], ["0021200046", 1610612757, "POR", "Portland", 101179, "Ronnie Price", "", "", "17:51", 2, 4, 0.5, 0, 1, 0.0, 0, 0, 0.0, 1, 1, 2, 1, 0, 0, 1, 5, 4, -4.0], ["0021200046", 1610612757, "POR", "Portland", 2562, "Sasha Pavlovic", "", "", "17:44", 1, 5, 0.2, 1, 3, 0.333, 0, 0, 0.0, 0, 2, 2, 1, 0, 0, 0, 2, 3, -6.0], ["0021200046", 1610612757, "POR", "Portland", 203086, "Meyers Leonard", "", "", "23:00", 3, 7, 0.429, 0, 0, 0.0, 0, 0, 0.0, 4, 5, 9, 1, 0, 1, 1, 1, 6, -9.0], ["0021200046", 1610612757, "POR", "Portland", 2407, "Jared Jeffries", "", "", "7:05", 1, 3, 0.333, 0, 0, 0.0, 0, 0, 0.0, 2, 0, 2, 0, 0, 0, 0, 0, 2, 3.0], ["0021200046", 1610612757, "POR", "Portland", 200777, "Joel Freeland", "", "", "8:43", 1, 2, 0.5, 0, 0, 0.0, 0, 0, 0.0, 3, 1, 4, 0, 0, 0, 1, 2, 2, -12.0], ["0021200046", 1610612757, "POR", "Portland", 202701, "Nolan Smith", "", "", "1:51", 0, 1, 0.0, 0, 0, 0.0, 0, 0, 0.0, 0, 0, 0, 0, 0, 0, 1, 0, 0, -6.0], ["0021200046", 1610612757, "POR", "Portland", 203115, "Will Barton", "", "", "1:51", 0, 1, 0.0, 0, 0, 0.0, 0, 0, 0.0, 0, 0, 0, 0, 0, 0, 0, 0, 0, -6.0], ["0021200046", 1610612757, "POR", "Portland", 202337, "Luke Babbitt", "", "DNP - Coach's Decision", null, null, null, null, null, null, null, null, null, null, null, null, null, null, null, null, null, null, null, null], ["0021200046", 1610612742, "DAL", "Dallas", 1890, "Shawn Marion", "F", "", "24:15", 4, 6, 0.667, 0, 0, 0.0, 0, 0, 0.0, 0, 7, 7, 3, 1, 2, 1, 1, 8, 5.0], ["0021200046", 1610612742, "DAL", "Dallas", 1882, "Elton Brand", "F", "", "23:33", 4, 7, 0.571, 0, 0, 0.0, 0, 0, 0.0, 1, 4, 5, 2, 1, 0, 1, 5, 8, 12.0], ["0021200046", 1610612742, "DAL", "Dallas", 201148, "Brandan Wright", "C", "", "25:09", 5, 7, 0.714, 0, 0, 0.0, 0, 0, 0.0, 1, 3, 4, 2, 1, 1, 0, 0, 10, 23.0], ["0021200046", 1610612742, "DAL", "Dallas", 201564, "O.J. Mayo", "G", "", "39:27", 12, 18, 0.667, 6, 8, 0.75, 2, 2, 1.0, 0, 2, 2, 1, 2, 1, 3, 1, 32, 21.0], ["0021200046", 1610612742, "DAL", "Dallas", 201954, "Darren Collison", "G", "", "33:40", 5, 8, 0.625, 0, 0, 0.0, 4, 5, 0.8, 0, 1, 1, 13, 1, 0, 1, 0, 14, 17.0], ["0021200046", 1610612742, "DAL", "Dallas", 1713, "Vince Carter", "", "", "22:16", 3, 9, 0.333, 2, 5, 0.4, 0, 0, 0.0, 0, 3, 3, 0, 2, 1, 0, 3, 8, -5.0], ["0021200046", 1610612742, "DAL", "Dallas", 2211, "Troy Murphy", "", "", "16:01", 1, 4, 0.25, 0, 3, 0.0, 1, 2, 0.5, 0, 5, 5, 1, 0, 0, 0, 1, 3, -4.0], ["0021200046", 1610612742, "DAL", "Dallas", 2549, "Chris Kaman", "", "", "24:20", 8, 10, 0.8, 0, 0, 0.0, 0, 0, 0.0, 0, 6, 6, 0, 0, 0, 2, 2, 16, 9.0], ["0021200046", 1610612742, "DAL", "Dallas", 202346, "Dominique Jones", "", "", "14:21", 3, 4, 0.75, 0, 1, 0.0, 0, 2, 0.0, 0, 1, 1, 6, 3, 0, 1, 1, 6, 6.0], ["0021200046", 1610612742, "DAL", "Dallas", 203109, "Jae Crowder", "", "", "14:17", 3, 5, 0.6, 2, 3, 0.667, 1, 2, 0.5, 0, 2, 2, 0, 1, 0, 0, 1, 9, 22.0], ["0021200046", 1610612742, "DAL", "Dallas", 2563, "Dahntay Jones", "", "", "0:54", 0, 0, 0.0, 0, 0, 0.0, 0, 0, 0.0, 0, 1, 1, 0, 0, 0, 0, 0, 0, 3.0], ["0021200046", 1610612742, "DAL", "Dallas", 203108, "Bernard James", "", "", "0:54", 0, 0, 0.0, 0, 0, 0.0, 0, 0, 0.0, 0, 0, 0, 0, 0, 0, 0, 0, 0, 3.0], ["0021200046", 1610612742, "DAL", "Dallas", 203099, "Jared Cunningham", "", "", "0:54", 0, 0, 0.0, 0, 0, 0.0, 0, 0, 0.0, 0, 0, 0, 1, 0, 0, 0, 0, 0, 3.0]], "name": "PlayerStats"}, {"headers": ["GAME_ID", "TEAM_ID", "TEAM_NAME", "TEAM_ABBREVIATION", "TEAM_CITY", "MIN", "FGM", "FGA", "FG_PCT", "FG3M", "FG3A", "FG3_PCT", "FTM", "FTA", "FT_PCT", "OREB", "DREB", "REB", "AST", "STL", "BLK", "TO", "PF", "PTS", "PLUS_MINUS"], "rowSet": [["0021200046", 1610612757, "Trail Blazers", "POR", "Portland", "240:00", 36, 93, 0.387, 5, 22, 0.227, 14, 18, 0.778, 23, 25, 48, 13, 5, 3, 13, 13, 91, -23.0], ["0021200046", 1610612742, "Mavericks", "DAL", "Dallas", "240:00", 48, 78, 0.615, 10, 20, 0.5, 8, 13, 0.615, 2, 35, 37, 29, 12, 5, 9, 15, 114, 23.0]], "name": "TeamStats"}, {"headers": ["LEAGUE_ID", "SEASON_ID", "TEAM_ID", "TEAM_ABBREVIATION", "TEAM_CITY", "PTS_PAINT", "PTS_2ND_CHANCE", "PTS_FB", "LARGEST_LEAD", "LEAD_CHANGES", "TIMES_TIED"], "rowSet": [["00", "22012", 1610612742, "DAL", "Dallas", 54, 3, 24, 20, 4, 4], ["00", "22012", 1610612757, "POR", "Portland", 40, 21, 2, 20, 4, 4]], "name": "OtherStats"}, {"headers": ["OFFICIAL_ID", "FIRST_NAME", "LAST_NAME", "JERSEY_NUM"], "rowSet": [[1153, "Joe", "Crawford", "17"], [201640, "Kane", "Fitzgerald", "35"], [201245, "Marat", "Kogut", "68"]], "name": "Officials"}, {"headers": ["GAME_DATE", "ATTENDANCE", "GAME_TIME"], "rowSet": [["MONDAY, NOVEMBER 5, 2012", 19521, "2:06"]], "name": "GameInfo"}, {"headers": ["PLAYER_ID", "FIRST_NAME", "LAST_NAME", "JERSEY_NUM", "TEAM_ID", "TEAM_CITY", "TEAM_NAME", "TEAM_ABBREVIATION"], "rowSet": [[201958, "Rodrigue", "Beaubois", " 3", 1610612742, "Dallas", "Mavericks", "DAL"], [1717, "Dirk", "Nowitzki", "41", 1610612742, "Dallas", "Mavericks", "DAL"], [202343, "Elliot", "Williams", " 9", 1610612757, "Portland", "Trail Blazers", "POR"], [201964, "Victor", "Claver", "18", 1610612757, "Portland", "Trail Blazers", "POR"]], "name": "InactivePlayers"}, {"headers": ["VIDEO_AVAILABLE_FLAG"], "rowSet": [[1]], "name": "AvailableVideo"}], "parameters": {"GameID": "0021200046", "RangeType": 0, "StartPeriod": 0, "StartRange": 0, "EndPeriod": 0, "EndRange": 0}}