{"resource": "boxscore", "resultSets": [{"headers": ["GAME_DATE_EST", "GAME_SEQUENCE", "GAME_ID", "GAME_STATUS_ID", "GAME_STATUS_TEXT", "GAMECODE", "HOME_TEAM_ID", "VISITOR_TEAM_ID", "SEASON", "LIVE_PERIOD", "LIVE_PC_TIME", "NATL_TV_BROADCASTER_ABBREVIATION", "LIVE_PERIOD_TIME_BCAST", "WH_STATUS"], "rowSet": [["2012-11-02T00:00:00", 7, "0021200021", 3, "Final", "20121102/UTANOH", 1610612740, 1610612762, "2012", 4, "", null, "Q4  - ", 1]], "name": "GameSummary"}, {"headers": ["GAME_DATE_EST", "GAME_SEQUENCE", "GAME_ID", "TEAM_ID", "TEAM_ABBREVIATION", "TEAM_CITY_NAME", "TEAM_WINS_LOSSES", "PTS_QTR1", "PTS_QTR2", "PTS_QTR3", "PTS_QTR4", "PTS_OT1", "PTS_OT2", "PTS_OT3", "PTS_OT4", "PTS_OT5", "PTS_OT6", "PTS_OT7", "PTS_OT8", "PTS_OT9", "PTS_OT10", "PTS"], "rowSet": [["2012-11-02T00:00:00", 7, "0021200021", 1610612740, "NOH", "New Orleans", "1-1", 19, 21, 27, 21, 0, 0, 0, 0, 0, 0, 0, 0, 0, 0, 88], ["2012-11-02T00:00:00", 7, "0021200021", 1610612762, "UTA", "Utah", "1-1", 19, 22, 22, 23, 0, 0, 0, 0, 0, 0, 0, 0, 0, 0, 86]], "name": "LineScore"}, {"headers": ["GAME_ID", "HOME_TEAM_ID", "VISITOR_TEAM_ID", "GAME_DATE_EST", "HOME_TEAM_WINS", "HOME_TEAM_LOSSES", "SERIES_LEADER"], "rowSet": [["0021200021", 1610612740, 1610612762, "2012-11-02T00:00:00", 1, 3, "Utah"]], "name": "SeasonSeries"}, {"headers": ["GAME_ID", "LAST_GAME_ID", "LAST_GAME_DATE_EST", "LAST_GAME_HOME_TEAM_ID", "LAST_GAME_HOME_TEAM_CITY", "LAST_GAME_HOME_TEAM_NAME", "LAST_GAME_HOME_TEAM_ABBREVIATION", "LAST_GAME_HOME_TEAM_POINTS", "LAST_GAME_VISITOR_TEAM_ID", "LAST_GAME_VISITOR_TEAM_CITY", "LAST_GAME_VISITOR_TEAM_NAME", "LAST_GAME_VISITOR_TEAM_CITY1", "LAST_GAME_VISITOR_TEAM_POINTS"], "rowSet": [["0021200021", "0021100881", "2012-04-13T00:00:00", 1610612740, "New Orleans", "Hornets", "NOH", 96, 1610612762, "Utah", "Jazz", "UTA", 85]], "name": "LastMeeting"}, {"headers": ["GAME_ID", "TEAM_ID", "TEAM_ABBREVIATION", "TEAM_CITY", "PLAYER_ID", "PLAYER_NAME", "START_POSITION", "COMMENT", "MIN", "FGM", "FGA", "FG_PCT", "FG3M", "FG3A", "FG3_PCT", "FTM", "FTA", "FT_PCT", "OREB", "DREB", "REB", "AST", "STL", "BLK", "TO", "PF", "PTS", "PLUS_MINUS"], "rowSet": [["0021200021", 1610612762, "UTA", "Utah", 101107, "Marvin Williams", "F", "", "28:48", 2, 8, 0.25, 1, 6, 0.167, 0, 0, 0.0, 0, 3, 3, 1, 0, 0, 1, 1, 5, -7.0], ["0021200021", 1610612762, "UTA", "Utah", 200794, "Paul Millsap", "F", "", "25:26", 5, 9, 0.556, 1, 1, 1.0, 0, 2, 0.0, 3, 3, 6, 3, 1, 1, 3, 4, 11, -7.0], ["0021200021", 1610612762, "UTA", "Utah", 2744, "Al Jefferson", "C", "", "28:16", 5, 13, 0.385, 0, 0, 0.0, 0, 0, 0.0, 2, 6, 8, 1, 0, 0, 1, 3, 10, -8.0], ["0021200021", 1610612762, "UTA", "Utah", 202330, "Gordon Hayward", "G", "", "25:55", 4, 8, 0.5, 2, 3, 0.667, 4, 5, 0.8, 2, 2, 4, 3, 1, 0, 1, 1, 14, -8.0], ["0021200021", 1610612762, "UTA", "Utah", 2590, "Mo Williams", "G", "", "31:23", 6, 16, 0.375, 2, 8, 0.25, 2, 2, 1.0, 0, 4, 4, 4, 1, 0, 2, 3, 16, -6.0], ["0021200021", 1610612762, "UTA", "Utah", 202324, "Derrick Favors", "", "", "22:34", 2, 5, 0.4, 0, 0, 0.0, 0, 2, 0.0, 5, 4, 9, 0, 1, 2, 2, 1, 4, 5.0], ["0021200021", 1610612762, "UTA", "Utah", 201960, "DeMarre Carroll", "", "", "14:25", 2, 6, 0.333, 0, 2, 0.0, 0, 0, 0.0, 1, 0, 1, 0, 0, 1, 0, 1, 4, 6.0], ["0021200021", 1610612762, "UTA", "Utah", 200751, "Randy Foye", "", "", "26:52", 8, 16, 0.5, 4, 7, 0.571, 0, 1, 0.0, 2, 2, 4, 1, 0, 2, 0, 2, 20, 5.0], ["0021200021", 1610612762, "UTA", "Utah", 202683, "Enes Kanter", "", "", "19:43", 1, 2, 0.5, 0, 0, 0.0, 0, 0, 0.0, 1, 3, 4, 0, 2, 0, 3, 4, 2, 6.0], ["0021200021", 1610612762, "UTA", "Utah", 2224, "Jamaal Tinsley", "", "", "16:38", 0, 2, 0.0, 0, 1, 0.0, 0, 0, 0.0, 0, 1, 1, 6, 1, 0, 1, 1, 0, 4.0], ["0021200021", 1610612762, "UTA", "Utah", 202692, "Alec Burks", "", "DNP - Coach's Decision", null, null, null, null, null, null, null, null, null, null, null, null, null, null, null, null, null, null, null, null], ["0021200021", 1610612762, "UTA", "Utah", 202379, "Jeremy Evans", "", "DNP - Coach's Decision", null, null, null, null, null, null, null, null, null, null, null, null, null, null, null, null, null, null, null, null], ["0021200021", 1610612762, "UTA", "Utah", 203122, "Kevin Murphy", "", "DNP - Coach's Decision", null, null, null, null, null, null, null, null, null, null, null, null, null, null, null, null, null, null, null, null], ["0021200021", 1610612740, "NOH", "New Orleans", 202329, "Al-Farouq Aminu", "F", "", "34:14", 7, 10, 0.7, 0, 0, 0.0, 1, 2, 0.5, 2, 6, 8, 2, 2, 0, 2, 2, 15, 14.0], ["0021200021", 1610612740, "NOH", "New Orleans", 203076, "Anthony Davis", "F", "", "14:25", 4, 6, 0.667, 0, 0, 0.0, 0, 0, 0.0, 2, 4, 6, 0, 1, 2, 1, 0, 8, 6.0], ["0021200021", 1610612740, "NOH", "New Orleans", 201577, "Robin Lopez", "C", "", "35:53", 9, 16, 0.563, 0, 0, 0.0, 1, 1, 1.0, 3, 4, 7, 0, 0, 1, 1, 3, 19, 4.0], ["0021200021", 1610612740, "NOH", "New Orleans", 203085, "Austin Rivers", "G", "", "28:41", 0, 4, 0.0, 0, 0, 0.0, 2, 2, 1.0, 0, 2, 2, 6, 2, 0, 2, 2, 2, 8.0], ["0021200021", 1610612740, "NOH", "New Orleans", 202349, "Greivis Vasquez", "G", "", "36:34", 5, 13, 0.385, 0, 1, 0.0, 3, 6, 0.5, 0, 4, 4, 10, 0, 1, 3, 0, 13, 12.0], ["0021200021", 1610612740, "NOH", "New Orleans", 201583, "Ryan Anderson", "", "", "31:14", 7, 15, 0.467, 5, 9, 0.556, 0, 0, 0.0, 2, 4, 6, 3, 0, 0, 1, 5, 19, 5.0], ["0021200021", 1610612740, "NOH", "New Orleans", 2427, "Roger Mason Jr.", "", "", "15:49", 0, 2, 0.0, 0, 2, 0.0, 2, 2, 1.0, 0, 2, 2, 0, 0, 0, 0, 0, 2, -1.0], ["0021200021", 1610612740, "NOH", "New Orleans", 203121, "Darius Miller", "", "", "11:20", 0, 2, 0.0, 0, 1, 0.0, 0, 0, 0.0, 0, 1, 1, 2, 1, 0, 0, 1, 0, -14.0], ["0021200021", 1610612740, "NOH", "New Orleans", 201160, "Jason Smith", "", "", "19:12", 3, 9, 0.333, 0, 0, 0.0, 0, 0, 0.0, 2, 2, 4, 0, 1, 0, 1, 3, 6, -8.0], ["0021200021", 1610612740, "NOH", "New Orleans", 203148, "Brian Roberts", "", "", "4:44", 1, 2, 0.5, 0, 1, 0.0, 0, 0, 0.0, 0, 0, 0, 0, 0, 0, 0, 0, 2, -7.0], ["0021200021", 1610612740, "NOH", "New Orleans", 202333, "Xavier Henry", "", "", "7:54", 1, 2, 0.5, 0, 0, 0.0, 0, 1, 0.0, 1, 1, 2, 0, 0, 0, 1, 0, 2, -9.0], ["0021200021", 1610612740, "NOH", "New Orleans", 202498, "Lance Thomas", "", "DNP - Coach's Decision", null, null, null, null, null, null, null, null, null, null, null, null, null, null, null, null, null, null, null, null], ["0021200021", 1610612740, "NOH", "New Orleans", 101124, "Hakim Warrick", "", "DNP - Coach's Decision", null, null, null, null, null, null, null, null, null, null, null, null, null, null, null, null, null, null, null, null]], "name": "PlayerStats"}, {"headers": ["GAME_ID", "TEAM_ID", "TEAM_NAME", "TEAM_ABBREVIATION", "TEAM_CITY", "MIN", "FGM", "FGA", "FG_PCT", "FG3M", "FG3A", "FG3_PCT", "FTM", "FTA", "FT_PCT", "OREB", "DREB", "REB", "AST", "STL", "BLK", "TO", "PF", "PTS", "PLUS_MINUS"], "rowSet": [["0021200021", 1610612762, "Jazz", "UTA", "Utah", "240:00", 35, 85, 0.412, 10, 28, 0.357, 6, 12, 0.5, 16, 28, 44, 19, 7, 6, 14, 21, 86, -2.0], ["0021200021", 1610612740, "Hornets", "NOH", "New Orleans", "240:00", 37, 81, 0.457, 5, 14, 0.357, 9, 14, 0.643, 12, 30, 42, 23, 7, 4, 12, 16, 88, 2.0]], "name": "TeamStats"}, {"headers": ["LEAGUE_ID", "SEASON_ID", "TEAM_ID", "TEAM_ABBREVIATION", "TEAM_CITY", "PTS_PAINT", "PTS_2ND_CHANCE", "PTS_FB", "LARGEST_LEAD", "LEAD_CHANGES", "TIMES_TIED"], "rowSet": [["00", "22012", 1610612740, "NOH", "New Orleans", 56, 23, 14, 5, 23, 10], ["00", "22012", 1610612762, "UTA", "Utah", 36, 20, 16, 7, 23, 10]], "name": "OtherStats"}, {"headers": ["OFFICIAL_ID", "FIRST_NAME", "LAST_NAME", "JERSEY_NUM"], "rowSet": [[1198, "Scott", "Wall", "31"], [2001, "Jason", "Phillips", "23"], [2529, "Tony", "Brown", "6"]], "name": "Officials"}, {"headers": ["GAME_DATE", "ATTENDANCE", "GAME_TIME"], "rowSet": [["FRIDAY, NOVEMBER 2, 2012", 14147, "2:12"]], "name": "GameInfo"}, {"headers": ["PLAYER_ID", "FIRST_NAME", "LAST_NAME", "JERSEY_NUM", "TEAM_ID", "TEAM_CITY", "TEAM_NAME", "TEAM_ABBREVIATION"], "rowSet": [[201569, "Eric", "Gordon", "10", 1610612740, "New Orleans", "Hornets", "NOH"], [2248, "Earl", "Watson", "11", 1610612762, "Utah", "Jazz", "UTA"], [1952, "Raja", "Bell", "19", 1610612762, "Utah", "Jazz", "UTA"]], "name": "InactivePlayers"}, {"headers": ["VIDEO_AVAILABLE_FLAG"], "rowSet": [[1]], "name": "AvailableVideo"}], "parameters": {"GameID": "0021200021", "RangeType": 0, "StartPeriod": 0, "StartRange": 0, "EndPeriod": 0, "EndRange": 0}}