{"resource": "boxscore", "resultSets": [{"headers": ["GAME_DATE_EST", "GAME_SEQUENCE", "GAME_ID", "GAME_STATUS_ID", "GAME_STATUS_TEXT", "GAMECODE", "HOME_TEAM_ID", "VISITOR_TEAM_ID", "SEASON", "LIVE_PERIOD", "LIVE_PC_TIME", "NATL_TV_BROADCASTER_ABBREVIATION", "LIVE_PERIOD_TIME_BCAST", "WH_STATUS"], "rowSet": [["2012-11-05T00:00:00", 7, "0021200048", 3, "Final", "20121105/GSWSAC", 1610612758, 1610612744, "2012", 4, "", null, "Q4  - ", 1]], "name": "GameSummary"}, {"headers": ["GAME_DATE_EST", "GAME_SEQUENCE", "GAME_ID", "TEAM_ID", "TEAM_ABBREVIATION", "TEAM_CITY_NAME", "TEAM_WINS_LOSSES", "PTS_QTR1", "PTS_QTR2", "PTS_QTR3", "PTS_QTR4", "PTS_OT1", "PTS_OT2", "PTS_OT3", "PTS_OT4", "PTS_OT5", "PTS_OT6", "PTS_OT7", "PTS_OT8", "PTS_OT9", "PTS_OT10", "PTS"], "rowSet": [["2012-11-05T00:00:00", 7, "0021200048", 1610612758, "SAC", "Sacramento", "1-3", 21, 31, 23, 19, 0, 0, 0, 0, 0, 0, 0, 0, 0, 0, 94], ["2012-11-05T00:00:00", 7, "0021200048", 1610612744, "GSW", "Golden State", "2-2", 22, 22, 20, 28, 0, 0, 0, 0, 0, 0, 0, 0, 0, 0, 92]], "name": "LineScore"}, {"headers": ["GAME_ID", "HOME_TEAM_ID", "VISITOR_TEAM_ID", "GAME_DATE_EST", "HOME_TEAM_WINS", "HOME_TEAM_LOSSES", "SERIES_LEADER"], "rowSet": [["0021200048", 1610612758, 1610612744, "2012-11-05T00:00:00", 3, 1, "Sacramento"]], "name": "SeasonSeries"}, {"headers": ["GAME_ID", "LAST_GAME_ID", "LAST_GAME_DATE_EST", "LAST_GAME_HOME_TEAM_ID", "LAST_GAME_HOME_TEAM_CITY", "LAST_GAME_HOME_TEAM_NAME", "LAST_GAME_HOME_TEAM_ABBREVIATION", "LAST_GAME_HOME_TEAM_POINTS", "LAST_GAME_VISITOR_TEAM_ID", "LAST_GAME_VISITOR_TEAM_CITY", "LAST_GAME_VISITOR_TEAM_NAME", "LAST_GAME_VISITOR_TEAM_CITY1", "LAST_GAME_VISITOR_TEAM_POINTS"], "rowSet": [["0021200048", "0011200063", "2012-10-17T00:00:00", 1610612758, "Sacramento", "Kings", "SAC", 88, 1610612744, "Golden State", "Warriors", "GSW", 98]], "name": "LastMeeting"}, {"headers": ["GAME_ID", "TEAM_ID", "TEAM_ABBREVIATION", "TEAM_CITY", "PLAYER_ID", "PLAYER_NAME", "START_POSITION", "COMMENT", "MIN", "FGM", "FGA", "FG_PCT", "FG3M", "FG3A", "FG3_PCT", "FTM", "FTA", "FT_PCT", "OREB", "DREB", "REB", "AST", "STL", "BLK", "TO", "PF", "PTS", "PLUS_MINUS"], "rowSet": [["0021200048", 1610612744, "GSW", "Golden State", 203084, "Harrison Barnes", "F", "", "29:58", 3, 8, 0.375, 0, 3, 0.0, 0, 0, 0.0, 0, 2, 2, 4, 1, 0, 1, 2, 6, 2.0], ["0021200048", 1610612744, "GSW", "Golden State", 101135, "David Lee", "F", "", "41:07", 6, 13, 0.462, 0, 0, 0.0, 8, 8, 1.0, 1, 5, 6, 4, 1, 0, 3, 4, 20, 2.0], ["0021200048", 1610612744, "GSW", "Golden State", 101106, "Andrew Bogut", "C", "", "18:55", 5, 7, 0.714, 0, 0, 0.0, 2, 3, 0.667, 1, 2, 3, 1, 0, 1, 1, 2, 12, 2.0], ["0021200048", 1610612744, "GSW", "Golden State", 202691, "Klay Thompson", "G", "", "39:17", 7, 17, 0.412, 3, 9, 0.333, 5, 6, 0.833, 0, 7, 7, 3, 2, 0, 1, 2, 22, -2.0], ["0021200048", 1610612744, "GSW", "Golden State", 201939, "Stephen Curry", "G", "", "39:04", 3, 15, 0.2, 2, 6, 0.333, 4, 5, 0.8, 1, 5, 6, 8, 1, 0, 3, 2, 12, 0.0], ["0021200048", 1610612744, "GSW", "Golden State", 203105, "Festus Ezeli", "", "", "16:01", 1, 4, 0.25, 0, 0, 0.0, 1, 2, 0.5, 2, 2, 4, 0, 0, 1, 1, 3, 3, 0.0], ["0021200048", 1610612744, "GSW", "Golden State", 101127, "Jarrett Jack", "", "", "18:02", 3, 6, 0.5, 0, 1, 0.0, 0, 0, 0.0, 0, 1, 1, 0, 0, 0, 1, 2, 6, -4.0], ["0021200048", 1610612744, "GSW", "Golden State", 201171, "Carl Landry", "", "", "19:42", 2, 4, 0.5, 0, 0, 0.0, 2, 2, 1.0, 1, 5, 6, 0, 0, 0, 1, 0, 6, -8.0], ["0021200048", 1610612744, "GSW", "Golden State", 2210, "Richard Jefferson", "", "", "13:28", 1, 3, 0.333, 1, 1, 1.0, 2, 2, 1.0, 1, 2, 3, 1, 0, 0, 0, 0, 5, -3.0], ["0021200048", 1610612744, "GSW", "Golden State", 202724, "Charles Jenkins", "", "", "0:33", 0, 0, 0.0, 0, 0, 0.0, 0, 0, 0.0, 0, 0, 0, 0, 0, 0, 0, 0, 0, -2.0], ["0021200048", 1610612744, "GSW", "Golden State", 203110, "Draymond Green", "", "", "3:53", 0, 1, 0.0, 0, 1, 0.0, 0, 0, 0.0, 0, 0, 0, 0, 0, 0, 1, 0, 0, 3.0], ["0021200048", 1610612744, "GSW", "Golden State", 2740, "Andris Biedrins", "", "DNP - Coach's Decision", null, null, null, null, null, null, null, null, null, null, null, null, null, null, null, null, null, null, null, null], ["0021200048", 1610612744, "GSW", "Golden State", 202719, "Jeremy Tyler", "", "DNP - Coach's Decision", null, null, null, null, null, null, null, null, null, null, null, null, null, null, null, null, null, null, null, null], ["0021200048", 1610612758, "SAC", "Sacramento", 201949, "James Johnson", "F", "", "29:07", 2, 8, 0.25, 0, 2, 0.0, 3, 6, 0.5, 0, 2, 2, 2, 1, 2, 0, 5, 7, 5.0], ["0021200048", 1610612758, "SAC", "Sacramento", 201574, "Jason Thompson", "F", "", "26:46", 1, 2, 0.5, 0, 0, 0.0, 4, 4, 1.0, 0, 6, 6, 0, 0, 1, 1, 1, 6, 2.0], ["0021200048", 1610612758, "SAC", "Sacramento", 202326, "DeMarcus Cousins", "C", "", "33:33", 10, 16, 0.625, 0, 0, 0.0, 3, 5, 0.6, 5, 10, 15, 1, 2, 2, 3, 2, 23, 1.0], ["0021200048", 1610612758, "SAC", "Sacramento", 201936, "Tyreke Evans", "G", "", "29:14", 1, 9, 0.111, 0, 2, 0.0, 1, 2, 0.5, 0, 3, 3, 2, 0, 0, 2, 3, 3, 7.0], ["0021200048", 1610612758, "SAC", "Sacramento", 202738, "Isaiah Thomas", "G", "", "21:11", 4, 8, 0.5, 1, 3, 0.333, 1, 1, 1.0, 0, 0, 0, 0, 2, 0, 2, 3, 10, -2.0], ["0021200048", 1610612758, "SAC", "Sacramento", 201977, "Marcus Thornton", "", "", "29:45", 6, 15, 0.4, 2, 8, 0.25, 2, 2, 1.0, 1, 3, 4, 3, 1, 0, 0, 1, 16, 1.0], ["0021200048", 1610612758, "SAC", "Sacramento", 201166, "Aaron Brooks", "", "", "20:00", 5, 8, 0.625, 1, 2, 0.5, 1, 2, 0.5, 0, 0, 0, 2, 0, 0, 2, 3, 12, 1.0], ["0021200048", 1610612758, "SAC", "Sacramento", 101236, "Charles Hayes", "", "", "23:40", 2, 3, 0.667, 0, 0, 0.0, 0, 0, 0.0, 3, 3, 6, 1, 0, 0, 1, 1, 4, -2.0], ["0021200048", 1610612758, "SAC", "Sacramento", 203080, "Thomas Robinson", "", "", "11:46", 3, 6, 0.5, 0, 0, 0.0, 0, 0, 0.0, 1, 3, 4, 0, 1, 0, 0, 3, 6, 3.0], ["0021200048", 1610612758, "SAC", "Sacramento", 2566, "Travis Outlaw", "", "", "12:48", 1, 4, 0.25, 0, 2, 0.0, 0, 0, 0.0, 0, 3, 3, 2, 0, 0, 2, 2, 2, -2.0], ["0021200048", 1610612758, "SAC", "Sacramento", 202690, "Jimmer Fredette", "", "", "2:10", 2, 2, 1.0, 0, 0, 0.0, 1, 1, 1.0, 0, 0, 0, 0, 0, 0, 0, 1, 5, -4.0], ["0021200048", 1610612758, "SAC", "Sacramento", 101128, "Francisco Garcia", "", "DNP - Coach's Decision", null, null, null, null, null, null, null, null, null, null, null, null, null, null, null, null, null, null, null, null], ["0021200048", 1610612758, "SAC", "Sacramento", 202715, "Tyler Honeycutt", "", "DNP - Coach's Decision", null, null, null, null, null, null, null, null, null, null, null, null, null, null, null, null, null, null, null, null]], "name": "PlayerStats"}, {"headers": ["GAME_ID", "TEAM_ID", "TEAM_NAME", "TEAM_ABBREVIATION", "TEAM_CITY", "MIN", "FGM", "FGA", "FG_PCT", "FG3M", "FG3A", "FG3_PCT", "FTM", "FTA", "FT_PCT", "OREB", "DREB", "REB", "AST", "STL", "BLK", "TO", "PF", "PTS", "PLUS_MINUS"], "rowSet": [["0021200048", 1610612758, "Kings", "SAC", "Sacramento", "240:00", 37, 81, 0.457, 4, 19, 0.211, 16, 23, 0.696, 10, 33, 43, 13, 7, 5, 13, 25, 94, 2.0], ["0021200048", 1610612744, "Warriors", "GSW", "Golden State", "240:00", 31, 78, 0.397, 6, 21, 0.286, 24, 28, 0.857, 7, 31, 38, 21, 5, 2, 13, 17, 92, -2.0]], "name": "TeamStats"}, {"headers": ["LEAGUE_ID", "SEASON_ID", "TEAM_ID", "TEAM_ABBREVIATION", "TEAM_CITY", "PTS_PAINT", "PTS_2ND_CHANCE", "PTS_FB", "LARGEST_LEAD", "LEAD_CHANGES", "TIMES_TIED"], "rowSet": [["00", "22012", 1610612744, "GSW", "Golden State", 36, 5, 19, 16, 6, 4], ["00", "22012", 1610612758, "SAC", "Sacramento", 44, 14, 12, 14, 6, 4]], "name": "OtherStats"}, {"headers": ["OFFICIAL_ID", "FIRST_NAME", "LAST_NAME", "JERSEY_NUM"], "rowSet": [[1193, "Michael", "Smith", "38"], [1148, "James", "Capers", "19"], [200834, "Mark", "Lindsay", "29"]], "name": "Officials"}, {"headers": ["GAME_DATE", "ATTENDANCE", "GAME_TIME"], "rowSet": [["MONDAY, NOVEMBER 5, 2012", 17317, "2:16"]], "name": "GameInfo"}, {"headers": ["PLAYER_ID", "FIRST_NAME", "LAST_NAME", "JERSEY_NUM", "TEAM_ID", "TEAM_CITY", "TEAM_NAME", "TEAM_ABBREVIATION"], "rowSet": [[2422, "John", "Salmons", " 5", 1610612758, "Sacramento", "Kings", "SAC"], [201575, "Brandon", "Rush", " 4", 1610612744, "Golden State", "Warriors", "GSW"], [203145, "Kent", "Bazemore", "20", 1610612744, "Golden State", "Warriors", "GSW"]], "name": "InactivePlayers"}, {"headers": ["VIDEO_AVAILABLE_FLAG"], "rowSet": [[1]], "name": "AvailableVideo"}], "parameters": {"GameID": "0021200048", "RangeType": 0, "StartPeriod": 0, "StartRange": 0, "EndPeriod": 0, "EndRange": 0}}