{"resource": "boxscore", "resultSets": [{"headers": ["GAME_DATE_EST", "GAME_SEQUENCE", "GAME_ID", "GAME_STATUS_ID", "GAME_STATUS_TEXT", "GAMECODE", "HOME_TEAM_ID", "VISITOR_TEAM_ID", "SEASON", "LIVE_PERIOD", "LIVE_PC_TIME", "NATL_TV_BROADCASTER_ABBREVIATION", "LIVE_PERIOD_TIME_BCAST", "WH_STATUS"], "rowSet": [["2012-11-02T00:00:00", 8, "0021200022", 3, "Final", "20121102/POROKC", 1610612760, 1610612757, "2012", 4, "", null, "Q4  - ", 1]], "name": "GameSummary"}, {"headers": ["GAME_DATE_EST", "GAME_SEQUENCE", "GAME_ID", "TEAM_ID", "TEAM_ABBREVIATION", "TEAM_CITY_NAME", "TEAM_WINS_LOSSES", "PTS_QTR1", "PTS_QTR2", "PTS_QTR3", "PTS_QTR4", "PTS_OT1", "PTS_OT2", "PTS_OT3", "PTS_OT4", "PTS_OT5", "PTS_OT6", "PTS_OT7", "PTS_OT8", "PTS_OT9", "PTS_OT10", "PTS"], "rowSet": [["2012-11-02T00:00:00", 8, "0021200022", 1610612760, "OKC", "Oklahoma City", "1-1", 26, 23, 25, 32, 0, 0, 0, 0, 0, 0, 0, 0, 0, 0, 106], ["2012-11-02T00:00:00", 8, "0021200022", 1610612757, "POR", "Portland", "1-1", 21, 21, 24, 26, 0, 0, 0, 0, 0, 0, 0, 0, 0, 0, 92]], "name": "LineScore"}, {"headers": ["GAME_ID", "HOME_TEAM_ID", "VISITOR_TEAM_ID", "GAME_DATE_EST", "HOME_TEAM_WINS", "HOME_TEAM_LOSSES", "SERIES_LEADER"], "rowSet": [["0021200022", 1610612760, 1610612757, "2012-11-02T00:00:00", 4, 0, "Oklahoma City"]], "name": "SeasonSeries"}, {"headers": ["GAME_ID", "LAST_GAME_ID", "LAST_GAME_DATE_EST", "LAST_GAME_HOME_TEAM_ID", "LAST_GAME_HOME_TEAM_CITY", "LAST_GAME_HOME_TEAM_NAME", "LAST_GAME_HOME_TEAM_ABBREVIATION", "LAST_GAME_HOME_TEAM_POINTS", "LAST_GAME_VISITOR_TEAM_ID", "LAST_GAME_VISITOR_TEAM_CITY", "LAST_GAME_VISITOR_TEAM_NAME", "LAST_GAME_VISITOR_TEAM_CITY1", "LAST_GAME_VISITOR_TEAM_POINTS"], "rowSet": [["0021200022", "0021100741", "2012-03-27T00:00:00", 1610612760, "Oklahoma City", "Thunder", "OKC", 109, 1610612757, "Portland", "Trail Blazers", "POR", 95]], "name": "LastMeeting"}, {"headers": ["GAME_ID", "TEAM_ID", "TEAM_ABBREVIATION", "TEAM_CITY", "PLAYER_ID", "PLAYER_NAME", "START_POSITION", "COMMENT", "MIN", "FGM", "FGA", "FG_PCT", "FG3M", "FG3A", "FG3_PCT", "FTM", "FTA", "FT_PCT", "OREB", "DREB", "REB", "AST", "STL", "BLK", "TO", "PF", "PTS", "PLUS_MINUS"], "rowSet": [["0021200022", 1610612757, "POR", "Portland", 201587, "Nicolas Batum", "F", "", "36:41", 1, 11, 0.091, 1, 5, 0.2, 0, 0, 0.0, 0, 1, 1, 2, 1, 0, 1, 4, 3, -17.0], ["0021200022", 1610612757, "POR", "Portland", 200746, "LaMarcus Aldridge", "F", "", "35:50", 8, 22, 0.364, 0, 1, 0.0, 6, 6, 1.0, 2, 13, 15, 3, 1, 0, 2, 5, 22, -8.0], ["0021200022", 1610612757, "POR", "Portland", 201581, "JJ Hickson", "C", "", "25:37", 5, 12, 0.417, 0, 0, 0.0, 4, 6, 0.667, 7, 5, 12, 1, 0, 0, 2, 2, 14, -3.0], ["0021200022", 1610612757, "POR", "Portland", 202083, "Wesley Matthews", "G", "", "35:27", 5, 15, 0.333, 4, 9, 0.444, 3, 5, 0.6, 0, 3, 3, 0, 0, 0, 1, 3, 17, 1.0], ["0021200022", 1610612757, "POR", "Portland", 203081, "Damian Lillard", "G", "", "37:33", 9, 19, 0.474, 2, 6, 0.333, 1, 1, 1.0, 1, 2, 3, 7, 1, 0, 2, 1, 21, -9.0], ["0021200022", 1610612757, "POR", "Portland", 203086, "Meyers Leonard", "", "", "14:40", 0, 0, 0.0, 0, 0, 0.0, 3, 4, 0.75, 0, 4, 4, 0, 0, 0, 1, 2, 3, -8.0], ["0021200022", 1610612757, "POR", "Portland", 202701, "Nolan Smith", "", "", "10:27", 1, 1, 1.0, 0, 0, 0.0, 0, 0, 0.0, 0, 0, 0, 1, 0, 0, 2, 2, 2, -5.0], ["0021200022", 1610612757, "POR", "Portland", 2562, "Sasha Pavlovic", "", "", "22:44", 0, 2, 0.0, 0, 2, 0.0, 0, 0, 0.0, 0, 2, 2, 1, 1, 0, 0, 5, 0, -9.0], ["0021200022", 1610612757, "POR", "Portland", 200777, "Joel Freeland", "", "", "6:07", 0, 2, 0.0, 0, 0, 0.0, 2, 2, 1.0, 1, 2, 3, 0, 0, 0, 0, 0, 2, -3.0], ["0021200022", 1610612757, "POR", "Portland", 2407, "Jared Jeffries", "", "", "4:59", 0, 0, 0.0, 0, 0, 0.0, 0, 0, 0.0, 0, 0, 0, 1, 0, 0, 0, 0, 0, 0.0], ["0021200022", 1610612757, "POR", "Portland", 202337, "Luke Babbitt", "", "", "8:47", 3, 5, 0.6, 2, 3, 0.667, 0, 0, 0.0, 0, 1, 1, 1, 0, 0, 0, 1, 8, -6.0], ["0021200022", 1610612757, "POR", "Portland", 203115, "Will Barton", "", "", "1:08", 0, 0, 0.0, 0, 0, 0.0, 0, 0, 0.0, 0, 0, 0, 0, 0, 0, 0, 0, 0, -3.0], ["0021200022", 1610612757, "POR", "Portland", 201964, "Victor Claver", "", "DNP - Coach's Decision", null, null, null, null, null, null, null, null, null, null, null, null, null, null, null, null, null, null, null, null], ["0021200022", 1610612760, "OKC", "Oklahoma City", 201142, "Kevin Durant", "F", "", "42:41", 7, 14, 0.5, 1, 3, 0.333, 8, 12, 0.667, 2, 15, 17, 7, 0, 2, 6, 1, 23, 13.0], ["0021200022", 1610612760, "OKC", "Oklahoma City", 201586, "Serge Ibaka", "F", "", "26:40", 3, 11, 0.273, 0, 0, 0.0, 1, 2, 0.5, 1, 4, 5, 0, 0, 2, 1, 4, 7, 3.0], ["0021200022", 1610612760, "OKC", "Oklahoma City", 2570, "Kendrick Perkins", "C", "", "21:12", 0, 2, 0.0, 0, 0, 0.0, 0, 0, 0.0, 1, 2, 3, 0, 0, 1, 1, 0, 0, -4.0], ["0021200022", 1610612760, "OKC", "Oklahoma City", 200757, "Thabo Sefolosha", "G", "", "18:16", 1, 3, 0.333, 0, 0, 0.0, 0, 0, 0.0, 1, 2, 3, 0, 0, 1, 0, 2, 2, 1.0], ["0021200022", 1610612760, "OKC", "Oklahoma City", 201566, "Russell Westbrook", "G", "", "35:17", 13, 24, 0.542, 0, 2, 0.0, 6, 8, 0.75, 1, 4, 5, 6, 0, 0, 1, 1, 32, 7.0], ["0021200022", 1610612760, "OKC", "Oklahoma City", 2555, "Nick Collison", "", "", "27:38", 5, 6, 0.833, 0, 0, 0.0, 2, 2, 1.0, 0, 5, 5, 2, 1, 1, 1, 5, 12, 11.0], ["0021200022", 1610612760, "OKC", "Oklahoma City", 2755, "Kevin Martin", "", "", "28:48", 5, 11, 0.455, 3, 3, 1.0, 6, 6, 1.0, 1, 2, 3, 2, 1, 1, 0, 2, 19, 10.0], ["0021200022", 1610612760, "OKC", "Oklahoma City", 201934, "Hasheem Thabeet", "", "", "17:31", 2, 2, 1.0, 0, 0, 0.0, 0, 1, 0.0, 1, 3, 4, 0, 0, 2, 1, 6, 4, 13.0], ["0021200022", 1610612760, "OKC", "Oklahoma City", 201953, "Eric Maynor", "", "", "15:30", 1, 1, 1.0, 0, 0, 0.0, 0, 1, 0.0, 0, 0, 0, 0, 0, 0, 1, 1, 2, 12.0], ["0021200022", 1610612760, "OKC", "Oklahoma City", 203103, "Perry Jones", "", "", "5:19", 1, 1, 1.0, 0, 0, 0.0, 0, 0, 0.0, 0, 2, 2, 1, 0, 0, 0, 0, 2, 1.0], ["0021200022", 1610612760, "OKC", "Oklahoma City", 203087, "Jeremy Lamb", "", "", "1:08", 1, 1, 1.0, 1, 1, 1.0, 0, 0, 0.0, 0, 0, 0, 0, 0, 0, 0, 0, 3, 3.0], ["0021200022", 1610612760, "OKC", "Oklahoma City", 202704, "Reggie Jackson", "", "DNP - Coach's Decision", null, null, null, null, null, null, null, null, null, null, null, null, null, null, null, null, null, null, null, null], ["0021200022", 1610612760, "OKC", "Oklahoma City", 202732, "DeAndre Liggins", "", "DNP - Coach's Decision", null, null, null, null, null, null, null, null, null, null, null, null, null, null, null, null, null, null, null, null]], "name": "PlayerStats"}, {"headers": ["GAME_ID", "TEAM_ID", "TEAM_NAME", "TEAM_ABBREVIATION", "TEAM_CITY", "MIN", "FGM", "FGA", "FG_PCT", "FG3M", "FG3A", "FG3_PCT", "FTM", "FTA", "FT_PCT", "OREB", "DREB", "REB", "AST", "STL", "BLK", "TO", "PF", "PTS", "PLUS_MINUS"], "rowSet": [["0021200022", 1610612757, "Trail Blazers", "POR", "Portland", "240:00", 32, 89, 0.36, 9, 26, 0.346, 19, 24, 0.792, 11, 33, 44, 17, 4, 0, 11, 25, 92, -14.0], ["0021200022", 1610612760, "Thunder", "OKC", "Oklahoma City", "240:00", 39, 76, 0.513, 5, 9, 0.556, 23, 32, 0.719, 8, 39, 47, 18, 2, 10, 12, 22, 106, 14.0]], "name": "TeamStats"}, {"headers": ["LEAGUE_ID", "SEASON_ID", "TEAM_ID", "TEAM_ABBREVIATION", "TEAM_CITY", "PTS_PAINT", "PTS_2ND_CHANCE", "PTS_FB", "LARGEST_LEAD", "LEAD_CHANGES", "TIMES_TIED"], "rowSet": [["00", "22012", 1610612760, "OKC", "Oklahoma City", 44, 8, 23, 14, 6, 4], ["00", "22012", 1610612757, "POR", "Portland", 24, 12, 6, 16, 6, 4]], "name": "OtherStats"}, {"headers": ["OFFICIAL_ID", "FIRST_NAME", "LAST_NAME", "JERSEY_NUM"], "rowSet": [[1148, "James", "Capers", "19"], [2003, "Pat", "Fraher", "26"], [101284, "John", "Goble", "30"]], "name": "Officials"}, {"headers": ["GAME_DATE", "ATTENDANCE", "GAME_TIME"], "rowSet": [["FRIDAY, NOVEMBER 2, 2012", 18203, "2:13"]], "name": "GameInfo"}, {"headers": ["PLAYER_ID", "FIRST_NAME", "LAST_NAME", "JERSEY_NUM", "TEAM_ID", "TEAM_CITY", "TEAM_NAME", "TEAM_ABBREVIATION"], "rowSet": [[202350, "Daniel", "Orton", "33", 1610612760, "Oklahoma City", "Thunder", "OKC"], [101179, "Ronnie", "Price", "24", 1610612757, "Portland", "Trail Blazers", "POR"], [202343, "Elliot", "Williams", " 9", 1610612757, "Portland", "Trail Blazers", "POR"]], "name": "InactivePlayers"}, {"headers": ["VIDEO_AVAILABLE_FLAG"], "rowSet": [[1]], "name": "AvailableVideo"}], "parameters": {"GameID": "0021200022", "RangeType": 0, "StartPeriod": 0, "StartRange": 0, "EndPeriod": 0, "EndRange": 0}}