{"resource": "boxscore", "resultSets": [{"headers": ["GAME_DATE_EST", "GAME_SEQUENCE", "GAME_ID", "GAME_STATUS_ID", "GAME_STATUS_TEXT", "GAMECODE", "HOME_TEAM_ID", "VISITOR_TEAM_ID", "SEASON", "LIVE_PERIOD", "LIVE_PC_TIME", "NATL_TV_BROADCASTER_ABBREVIATION", "LIVE_PERIOD_TIME_BCAST", "WH_STATUS"], "rowSet": [["2012-11-03T00:00:00", 9, "0021200035", 3, "Final", "20121103/UTASAS", 1610612759, 1610612762, "2012", 4, "", null, "Q4  - ", 1]], "name": "GameSummary"}, {"headers": ["GAME_DATE_EST", "GAME_SEQUENCE", "GAME_ID", "TEAM_ID", "TEAM_ABBREVIATION", "TEAM_CITY_NAME", "TEAM_WINS_LOSSES", "PTS_QTR1", "PTS_QTR2", "PTS_QTR3", "PTS_QTR4", "PTS_OT1", "PTS_OT2", "PTS_OT3", "PTS_OT4", "PTS_OT5", "PTS_OT6", "PTS_OT7", "PTS_OT8", "PTS_OT9", "PTS_OT10", "PTS"], "rowSet": [["2012-11-03T00:00:00", 9, "0021200035", 1610612762, "UTA", "Utah", "1-2", 17, 27, 35, 21, 0, 0, 0, 0, 0, 0, 0, 0, 0, 0, 100], ["2012-11-03T00:00:00", 9, "0021200035", 1610612759, "SAS", "San Antonio", "3-0", 28, 34, 17, 31, 0, 0, 0, 0, 0, 0, 0, 0, 0, 0, 110]], "name": "LineScore"}, {"headers": ["GAME_ID", "HOME_TEAM_ID", "VISITOR_TEAM_ID", "GAME_DATE_EST", "HOME_TEAM_WINS", "HOME_TEAM_LOSSES", "SERIES_LEADER"], "rowSet": [["0021200035", 1610612759, 1610612762, "2012-11-03T00:00:00", 2, 1, "San Antonio"]], "name": "SeasonSeries"}, {"headers": ["GAME_ID", "LAST_GAME_ID", "LAST_GAME_DATE_EST", "LAST_GAME_HOME_TEAM_ID", "LAST_GAME_HOME_TEAM_CITY", "LAST_GAME_HOME_TEAM_NAME", "LAST_GAME_HOME_TEAM_ABBREVIATION", "LAST_GAME_HOME_TEAM_POINTS", "LAST_GAME_VISITOR_TEAM_ID", "LAST_GAME_VISITOR_TEAM_CITY", "LAST_GAME_VISITOR_TEAM_NAME", "LAST_GAME_VISITOR_TEAM_CITY1", "LAST_GAME_VISITOR_TEAM_POINTS"], "rowSet": [["0021200035", "0041100144", "2012-05-07T00:00:00", 1610612759, "San Antonio", "Spurs", "SAS", 87, 1610612762, "Utah", "Jazz", "UTA", 81]], "name": "LastMeeting"}, {"headers": ["GAME_ID", "TEAM_ID", "TEAM_ABBREVIATION", "TEAM_CITY", "PLAYER_ID", "PLAYER_NAME", "START_POSITION", "COMMENT", "MIN", "FGM", "FGA", "FG_PCT", "FG3M", "FG3A", "FG3_PCT", "FTM", "FTA", "FT_PCT", "OREB", "DREB", "REB", "AST", "STL", "BLK", "TO", "PF", "PTS", "PLUS_MINUS"], "rowSet": [["0021200035", 1610612762, "UTA", "Utah", 101107, "Marvin Williams", "F", "", "24:37", 4, 9, 0.444, 0, 1, 0.0, 0, 0, 0.0, 2, 2, 4, 1, 0, 0, 1, 0, 8, 3.0], ["0021200035", 1610612762, "UTA", "Utah", 200794, "Paul Millsap", "F", "", "31:10", 5, 10, 0.5, 2, 2, 1.0, 5, 6, 0.833, 5, 5, 10, 0, 3, 3, 4, 4, 17, 1.0], ["0021200035", 1610612762, "UTA", "Utah", 2744, "Al Jefferson", "C", "", "34:45", 8, 16, 0.5, 0, 0, 0.0, 0, 0, 0.0, 1, 7, 8, 2, 1, 2, 1, 5, 16, 0.0], ["0021200035", 1610612762, "UTA", "Utah", 202330, "Gordon Hayward", "G", "", "35:45", 5, 11, 0.455, 1, 5, 0.2, 4, 4, 1.0, 1, 2, 3, 2, 3, 1, 2, 1, 15, -10.0], ["0021200035", 1610612762, "UTA", "Utah", 2590, "Mo Williams", "G", "", "38:32", 9, 13, 0.692, 2, 2, 1.0, 9, 9, 1.0, 0, 0, 0, 9, 2, 0, 2, 1, 29, -1.0], ["0021200035", 1610612762, "UTA", "Utah", 202324, "Derrick Favors", "", "", "23:10", 3, 5, 0.6, 0, 0, 0.0, 0, 0, 0.0, 0, 2, 2, 1, 0, 1, 1, 4, 6, -14.0], ["0021200035", 1610612762, "UTA", "Utah", 200751, "Randy Foye", "", "", "25:01", 3, 8, 0.375, 0, 3, 0.0, 1, 1, 1.0, 0, 0, 0, 1, 0, 0, 2, 1, 7, -7.0], ["0021200035", 1610612762, "UTA", "Utah", 2224, "Jamaal Tinsley", "", "", "9:28", 1, 3, 0.333, 0, 0, 0.0, 0, 0, 0.0, 0, 2, 2, 0, 0, 0, 2, 1, 2, -9.0], ["0021200035", 1610612762, "UTA", "Utah", 202683, "Enes Kanter", "", "", "11:22", 0, 2, 0.0, 0, 0, 0.0, 0, 0, 0.0, 0, 2, 2, 0, 0, 0, 1, 4, 0, -6.0], ["0021200035", 1610612762, "UTA", "Utah", 201960, "DeMarre Carroll", "", "", "6:10", 0, 0, 0.0, 0, 0, 0.0, 0, 2, 0.0, 0, 1, 1, 1, 2, 0, 0, 1, 0, -7.0], ["0021200035", 1610612762, "UTA", "Utah", 202692, "Alec Burks", "", "DNP - Coach's Decision", null, null, null, null, null, null, null, null, null, null, null, null, null, null, null, null, null, null, null, null], ["0021200035", 1610612762, "UTA", "Utah", 202379, "Jeremy Evans", "", "DNP - Coach's Decision", null, null, null, null, null, null, null, null, null, null, null, null, null, null, null, null, null, null, null, null], ["0021200035", 1610612762, "UTA", "Utah", 203122, "Kevin Murphy", "", "DNP - Coach's Decision", null, null, null, null, null, null, null, null, null, null, null, null, null, null, null, null, null, null, null, null], ["0021200035", 1610612759, "SAS", "San Antonio", 202695, "Kawhi Leonard", "F", "", "32:22", 5, 5, 1.0, 1, 1, 1.0, 2, 2, 1.0, 1, 4, 5, 3, 0, 0, 1, 1, 13, 25.0], ["0021200035", 1610612759, "SAS", "San Antonio", 1495, "Tim Duncan", "F", "", "31:40", 7, 14, 0.5, 0, 0, 0.0, 5, 6, 0.833, 1, 10, 11, 1, 2, 3, 1, 3, 19, 17.0], ["0021200035", 1610612759, "SAS", "San Antonio", 2564, "Boris Diaw", "C", "", "26:31", 1, 3, 0.333, 0, 0, 0.0, 0, 0, 0.0, 1, 2, 3, 3, 1, 0, 2, 4, 2, 13.0], ["0021200035", 1610612759, "SAS", "San Antonio", 201980, "Danny Green", "G", "", "32:30", 8, 9, 0.889, 3, 3, 1.0, 2, 2, 1.0, 0, 0, 0, 3, 1, 0, 1, 0, 21, 10.0], ["0021200035", 1610612759, "SAS", "San Antonio", 2225, "Tony Parker", "G", "", "32:31", 9, 20, 0.45, 1, 1, 1.0, 5, 6, 0.833, 0, 2, 2, 10, 2, 0, 5, 1, 24, 12.0], ["0021200035", 1610612759, "SAS", "San Antonio", 1536, "Stephen Jackson", "", "", "15:38", 1, 3, 0.333, 0, 2, 0.0, 0, 0, 0.0, 0, 3, 3, 1, 1, 1, 2, 2, 2, -15.0], ["0021200035", 1610612759, "SAS", "San Antonio", 201168, "Tiago Splitter", "", "", "19:08", 2, 6, 0.333, 0, 0, 0.0, 1, 3, 0.333, 3, 2, 5, 2, 0, 1, 3, 5, 5, -11.0], ["0021200035", 1610612759, "SAS", "San Antonio", 1938, "Manu Ginobili", "", "", "15:30", 4, 7, 0.571, 0, 2, 0.0, 0, 0, 0.0, 0, 2, 2, 2, 1, 1, 2, 0, 8, 0.0], ["0021200035", 1610612759, "SAS", "San Antonio", 202390, "Gary Neal", "", "", "12:14", 3, 4, 0.75, 1, 2, 0.5, 4, 4, 1.0, 1, 0, 1, 2, 0, 0, 0, 0, 11, -5.0], ["0021200035", 1610612759, "SAS", "San Antonio", 2588, "Matt Bonner", "", "", "18:41", 2, 2, 1.0, 1, 1, 1.0, 0, 0, 0.0, 0, 1, 1, 1, 0, 0, 1, 1, 5, 1.0], ["0021200035", 1610612759, "SAS", "San Antonio", 201986, "Nando De Colo", "", "", "3:15", 0, 1, 0.0, 0, 1, 0.0, 0, 0, 0.0, 0, 0, 0, 1, 0, 0, 0, 1, 0, 3.0], ["0021200035", 1610612759, "SAS", "San Antonio", 201971, "DeJuan Blair", "", "DNP - Coach's Decision", null, null, null, null, null, null, null, null, null, null, null, null, null, null, null, null, null, null, null, null], ["0021200035", 1610612759, "SAS", "San Antonio", 201988, "Patty Mills", "", "DNP - Coach's Decision", null, null, null, null, null, null, null, null, null, null, null, null, null, null, null, null, null, null, null, null]], "name": "PlayerStats"}, {"headers": ["GAME_ID", "TEAM_ID", "TEAM_NAME", "TEAM_ABBREVIATION", "TEAM_CITY", "MIN", "FGM", "FGA", "FG_PCT", "FG3M", "FG3A", "FG3_PCT", "FTM", "FTA", "FT_PCT", "OREB", "DREB", "REB", "AST", "STL", "BLK", "TO", "PF", "PTS", "PLUS_MINUS"], "rowSet": [["0021200035", 1610612762, "Jazz", "UTA", "Utah", "240:00", 38, 77, 0.494, 5, 13, 0.385, 19, 22, 0.864, 9, 23, 32, 17, 11, 7, 16, 22, 100, -10.0], ["0021200035", 1610612759, "Spurs", "SAS", "San Antonio", "240:00", 42, 74, 0.568, 7, 13, 0.538, 19, 23, 0.826, 7, 26, 33, 29, 8, 6, 18, 18, 110, 10.0]], "name": "TeamStats"}, {"headers": ["LEAGUE_ID", "SEASON_ID", "TEAM_ID", "TEAM_ABBREVIATION", "TEAM_CITY", "PTS_PAINT", "PTS_2ND_CHANCE", "PTS_FB", "LARGEST_LEAD", "LEAD_CHANGES", "TIMES_TIED"], "rowSet": [["00", "22012", 1610612759, "SAS", "San Antonio", 44, 10, 8, 19, 0, 3], ["00", "22012", 1610612762, "UTA", "Utah", 38, 8, 15, 19, 0, 3]], "name": "OtherStats"}, {"headers": ["OFFICIAL_ID", "FIRST_NAME", "LAST_NAME", "JERSEY_NUM"], "rowSet": [[2715, "Eric", "Lewis", "42"], [2534, "Zach", "Zarba", "28"], [201245, "Marat", "Kogut", "68"]], "name": "Officials"}, {"headers": ["GAME_DATE", "ATTENDANCE", "GAME_TIME"], "rowSet": [["SATURDAY, NOVEMBER 3, 2012", 18581, "2:08"]], "name": "GameInfo"}, {"headers": ["PLAYER_ID", "FIRST_NAME", "LAST_NAME", "JERSEY_NUM", "TEAM_ID", "TEAM_CITY", "TEAM_NAME", "TEAM_ABBREVIATION"], "rowSet": [[2248, "Earl", "Watson", "11", 1610612762, "Utah", "Jazz", "UTA"], [1952, "Raja", "Bell", "19", 1610612762, "Utah", "Jazz", "UTA"], [202709, "Cory", "Joseph", " 5", 1610612759, "San Antonio", "Spurs", "SAS"]], "name": "InactivePlayers"}, {"headers": ["VIDEO_AVAILABLE_FLAG"], "rowSet": [[1]], "name": "AvailableVideo"}], "parameters": {"GameID": "0021200035", "RangeType": 0, "StartPeriod": 0, "StartRange": 0, "EndPeriod": 0, "EndRange": 0}}