{"resource": "boxscore", "resultSets": [{"headers": ["GAME_DATE_EST", "GAME_SEQUENCE", "GAME_ID", "GAME_STATUS_ID", "GAME_STATUS_TEXT", "GAMECODE", "HOME_TEAM_ID", "VISITOR_TEAM_ID", "SEASON", "LIVE_PERIOD", "LIVE_PC_TIME", "NATL_TV_BROADCASTER_ABBREVIATION", "LIVE_PERIOD_TIME_BCAST", "WH_STATUS"], "rowSet": [["2012-11-07T00:00:00", 8, "0021200060", 3, "Final", "20121107/ORLMIN", 1610612750, 1610612753, "2012", 4, "", null, "Q4  - ", 1]], "name": "GameSummary"}, {"headers": ["GAME_DATE_EST", "GAME_SEQUENCE", "GAME_ID", "TEAM_ID", "TEAM_ABBREVIATION", "TEAM_CITY_NAME", "TEAM_WINS_LOSSES", "PTS_QTR1", "PTS_QTR2", "PTS_QTR3", "PTS_QTR4", "PTS_OT1", "PTS_OT2", "PTS_OT3", "PTS_OT4", "PTS_OT5", "PTS_OT6", "PTS_OT7", "PTS_OT8", "PTS_OT9", "PTS_OT10", "PTS"], "rowSet": [["2012-11-07T00:00:00", 8, "0021200060", 1610612753, "ORL", "Orlando", "2-2", 12, 22, 21, 20, 0, 0, 0, 0, 0, 0, 0, 0, 0, 0, 75], ["2012-11-07T00:00:00", 8, "0021200060", 1610612750, "MIN", "Minnesota", "3-1", 25, 13, 30, 22, 0, 0, 0, 0, 0, 0, 0, 0, 0, 0, 90]], "name": "LineScore"}, {"headers": ["GAME_ID", "HOME_TEAM_ID", "VISITOR_TEAM_ID", "GAME_DATE_EST", "HOME_TEAM_WINS", "HOME_TEAM_LOSSES", "SERIES_LEADER"], "rowSet": [["0021200060", 1610612750, 1610612753, "2012-11-07T00:00:00", 1, 1, "Tied"]], "name": "SeasonSeries"}, {"headers": ["GAME_ID", "LAST_GAME_ID", "LAST_GAME_DATE_EST", "LAST_GAME_HOME_TEAM_ID", "LAST_GAME_HOME_TEAM_CITY", "LAST_GAME_HOME_TEAM_NAME", "LAST_GAME_HOME_TEAM_ABBREVIATION", "LAST_GAME_HOME_TEAM_POINTS", "LAST_GAME_VISITOR_TEAM_ID", "LAST_GAME_VISITOR_TEAM_CITY", "LAST_GAME_VISITOR_TEAM_NAME", "LAST_GAME_VISITOR_TEAM_CITY1", "LAST_GAME_VISITOR_TEAM_POINTS"], "rowSet": [["0021200060", "0021100415", "2012-02-13T00:00:00", 1610612750, "Minnesota", "Timberwolves", "MIN", 89, 1610612753, "Orlando", "Magic", "ORL", 102]], "name": "LastMeeting"}, {"headers": ["GAME_ID", "TEAM_ID", "TEAM_ABBREVIATION", "TEAM_CITY", "PLAYER_ID", "PLAYER_NAME", "START_POSITION", "COMMENT", "MIN", "FGM", "FGA", "FG_PCT", "FG3M", "FG3A", "FG3_PCT", "FTM", "FTA", "FT_PCT", "OREB", "DREB", "REB", "AST", "STL", "BLK", "TO", "PF", "PTS", "PLUS_MINUS"], "rowSet": [["0021200060", 1610612753, "ORL", "Orlando", 201177, "Josh McRoberts", "F", "", "22:22", 3, 8, 0.375, 1, 1, 1.0, 0, 0, 0.0, 2, 2, 4, 1, 1, 1, 1, 1, 7, -23.0], ["0021200060", 1610612753, "ORL", "Orlando", 201175, "Glen Davis", "F", "", "19:18", 2, 9, 0.222, 0, 0, 0.0, 0, 1, 0.0, 2, 4, 6, 3, 0, 0, 4, 3, 4, -16.0], ["0021200060", 1610612753, "ORL", "Orlando", 202696, "Nikola Vucevic", "C", "", "17:58", 1, 4, 0.25, 0, 0, 0.0, 0, 0, 0.0, 1, 3, 4, 0, 0, 0, 0, 2, 2, -15.0], ["0021200060", 1610612753, "ORL", "Orlando", 201167, "Arron Afflalo", "G", "", "28:07", 5, 11, 0.455, 1, 3, 0.333, 1, 1, 1.0, 0, 3, 3, 0, 0, 0, 2, 3, 12, -19.0], ["0021200060", 1610612753, "ORL", "Orlando", 202734, "E'Twaun Moore", "G", "", "35:47", 4, 14, 0.286, 0, 3, 0.0, 2, 4, 0.5, 2, 3, 5, 5, 1, 0, 4, 0, 10, -16.0], ["0021200060", 1610612753, "ORL", "Orlando", 200755, "JJ Redick", "", "", "19:42", 5, 12, 0.417, 1, 4, 0.25, 5, 5, 1.0, 0, 2, 2, 1, 0, 0, 5, 1, 16, -11.0], ["0021200060", 1610612753, "ORL", "Orlando", 202970, "Gustavo Ayon", "", "", "19:47", 3, 5, 0.6, 0, 0, 0.0, 0, 0, 0.0, 1, 3, 4, 1, 1, 0, 1, 3, 6, -3.0], ["0021200060", 1610612753, "ORL", "Orlando", 203094, "Andrew Nicholson", "", "", "26:31", 3, 8, 0.375, 0, 0, 0.0, 5, 5, 1.0, 2, 3, 5, 0, 0, 2, 2, 5, 11, 6.0], ["0021200060", 1610612753, "ORL", "Orlando", 202397, "Ish Smith", "", "", "20:04", 0, 3, 0.0, 0, 0, 0.0, 0, 0, 0.0, 0, 2, 2, 4, 0, 1, 0, 0, 0, 11.0], ["0021200060", 1610612753, "ORL", "Orlando", 203090, "Maurice Harkless", "", "", "22:20", 2, 6, 0.333, 0, 1, 0.0, 3, 4, 0.75, 2, 3, 5, 2, 3, 2, 0, 4, 7, 3.0], ["0021200060", 1610612753, "ORL", "Orlando", 203124, "Kyle O'Quinn", "", "", "8:04", 0, 0, 0.0, 0, 0, 0.0, 0, 0, 0.0, 0, 1, 1, 0, 0, 1, 0, 0, 0, 8.0], ["0021200060", 1610612753, "ORL", "Orlando", 203199, "DeQuan Jones", "", "DNP - Coach's Decision", null, null, null, null, null, null, null, null, null, null, null, null, null, null, null, null, null, null, null, null], ["0021200060", 1610612753, "ORL", "Orlando", 2749, "Jameer Nelson", "", "DNP - Coach's Decision", null, null, null, null, null, null, null, null, null, null, null, null, null, null, null, null, null, null, null, null], ["0021200060", 1610612750, "MIN", "Minnesota", 1905, "Andrei Kirilenko", "F", "", "30:40", 3, 5, 0.6, 0, 1, 0.0, 1, 2, 0.5, 2, 3, 5, 0, 3, 2, 3, 1, 7, 19.0], ["0021200060", 1610612750, "MIN", "Minnesota", 202682, "Derrick Williams", "F", "", "30:00", 5, 10, 0.5, 2, 5, 0.4, 2, 2, 1.0, 2, 4, 6, 1, 2, 0, 0, 0, 14, 24.0], ["0021200060", 1610612750, "MIN", "Minnesota", 201593, "Nikola Pekovic", "C", "", "25:04", 5, 9, 0.556, 0, 0, 0.0, 1, 2, 0.5, 1, 4, 5, 0, 1, 2, 5, 3, 11, 10.0], ["0021200060", 1610612750, "MIN", "Minnesota", 200750, "Brandon Roy", "G", "", "26:04", 1, 6, 0.167, 0, 1, 0.0, 1, 2, 0.5, 1, 4, 5, 9, 0, 0, 1, 2, 3, 19.0], ["0021200060", 1610612750, "MIN", "Minnesota", 2557, "Luke Ridnour", "G", "", "30:36", 6, 9, 0.667, 3, 4, 0.75, 4, 5, 0.8, 1, 4, 5, 3, 1, 1, 3, 1, 19, 18.0], ["0021200060", 1610612750, "MIN", "Minnesota", 201880, "Greg Stiemsma", "", "", "21:03", 6, 7, 0.857, 0, 0, 0.0, 0, 0, 0.0, 1, 4, 5, 0, 1, 2, 1, 4, 12, 6.0], ["0021200060", 1610612750, "MIN", "Minnesota", 200826, "Jose Juan Barea", "", "", "12:21", 0, 3, 0.0, 0, 1, 0.0, 1, 2, 0.5, 2, 0, 2, 5, 1, 0, 3, 1, 1, 9.0], ["0021200060", 1610612750, "MIN", "Minnesota", 201967, "Dante Cunningham", "", "", "13:30", 2, 5, 0.4, 0, 0, 0.0, 0, 0, 0.0, 2, 2, 4, 0, 0, 0, 0, 2, 4, 0.0], ["0021200060", 1610612750, "MIN", "Minnesota", 201978, "Chase Budinger", "", "", "17:12", 3, 9, 0.333, 1, 4, 0.25, 3, 5, 0.6, 0, 1, 1, 1, 1, 1, 1, 2, 10, 8.0], ["0021200060", 1610612750, "MIN", "Minnesota", 203144, "Alexey Shved", "", "", "17:15", 3, 6, 0.5, 1, 3, 0.333, 0, 0, 0.0, 0, 4, 4, 3, 1, 1, 0, 0, 7, -4.0], ["0021200060", 1610612750, "MIN", "Minnesota", 200811, "Lou Amundson", "", "", "6:28", 0, 1, 0.0, 0, 0, 0.0, 0, 0, 0.0, 0, 2, 2, 0, 0, 0, 2, 1, 0, -10.0], ["0021200060", 1610612750, "MIN", "Minnesota", 101215, "Will Conroy", "", "", "5:03", 0, 3, 0.0, 0, 1, 0.0, 0, 0, 0.0, 0, 0, 0, 0, 0, 0, 0, 1, 0, -12.0], ["0021200060", 1610612750, "MIN", "Minnesota", 202723, "Malcolm Lee", "", "", "4:44", 0, 3, 0.0, 0, 0, 0.0, 2, 2, 1.0, 1, 1, 2, 0, 0, 0, 0, 0, 2, -12.0]], "name": "PlayerStats"}, {"headers": ["GAME_ID", "TEAM_ID", "TEAM_NAME", "TEAM_ABBREVIATION", "TEAM_CITY", "MIN", "FGM", "FGA", "FG_PCT", "FG3M", "FG3A", "FG3_PCT", "FTM", "FTA", "FT_PCT", "OREB", "DREB", "REB", "AST", "STL", "BLK", "TO", "PF", "PTS", "PLUS_MINUS"], "rowSet": [["0021200060", 1610612753, "Magic", "ORL", "Orlando", "240:00", 28, 80, 0.35, 3, 12, 0.25, 16, 20, 0.8, 12, 29, 41, 17, 6, 7, 19, 22, 75, -15.0], ["0021200060", 1610612750, "Timberwolves", "MIN", "Minnesota", "240:00", 34, 76, 0.447, 7, 20, 0.35, 15, 22, 0.682, 13, 33, 46, 22, 11, 9, 19, 18, 90, 15.0]], "name": "TeamStats"}, {"headers": ["LEAGUE_ID", "SEASON_ID", "TEAM_ID", "TEAM_ABBREVIATION", "TEAM_CITY", "PTS_PAINT", "PTS_2ND_CHANCE", "PTS_FB", "LARGEST_LEAD", "LEAD_CHANGES", "TIMES_TIED"], "rowSet": [["00", "22012", 1610612750, "MIN", "Minnesota", 38, 13, 11, 27, 0, 0], ["00", "22012", 1610612753, "ORL", "Orlando", 26, 5, 12, 27, 0, 0]], "name": "OtherStats"}, {"headers": ["OFFICIAL_ID", "FIRST_NAME", "LAST_NAME", "JERSEY_NUM"], "rowSet": [[1662, "Bill", "Kennedy", "55"], [101284, "John", "Goble", "30"], [202053, "Scott", "Twardoski", "52"]], "name": "Officials"}, {"headers": ["GAME_DATE", "ATTENDANCE", "GAME_TIME"], "rowSet": [["WEDNESDAY, NOVEMBER 7, 2012", 17121, "2:06"]], "name": "GameInfo"}, {"headers": ["PLAYER_ID", "FIRST_NAME", "LAST_NAME", "JERSEY_NUM", "TEAM_ID", "TEAM_CITY", "TEAM_NAME", "TEAM_ABBREVIATION"], "rowSet": [[1733, "Al", "Harrington", " 3", 1610612753, "Orlando", "Magic", "ORL"], [2045, "Hedo", "Turkoglu", "15", 1610612753, "Orlando", "Magic", "ORL"], [201567, "Kevin", "Love", "42", 1610612750, "Minnesota", "Timberwolves", "MIN"], [201937, "Ricky", "Rubio", " 9", 1610612750, "Minnesota", "Timberwolves", "MIN"]], "name": "InactivePlayers"}, {"headers": ["VIDEO_AVAILABLE_FLAG"], "rowSet": [[1]], "name": "AvailableVideo"}], "parameters": {"GameID": "0021200060", "RangeType": 0, "StartPeriod": 0, "StartRange": 0, "EndPeriod": 0, "EndRange": 0}}