{"resource": "boxscore", "resultSets": [{"headers": ["GAME_DATE_EST", "GAME_SEQUENCE", "GAME_ID", "GAME_STATUS_ID", "GAME_STATUS_TEXT", "GAMECODE", "HOME_TEAM_ID", "VISITOR_TEAM_ID", "SEASON", "LIVE_PERIOD", "LIVE_PC_TIME", "NATL_TV_BROADCASTER_ABBREVIATION", "LIVE_PERIOD_TIME_BCAST", "WH_STATUS"], "rowSet": [["2012-11-02T00:00:00", 5, "0021200019", 3, "Final", "20121102/CHICLE", 1610612739, 1610612741, "2012", 4, "", null, "Q4  - ", 1]], "name": "GameSummary"}, {"headers": ["GAME_DATE_EST", "GAME_SEQUENCE", "GAME_ID", "TEAM_ID", "TEAM_ABBREVIATION", "TEAM_CITY_NAME", "TEAM_WINS_LOSSES", "PTS_QTR1", "PTS_QTR2", "PTS_QTR3", "PTS_QTR4", "PTS_OT1", "PTS_OT2", "PTS_OT3", "PTS_OT4", "PTS_OT5", "PTS_OT6", "PTS_OT7", "PTS_OT8", "PTS_OT9", "PTS_OT10", "PTS"], "rowSet": [["2012-11-02T00:00:00", 5, "0021200019", 1610612739, "CLE", "Cleveland", "1-1", 16, 19, 21, 30, 0, 0, 0, 0, 0, 0, 0, 0, 0, 0, 86], ["2012-11-02T00:00:00", 5, "0021200019", 1610612741, "CHI", "Chicago", "2-0", 32, 28, 23, 32, 0, 0, 0, 0, 0, 0, 0, 0, 0, 0, 115]], "name": "LineScore"}, {"headers": ["GAME_ID", "HOME_TEAM_ID", "VISITOR_TEAM_ID", "GAME_DATE_EST", "HOME_TEAM_WINS", "HOME_TEAM_LOSSES", "SERIES_LEADER"], "rowSet": [["0021200019", 1610612739, 1610612741, "2012-11-02T00:00:00", 1, 3, "Chicago"]], "name": "SeasonSeries"}, {"headers": ["GAME_ID", "LAST_GAME_ID", "LAST_GAME_DATE_EST", "LAST_GAME_HOME_TEAM_ID", "LAST_GAME_HOME_TEAM_CITY", "LAST_GAME_HOME_TEAM_NAME", "LAST_GAME_HOME_TEAM_ABBREVIATION", "LAST_GAME_HOME_TEAM_POINTS", "LAST_GAME_VISITOR_TEAM_ID", "LAST_GAME_VISITOR_TEAM_CITY", "LAST_GAME_VISITOR_TEAM_NAME", "LAST_GAME_VISITOR_TEAM_CITY1", "LAST_GAME_VISITOR_TEAM_POINTS"], "rowSet": [["0021200019", "0011200032", "2012-10-12T00:00:00", 1610612739, "Cleveland", "Cavaliers", "CLE", 86, 1610612741, "Chicago", "Bulls", "CHI", 83]], "name": "LastMeeting"}, {"headers": ["GAME_ID", "TEAM_ID", "TEAM_ABBREVIATION", "TEAM_CITY", "PLAYER_ID", "PLAYER_NAME", "START_POSITION", "COMMENT", "MIN", "FGM", "FGA", "FG_PCT", "FG3M", "FG3A", "FG3_PCT", "FTM", "FTA", "FT_PCT", "OREB", "DREB", "REB", "AST", "STL", "BLK", "TO", "PF", "PTS", "PLUS_MINUS"], "rowSet": [["0021200019", 1610612741, "CHI", "Chicago", 2736, "Luol Deng", "F", "", "30:50", 5, 8, 0.625, 1, 2, 0.5, 3, 3, 1.0, 1, 4, 5, 1, 1, 2, 1, 0, 14, 27.0], ["0021200019", 1610612741, "CHI", "Chicago", 2430, "Carlos Boozer", "F", "", "27:13", 7, 11, 0.636, 0, 0, 0.0, 5, 7, 0.714, 1, 6, 7, 6, 1, 0, 3, 2, 19, 18.0], ["0021200019", 1610612741, "CHI", "Chicago", 201149, "Joakim Noah", "C", "", "31:45", 4, 6, 0.667, 0, 0, 0.0, 2, 2, 1.0, 1, 4, 5, 1, 2, 0, 4, 3, 10, 30.0], ["0021200019", 1610612741, "CHI", "Chicago", 1888, "Richard Hamilton", "G", "", "26:35", 8, 12, 0.667, 0, 2, 0.0, 3, 3, 1.0, 0, 1, 1, 2, 0, 0, 2, 2, 19, 18.0], ["0021200019", 1610612741, "CHI", "Chicago", 2550, "Kirk Hinrich", "G", "", "17:23", 3, 4, 0.75, 0, 0, 0.0, 3, 4, 0.75, 1, 2, 3, 6, 1, 1, 0, 4, 9, 21.0], ["0021200019", 1610612741, "CHI", "Chicago", 201158, "Marco Belinelli", "", "", "21:25", 3, 4, 0.75, 0, 1, 0.0, 2, 3, 0.667, 0, 2, 2, 0, 1, 0, 1, 1, 8, 11.0], ["0021200019", 1610612741, "CHI", "Chicago", 201959, "Taj Gibson", "", "", "18:12", 3, 7, 0.429, 0, 0, 0.0, 2, 4, 0.5, 0, 6, 6, 1, 0, 1, 1, 2, 8, 9.0], ["0021200019", 1610612741, "CHI", "Chicago", 1737, "Nazr Mohammed", "", "", "16:15", 0, 1, 0.0, 0, 0, 0.0, 1, 2, 0.5, 0, 3, 3, 1, 0, 0, 1, 2, 1, -1.0], ["0021200019", 1610612741, "CHI", "Chicago", 101126, "Nate Robinson", "", "", "27:05", 7, 9, 0.778, 2, 3, 0.667, 0, 0, 0.0, 0, 5, 5, 12, 1, 0, 3, 3, 16, 6.0], ["0021200019", 1610612741, "CHI", "Chicago", 202710, "Jimmy Butler", "", "", "17:10", 3, 4, 0.75, 0, 0, 0.0, 2, 2, 1.0, 1, 3, 4, 1, 0, 0, 1, 0, 8, 2.0], ["0021200019", 1610612741, "CHI", "Chicago", 203104, "Marquis Teague", "", "", "3:32", 0, 1, 0.0, 0, 0, 0.0, 0, 0, 0.0, 0, 0, 0, 3, 0, 0, 0, 1, 0, 2.0], ["0021200019", 1610612741, "CHI", "Chicago", 2209, "Vladimir Radmanovic", "", "", "2:35", 1, 2, 0.5, 1, 2, 0.5, 0, 0, 0.0, 0, 0, 0, 0, 0, 0, 0, 1, 3, 2.0], ["0021200019", 1610612739, "CLE", "Cleveland", 202087, "Alonzo Gee", "F", "", "24:49", 4, 9, 0.444, 2, 3, 0.667, 2, 2, 1.0, 2, 2, 4, 1, 1, 0, 3, 2, 12, -13.0], ["0021200019", 1610612739, "CLE", "Cleveland", 202684, "Tristan Thompson", "F", "", "23:32", 2, 6, 0.333, 0, 0, 0.0, 2, 2, 1.0, 2, 3, 5, 1, 0, 0, 1, 3, 6, -5.0], ["0021200019", 1610612739, "CLE", "Cleveland", 2760, "Anderson Varejao", "C", "", "29:32", 5, 8, 0.625, 0, 0, 0.0, 2, 2, 1.0, 2, 3, 5, 2, 0, 0, 1, 0, 12, -18.0], ["0021200019", 1610612739, "CLE", "Cleveland", 203079, "Dion Waiters", "G", "", "25:02", 3, 7, 0.429, 1, 2, 0.5, 0, 2, 0.0, 0, 2, 2, 4, 1, 1, 2, 2, 7, -9.0], ["0021200019", 1610612739, "CLE", "Cleveland", 202681, "Kyrie Irving", "G", "", "30:01", 6, 15, 0.4, 0, 1, 0.0, 3, 6, 0.5, 1, 1, 2, 4, 1, 0, 4, 2, 15, -21.0], ["0021200019", 1610612739, "CLE", "Cleveland", 203092, "Tyler Zeller", "", "", "14:17", 3, 5, 0.6, 0, 0, 0.0, 2, 5, 0.4, 2, 0, 2, 0, 2, 0, 1, 4, 8, -7.0], ["0021200019", 1610612739, "CLE", "Cleveland", 101139, "CJ Miles", "", "", "18:27", 3, 11, 0.273, 2, 5, 0.4, 0, 0, 0.0, 0, 1, 1, 2, 1, 0, 1, 1, 8, -11.0], ["0021200019", 1610612739, "CLE", "Cleveland", 200789, "Daniel Gibson", "", "", "20:59", 1, 4, 0.25, 1, 3, 0.333, 0, 0, 0.0, 0, 3, 3, 4, 1, 0, 3, 6, 3, -17.0], ["0021200019", 1610612739, "CLE", "Cleveland", 2575, "Luke Walton", "", "", "4:26", 0, 3, 0.0, 0, 1, 0.0, 0, 0, 0.0, 0, 0, 0, 0, 0, 0, 0, 2, 0, -11.0], ["0021200019", 1610612739, "CLE", "Cleveland", 202396, "Samardo Samuels", "", "", "17:50", 3, 5, 0.6, 0, 0, 0.0, 1, 2, 0.5, 1, 4, 5, 0, 0, 0, 0, 2, 7, -11.0], ["0021200019", 1610612739, "CLE", "Cleveland", 202388, "Donald Sloan", "", "", "17:59", 1, 3, 0.333, 1, 2, 0.5, 1, 2, 0.5, 1, 1, 2, 5, 0, 0, 1, 1, 4, -8.0], ["0021200019", 1610612739, "CLE", "Cleveland", 201956, "Omri Casspi", "", "", "6:43", 1, 2, 0.5, 1, 2, 0.5, 1, 4, 0.25, 0, 0, 0, 0, 0, 0, 0, 0, 4, -8.0], ["0021200019", 1610612739, "CLE", "Cleveland", 202720, "Jon Leuer", "", "", "6:23", 0, 1, 0.0, 0, 1, 0.0, 0, 0, 0.0, 0, 2, 2, 0, 0, 0, 0, 0, 0, -6.0]], "name": "PlayerStats"}, {"headers": ["GAME_ID", "TEAM_ID", "TEAM_NAME", "TEAM_ABBREVIATION", "TEAM_CITY", "MIN", "FGM", "FGA", "FG_PCT", "FG3M", "FG3A", "FG3_PCT", "FTM", "FTA", "FT_PCT", "OREB", "DREB", "REB", "AST", "STL", "BLK", "TO", "PF", "PTS", "PLUS_MINUS"], "rowSet": [["0021200019", 1610612739, "Cavaliers", "CLE", "Cleveland", "240:00", 32, 79, 0.405, 8, 20, 0.4, 14, 27, 0.519, 11, 22, 33, 23, 7, 1, 17, 25, 86, -29.0], ["0021200019", 1610612741, "Bulls", "CHI", "Chicago", "240:00", 44, 69, 0.638, 4, 10, 0.4, 23, 30, 0.767, 5, 36, 41, 34, 7, 4, 17, 21, 115, 29.0]], "name": "TeamStats"}, {"headers": ["LEAGUE_ID", "SEASON_ID", "TEAM_ID", "TEAM_ABBREVIATION", "TEAM_CITY", "PTS_PAINT", "PTS_2ND_CHANCE", "PTS_FB", "LARGEST_LEAD", "LEAD_CHANGES", "TIMES_TIED"], "rowSet": [["00", "22012", 1610612739, "CLE", "Cleveland", 36, 17, 11, 31, 0, 0], ["00", "22012", 1610612741, "CHI", "Chicago", 48, 2, 15, 30, 0, 0]], "name": "OtherStats"}, {"headers": ["OFFICIAL_ID", "FIRST_NAME", "LAST_NAME", "JERSEY_NUM"], "rowSet": [[1176, "Monty", "McCutchen", "13"], [2004, "Courtney", "Kirkland", "61"], [203177, "Lauren", "Holtkamp", "37"]], "name": "Officials"}, {"headers": ["GAME_DATE", "ATTENDANCE", "GAME_TIME"], "rowSet": [["FRIDAY, NOVEMBER 2, 2012", 20562, "2:13"]], "name": "GameInfo"}, {"headers": ["PLAYER_ID", "FIRST_NAME", "LAST_NAME", "JERSEY_NUM", "TEAM_ID", "TEAM_CITY", "TEAM_NAME", "TEAM_ABBREVIATION"], "rowSet": [[201565, "Derrick", "Rose", " 1", 1610612741, "Chicago", "Bulls", "CHI"], [202951, "Jeremy", "Pargo", " 8", 1610612739, "Cleveland", "Cavaliers", "CLE"], [202376, "Luke", "Harangody", "44", 1610612739, "Cleveland", "Cavaliers", "CLE"]], "name": "InactivePlayers"}, {"headers": ["VIDEO_AVAILABLE_FLAG"], "rowSet": [[1]], "name": "AvailableVideo"}], "parameters": {"GameID": "0021200019", "RangeType": 0, "StartPeriod": 0, "StartRange": 0, "EndPeriod": 0, "EndRange": 0}}