{"resource": "boxscore", "resultSets": [{"headers": ["GAME_DATE_EST", "GAME_SEQUENCE", "GAME_ID", "GAME_STATUS_ID", "GAME_STATUS_TEXT", "GAMECODE", "HOME_TEAM_ID", "VISITOR_TEAM_ID", "SEASON", "LIVE_PERIOD", "LIVE_PC_TIME", "NATL_TV_BROADCASTER_ABBREVIATION", "LIVE_PERIOD_TIME_BCAST", "WH_STATUS"], "rowSet": [["2012-11-09T00:00:00", 3, "0021200070", 3, "Final", "20121109/PHIBOS", 1610612738, 1610612755, "2012", 4, "", null, "Q4  - ", 1]], "name": "GameSummary"}, {"headers": ["GAME_DATE_EST", "GAME_SEQUENCE", "GAME_ID", "TEAM_ID", "TEAM_ABBREVIATION", "TEAM_CITY_NAME", "TEAM_WINS_LOSSES", "PTS_QTR1", "PTS_QTR2", "PTS_QTR3", "PTS_QTR4", "PTS_OT1", "PTS_OT2", "PTS_OT3", "PTS_OT4", "PTS_OT5", "PTS_OT6", "PTS_OT7", "PTS_OT8", "PTS_OT9", "PTS_OT10", "PTS"], "rowSet": [["2012-11-09T00:00:00", 3, "0021200070", 1610612738, "BOS", "Boston", "2-3", 20, 25, 29, 26, 0, 0, 0, 0, 0, 0, 0, 0, 0, 0, 100], ["2012-11-09T00:00:00", 3, "0021200070", 1610612755, "PHI", "Philadelphia", "3-2", 23, 34, 26, 23, 0, 0, 0, 0, 0, 0, 0, 0, 0, 0, 106]], "name": "LineScore"}, {"headers": ["GAME_ID", "HOME_TEAM_ID", "VISITOR_TEAM_ID", "GAME_DATE_EST", "HOME_TEAM_WINS", "HOME_TEAM_LOSSES", "SERIES_LEADER"], "rowSet": [["0021200070", 1610612738, 1610612755, "2012-11-09T00:00:00", 2, 2, "Tied"]], "name": "SeasonSeries"}, {"headers": ["GAME_ID", "LAST_GAME_ID", "LAST_GAME_DATE_EST", "LAST_GAME_HOME_TEAM_ID", "LAST_GAME_HOME_TEAM_CITY", "LAST_GAME_HOME_TEAM_NAME", "LAST_GAME_HOME_TEAM_ABBREVIATION", "LAST_GAME_HOME_TEAM_POINTS", "LAST_GAME_VISITOR_TEAM_ID", "LAST_GAME_VISITOR_TEAM_CITY", "LAST_GAME_VISITOR_TEAM_NAME", "LAST_GAME_VISITOR_TEAM_CITY1", "LAST_GAME_VISITOR_TEAM_POINTS"], "rowSet": [["0021200070", "0011200088", "2012-10-21T00:00:00", 1610612738, "Boston", "Celtics", "BOS", 79, 1610612755, "Philadelphia", "76ers", "PHI", 88]], "name": "LastMeeting"}, {"headers": ["GAME_ID", "TEAM_ID", "TEAM_ABBREVIATION", "TEAM_CITY", "PLAYER_ID", "PLAYER_NAME", "START_POSITION", "COMMENT", "MIN", "FGM", "FGA", "FG_PCT", "FG3M", "FG3A", "FG3_PCT", "FTM", "FTA", "FT_PCT", "OREB", "DREB", "REB", "AST", "STL", "BLK", "TO", "PF", "PTS", "PLUS_MINUS"], "rowSet": [["0021200070", 1610612755, "PHI", "Philadelphia", 2748, "Dorell Wright", "F", "", "35:48", 4, 9, 0.444, 2, 3, 0.667, 5, 5, 1.0, 1, 3, 4, 3, 4, 0, 2, 1, 15, 9.0], ["0021200070", 1610612755, "PHI", "Philadelphia", 201152, "Thaddeus Young", "F", "", "40:30", 7, 13, 0.538, 0, 0, 0.0, 1, 1, 1.0, 0, 5, 5, 2, 2, 3, 0, 3, 15, 13.0], ["0021200070", 1610612755, "PHI", "Philadelphia", 202730, "Lavoy Allen", "C", "", "22:41", 3, 5, 0.6, 0, 0, 0.0, 0, 0, 0.0, 1, 3, 4, 1, 0, 1, 0, 5, 6, -5.0], ["0021200070", 1610612755, "PHI", "Philadelphia", 202323, "Evan Turner", "G", "", "40:32", 9, 19, 0.474, 2, 2, 1.0, 5, 7, 0.714, 0, 11, 11, 4, 1, 1, 3, 3, 25, 1.0], ["0021200070", 1610612755, "PHI", "Philadelphia", 201950, "Jrue Holiday", "G", "", "41:34", 7, 16, 0.438, 1, 4, 0.25, 6, 6, 1.0, 2, 2, 4, 14, 2, 2, 7, 1, 21, 14.0], ["0021200070", 1610612755, "PHI", "Philadelphia", 201150, "Spencer Hawes", "", "", "21:53", 4, 7, 0.571, 0, 0, 0.0, 0, 0, 0.0, 2, 4, 6, 1, 0, 0, 1, 5, 8, 14.0], ["0021200070", 1610612755, "PHI", "Philadelphia", 2767, "Royal Ivey", "", "", "12:27", 2, 4, 0.5, 0, 1, 0.0, 2, 4, 0.5, 1, 0, 1, 1, 1, 0, 0, 0, 6, -8.0], ["0021200070", 1610612755, "PHI", "Philadelphia", 201156, "Nick Young", "", "", "18:06", 4, 9, 0.444, 2, 3, 0.667, 0, 0, 0.0, 0, 1, 1, 1, 1, 0, 2, 3, 10, 1.0], ["0021200070", 1610612755, "PHI", "Philadelphia", 203102, "Arnett Moultrie", "", "", "6:29", 0, 0, 0.0, 0, 0, 0.0, 0, 0, 0.0, 1, 1, 2, 0, 1, 0, 1, 1, 0, -9.0], ["0021200070", 1610612755, "PHI", "Philadelphia", 2198, "Kwame Brown", "", "DND - Left Calf Strain", null, null, null, null, null, null, null, null, null, null, null, null, null, null, null, null, null, null, null, null], ["0021200070", 1610612755, "PHI", "Philadelphia", 2202, "Jason Richardson", "", "DND - Left Ankle Sprain", null, null, null, null, null, null, null, null, null, null, null, null, null, null, null, null, null, null, null, null], ["0021200070", 1610612755, "PHI", "Philadelphia", 203146, "Maalik Wayns", "", "DNP - Coach's Decision", null, null, null, null, null, null, null, null, null, null, null, null, null, null, null, null, null, null, null, null], ["0021200070", 1610612755, "PHI", "Philadelphia", 2863, "Damien Wilkins", "", "DNP - Coach's Decision", null, null, null, null, null, null, null, null, null, null, null, null, null, null, null, null, null, null, null, null], ["0021200070", 1610612738, "BOS", "Boston", 1718, "Paul Pierce", "F", "", "35:41", 8, 16, 0.5, 2, 3, 0.667, 6, 9, 0.667, 0, 4, 4, 5, 2, 0, 3, 4, 24, -5.0], ["0021200070", 1610612738, "BOS", "Boston", 203096, "Jared Sullinger", "F", "", "19:20", 2, 4, 0.5, 0, 0, 0.0, 0, 0, 0.0, 2, 2, 4, 1, 0, 1, 0, 3, 4, -7.0], ["0021200070", 1610612738, "BOS", "Boston", 708, "Kevin Garnett", "C", "", "30:43", 8, 13, 0.615, 0, 0, 0.0, 3, 4, 0.75, 2, 8, 10, 2, 2, 0, 1, 1, 19, -2.0], ["0021200070", 1610612738, "BOS", "Boston", 201584, "Courtney Lee", "G", "", "18:36", 3, 5, 0.6, 0, 1, 0.0, 0, 0, 0.0, 0, 3, 3, 0, 0, 0, 2, 0, 6, -6.0], ["0021200070", 1610612738, "BOS", "Boston", 200765, "Rajon Rondo", "G", "", "41:50", 6, 17, 0.353, 0, 1, 0.0, 2, 4, 0.5, 1, 1, 2, 20, 2, 0, 4, 1, 14, 2.0], ["0021200070", 1610612738, "BOS", "Boston", 101138, "Brandon Bass", "", "", "23:14", 2, 7, 0.286, 0, 0, 0.0, 4, 4, 1.0, 1, 1, 2, 0, 0, 1, 2, 3, 8, -5.0], ["0021200070", 1610612738, "BOS", "Boston", 201145, "Jeff Green", "", "", "17:54", 1, 5, 0.2, 0, 1, 0.0, 2, 3, 0.667, 1, 3, 4, 0, 0, 1, 0, 0, 4, -6.0], ["0021200070", 1610612738, "BOS", "Boston", 1891, "Jason Terry", "", "", "29:08", 5, 7, 0.714, 2, 4, 0.5, 1, 1, 1.0, 0, 1, 1, 1, 1, 0, 1, 2, 13, 5.0], ["0021200070", 1610612738, "BOS", "Boston", 2404, "Chris Wilcox", "", "", "12:11", 1, 1, 1.0, 0, 0, 0.0, 4, 6, 0.667, 0, 0, 0, 0, 0, 0, 0, 3, 6, 1.0], ["0021200070", 1610612738, "BOS", "Boston", 2571, "Leandro Barbosa", "", "", "11:23", 1, 1, 1.0, 0, 0, 0.0, 0, 0, 0.0, 0, 1, 1, 2, 0, 0, 1, 2, 2, -7.0], ["0021200070", 1610612738, "BOS", "Boston", 2215, "Jason Collins", "", "DNP - Coach's Decision", null, null, null, null, null, null, null, null, null, null, null, null, null, null, null, null, null, null, null, null], ["0021200070", 1610612738, "BOS", "Boston", 203126, "Kris Joseph", "", "DNP - Coach's Decision", null, null, null, null, null, null, null, null, null, null, null, null, null, null, null, null, null, null, null, null], ["0021200070", 1610612738, "BOS", "Boston", 2545, "Darko Milicic", "", "DNP - Coach's Decision", null, null, null, null, null, null, null, null, null, null, null, null, null, null, null, null, null, null, null, null]], "name": "PlayerStats"}, {"headers": ["GAME_ID", "TEAM_ID", "TEAM_NAME", "TEAM_ABBREVIATION", "TEAM_CITY", "MIN", "FGM", "FGA", "FG_PCT", "FG3M", "FG3A", "FG3_PCT", "FTM", "FTA", "FT_PCT", "OREB", "DREB", "REB", "AST", "STL", "BLK", "TO", "PF", "PTS", "PLUS_MINUS"], "rowSet": [["0021200070", 1610612755, "76ers", "PHI", "Philadelphia", "240:00", 40, 82, 0.488, 7, 13, 0.538, 19, 23, 0.826, 8, 30, 38, 27, 12, 7, 16, 22, 106, 6.0], ["0021200070", 1610612738, "Celtics", "BOS", "Boston", "240:00", 37, 76, 0.487, 4, 10, 0.4, 22, 31, 0.71, 7, 24, 31, 31, 7, 3, 14, 19, 100, -6.0]], "name": "TeamStats"}, {"headers": ["LEAGUE_ID", "SEASON_ID", "TEAM_ID", "TEAM_ABBREVIATION", "TEAM_CITY", "PTS_PAINT", "PTS_2ND_CHANCE", "PTS_FB", "LARGEST_LEAD", "LEAD_CHANGES", "TIMES_TIED"], "rowSet": [["00", "22012", 1610612755, "PHI", "Philadelphia", 56, 12, 26, 15, 3, 1], ["00", "22012", 1610612738, "BOS", "Boston", 38, 10, 9, 16, 3, 1]], "name": "OtherStats"}, {"headers": ["OFFICIAL_ID", "FIRST_NAME", "LAST_NAME", "JERSEY_NUM"], "rowSet": [[1179, "Rodney", "Mott", "71"], [2882, "Sean", "Wright", "65"], [202058, "James", "Williams", "60"]], "name": "Officials"}, {"headers": ["GAME_DATE", "ATTENDANCE", "GAME_TIME"], "rowSet": [["FRIDAY, NOVEMBER 9, 2012", 18624, "2:20"]], "name": "GameInfo"}, {"headers": ["PLAYER_ID", "FIRST_NAME", "LAST_NAME", "JERSEY_NUM", "TEAM_ID", "TEAM_CITY", "TEAM_NAME", "TEAM_ABBREVIATION"], "rowSet": [[101115, "Andrew", "Bynum", "33", 1610612755, "Philadelphia", "76ers", "PHI"], [202340, "Avery", "Bradley", " 0", 1610612738, "Boston", "Celtics", "BOS"], [203097, "Fab", "Melo", "13", 1610612738, "Boston", "Celtics", "BOS"]], "name": "InactivePlayers"}, {"headers": ["VIDEO_AVAILABLE_FLAG"], "rowSet": [[1]], "name": "AvailableVideo"}], "parameters": {"GameID": "0021200070", "RangeType": 0, "StartPeriod": 0, "StartRange": 0, "EndPeriod": 0, "EndRange": 0}}