{"resource": "boxscore", "resultSets": [{"headers": ["GAME_DATE_EST", "GAME_SEQUENCE", "GAME_ID", "GAME_STATUS_ID", "GAME_STATUS_TEXT", "GAMECODE", "HOME_TEAM_ID", "VISITOR_TEAM_ID", "SEASON", "LIVE_PERIOD", "LIVE_PC_TIME", "NATL_TV_BROADCASTER_ABBREVIATION", "LIVE_PERIOD_TIME_BCAST", "WH_STATUS"], "rowSet": [["2012-11-02T00:00:00", 3, "0021200017", 3, "Final", "20121102/MILBOS", 1610612738, 1610612749, "2012", 4, "", null, "Q4  - ", 1]], "name": "GameSummary"}, {"headers": ["GAME_DATE_EST", "GAME_SEQUENCE", "GAME_ID", "TEAM_ID", "TEAM_ABBREVIATION", "TEAM_CITY_NAME", "TEAM_WINS_LOSSES", "PTS_QTR1", "PTS_QTR2", "PTS_QTR3", "PTS_QTR4", "PTS_OT1", "PTS_OT2", "PTS_OT3", "PTS_OT4", "PTS_OT5", "PTS_OT6", "PTS_OT7", "PTS_OT8", "PTS_OT9", "PTS_OT10", "PTS"], "rowSet": [["2012-11-02T00:00:00", 3, "0021200017", 1610612738, "BOS", "Boston", "0-2", 18, 12, 28, 30, 0, 0, 0, 0, 0, 0, 0, 0, 0, 0, 88], ["2012-11-02T00:00:00", 3, "0021200017", 1610612749, "MIL", "Milwaukee", "1-0", 25, 21, 30, 23, 0, 0, 0, 0, 0, 0, 0, 0, 0, 0, 99]], "name": "LineScore"}, {"headers": ["GAME_ID", "HOME_TEAM_ID", "VISITOR_TEAM_ID", "GAME_DATE_EST", "HOME_TEAM_WINS", "HOME_TEAM_LOSSES", "SERIES_LEADER"], "rowSet": [["0021200017", 1610612738, 1610612749, "2012-11-02T00:00:00", 1, 3, "Milwaukee"]], "name": "SeasonSeries"}, {"headers": ["GAME_ID", "LAST_GAME_ID", "LAST_GAME_DATE_EST", "LAST_GAME_HOME_TEAM_ID", "LAST_GAME_HOME_TEAM_CITY", "LAST_GAME_HOME_TEAM_NAME", "LAST_GAME_HOME_TEAM_ABBREVIATION", "LAST_GAME_HOME_TEAM_POINTS", "LAST_GAME_VISITOR_TEAM_ID", "LAST_GAME_VISITOR_TEAM_CITY", "LAST_GAME_VISITOR_TEAM_NAME", "LAST_GAME_VISITOR_TEAM_CITY1", "LAST_GAME_VISITOR_TEAM_POINTS"], "rowSet": [["0021200017", "0021100979", "2012-04-26T00:00:00", 1610612738, "Boston", "Celtics", "BOS", 87, 1610612749, "Milwaukee", "Bucks", "MIL", 74]], "name": "LastMeeting"}, {"headers": ["GAME_ID", "TEAM_ID", "TEAM_ABBREVIATION", "TEAM_CITY", "PLAYER_ID", "PLAYER_NAME", "START_POSITION", "COMMENT", "MIN", "FGM", "FGA", "FG_PCT", "FG3M", "FG3A", "FG3_PCT", "FTM", "FTA", "FT_PCT", "OREB", "DREB", "REB", "AST", "STL", "BLK", "TO", "PF", "PTS", "PLUS_MINUS"], "rowSet": [["0021200017", 1610612749, "MIL", "Milwaukee", 202699, "Tobias Harris", "F", "", "32:53", 8, 11, 0.727, 2, 2, 1.0, 0, 0, 0.0, 0, 6, 6, 2, 0, 1, 3, 1, 18, 9.0], ["0021200017", 1610612749, "MIL", "Milwaukee", 101141, "Ersan Ilyasova", "F", "", "25:20", 3, 7, 0.429, 1, 1, 1.0, 0, 0, 0.0, 4, 7, 11, 1, 1, 0, 2, 4, 7, 10.0], ["0021200017", 1610612749, "MIL", "Milwaukee", 2223, "Samuel Dalembert", "C", "", "15:28", 1, 1, 1.0, 0, 0, 0.0, 0, 0, 0.0, 1, 2, 3, 1, 0, 0, 1, 1, 2, 6.0], ["0021200017", 1610612749, "MIL", "Milwaukee", 101145, "Monta Ellis", "G", "", "36:33", 6, 20, 0.3, 2, 6, 0.333, 0, 0, 0.0, 1, 2, 3, 4, 0, 0, 2, 1, 14, 12.0], ["0021200017", 1610612749, "MIL", "Milwaukee", 201943, "Brandon Jennings", "G", "", "28:35", 9, 17, 0.529, 1, 3, 0.333, 2, 3, 0.667, 0, 2, 2, 13, 6, 0, 2, 2, 21, 12.0], ["0021200017", 1610612749, "MIL", "Milwaukee", 202336, "Larry Sanders", "", "", "21:40", 5, 7, 0.714, 0, 0, 0.0, 0, 0, 0.0, 2, 5, 7, 0, 0, 2, 1, 5, 10, 0.0], ["0021200017", 1610612749, "MIL", "Milwaukee", 2399, "Mike Dunleavy", "", "", "22:41", 2, 5, 0.4, 1, 1, 1.0, 2, 2, 1.0, 1, 5, 6, 2, 2, 0, 2, 0, 7, 10.0], ["0021200017", 1610612749, "MIL", "Milwaukee", 202327, "Ekpe Udoh", "", "", "23:21", 3, 5, 0.6, 0, 0, 0.0, 4, 4, 1.0, 2, 1, 3, 1, 2, 2, 1, 1, 10, 7.0], ["0021200017", 1610612749, "MIL", "Milwaukee", 2757, "Beno Udrih", "", "", "21:15", 3, 6, 0.5, 1, 3, 0.333, 3, 3, 1.0, 0, 5, 5, 2, 0, 0, 3, 1, 10, 2.0], ["0021200017", 1610612749, "MIL", "Milwaukee", 2605, "Marquis Daniels", "", "", "9:37", 0, 5, 0.0, 0, 2, 0.0, 0, 0, 0.0, 0, 0, 0, 0, 1, 0, 1, 1, 0, -4.0], ["0021200017", 1610612749, "MIL", "Milwaukee", 203117, "Doron Lamb", "", "", "2:37", 0, 2, 0.0, 0, 0, 0.0, 0, 0, 0.0, 0, 0, 0, 0, 0, 0, 0, 0, 0, -9.0], ["0021200017", 1610612749, "MIL", "Milwaukee", 2400, "Drew Gooden", "", "DNP - Coach's Decision", null, null, null, null, null, null, null, null, null, null, null, null, null, null, null, null, null, null, null, null], ["0021200017", 1610612749, "MIL", "Milwaukee", 2038, "Joel Przybilla", "", "DNP - Coach's Decision", null, null, null, null, null, null, null, null, null, null, null, null, null, null, null, null, null, null, null, null], ["0021200017", 1610612738, "BOS", "Boston", 1718, "Paul Pierce", "F", "", "27:47", 3, 11, 0.273, 1, 3, 0.333, 4, 4, 1.0, 0, 6, 6, 2, 0, 0, 4, 3, 11, -9.0], ["0021200017", 1610612738, "BOS", "Boston", 101138, "Brandon Bass", "F", "", "26:55", 3, 6, 0.5, 0, 1, 0.0, 4, 4, 1.0, 1, 5, 6, 3, 1, 0, 1, 0, 10, -13.0], ["0021200017", 1610612738, "BOS", "Boston", 708, "Kevin Garnett", "C", "", "25:30", 6, 14, 0.429, 0, 0, 0.0, 3, 5, 0.6, 1, 3, 4, 0, 1, 2, 1, 1, 15, -4.0], ["0021200017", 1610612738, "BOS", "Boston", 201584, "Courtney Lee", "G", "", "32:59", 3, 7, 0.429, 1, 3, 0.333, 0, 0, 0.0, 1, 1, 2, 1, 1, 0, 3, 2, 7, -14.0], ["0021200017", 1610612738, "BOS", "Boston", 200765, "Rajon Rondo", "G", "", "40:30", 6, 12, 0.5, 0, 1, 0.0, 2, 4, 0.5, 0, 4, 4, 11, 3, 0, 2, 3, 14, -14.0], ["0021200017", 1610612738, "BOS", "Boston", 201145, "Jeff Green", "", "", "26:42", 5, 9, 0.556, 1, 4, 0.25, 0, 0, 0.0, 0, 1, 1, 0, 2, 1, 1, 0, 11, -16.0], ["0021200017", 1610612738, "BOS", "Boston", 203096, "Jared Sullinger", "", "", "17:59", 2, 5, 0.4, 0, 0, 0.0, 2, 2, 1.0, 3, 4, 7, 0, 1, 1, 0, 4, 6, -4.0], ["0021200017", 1610612738, "BOS", "Boston", 2545, "Darko Milicic", "", "", "4:30", 0, 1, 0.0, 0, 0, 0.0, 0, 0, 0.0, 0, 1, 1, 0, 0, 0, 2, 1, 0, -3.0], ["0021200017", 1610612738, "BOS", "Boston", 1891, "Jason Terry", "", "", "24:41", 4, 6, 0.667, 2, 2, 1.0, 0, 0, 0.0, 0, 2, 2, 2, 0, 0, 3, 4, 10, 1.0], ["0021200017", 1610612738, "BOS", "Boston", 2571, "Leandro Barbosa", "", "", "7:13", 1, 3, 0.333, 0, 0, 0.0, 0, 0, 0.0, 0, 1, 1, 1, 0, 0, 0, 0, 2, 3.0], ["0021200017", 1610612738, "BOS", "Boston", 203126, "Kris Joseph", "", "", "2:37", 0, 0, 0.0, 0, 0, 0.0, 0, 0, 0.0, 0, 1, 1, 1, 0, 0, 1, 0, 0, 9.0], ["0021200017", 1610612738, "BOS", "Boston", 2404, "Chris Wilcox", "", "", "2:37", 0, 0, 0.0, 0, 0, 0.0, 2, 2, 1.0, 0, 1, 1, 1, 0, 0, 0, 0, 2, 9.0], ["0021200017", 1610612738, "BOS", "Boston", 2215, "Jason Collins", "", "DNP - Coach's Decision", null, null, null, null, null, null, null, null, null, null, null, null, null, null, null, null, null, null, null, null]], "name": "PlayerStats"}, {"headers": ["GAME_ID", "TEAM_ID", "TEAM_NAME", "TEAM_ABBREVIATION", "TEAM_CITY", "MIN", "FGM", "FGA", "FG_PCT", "FG3M", "FG3A", "FG3_PCT", "FTM", "FTA", "FT_PCT", "OREB", "DREB", "REB", "AST", "STL", "BLK", "TO", "PF", "PTS", "PLUS_MINUS"], "rowSet": [["0021200017", 1610612749, "Bucks", "MIL", "Milwaukee", "240:00", 40, 86, 0.465, 8, 18, 0.444, 11, 12, 0.917, 11, 35, 46, 26, 12, 5, 18, 17, 99, 11.0], ["0021200017", 1610612738, "Celtics", "BOS", "Boston", "240:00", 33, 74, 0.446, 5, 14, 0.357, 17, 21, 0.81, 6, 30, 36, 22, 9, 4, 18, 18, 88, -11.0]], "name": "TeamStats"}, {"headers": ["LEAGUE_ID", "SEASON_ID", "TEAM_ID", "TEAM_ABBREVIATION", "TEAM_CITY", "PTS_PAINT", "PTS_2ND_CHANCE", "PTS_FB", "LARGEST_LEAD", "LEAD_CHANGES", "TIMES_TIED"], "rowSet": [["00", "22012", 1610612738, "BOS", "Boston", 36, 8, 17, 22, 2, 5], ["00", "22012", 1610612749, "MIL", "Milwaukee", 52, 13, 16, 22, 2, 5]], "name": "OtherStats"}, {"headers": ["OFFICIAL_ID", "FIRST_NAME", "LAST_NAME", "JERSEY_NUM"], "rowSet": [[1185, "Violet", "Palmer", "12"], [1194, "Bill", "Spooner", "22"], [1168, "David", "Jones", "36"]], "name": "Officials"}, {"headers": ["GAME_DATE", "ATTENDANCE", "GAME_TIME"], "rowSet": [["FRIDAY, NOVEMBER 2, 2012", 18624, "1:59"]], "name": "GameInfo"}, {"headers": ["PLAYER_ID", "FIRST_NAME", "LAST_NAME", "JERSEY_NUM", "TEAM_ID", "TEAM_CITY", "TEAM_NAME", "TEAM_ABBREVIATION"], "rowSet": [[201601, "Luc", "Mbah a Moute", "12", 1610612749, "Milwaukee", "Bucks", "MIL"], [203089, "John", "Henson", "31", 1610612749, "Milwaukee", "Bucks", "MIL"], [202340, "Avery", "Bradley", " 0", 1610612738, "Boston", "Celtics", "BOS"], [203097, "Fab", "Melo", "13", 1610612738, "Boston", "Celtics", "BOS"]], "name": "InactivePlayers"}, {"headers": ["VIDEO_AVAILABLE_FLAG"], "rowSet": [[1]], "name": "AvailableVideo"}], "parameters": {"GameID": "0021200017", "RangeType": 0, "StartPeriod": 0, "StartRange": 0, "EndPeriod": 0, "EndRange": 0}}