{"resource": "boxscore", "resultSets": [{"headers": ["GAME_DATE_EST", "GAME_SEQUENCE", "GAME_ID", "GAME_STATUS_ID", "GAME_STATUS_TEXT", "GAMECODE", "HOME_TEAM_ID", "VISITOR_TEAM_ID", "SEASON", "LIVE_PERIOD", "LIVE_PC_TIME", "NATL_TV_BROADCASTER_ABBREVIATION", "LIVE_PERIOD_TIME_BCAST", "WH_STATUS"], "rowSet": [["2012-11-03T00:00:00", 1, "0021200027", 3, "Final", "20121103/BOSWAS", 1610612764, 1610612738, "2012", 4, "", null, "Q4  - ", 1]], "name": "GameSummary"}, {"headers": ["GAME_DATE_EST", "GAME_SEQUENCE", "GAME_ID", "TEAM_ID", "TEAM_ABBREVIATION", "TEAM_CITY_NAME", "TEAM_WINS_LOSSES", "PTS_QTR1", "PTS_QTR2", "PTS_QTR3", "PTS_QTR4", "PTS_OT1", "PTS_OT2", "PTS_OT3", "PTS_OT4", "PTS_OT5", "PTS_OT6", "PTS_OT7", "PTS_OT8", "PTS_OT9", "PTS_OT10", "PTS"], "rowSet": [["2012-11-03T00:00:00", 1, "0021200027", 1610612764, "WAS", "Washington", "0-2", 12, 30, 25, 19, 0, 0, 0, 0, 0, 0, 0, 0, 0, 0, 86], ["2012-11-03T00:00:00", 1, "0021200027", 1610612738, "BOS", "Boston", "1-2", 26, 23, 22, 18, 0, 0, 0, 0, 0, 0, 0, 0, 0, 0, 89]], "name": "LineScore"}, {"headers": ["GAME_ID", "HOME_TEAM_ID", "VISITOR_TEAM_ID", "GAME_DATE_EST", "HOME_TEAM_WINS", "HOME_TEAM_LOSSES", "SERIES_LEADER"], "rowSet": [["0021200027", 1610612764, 1610612738, "2012-11-03T00:00:00", 0, 3, "Boston"]], "name": "SeasonSeries"}, {"headers": ["GAME_ID", "LAST_GAME_ID", "LAST_GAME_DATE_EST", "LAST_GAME_HOME_TEAM_ID", "LAST_GAME_HOME_TEAM_CITY", "LAST_GAME_HOME_TEAM_NAME", "LAST_GAME_HOME_TEAM_ABBREVIATION", "LAST_GAME_HOME_TEAM_POINTS", "LAST_GAME_VISITOR_TEAM_ID", "LAST_GAME_VISITOR_TEAM_CITY", "LAST_GAME_VISITOR_TEAM_NAME", "LAST_GAME_VISITOR_TEAM_CITY1", "LAST_GAME_VISITOR_TEAM_POINTS"], "rowSet": [["0021200027", "0021100721", "2012-03-25T00:00:00", 1610612764, "Washington", "Wizards", "WAS", 76, 1610612738, "Boston", "Celtics", "BOS", 88]], "name": "LastMeeting"}, {"headers": ["GAME_ID", "TEAM_ID", "TEAM_ABBREVIATION", "TEAM_CITY", "PLAYER_ID", "PLAYER_NAME", "START_POSITION", "COMMENT", "MIN", "FGM", "FGA", "FG_PCT", "FG3M", "FG3A", "FG3_PCT", "FTM", "FTA", "FT_PCT", "OREB", "DREB", "REB", "AST", "STL", "BLK", "TO", "PF", "PTS", "PLUS_MINUS"], "rowSet": [["0021200027", 1610612738, "BOS", "Boston", 1718, "Paul Pierce", "F", "", "34:42", 10, 22, 0.455, 4, 8, 0.5, 3, 4, 0.75, 1, 6, 7, 3, 0, 0, 2, 2, 27, 15.0], ["0021200027", 1610612738, "BOS", "Boston", 203096, "Jared Sullinger", "F", "", "30:14", 2, 3, 0.667, 0, 0, 0.0, 0, 0, 0.0, 1, 6, 7, 0, 1, 1, 1, 4, 4, 7.0], ["0021200027", 1610612738, "BOS", "Boston", 708, "Kevin Garnett", "C", "", "29:08", 7, 15, 0.467, 0, 0, 0.0, 1, 2, 0.5, 0, 7, 7, 2, 0, 1, 1, 0, 15, 10.0], ["0021200027", 1610612738, "BOS", "Boston", 201584, "Courtney Lee", "G", "", "28:47", 2, 7, 0.286, 0, 4, 0.0, 0, 0, 0.0, 0, 2, 2, 1, 1, 0, 0, 0, 4, 10.0], ["0021200027", 1610612738, "BOS", "Boston", 200765, "Rajon Rondo", "G", "", "40:29", 5, 10, 0.5, 2, 2, 1.0, 0, 0, 0.0, 2, 3, 5, 12, 2, 0, 2, 1, 12, 15.0], ["0021200027", 1610612738, "BOS", "Boston", 101138, "Brandon Bass", "", "", "27:43", 2, 6, 0.333, 0, 0, 0.0, 1, 1, 1.0, 2, 3, 5, 2, 1, 2, 0, 2, 5, -8.0], ["0021200027", 1610612738, "BOS", "Boston", 2404, "Chris Wilcox", "", "", "7:42", 0, 0, 0.0, 0, 0, 0.0, 0, 0, 0.0, 0, 0, 0, 0, 0, 0, 0, 2, 0, -5.0], ["0021200027", 1610612738, "BOS", "Boston", 1891, "Jason Terry", "", "", "17:27", 2, 8, 0.25, 0, 2, 0.0, 4, 4, 1.0, 0, 0, 0, 3, 2, 0, 1, 0, 8, -12.0], ["0021200027", 1610612738, "BOS", "Boston", 201145, "Jeff Green", "", "", "16:00", 5, 10, 0.5, 1, 2, 0.5, 0, 2, 0.0, 0, 2, 2, 0, 1, 0, 1, 1, 11, -5.0], ["0021200027", 1610612738, "BOS", "Boston", 2571, "Leandro Barbosa", "", "", "7:49", 1, 3, 0.333, 1, 3, 0.333, 0, 0, 0.0, 0, 0, 0, 1, 0, 0, 1, 0, 3, -12.0], ["0021200027", 1610612738, "BOS", "Boston", 2215, "Jason Collins", "", "DNP - Coach's Decision", null, null, null, null, null, null, null, null, null, null, null, null, null, null, null, null, null, null, null, null], ["0021200027", 1610612738, "BOS", "Boston", 203126, "Kris Joseph", "", "DNP - Coach's Decision", null, null, null, null, null, null, null, null, null, null, null, null, null, null, null, null, null, null, null, null], ["0021200027", 1610612738, "BOS", "Boston", 2545, "Darko Milicic", "", "DNP - Coach's Decision", null, null, null, null, null, null, null, null, null, null, null, null, null, null, null, null, null, null, null, null], ["0021200027", 1610612764, "WAS", "Washington", 2772, "Trevor Ariza", "F", "", "16:40", 0, 4, 0.0, 0, 1, 0.0, 0, 0, 0.0, 0, 0, 0, 0, 1, 0, 1, 1, 0, -18.0], ["0021200027", 1610612764, "WAS", "Washington", 202344, "Trevor Booker", "F", "", "28:42", 5, 10, 0.5, 0, 1, 0.0, 1, 1, 1.0, 3, 7, 10, 0, 1, 1, 2, 3, 11, -10.0], ["0021200027", 1610612764, "WAS", "Washington", 2731, "Emeka Okafor", "C", "", "16:36", 1, 6, 0.167, 0, 0, 0.0, 1, 2, 0.5, 2, 5, 7, 1, 0, 1, 1, 0, 3, -18.0], ["0021200027", 1610612764, "WAS", "Washington", 203078, "Bradley Beal", "G", "", "21:52", 0, 5, 0.0, 0, 2, 0.0, 2, 2, 1.0, 0, 1, 1, 1, 0, 0, 0, 0, 2, -18.0], ["0021200027", 1610612764, "WAS", "Washington", 201985, "A.J. Price", "G", "", "29:26", 3, 10, 0.3, 2, 5, 0.4, 0, 0, 0.0, 0, 4, 4, 4, 2, 0, 2, 0, 8, -12.0], ["0021200027", 1610612764, "WAS", "Washington", 101110, "Martell Webster", "", "", "25:15", 1, 6, 0.167, 0, 3, 0.0, 2, 2, 1.0, 0, 4, 4, 4, 0, 1, 1, 3, 4, 10.0], ["0021200027", 1610612764, "WAS", "Washington", 202338, "Kevin Seraphin", "", "", "28:35", 8, 9, 0.889, 0, 0, 0.0, 3, 4, 0.75, 0, 7, 7, 0, 0, 1, 2, 1, 19, 17.0], ["0021200027", 1610612764, "WAS", "Washington", 202348, "Jordan Crawford", "", "", "25:13", 8, 14, 0.571, 2, 4, 0.5, 3, 6, 0.5, 0, 4, 4, 3, 0, 0, 2, 2, 21, 17.0], ["0021200027", 1610612764, "WAS", "Washington", 202686, "Jan Vesely", "", "", "21:50", 2, 5, 0.4, 0, 0, 0.0, 0, 0, 0.0, 2, 2, 4, 3, 2, 0, 1, 2, 4, 5.0], ["0021200027", 1610612764, "WAS", "Washington", 2457, "Jannero Pargo", "", "", "19:30", 4, 7, 0.571, 1, 3, 0.333, 0, 0, 0.0, 0, 4, 4, 4, 0, 0, 1, 2, 9, 7.0], ["0021200027", 1610612764, "WAS", "Washington", 202698, "Chris Singleton", "", "", "0:18", 0, 0, 0.0, 0, 0, 0.0, 0, 0, 0.0, 0, 0, 0, 0, 0, 0, 0, 0, 0, 0.0], ["0021200027", 1610612764, "WAS", "Washington", 201858, "Cartier Martin", "", "", "6:06", 2, 2, 1.0, 1, 1, 1.0, 0, 0, 0.0, 0, 1, 1, 0, 1, 0, 2, 0, 5, 5.0], ["0021200027", 1610612764, "WAS", "Washington", 2853, "Earl Barron", "", "DNP - Coach's Decision", null, null, null, null, null, null, null, null, null, null, null, null, null, null, null, null, null, null, null, null]], "name": "PlayerStats"}, {"headers": ["GAME_ID", "TEAM_ID", "TEAM_NAME", "TEAM_ABBREVIATION", "TEAM_CITY", "MIN", "FGM", "FGA", "FG_PCT", "FG3M", "FG3A", "FG3_PCT", "FTM", "FTA", "FT_PCT", "OREB", "DREB", "REB", "AST", "STL", "BLK", "TO", "PF", "PTS", "PLUS_MINUS"], "rowSet": [["0021200027", 1610612764, "Wizards", "WAS", "Washington", "240:00", 34, 78, 0.436, 6, 20, 0.3, 12, 17, 0.706, 7, 39, 46, 20, 7, 4, 15, 14, 86, -3.0], ["0021200027", 1610612738, "Celtics", "BOS", "Boston", "240:00", 36, 84, 0.429, 8, 21, 0.381, 9, 13, 0.692, 6, 29, 35, 24, 8, 4, 9, 12, 89, 3.0]], "name": "TeamStats"}, {"headers": ["LEAGUE_ID", "SEASON_ID", "TEAM_ID", "TEAM_ABBREVIATION", "TEAM_CITY", "PTS_PAINT", "PTS_2ND_CHANCE", "PTS_FB", "LARGEST_LEAD", "LEAD_CHANGES", "TIMES_TIED"], "rowSet": [["00", "22012", 1610612764, "WAS", "Washington", 32, 5, 17, 16, 1, 1], ["00", "22012", 1610612738, "BOS", "Boston", 26, 11, 11, 14, 2, 1]], "name": "OtherStats"}, {"headers": ["OFFICIAL_ID", "FIRST_NAME", "LAST_NAME", "JERSEY_NUM"], "rowSet": [[1204, "Derek", "Richardson", "63"], [1153, "Joe", "Crawford", "17"], [2714, "David", "Guthrie", "16"]], "name": "Officials"}, {"headers": ["GAME_DATE", "ATTENDANCE", "GAME_TIME"], "rowSet": [["SATURDAY, NOVEMBER 3, 2012", 20308, "2:10"]], "name": "GameInfo"}, {"headers": ["PLAYER_ID", "FIRST_NAME", "LAST_NAME", "JERSEY_NUM", "TEAM_ID", "TEAM_CITY", "TEAM_NAME", "TEAM_ABBREVIATION"], "rowSet": [[202340, "Avery", "Bradley", " 0", 1610612738, "Boston", "Celtics", "BOS"], [203097, "Fab", "Melo", "13", 1610612738, "Boston", "Celtics", "BOS"], [2403, "Nene", "Hilario", "42", 1610612764, "Washington", "Wizards", "WAS"], [202322, "John", "Wall", " 2", 1610612764, "Washington", "Wizards", "WAS"]], "name": "InactivePlayers"}, {"headers": ["VIDEO_AVAILABLE_FLAG"], "rowSet": [[1]], "name": "AvailableVideo"}], "parameters": {"GameID": "0021200027", "RangeType": 0, "StartPeriod": 0, "StartRange": 0, "EndPeriod": 0, "EndRange": 0}}