{"resource": "boxscore", "resultSets": [{"headers": ["GAME_DATE_EST", "GAME_SEQUENCE", "GAME_ID", "GAME_STATUS_ID", "GAME_STATUS_TEXT", "GAMECODE", "HOME_TEAM_ID", "VISITOR_TEAM_ID", "SEASON", "LIVE_PERIOD", "LIVE_PC_TIME", "NATL_TV_BROADCASTER_ABBREVIATION", "LIVE_PERIOD_TIME_BCAST", "WH_STATUS"], "rowSet": [["2012-11-04T00:00:00", 2, "0021200038", 3, "Final", "20121104/MINTOR", 1610612761, 1610612750, "2012", 4, "", "NBA TV", "Q4  - NBA TV", 1]], "name": "GameSummary"}, {"headers": ["GAME_DATE_EST", "GAME_SEQUENCE", "GAME_ID", "TEAM_ID", "TEAM_ABBREVIATION", "TEAM_CITY_NAME", "TEAM_WINS_LOSSES", "PTS_QTR1", "PTS_QTR2", "PTS_QTR3", "PTS_QTR4", "PTS_OT1", "PTS_OT2", "PTS_OT3", "PTS_OT4", "PTS_OT5", "PTS_OT6", "PTS_OT7", "PTS_OT8", "PTS_OT9", "PTS_OT10", "PTS"], "rowSet": [["2012-11-04T00:00:00", 2, "0021200038", 1610612750, "MIN", "Minnesota", "1-1", 24, 23, 26, 13, 0, 0, 0, 0, 0, 0, 0, 0, 0, 0, 86], ["2012-11-04T00:00:00", 2, "0021200038", 1610612761, "TOR", "Toronto", "1-2", 25, 31, 23, 26, 0, 0, 0, 0, 0, 0, 0, 0, 0, 0, 105]], "name": "LineScore"}, {"headers": ["GAME_ID", "HOME_TEAM_ID", "VISITOR_TEAM_ID", "GAME_DATE_EST", "HOME_TEAM_WINS", "HOME_TEAM_LOSSES", "SERIES_LEADER"], "rowSet": [["0021200038", 1610612761, 1610612750, "2012-11-04T00:00:00", 2, 0, "Toronto"]], "name": "SeasonSeries"}, {"headers": ["GAME_ID", "LAST_GAME_ID", "LAST_GAME_DATE_EST", "LAST_GAME_HOME_TEAM_ID", "LAST_GAME_HOME_TEAM_CITY", "LAST_GAME_HOME_TEAM_NAME", "LAST_GAME_HOME_TEAM_ABBREVIATION", "LAST_GAME_HOME_TEAM_POINTS", "LAST_GAME_VISITOR_TEAM_ID", "LAST_GAME_VISITOR_TEAM_CITY", "LAST_GAME_VISITOR_TEAM_NAME", "LAST_GAME_VISITOR_TEAM_CITY1", "LAST_GAME_VISITOR_TEAM_POINTS"], "rowSet": [["0021200038", "0021100126", "2012-01-09T00:00:00", 1610612761, "Toronto", "Raptors", "TOR", 97, 1610612750, "Minnesota", "Timberwolves", "MIN", 87]], "name": "LastMeeting"}, {"headers": ["GAME_ID", "TEAM_ID", "TEAM_ABBREVIATION", "TEAM_CITY", "PLAYER_ID", "PLAYER_NAME", "START_POSITION", "COMMENT", "MIN", "FGM", "FGA", "FG_PCT", "FG3M", "FG3A", "FG3_PCT", "FTM", "FTA", "FT_PCT", "OREB", "DREB", "REB", "AST", "STL", "BLK", "TO", "PF", "PTS", "PLUS_MINUS"], "rowSet": [["0021200038", 1610612750, "MIN", "Minnesota", 1905, "Andrei Kirilenko", "F", "", "28:33", 6, 7, 0.857, 1, 1, 1.0, 4, 5, 0.8, 1, 5, 6, 3, 1, 3, 2, 1, 17, -10.0], ["0021200038", 1610612750, "MIN", "Minnesota", 202682, "Derrick Williams", "F", "", "25:39", 3, 7, 0.429, 1, 1, 1.0, 2, 4, 0.5, 1, 7, 8, 1, 0, 0, 1, 1, 9, -5.0], ["0021200038", 1610612750, "MIN", "Minnesota", 201593, "Nikola Pekovic", "C", "", "28:56", 6, 11, 0.545, 0, 0, 0.0, 3, 4, 0.75, 1, 2, 3, 1, 1, 1, 3, 1, 15, -5.0], ["0021200038", 1610612750, "MIN", "Minnesota", 200750, "Brandon Roy", "G", "", "21:50", 0, 3, 0.0, 0, 1, 0.0, 4, 4, 1.0, 0, 1, 1, 0, 1, 0, 5, 2, 4, -4.0], ["0021200038", 1610612750, "MIN", "Minnesota", 2557, "Luke Ridnour", "G", "", "32:22", 3, 5, 0.6, 0, 2, 0.0, 2, 2, 1.0, 0, 5, 5, 5, 3, 0, 4, 2, 8, -4.0], ["0021200038", 1610612750, "MIN", "Minnesota", 203144, "Alexey Shved", "", "", "22:01", 2, 6, 0.333, 1, 4, 0.25, 3, 4, 0.75, 2, 2, 4, 4, 1, 0, 3, 1, 8, -10.0], ["0021200038", 1610612750, "MIN", "Minnesota", 201978, "Chase Budinger", "", "", "20:49", 3, 5, 0.6, 2, 3, 0.667, 1, 2, 0.5, 0, 3, 3, 1, 0, 0, 4, 3, 9, -9.0], ["0021200038", 1610612750, "MIN", "Minnesota", 201967, "Dante Cunningham", "", "", "19:07", 2, 7, 0.286, 0, 0, 0.0, 0, 0, 0.0, 1, 1, 2, 1, 0, 0, 1, 3, 4, -12.0], ["0021200038", 1610612750, "MIN", "Minnesota", 200826, "Jose Juan Barea", "", "", "7:35", 3, 5, 0.6, 1, 3, 0.333, 2, 2, 1.0, 0, 1, 1, 1, 0, 0, 0, 0, 9, -1.0], ["0021200038", 1610612750, "MIN", "Minnesota", 201880, "Greg Stiemsma", "", "", "17:01", 1, 3, 0.333, 0, 0, 0.0, 0, 0, 0.0, 1, 0, 1, 1, 0, 4, 1, 1, 2, -9.0], ["0021200038", 1610612750, "MIN", "Minnesota", 101215, "Will Conroy", "", "", "8:03", 0, 4, 0.0, 0, 1, 0.0, 0, 0, 0.0, 1, 0, 1, 0, 0, 0, 0, 0, 0, -14.0], ["0021200038", 1610612750, "MIN", "Minnesota", 200811, "Lou Amundson", "", "", "4:02", 0, 1, 0.0, 0, 0, 0.0, 1, 4, 0.25, 0, 1, 1, 0, 1, 0, 0, 0, 1, -6.0], ["0021200038", 1610612750, "MIN", "Minnesota", 202723, "Malcolm Lee", "", "", "4:02", 0, 0, 0.0, 0, 0, 0.0, 0, 0, 0.0, 0, 0, 0, 0, 0, 0, 0, 2, 0, -6.0], ["0021200038", 1610612761, "TOR", "Toronto", 202361, "Landry Fields", "F", "", "21:20", 2, 4, 0.5, 0, 0, 0.0, 1, 1, 1.0, 0, 3, 3, 0, 1, 0, 2, 1, 5, 8.0], ["0021200038", 1610612761, "TOR", "Toronto", 200745, "Andrea Bargnani", "F", "", "24:01", 4, 16, 0.25, 2, 4, 0.5, 0, 0, 0.0, 1, 0, 1, 0, 0, 0, 0, 3, 10, 5.0], ["0021200038", 1610612761, "TOR", "Toronto", 202685, "Jonas Valanciunas", "C", "", "22:42", 2, 8, 0.25, 0, 0, 0.0, 0, 0, 0.0, 3, 1, 4, 2, 0, 1, 1, 3, 4, 2.0], ["0021200038", 1610612761, "TOR", "Toronto", 201942, "DeMar DeRozan", "G", "", "32:26", 8, 14, 0.571, 1, 2, 0.5, 5, 6, 0.833, 2, 5, 7, 2, 3, 0, 2, 3, 22, 13.0], ["0021200038", 1610612761, "TOR", "Toronto", 200768, "Kyle Lowry", "G", "", "31:46", 8, 10, 0.8, 2, 3, 0.667, 4, 4, 1.0, 4, 3, 7, 5, 3, 0, 2, 1, 22, 10.0], ["0021200038", 1610612761, "TOR", "Toronto", 203082, "Terrence Ross", "", "", "7:13", 1, 4, 0.25, 0, 1, 0.0, 0, 0, 0.0, 0, 1, 1, 1, 0, 0, 2, 3, 2, -3.0], ["0021200038", 1610612761, "TOR", "Toronto", 101161, "Amir Johnson", "", "", "23:19", 3, 7, 0.429, 0, 0, 0.0, 3, 4, 0.75, 2, 3, 5, 3, 2, 1, 1, 2, 9, 16.0], ["0021200038", 1610612761, "TOR", "Toronto", 202334, "Ed Davis", "", "", "23:59", 3, 7, 0.429, 0, 0, 0.0, 0, 0, 0.0, 2, 5, 7, 1, 0, 0, 1, 2, 6, 14.0], ["0021200038", 1610612761, "TOR", "Toronto", 101181, "Jose Calderon", "", "", "14:15", 3, 5, 0.6, 1, 2, 0.5, 0, 0, 0.0, 1, 0, 1, 3, 0, 0, 0, 1, 7, 8.0], ["0021200038", 1610612761, "TOR", "Toronto", 101187, "Alan Anderson", "", "", "30:51", 6, 14, 0.429, 4, 8, 0.5, 2, 2, 1.0, 1, 2, 3, 1, 0, 0, 0, 4, 18, 20.0], ["0021200038", 1610612761, "TOR", "Toronto", 101249, "John Lucas III", "", "", "6:09", 0, 1, 0.0, 0, 1, 0.0, 0, 0, 0.0, 0, 0, 0, 0, 0, 0, 0, 0, 0, 1.0], ["0021200038", 1610612761, "TOR", "Toronto", 201187, "Dominic McGuire", "", "", "1:59", 0, 0, 0.0, 0, 0, 0.0, 0, 0, 0.0, 0, 0, 0, 0, 0, 1, 0, 1, 0, 1.0], ["0021200038", 1610612761, "TOR", "Toronto", 201189, "Aaron Gray", "", "DNP - Coach's Decision", null, null, null, null, null, null, null, null, null, null, null, null, null, null, null, null, null, null, null, null]], "name": "PlayerStats"}, {"headers": ["GAME_ID", "TEAM_ID", "TEAM_NAME", "TEAM_ABBREVIATION", "TEAM_CITY", "MIN", "FGM", "FGA", "FG_PCT", "FG3M", "FG3A", "FG3_PCT", "FTM", "FTA", "FT_PCT", "OREB", "DREB", "REB", "AST", "STL", "BLK", "TO", "PF", "PTS", "PLUS_MINUS"], "rowSet": [["0021200038", 1610612761, "Raptors", "TOR", "Toronto", "240:00", 40, 90, 0.444, 10, 21, 0.476, 15, 17, 0.882, 16, 23, 39, 18, 9, 3, 11, 24, 105, 19.0], ["0021200038", 1610612750, "Timberwolves", "MIN", "Minnesota", "240:00", 29, 64, 0.453, 6, 16, 0.375, 22, 31, 0.71, 8, 28, 36, 18, 8, 8, 24, 17, 86, -19.0]], "name": "TeamStats"}, {"headers": ["LEAGUE_ID", "SEASON_ID", "TEAM_ID", "TEAM_ABBREVIATION", "TEAM_CITY", "PTS_PAINT", "PTS_2ND_CHANCE", "PTS_FB", "LARGEST_LEAD", "LEAD_CHANGES", "TIMES_TIED"], "rowSet": [["00", "22012", 1610612750, "MIN", "Minnesota", 32, 12, 11, 20, 13, 4], ["00", "22012", 1610612761, "TOR", "Toronto", 38, 21, 9, 20, 13, 4]], "name": "OtherStats"}, {"headers": ["OFFICIAL_ID", "FIRST_NAME", "LAST_NAME", "JERSEY_NUM"], "rowSet": [[1176, "Monty", "McCutchen", "13"], [2003, "Pat", "Fraher", "26"], [201639, "Josh", "Tiven", "58"]], "name": "Officials"}, {"headers": ["GAME_DATE", "ATTENDANCE", "GAME_TIME"], "rowSet": [["SUNDAY, NOVEMBER 4, 2012", 16754, "2:06"]], "name": "GameInfo"}, {"headers": ["PLAYER_ID", "FIRST_NAME", "LAST_NAME", "JERSEY_NUM", "TEAM_ID", "TEAM_CITY", "TEAM_NAME", "TEAM_ABBREVIATION"], "rowSet": [[101132, "Linas", "Kleiza", "11", 1610612761, "Toronto", "Raptors", "TOR"], [203112, "Quincy", "Acy", " 4", 1610612761, "Toronto", "Raptors", "TOR"], [201567, "Kevin", "Love", "42", 1610612750, "Minnesota", "Timberwolves", "MIN"], [201937, "Ricky", "Rubio", " 9", 1610612750, "Minnesota", "Timberwolves", "MIN"]], "name": "InactivePlayers"}, {"headers": ["VIDEO_AVAILABLE_FLAG"], "rowSet": [[1]], "name": "AvailableVideo"}], "parameters": {"GameID": "0021200038", "RangeType": 0, "StartPeriod": 0, "StartRange": 0, "EndPeriod": 0, "EndRange": 0}}