{"resource": "boxscore", "resultSets": [{"headers": ["GAME_DATE_EST", "GAME_SEQUENCE", "GAME_ID", "GAME_STATUS_ID", "GAME_STATUS_TEXT", "GAMECODE", "HOME_TEAM_ID", "VISITOR_TEAM_ID", "SEASON", "LIVE_PERIOD", "LIVE_PC_TIME", "NATL_TV_BROADCASTER_ABBREVIATION", "LIVE_PERIOD_TIME_BCAST", "WH_STATUS"], "rowSet": [["2012-11-02T00:00:00", 4, "0021200018", 3, "Final", "20121102/HOUATL", 1610612737, 1610612745, "2012", 4, "", null, "Q4  - ", 1]], "name": "GameSummary"}, {"headers": ["GAME_DATE_EST", "GAME_SEQUENCE", "GAME_ID", "TEAM_ID", "TEAM_ABBREVIATION", "TEAM_CITY_NAME", "TEAM_WINS_LOSSES", "PTS_QTR1", "PTS_QTR2", "PTS_QTR3", "PTS_QTR4", "PTS_OT1", "PTS_OT2", "PTS_OT3", "PTS_OT4", "PTS_OT5", "PTS_OT6", "PTS_OT7", "PTS_OT8", "PTS_OT9", "PTS_OT10", "PTS"], "rowSet": [["2012-11-02T00:00:00", 4, "0021200018", 1610612737, "ATL", "Atlanta", "0-1", 21, 23, 30, 28, 0, 0, 0, 0, 0, 0, 0, 0, 0, 0, 102], ["2012-11-02T00:00:00", 4, "0021200018", 1610612745, "HOU", "Houston", "2-0", 28, 25, 28, 28, 0, 0, 0, 0, 0, 0, 0, 0, 0, 0, 109]], "name": "LineScore"}, {"headers": ["GAME_ID", "HOME_TEAM_ID", "VISITOR_TEAM_ID", "GAME_DATE_EST", "HOME_TEAM_WINS", "HOME_TEAM_LOSSES", "SERIES_LEADER"], "rowSet": [["0021200018", 1610612737, 1610612745, "2012-11-02T00:00:00", 0, 2, "Houston"]], "name": "SeasonSeries"}, {"headers": ["GAME_ID", "LAST_GAME_ID", "LAST_GAME_DATE_EST", "LAST_GAME_HOME_TEAM_ID", "LAST_GAME_HOME_TEAM_CITY", "LAST_GAME_HOME_TEAM_NAME", "LAST_GAME_HOME_TEAM_ABBREVIATION", "LAST_GAME_HOME_TEAM_POINTS", "LAST_GAME_VISITOR_TEAM_ID", "LAST_GAME_VISITOR_TEAM_CITY", "LAST_GAME_VISITOR_TEAM_NAME", "LAST_GAME_VISITOR_TEAM_CITY1", "LAST_GAME_VISITOR_TEAM_POINTS"], "rowSet": [["0021200018", "0021100052", "2011-12-31T00:00:00", 1610612737, "Atlanta", "Hawks", "ATL", 84, 1610612745, "Houston", "Rockets", "HOU", 95]], "name": "LastMeeting"}, {"headers": ["GAME_ID", "TEAM_ID", "TEAM_ABBREVIATION", "TEAM_CITY", "PLAYER_ID", "PLAYER_NAME", "START_POSITION", "COMMENT", "MIN", "FGM", "FGA", "FG_PCT", "FG3M", "FG3A", "FG3_PCT", "FTM", "FTA", "FT_PCT", "OREB", "DREB", "REB", "AST", "STL", "BLK", "TO", "PF", "PTS", "PLUS_MINUS"], "rowSet": [["0021200018", 1610612745, "HOU", "Houston", 202718, "Chandler Parsons", "F", "", "30:41", 2, 9, 0.222, 1, 6, 0.167, 1, 2, 0.5, 2, 3, 5, 6, 3, 0, 3, 2, 6, 1.0], ["0021200018", 1610612745, "HOU", "Houston", 202335, "Patrick Patterson", "F", "", "28:58", 4, 11, 0.364, 1, 4, 0.25, 0, 0, 0.0, 3, 4, 7, 2, 2, 1, 3, 0, 9, 13.0], ["0021200018", 1610612745, "HOU", "Houston", 201600, "Omer Asik", "C", "", "35:13", 0, 7, 0.0, 0, 0, 0.0, 0, 0, 0.0, 9, 10, 19, 1, 1, 1, 3, 2, 0, 15.0], ["0021200018", 1610612745, "HOU", "Houston", 201935, "James Harden", "G", "", "39:49", 14, 19, 0.737, 2, 4, 0.5, 15, 17, 0.882, 1, 6, 7, 2, 0, 0, 5, 3, 45, 17.0], ["0021200018", 1610612745, "HOU", "Houston", 202391, "Jeremy Lin", "G", "", "39:50", 6, 16, 0.375, 2, 3, 0.667, 7, 8, 0.875, 5, 5, 10, 7, 0, 0, 3, 2, 21, 9.0], ["0021200018", 1610612745, "HOU", "Houston", 202694, "Marcus Morris", "", "", "19:02", 8, 14, 0.571, 1, 6, 0.167, 0, 0, 0.0, 2, 3, 5, 0, 0, 0, 1, 2, 17, -6.0], ["0021200018", 1610612745, "HOU", "Houston", 202332, "Cole Aldrich", "", "", "12:31", 2, 3, 0.667, 0, 0, 0.0, 0, 0, 0.0, 1, 0, 1, 0, 0, 0, 0, 3, 4, -6.0], ["0021200018", 1610612745, "HOU", "Houston", 201962, "Toney Douglas", "", "", "8:10", 0, 3, 0.0, 0, 2, 0.0, 0, 0, 0.0, 0, 2, 2, 2, 0, 0, 1, 3, 0, -2.0], ["0021200018", 1610612745, "HOU", "Houston", 2568, "Carlos Delfino", "", "", "25:47", 2, 8, 0.25, 1, 5, 0.2, 2, 2, 1.0, 0, 2, 2, 2, 2, 0, 2, 1, 7, -6.0], ["0021200018", 1610612745, "HOU", "Houston", 201161, "Daequan Cook", "", "DNP - Coach's Decision", null, null, null, null, null, null, null, null, null, null, null, null, null, null, null, null, null, null, null, null], ["0021200018", 1610612745, "HOU", "Houston", 203093, "Terrence Jones", "", "DNP - Coach's Decision", null, null, null, null, null, null, null, null, null, null, null, null, null, null, null, null, null, null, null, null], ["0021200018", 1610612745, "HOU", "Houston", 202700, "Donatas Motiejunas", "", "DNP - Coach's Decision", null, null, null, null, null, null, null, null, null, null, null, null, null, null, null, null, null, null, null, null], ["0021200018", 1610612745, "HOU", "Houston", 203091, "Royce White", "", "DNP - Coach's Decision", null, null, null, null, null, null, null, null, null, null, null, null, null, null, null, null, null, null, null, null], ["0021200018", 1610612737, "ATL", "Atlanta", 2594, "Kyle Korver", "F", "", "14:45", 0, 3, 0.0, 0, 2, 0.0, 0, 0, 0.0, 0, 2, 2, 2, 2, 0, 0, 5, 0, -6.0], ["0021200018", 1610612737, "ATL", "Atlanta", 2746, "Josh Smith", "F", "", "41:33", 9, 21, 0.429, 0, 1, 0.0, 0, 0, 0.0, 1, 9, 10, 2, 0, 3, 3, 2, 18, -7.0], ["0021200018", 1610612737, "ATL", "Atlanta", 201143, "Al Horford", "C", "", "37:28", 6, 10, 0.6, 0, 0, 0.0, 2, 2, 1.0, 0, 5, 5, 3, 1, 0, 2, 1, 14, -11.0], ["0021200018", 1610612737, "ATL", "Atlanta", 2734, "Devin Harris", "G", "", "21:41", 4, 10, 0.4, 1, 5, 0.2, 0, 0, 0.0, 0, 2, 2, 2, 2, 0, 1, 0, 9, -5.0], ["0021200018", 1610612737, "ATL", "Atlanta", 201952, "Jeff Teague", "G", "", "27:01", 6, 10, 0.6, 0, 0, 0.0, 2, 2, 1.0, 0, 1, 1, 7, 2, 1, 4, 4, 14, -10.0], ["0021200018", 1610612737, "ATL", "Atlanta", 2052, "DeShawn Stevenson", "", "", "28:59", 4, 6, 0.667, 4, 6, 0.667, 0, 0, 0.0, 1, 1, 2, 1, 2, 0, 0, 6, 12, 2.0], ["0021200018", 1610612737, "ATL", "Atlanta", 2585, "Zaza Pachulia", "", "", "21:51", 4, 5, 0.8, 0, 0, 0.0, 5, 6, 0.833, 5, 3, 8, 1, 0, 0, 0, 4, 13, -3.0], ["0021200018", 1610612737, "ATL", "Atlanta", 101150, "Louis Williams", "", "", "30:38", 7, 17, 0.412, 2, 5, 0.4, 6, 7, 0.857, 0, 4, 4, 5, 3, 0, 3, 2, 22, 4.0], ["0021200018", 1610612737, "ATL", "Atlanta", 201229, "Anthony Tolliver", "", "", "16:05", 0, 3, 0.0, 0, 3, 0.0, 0, 0, 0.0, 0, 2, 2, 0, 0, 0, 0, 2, 0, 1.0], ["0021200018", 1610612737, "ATL", "Atlanta", 203098, "John Jenkins", "", "DNP - Coach's Decision", null, null, null, null, null, null, null, null, null, null, null, null, null, null, null, null, null, null, null, null], ["0021200018", 1610612737, "ATL", "Atlanta", 201274, "Ivan Johnson", "", "DNP - Coach's Decision", null, null, null, null, null, null, null, null, null, null, null, null, null, null, null, null, null, null, null, null], ["0021200018", 1610612737, "ATL", "Atlanta", 201627, "Anthony Morrow", "", "DNP - Coach's Decision", null, null, null, null, null, null, null, null, null, null, null, null, null, null, null, null, null, null, null, null], ["0021200018", 1610612737, "ATL", "Atlanta", 203118, "Mike Scott", "", "DNP - Coach's Decision", null, null, null, null, null, null, null, null, null, null, null, null, null, null, null, null, null, null, null, null]], "name": "PlayerStats"}, {"headers": ["GAME_ID", "TEAM_ID", "TEAM_NAME", "TEAM_ABBREVIATION", "TEAM_CITY", "MIN", "FGM", "FGA", "FG_PCT", "FG3M", "FG3A", "FG3_PCT", "FTM", "FTA", "FT_PCT", "OREB", "DREB", "REB", "AST", "STL", "BLK", "TO", "PF", "PTS", "PLUS_MINUS"], "rowSet": [["0021200018", 1610612745, "Rockets", "HOU", "Houston", "240:00", 38, 90, 0.422, 8, 30, 0.267, 25, 29, 0.862, 23, 35, 58, 22, 8, 2, 21, 18, 109, 7.0], ["0021200018", 1610612737, "Hawks", "ATL", "Atlanta", "240:00", 40, 85, 0.471, 7, 22, 0.318, 15, 17, 0.882, 7, 29, 36, 23, 12, 4, 13, 26, 102, -7.0]], "name": "TeamStats"}, {"headers": ["LEAGUE_ID", "SEASON_ID", "TEAM_ID", "TEAM_ABBREVIATION", "TEAM_CITY", "PTS_PAINT", "PTS_2ND_CHANCE", "PTS_FB", "LARGEST_LEAD", "LEAD_CHANGES", "TIMES_TIED"], "rowSet": [["00", "22012", 1610612737, "ATL", "Atlanta", 56, 9, 33, 16, 7, 4], ["00", "22012", 1610612745, "HOU", "Houston", 50, 15, 18, 14, 7, 4]], "name": "OtherStats"}, {"headers": ["OFFICIAL_ID", "FIRST_NAME", "LAST_NAME", "JERSEY_NUM"], "rowSet": [[2882, "Sean", "Wright", "65"], [2530, "Ed", "Malloy", "14"], [201638, "Brent", "Barnaky", "70"]], "name": "Officials"}, {"headers": ["GAME_DATE", "ATTENDANCE", "GAME_TIME"], "rowSet": [["FRIDAY, NOVEMBER 2, 2012", 18238, "2:15"]], "name": "GameInfo"}, {"headers": ["PLAYER_ID", "FIRST_NAME", "LAST_NAME", "JERSEY_NUM", "TEAM_ID", "TEAM_CITY", "TEAM_NAME", "TEAM_ABBREVIATION"], "rowSet": [[101130, "Johan", "Petro", "10", 1610612737, "Atlanta", "Hawks", "ATL"], [202962, "Greg", "Smith", " 4", 1610612745, "Houston", "Rockets", "HOU"], [203159, "Scott", "Machado", " 1", 1610612745, "Houston", "Rockets", "HOU"]], "name": "InactivePlayers"}, {"headers": ["VIDEO_AVAILABLE_FLAG"], "rowSet": [[1]], "name": "AvailableVideo"}], "parameters": {"GameID": "0021200018", "RangeType": 0, "StartPeriod": 0, "StartRange": 0, "EndPeriod": 0, "EndRange": 0}}