{"resource": "boxscore", "resultSets": [{"headers": ["GAME_DATE_EST", "GAME_SEQUENCE", "GAME_ID", "GAME_STATUS_ID", "GAME_STATUS_TEXT", "GAMECODE", "HOME_TEAM_ID", "VISITOR_TEAM_ID", "SEASON", "LIVE_PERIOD", "LIVE_PC_TIME", "NATL_TV_BROADCASTER_ABBREVIATION", "LIVE_PERIOD_TIME_BCAST", "WH_STATUS"], "rowSet": [["2012-10-31T00:00:00", 4, "0021200007", 3, "Final", "20121031/SACCHI", 1610612741, 1610612758, "2012", 4, "", null, "Q4  - ", 1]], "name": "GameSummary"}, {"headers": ["GAME_DATE_EST", "GAME_SEQUENCE", "GAME_ID", "TEAM_ID", "TEAM_ABBREVIATION", "TEAM_CITY_NAME", "TEAM_WINS_LOSSES", "PTS_QTR1", "PTS_QTR2", "PTS_QTR3", "PTS_QTR4", "PTS_OT1", "PTS_OT2", "PTS_OT3", "PTS_OT4", "PTS_OT5", "PTS_OT6", "PTS_OT7", "PTS_OT8", "PTS_OT9", "PTS_OT10", "PTS"], "rowSet": [["2012-10-31T00:00:00", 4, "0021200007", 1610612758, "SAC", "Sacramento", "0-1", 23, 17, 23, 24, 0, 0, 0, 0, 0, 0, 0, 0, 0, 0, 87], ["2012-10-31T00:00:00", 4, "0021200007", 1610612741, "CHI", "Chicago", "1-0", 25, 19, 25, 24, 0, 0, 0, 0, 0, 0, 0, 0, 0, 0, 93]], "name": "LineScore"}, {"headers": ["GAME_ID", "HOME_TEAM_ID", "VISITOR_TEAM_ID", "GAME_DATE_EST", "HOME_TEAM_WINS", "HOME_TEAM_LOSSES", "SERIES_LEADER"], "rowSet": [["0021200007", 1610612741, 1610612758, "2012-10-31T00:00:00", 1, 1, "Tied"]], "name": "SeasonSeries"}, {"headers": ["GAME_ID", "LAST_GAME_ID", "LAST_GAME_DATE_EST", "LAST_GAME_HOME_TEAM_ID", "LAST_GAME_HOME_TEAM_CITY", "LAST_GAME_HOME_TEAM_NAME", "LAST_GAME_HOME_TEAM_ABBREVIATION", "LAST_GAME_HOME_TEAM_POINTS", "LAST_GAME_VISITOR_TEAM_ID", "LAST_GAME_VISITOR_TEAM_CITY", "LAST_GAME_VISITOR_TEAM_NAME", "LAST_GAME_VISITOR_TEAM_CITY1", "LAST_GAME_VISITOR_TEAM_POINTS"], "rowSet": [["0021200007", "0021100423", "2012-02-14T00:00:00", 1610612741, "Chicago", "Bulls", "CHI", 121, 1610612758, "Sacramento", "Kings", "SAC", 115]], "name": "LastMeeting"}, {"headers": ["GAME_ID", "TEAM_ID", "TEAM_ABBREVIATION", "TEAM_CITY", "PLAYER_ID", "PLAYER_NAME", "START_POSITION", "COMMENT", "MIN", "FGM", "FGA", "FG_PCT", "FG3M", "FG3A", "FG3_PCT", "FTM", "FTA", "FT_PCT", "OREB", "DREB", "REB", "AST", "STL", "BLK", "TO", "PF", "PTS", "PLUS_MINUS"], "rowSet": [["0021200007", 1610612758, "SAC", "Sacramento", 201949, "James Johnson", "F", "", "21:28", 1, 8, 0.125, 0, 1, 0.0, 0, 0, 0.0, 2, 1, 3, 1, 3, 0, 4, 3, 2, -13.0], ["0021200007", 1610612758, "SAC", "Sacramento", 201574, "Jason Thompson", "F", "", "27:35", 3, 6, 0.5, 0, 0, 0.0, 2, 2, 1.0, 3, 5, 8, 2, 0, 1, 0, 4, 8, -2.0], ["0021200007", 1610612758, "SAC", "Sacramento", 202326, "DeMarcus Cousins", "C", "", "25:02", 7, 14, 0.5, 0, 0, 0.0, 0, 0, 0.0, 3, 4, 7, 1, 3, 2, 7, 4, 14, -12.0], ["0021200007", 1610612758, "SAC", "Sacramento", 201936, "Tyreke Evans", "G", "", "39:05", 8, 13, 0.615, 1, 2, 0.5, 4, 4, 1.0, 1, 7, 8, 3, 0, 1, 2, 3, 21, 1.0], ["0021200007", 1610612758, "SAC", "Sacramento", 202738, "Isaiah Thomas", "G", "", "24:43", 3, 8, 0.375, 2, 3, 0.667, 2, 2, 1.0, 0, 0, 0, 1, 0, 0, 3, 1, 10, -6.0], ["0021200007", 1610612758, "SAC", "Sacramento", 201977, "Marcus Thornton", "", "", "31:48", 5, 15, 0.333, 1, 6, 0.167, 4, 5, 0.8, 0, 4, 4, 2, 1, 0, 0, 1, 15, 1.0], ["0021200007", 1610612758, "SAC", "Sacramento", 203080, "Thomas Robinson", "", "", "21:33", 1, 5, 0.2, 0, 0, 0.0, 1, 2, 0.5, 1, 2, 3, 0, 1, 0, 3, 3, 3, 1.0], ["0021200007", 1610612758, "SAC", "Sacramento", 201166, "Aaron Brooks", "", "", "23:17", 3, 10, 0.3, 1, 3, 0.333, 0, 1, 0.0, 0, 3, 3, 1, 1, 0, 0, 6, 7, 0.0], ["0021200007", 1610612758, "SAC", "Sacramento", 101128, "Francisco Garcia", "", "", "7:40", 2, 3, 0.667, 1, 2, 0.5, 0, 0, 0.0, 0, 1, 1, 0, 0, 0, 0, 1, 5, 0.0], ["0021200007", 1610612758, "SAC", "Sacramento", 101236, "Charles Hayes", "", "", "17:43", 1, 2, 0.5, 0, 0, 0.0, 0, 0, 0.0, 1, 2, 3, 3, 1, 1, 0, 3, 2, -2.0], ["0021200007", 1610612758, "SAC", "Sacramento", 202690, "Jimmer Fredette", "", "", "0:06", 0, 0, 0.0, 0, 0, 0.0, 0, 0, 0.0, 0, 0, 0, 0, 0, 0, 0, 0, 0, 2.0], ["0021200007", 1610612758, "SAC", "Sacramento", 202715, "Tyler Honeycutt", "", "DNP - Coach's Decision", null, null, null, null, null, null, null, null, null, null, null, null, null, null, null, null, null, null, null, null], ["0021200007", 1610612758, "SAC", "Sacramento", 2566, "Travis Outlaw", "", "DNP - Coach's Decision", null, null, null, null, null, null, null, null, null, null, null, null, null, null, null, null, null, null, null, null], ["0021200007", 1610612741, "CHI", "Chicago", 2736, "Luol Deng", "F", "", "41:33", 3, 13, 0.231, 0, 4, 0.0, 1, 3, 0.333, 5, 7, 12, 2, 0, 1, 4, 3, 7, 6.0], ["0021200007", 1610612741, "CHI", "Chicago", 2430, "Carlos Boozer", "F", "", "33:25", 8, 13, 0.615, 0, 0, 0.0, 2, 5, 0.4, 1, 7, 8, 2, 1, 1, 3, 3, 18, 5.0], ["0021200007", 1610612741, "CHI", "Chicago", 201149, "Joakim Noah", "C", "", "40:01", 6, 12, 0.5, 0, 0, 0.0, 11, 12, 0.917, 5, 5, 10, 3, 5, 3, 2, 2, 23, 6.0], ["0021200007", 1610612741, "CHI", "Chicago", 1888, "Richard Hamilton", "G", "", "31:03", 7, 16, 0.438, 0, 1, 0.0, 5, 5, 1.0, 0, 1, 1, 3, 2, 0, 3, 1, 19, 6.0], ["0021200007", 1610612741, "CHI", "Chicago", 2550, "Kirk Hinrich", "G", "", "29:23", 1, 7, 0.143, 0, 1, 0.0, 1, 3, 0.333, 1, 2, 3, 7, 0, 0, 2, 2, 3, 5.0], ["0021200007", 1610612741, "CHI", "Chicago", 201959, "Taj Gibson", "", "", "19:14", 2, 6, 0.333, 0, 0, 0.0, 0, 0, 0.0, 1, 4, 5, 0, 0, 4, 0, 1, 4, -1.0], ["0021200007", 1610612741, "CHI", "Chicago", 201158, "Marco Belinelli", "", "", "11:42", 1, 2, 0.5, 1, 1, 1.0, 3, 3, 1.0, 0, 0, 0, 3, 0, 0, 1, 0, 6, 7.0], ["0021200007", 1610612741, "CHI", "Chicago", 101126, "Nate Robinson", "", "", "19:45", 3, 8, 0.375, 1, 2, 0.5, 0, 0, 0.0, 0, 5, 5, 1, 0, 0, 3, 2, 7, 1.0], ["0021200007", 1610612741, "CHI", "Chicago", 202710, "Jimmy Butler", "", "", "11:10", 1, 1, 1.0, 0, 0, 0.0, 2, 2, 1.0, 0, 1, 1, 0, 0, 0, 0, 3, 4, -5.0], ["0021200007", 1610612741, "CHI", "Chicago", 1737, "Nazr Mohammed", "", "", "2:44", 1, 1, 1.0, 0, 0, 0.0, 0, 0, 0.0, 1, 0, 1, 0, 0, 1, 0, 2, 2, 0.0], ["0021200007", 1610612741, "CHI", "Chicago", 2209, "Vladimir Radmanovic", "", "DNP - Coach's Decision", null, null, null, null, null, null, null, null, null, null, null, null, null, null, null, null, null, null, null, null], ["0021200007", 1610612741, "CHI", "Chicago", 203104, "Marquis Teague", "", "DNP - Coach's Decision", null, null, null, null, null, null, null, null, null, null, null, null, null, null, null, null, null, null, null, null]], "name": "PlayerStats"}, {"headers": ["GAME_ID", "TEAM_ID", "TEAM_NAME", "TEAM_ABBREVIATION", "TEAM_CITY", "MIN", "FGM", "FGA", "FG_PCT", "FG3M", "FG3A", "FG3_PCT", "FTM", "FTA", "FT_PCT", "OREB", "DREB", "REB", "AST", "STL", "BLK", "TO", "PF", "PTS", "PLUS_MINUS"], "rowSet": [["0021200007", 1610612758, "Kings", "SAC", "Sacramento", "240:00", 34, 84, 0.405, 6, 17, 0.353, 13, 16, 0.813, 11, 29, 40, 14, 10, 5, 19, 29, 87, -6.0], ["0021200007", 1610612741, "Bulls", "CHI", "Chicago", "240:00", 33, 79, 0.418, 2, 9, 0.222, 25, 33, 0.758, 14, 32, 46, 21, 8, 10, 18, 19, 93, 6.0]], "name": "TeamStats"}, {"headers": ["LEAGUE_ID", "SEASON_ID", "TEAM_ID", "TEAM_ABBREVIATION", "TEAM_CITY", "PTS_PAINT", "PTS_2ND_CHANCE", "PTS_FB", "LARGEST_LEAD", "LEAD_CHANGES", "TIMES_TIED"], "rowSet": [["00", "22012", 1610612758, "SAC", "Sacramento", 44, 10, 14, 14, 5, 4], ["00", "22012", 1610612741, "CHI", "Chicago", 42, 19, 14, 13, 5, 4]], "name": "OtherStats"}, {"headers": ["OFFICIAL_ID", "FIRST_NAME", "LAST_NAME", "JERSEY_NUM"], "rowSet": [[1185, "Violet", "Palmer", "12"], [1168, "David", "Jones", "36"], [101283, "Brian", "Forte", "45"]], "name": "Officials"}, {"headers": ["GAME_DATE", "ATTENDANCE", "GAME_TIME"], "rowSet": [["WEDNESDAY, OCTOBER 31, 2012", 21313, "2:29"]], "name": "GameInfo"}, {"headers": ["PLAYER_ID", "FIRST_NAME", "LAST_NAME", "JERSEY_NUM", "TEAM_ID", "TEAM_CITY", "TEAM_NAME", "TEAM_ABBREVIATION"], "rowSet": [[201565, "Derrick", "Rose", " 1", 1610612741, "Chicago", "Bulls", "CHI"], [2422, "John", "Salmons", " 5", 1610612758, "Sacramento", "Kings", "SAC"]], "name": "InactivePlayers"}, {"headers": ["VIDEO_AVAILABLE_FLAG"], "rowSet": [[1]], "name": "AvailableVideo"}], "parameters": {"GameID": "0021200007", "RangeType": 0, "StartPeriod": 0, "StartRange": 0, "EndPeriod": 0, "EndRange": 0}}