{"resource": "boxscore", "resultSets": [{"headers": ["GAME_DATE_EST", "GAME_SEQUENCE", "GAME_ID", "GAME_STATUS_ID", "GAME_STATUS_TEXT", "GAMECODE", "HOME_TEAM_ID", "VISITOR_TEAM_ID", "SEASON", "LIVE_PERIOD", "LIVE_PC_TIME", "NATL_TV_BROADCASTER_ABBREVIATION", "LIVE_PERIOD_TIME_BCAST", "WH_STATUS"], "rowSet": [["2012-11-03T00:00:00", 5, "0021200031", 3, "Final", "20121103/NOHCHI", 1610612741, 1610612740, "2012", 4, "", null, "Q4  - ", 1]], "name": "GameSummary"}, {"headers": ["GAME_DATE_EST", "GAME_SEQUENCE", "GAME_ID", "TEAM_ID", "TEAM_ABBREVIATION", "TEAM_CITY_NAME", "TEAM_WINS_LOSSES", "PTS_QTR1", "PTS_QTR2", "PTS_QTR3", "PTS_QTR4", "PTS_OT1", "PTS_OT2", "PTS_OT3", "PTS_OT4", "PTS_OT5", "PTS_OT6", "PTS_OT7", "PTS_OT8", "PTS_OT9", "PTS_OT10", "PTS"], "rowSet": [["2012-11-03T00:00:00", 5, "0021200031", 1610612741, "CHI", "Chicago", "2-1", 18, 26, 16, 22, 0, 0, 0, 0, 0, 0, 0, 0, 0, 0, 82], ["2012-11-03T00:00:00", 5, "0021200031", 1610612740, "NOH", "New Orleans", "2-1", 21, 25, 20, 23, 0, 0, 0, 0, 0, 0, 0, 0, 0, 0, 89]], "name": "LineScore"}, {"headers": ["GAME_ID", "HOME_TEAM_ID", "VISITOR_TEAM_ID", "GAME_DATE_EST", "HOME_TEAM_WINS", "HOME_TEAM_LOSSES", "SERIES_LEADER"], "rowSet": [["0021200031", 1610612741, 1610612740, "2012-11-03T00:00:00", 1, 1, "Tied"]], "name": "SeasonSeries"}, {"headers": ["GAME_ID", "LAST_GAME_ID", "LAST_GAME_DATE_EST", "LAST_GAME_HOME_TEAM_ID", "LAST_GAME_HOME_TEAM_CITY", "LAST_GAME_HOME_TEAM_NAME", "LAST_GAME_HOME_TEAM_ABBREVIATION", "LAST_GAME_HOME_TEAM_POINTS", "LAST_GAME_VISITOR_TEAM_ID", "LAST_GAME_VISITOR_TEAM_CITY", "LAST_GAME_VISITOR_TEAM_NAME", "LAST_GAME_VISITOR_TEAM_CITY1", "LAST_GAME_VISITOR_TEAM_POINTS"], "rowSet": [["0021200031", "0021100506", "2012-02-28T00:00:00", 1610612741, "Chicago", "Bulls", "CHI", 99, 1610612740, "New Orleans", "Hornets", "NOH", 95]], "name": "LastMeeting"}, {"headers": ["GAME_ID", "TEAM_ID", "TEAM_ABBREVIATION", "TEAM_CITY", "PLAYER_ID", "PLAYER_NAME", "START_POSITION", "COMMENT", "MIN", "FGM", "FGA", "FG_PCT", "FG3M", "FG3A", "FG3_PCT", "FTM", "FTA", "FT_PCT", "OREB", "DREB", "REB", "AST", "STL", "BLK", "TO", "PF", "PTS", "PLUS_MINUS"], "rowSet": [["0021200031", 1610612740, "NOH", "New Orleans", 202329, "Al-Farouq Aminu", "F", "", "26:55", 4, 6, 0.667, 0, 0, 0.0, 0, 0, 0.0, 2, 4, 6, 1, 2, 2, 3, 4, 8, 6.0], ["0021200031", 1610612740, "NOH", "New Orleans", 201583, "Ryan Anderson", "F", "", "42:10", 5, 13, 0.385, 1, 7, 0.143, 1, 1, 1.0, 3, 10, 13, 1, 0, 0, 3, 4, 12, 8.0], ["0021200031", 1610612740, "NOH", "New Orleans", 201577, "Robin Lopez", "C", "", "32:45", 7, 10, 0.7, 0, 0, 0.0, 2, 4, 0.5, 1, 6, 7, 0, 1, 4, 3, 0, 16, 11.0], ["0021200031", 1610612740, "NOH", "New Orleans", 203085, "Austin Rivers", "G", "", "33:50", 4, 12, 0.333, 0, 2, 0.0, 1, 2, 0.5, 0, 3, 3, 2, 3, 1, 2, 3, 9, 9.0], ["0021200031", 1610612740, "NOH", "New Orleans", 202349, "Greivis Vasquez", "G", "", "35:46", 6, 18, 0.333, 2, 4, 0.5, 4, 4, 1.0, 1, 3, 4, 6, 0, 0, 4, 2, 18, 9.0], ["0021200031", 1610612740, "NOH", "New Orleans", 201160, "Jason Smith", "", "", "15:27", 4, 5, 0.8, 0, 0, 0.0, 8, 8, 1.0, 1, 1, 2, 0, 0, 2, 0, 4, 16, -4.0], ["0021200031", 1610612740, "NOH", "New Orleans", 203148, "Brian Roberts", "", "", "5:40", 0, 5, 0.0, 0, 1, 0.0, 2, 2, 1.0, 1, 2, 3, 1, 0, 0, 1, 0, 2, -1.0], ["0021200031", 1610612740, "NOH", "New Orleans", 2427, "Roger Mason Jr.", "", "", "21:07", 2, 3, 0.667, 2, 3, 0.667, 2, 2, 1.0, 0, 2, 2, 1, 0, 0, 0, 1, 8, -1.0], ["0021200031", 1610612740, "NOH", "New Orleans", 203121, "Darius Miller", "", "", "17:58", 0, 1, 0.0, 0, 1, 0.0, 0, 0, 0.0, 0, 3, 3, 1, 1, 0, 0, 2, 0, 4.0], ["0021200031", 1610612740, "NOH", "New Orleans", 202498, "Lance Thomas", "", "", "5:15", 0, 2, 0.0, 0, 0, 0.0, 0, 0, 0.0, 0, 1, 1, 0, 0, 0, 0, 1, 0, -3.0], ["0021200031", 1610612740, "NOH", "New Orleans", 202333, "Xavier Henry", "", "", "3:07", 0, 0, 0.0, 0, 0, 0.0, 0, 0, 0.0, 0, 0, 0, 0, 0, 0, 0, 0, 0, -3.0], ["0021200031", 1610612740, "NOH", "New Orleans", 203076, "Anthony Davis", "", "NWT - Mild Concussion", null, null, null, null, null, null, null, null, null, null, null, null, null, null, null, null, null, null, null, null], ["0021200031", 1610612740, "NOH", "New Orleans", 101124, "Hakim Warrick", "", "DNP - Coach's Decision", null, null, null, null, null, null, null, null, null, null, null, null, null, null, null, null, null, null, null, null], ["0021200031", 1610612741, "CHI", "Chicago", 2736, "Luol Deng", "F", "", "42:56", 6, 15, 0.4, 0, 3, 0.0, 7, 10, 0.7, 4, 4, 8, 4, 1, 0, 2, 0, 19, -12.0], ["0021200031", 1610612741, "CHI", "Chicago", 2430, "Carlos Boozer", "F", "", "25:47", 1, 8, 0.125, 0, 0, 0.0, 2, 2, 1.0, 2, 5, 7, 2, 0, 0, 2, 2, 4, -2.0], ["0021200031", 1610612741, "CHI", "Chicago", 201149, "Joakim Noah", "C", "", "43:19", 4, 12, 0.333, 0, 0, 0.0, 3, 4, 0.75, 5, 6, 11, 3, 1, 2, 2, 6, 11, -6.0], ["0021200031", 1610612741, "CHI", "Chicago", 1888, "Richard Hamilton", "G", "", "18:35", 2, 10, 0.2, 0, 0, 0.0, 0, 0, 0.0, 0, 2, 2, 2, 0, 0, 2, 2, 4, -12.0], ["0021200031", 1610612741, "CHI", "Chicago", 2550, "Kirk Hinrich", "G", "", "24:00", 1, 8, 0.125, 0, 2, 0.0, 0, 0, 0.0, 1, 1, 2, 4, 5, 0, 2, 2, 2, -7.0], ["0021200031", 1610612741, "CHI", "Chicago", 201158, "Marco Belinelli", "", "", "29:25", 4, 10, 0.4, 2, 6, 0.333, 3, 3, 1.0, 0, 0, 0, 2, 1, 0, 1, 3, 13, 5.0], ["0021200031", 1610612741, "CHI", "Chicago", 201959, "Taj Gibson", "", "", "21:13", 4, 7, 0.571, 0, 0, 0.0, 4, 4, 1.0, 3, 2, 5, 1, 0, 3, 0, 2, 12, 1.0], ["0021200031", 1610612741, "CHI", "Chicago", 1737, "Nazr Mohammed", "", "", "4:14", 0, 0, 0.0, 0, 0, 0.0, 0, 0, 0.0, 0, 1, 1, 0, 0, 1, 0, 0, 0, -2.0], ["0021200031", 1610612741, "CHI", "Chicago", 101126, "Nate Robinson", "", "", "24:00", 6, 16, 0.375, 1, 5, 0.2, 2, 2, 1.0, 0, 5, 5, 2, 3, 0, 1, 3, 15, 0.0], ["0021200031", 1610612741, "CHI", "Chicago", 202710, "Jimmy Butler", "", "", "6:04", 1, 1, 1.0, 0, 0, 0.0, 0, 0, 0.0, 0, 0, 0, 0, 0, 0, 0, 0, 2, -1.0], ["0021200031", 1610612741, "CHI", "Chicago", 2209, "Vladimir Radmanovic", "", "", "0:27", 0, 1, 0.0, 0, 1, 0.0, 0, 0, 0.0, 0, 0, 0, 1, 0, 0, 0, 0, 0, 1.0], ["0021200031", 1610612741, "CHI", "Chicago", 203104, "Marquis Teague", "", "DNP - Coach's Decision", null, null, null, null, null, null, null, null, null, null, null, null, null, null, null, null, null, null, null, null]], "name": "PlayerStats"}, {"headers": ["GAME_ID", "TEAM_ID", "TEAM_NAME", "TEAM_ABBREVIATION", "TEAM_CITY", "MIN", "FGM", "FGA", "FG_PCT", "FG3M", "FG3A", "FG3_PCT", "FTM", "FTA", "FT_PCT", "OREB", "DREB", "REB", "AST", "STL", "BLK", "TO", "PF", "PTS", "PLUS_MINUS"], "rowSet": [["0021200031", 1610612740, "Hornets", "NOH", "New Orleans", "240:00", 32, 75, 0.427, 5, 18, 0.278, 20, 23, 0.87, 9, 35, 44, 13, 7, 9, 16, 21, 89, 7.0], ["0021200031", 1610612741, "Bulls", "CHI", "Chicago", "240:00", 29, 88, 0.33, 3, 17, 0.176, 21, 25, 0.84, 15, 26, 41, 21, 11, 6, 12, 20, 82, -7.0]], "name": "TeamStats"}, {"headers": ["LEAGUE_ID", "SEASON_ID", "TEAM_ID", "TEAM_ABBREVIATION", "TEAM_CITY", "PTS_PAINT", "PTS_2ND_CHANCE", "PTS_FB", "LARGEST_LEAD", "LEAD_CHANGES", "TIMES_TIED"], "rowSet": [["00", "22012", 1610612741, "CHI", "Chicago", 38, 20, 21, 10, 2, 3], ["00", "22012", 1610612740, "NOH", "New Orleans", 32, 13, 17, 8, 2, 3]], "name": "OtherStats"}, {"headers": ["OFFICIAL_ID", "FIRST_NAME", "LAST_NAME", "JERSEY_NUM"], "rowSet": [[1199, "Tom", "Washington", "49"], [201640, "Kane", "Fitzgerald", "35"], [202058, "James", "Williams", "60"]], "name": "Officials"}, {"headers": ["GAME_DATE", "ATTENDANCE", "GAME_TIME"], "rowSet": [["SATURDAY, NOVEMBER 3, 2012", 21758, "2:22"]], "name": "GameInfo"}, {"headers": ["PLAYER_ID", "FIRST_NAME", "LAST_NAME", "JERSEY_NUM", "TEAM_ID", "TEAM_CITY", "TEAM_NAME", "TEAM_ABBREVIATION"], "rowSet": [[201565, "Derrick", "Rose", " 1", 1610612741, "Chicago", "Bulls", "CHI"], [201569, "Eric", "Gordon", "10", 1610612740, "New Orleans", "Hornets", "NOH"]], "name": "InactivePlayers"}, {"headers": ["VIDEO_AVAILABLE_FLAG"], "rowSet": [[1]], "name": "AvailableVideo"}], "parameters": {"GameID": "0021200031", "RangeType": 0, "StartPeriod": 0, "StartRange": 0, "EndPeriod": 0, "EndRange": 0}}