{"resource": "boxscore", "resultSets": [{"headers": ["GAME_DATE_EST", "GAME_SEQUENCE", "GAME_ID", "GAME_STATUS_ID", "GAME_STATUS_TEXT", "GAMECODE", "HOME_TEAM_ID", "VISITOR_TEAM_ID", "SEASON", "LIVE_PERIOD", "LIVE_PC_TIME", "NATL_TV_BROADCASTER_ABBREVIATION", "LIVE_PERIOD_TIME_BCAST", "WH_STATUS"], "rowSet": [["2012-10-30T00:00:00", 3, "0021200003", 3, "Final", "20121030/DALLAL", 1610612747, 1610612742, "2012", 4, "", "TNT", "Q4  - TNT", 1]], "name": "GameSummary"}, {"headers": ["GAME_DATE_EST", "GAME_SEQUENCE", "GAME_ID", "TEAM_ID", "TEAM_ABBREVIATION", "TEAM_CITY_NAME", "TEAM_WINS_LOSSES", "PTS_QTR1", "PTS_QTR2", "PTS_QTR3", "PTS_QTR4", "PTS_OT1", "PTS_OT2", "PTS_OT3", "PTS_OT4", "PTS_OT5", "PTS_OT6", "PTS_OT7", "PTS_OT8", "PTS_OT9", "PTS_OT10", "PTS"], "rowSet": [["2012-10-30T00:00:00", 3, "0021200003", 1610612747, "LAL", "Los Angeles", "0-1", 29, 17, 20, 25, 0, 0, 0, 0, 0, 0, 0, 0, 0, 0, 91], ["2012-10-30T00:00:00", 3, "0021200003", 1610612742, "DAL", "Dallas", "1-0", 25, 23, 26, 25, 0, 0, 0, 0, 0, 0, 0, 0, 0, 0, 99]], "name": "LineScore"}, {"headers": ["GAME_ID", "HOME_TEAM_ID", "VISITOR_TEAM_ID", "GAME_DATE_EST", "HOME_TEAM_WINS", "HOME_TEAM_LOSSES", "SERIES_LEADER"], "rowSet": [["0021200003", 1610612747, 1610612742, "2012-10-30T00:00:00", 3, 1, "L.A. Lakers"]], "name": "SeasonSeries"}, {"headers": ["GAME_ID", "LAST_GAME_ID", "LAST_GAME_DATE_EST", "LAST_GAME_HOME_TEAM_ID", "LAST_GAME_HOME_TEAM_CITY", "LAST_GAME_HOME_TEAM_NAME", "LAST_GAME_HOME_TEAM_ABBREVIATION", "LAST_GAME_HOME_TEAM_POINTS", "LAST_GAME_VISITOR_TEAM_ID", "LAST_GAME_VISITOR_TEAM_CITY", "LAST_GAME_VISITOR_TEAM_NAME", "LAST_GAME_VISITOR_TEAM_CITY1", "LAST_GAME_VISITOR_TEAM_POINTS"], "rowSet": [["0021200003", "0021100894", "2012-04-15T00:00:00", 1610612747, "Los Angeles", "Lakers", "LAL", 112, 1610612742, "Dallas", "Mavericks", "DAL", 108]], "name": "LastMeeting"}, {"headers": ["GAME_ID", "TEAM_ID", "TEAM_ABBREVIATION", "TEAM_CITY", "PLAYER_ID", "PLAYER_NAME", "START_POSITION", "COMMENT", "MIN", "FGM", "FGA", "FG_PCT", "FG3M", "FG3A", "FG3_PCT", "FTM", "FTA", "FT_PCT", "OREB", "DREB", "REB", "AST", "STL", "BLK", "TO", "PF", "PTS", "PLUS_MINUS"], "rowSet": [["0021200003", 1610612742, "DAL", "Dallas", 1890, "Shawn Marion", "F", "", "32:53", 5, 11, 0.455, 0, 0, 0.0, 1, 1, 1.0, 2, 7, 9, 4, 1, 1, 2, 4, 11, -2.0], ["0021200003", 1610612742, "DAL", "Dallas", 1882, "Elton Brand", "F", "", "36:12", 3, 10, 0.3, 0, 0, 0.0, 2, 2, 1.0, 2, 9, 11, 2, 1, 1, 0, 4, 8, 7.0], ["0021200003", 1610612742, "DAL", "Dallas", 201148, "Brandan Wright", "C", "", "19:31", 5, 5, 1.0, 0, 0, 0.0, 4, 5, 0.8, 1, 4, 5, 0, 0, 3, 3, 3, 14, 4.0], ["0021200003", 1610612742, "DAL", "Dallas", 201564, "O.J. Mayo", "G", "", "31:10", 4, 13, 0.308, 2, 4, 0.5, 2, 2, 1.0, 1, 0, 1, 3, 1, 0, 2, 0, 12, -1.0], ["0021200003", 1610612742, "DAL", "Dallas", 201954, "Darren Collison", "G", "", "32:00", 8, 12, 0.667, 0, 1, 0.0, 1, 2, 0.5, 0, 2, 2, 4, 3, 0, 2, 2, 17, 0.0], ["0021200003", 1610612742, "DAL", "Dallas", 1713, "Vince Carter", "", "", "26:50", 5, 12, 0.417, 0, 4, 0.0, 1, 2, 0.5, 0, 4, 4, 2, 1, 0, 1, 3, 11, 13.0], ["0021200003", 1610612742, "DAL", "Dallas", 2201, "Eddy Curry", "", "", "16:44", 3, 7, 0.429, 0, 0, 0.0, 1, 2, 0.5, 2, 2, 4, 0, 0, 0, 1, 4, 7, 6.0], ["0021200003", 1610612742, "DAL", "Dallas", 203109, "Jae Crowder", "", "", "19:30", 3, 7, 0.429, 2, 4, 0.5, 0, 0, 0.0, 0, 3, 3, 2, 1, 0, 0, 1, 8, 2.0], ["0021200003", 1610612742, "DAL", "Dallas", 201958, "Rodrigue Beaubois", "", "", "16:50", 4, 8, 0.5, 1, 2, 0.5, 2, 2, 1.0, 1, 0, 1, 5, 1, 0, 0, 2, 11, 9.0], ["0021200003", 1610612742, "DAL", "Dallas", 2563, "Dahntay Jones", "", "", "8:22", 0, 0, 0.0, 0, 0, 0.0, 0, 0, 0.0, 0, 0, 0, 0, 0, 0, 0, 2, 0, 2.0], ["0021200003", 1610612742, "DAL", "Dallas", 203099, "Jared Cunningham", "", "DNP - Coach's Decision", null, null, null, null, null, null, null, null, null, null, null, null, null, null, null, null, null, null, null, null], ["0021200003", 1610612742, "DAL", "Dallas", 203108, "Bernard James", "", "DNP - Coach's Decision", null, null, null, null, null, null, null, null, null, null, null, null, null, null, null, null, null, null, null, null], ["0021200003", 1610612742, "DAL", "Dallas", 202346, "Dominique Jones", "", "DNP - Coach's Decision", null, null, null, null, null, null, null, null, null, null, null, null, null, null, null, null, null, null, null, null], ["0021200003", 1610612747, "LAL", "Los Angeles", 1897, "Metta World Peace", "F", "", "36:29", 1, 8, 0.125, 0, 3, 0.0, 1, 2, 0.5, 2, 6, 8, 4, 3, 0, 3, 1, 3, -5.0], ["0021200003", 1610612747, "LAL", "Los Angeles", 2200, "Pau Gasol", "F", "", "40:19", 8, 19, 0.421, 1, 1, 1.0, 6, 8, 0.75, 4, 9, 13, 6, 0, 3, 2, 2, 23, 3.0], ["0021200003", 1610612747, "LAL", "Los Angeles", 2730, "Dwight Howard", "C", "", "37:59", 8, 12, 0.667, 0, 0, 0.0, 3, 14, 0.214, 4, 6, 10, 2, 0, 1, 3, 6, 19, -13.0], ["0021200003", 1610612747, "LAL", "Los Angeles", 977, "Kobe Bryant", "G", "", "34:52", 11, 14, 0.786, 0, 0, 0.0, 0, 0, 0.0, 0, 1, 1, 0, 1, 0, 2, 3, 22, -1.0], ["0021200003", 1610612747, "LAL", "Los Angeles", 959, "Steve Nash", "G", "", "34:09", 3, 9, 0.333, 1, 4, 0.25, 0, 0, 0.0, 0, 2, 2, 4, 0, 1, 1, 1, 7, -3.0], ["0021200003", 1610612747, "LAL", "Los Angeles", 2581, "Steve Blake", "", "", "13:51", 0, 2, 0.0, 0, 1, 0.0, 0, 0, 0.0, 0, 0, 0, 6, 1, 0, 1, 2, 0, -5.0], ["0021200003", 1610612747, "LAL", "Los Angeles", 201975, "Jodie Meeks", "", "", "13:04", 1, 3, 0.333, 1, 3, 0.333, 0, 0, 0.0, 0, 2, 2, 0, 0, 0, 1, 1, 3, -7.0], ["0021200003", 1610612747, "LAL", "Los Angeles", 1712, "Antawn Jamison", "", "", "15:02", 2, 4, 0.5, 0, 1, 0.0, 1, 1, 1.0, 1, 4, 5, 2, 1, 0, 0, 3, 5, 0.0], ["0021200003", 1610612747, "LAL", "Los Angeles", 201941, "Jordan Hill", "", "", "14:15", 4, 6, 0.667, 0, 0, 0.0, 1, 6, 0.167, 4, 1, 5, 0, 0, 0, 1, 2, 9, -9.0], ["0021200003", 1610612747, "LAL", "Los Angeles", 2768, "Chris Duhon", "", "DNP - Coach's Decision", null, null, null, null, null, null, null, null, null, null, null, null, null, null, null, null, null, null, null, null], ["0021200003", 1610612747, "LAL", "Los Angeles", 202365, "Devin Ebanks", "", "DNP - Coach's Decision", null, null, null, null, null, null, null, null, null, null, null, null, null, null, null, null, null, null, null, null], ["0021200003", 1610612747, "LAL", "Los Angeles", 202721, "Darius Morris", "", "DNP - Coach's Decision", null, null, null, null, null, null, null, null, null, null, null, null, null, null, null, null, null, null, null, null], ["0021200003", 1610612747, "LAL", "Los Angeles", 203135, "Robert Sacre", "", "DNP - Coach's Decision", null, null, null, null, null, null, null, null, null, null, null, null, null, null, null, null, null, null, null, null]], "name": "PlayerStats"}, {"headers": ["GAME_ID", "TEAM_ID", "TEAM_NAME", "TEAM_ABBREVIATION", "TEAM_CITY", "MIN", "FGM", "FGA", "FG_PCT", "FG3M", "FG3A", "FG3_PCT", "FTM", "FTA", "FT_PCT", "OREB", "DREB", "REB", "AST", "STL", "BLK", "TO", "PF", "PTS", "PLUS_MINUS"], "rowSet": [["0021200003", 1610612747, "Lakers", "LAL", "Los Angeles", "240:00", 38, 77, 0.494, 3, 13, 0.231, 12, 31, 0.387, 15, 31, 46, 24, 6, 5, 14, 21, 91, -8.0], ["0021200003", 1610612742, "Mavericks", "DAL", "Dallas", "240:00", 40, 85, 0.471, 5, 15, 0.333, 14, 18, 0.778, 9, 31, 40, 22, 9, 5, 11, 25, 99, 8.0]], "name": "TeamStats"}, {"headers": ["LEAGUE_ID", "SEASON_ID", "TEAM_ID", "TEAM_ABBREVIATION", "TEAM_CITY", "PTS_PAINT", "PTS_2ND_CHANCE", "PTS_FB", "LARGEST_LEAD", "LEAD_CHANGES", "TIMES_TIED"], "rowSet": [["00", "22012", 1610612747, "LAL", "Los Angeles", 56, 12, 7, 16, 7, 7], ["00", "22012", 1610612742, "DAL", "Dallas", 46, 7, 13, 15, 7, 7]], "name": "OtherStats"}, {"headers": ["OFFICIAL_ID", "FIRST_NAME", "LAST_NAME", "JERSEY_NUM"], "rowSet": [[1162, "Scott", "Foster", "48"], [1664, "Gary", "Zielinski", "59"], [200833, "Eric", "Dalen", "75"]], "name": "Officials"}, {"headers": ["GAME_DATE", "ATTENDANCE", "GAME_TIME"], "rowSet": [["TUESDAY, OCTOBER 30, 2012", 18997, "2:26"]], "name": "GameInfo"}, {"headers": ["PLAYER_ID", "FIRST_NAME", "LAST_NAME", "JERSEY_NUM", "TEAM_ID", "TEAM_CITY", "TEAM_NAME", "TEAM_ABBREVIATION"], "rowSet": [[201947, "Earl", "Clark", " 6", 1610612747, "Los Angeles", "Lakers", "LAL"], [203130, "Darius", "Johnson-Odom", " 7", 1610612747, "Los Angeles", "Lakers", "LAL"], [1717, "Dirk", "Nowitzki", "41", 1610612742, "Dallas", "Mavericks", "DAL"], [2549, "Chris", "Kaman", "35", 1610612742, "Dallas", "Mavericks", "DAL"]], "name": "InactivePlayers"}, {"headers": ["VIDEO_AVAILABLE_FLAG"], "rowSet": [[1]], "name": "AvailableVideo"}], "parameters": {"GameID": "0021200003", "RangeType": 0, "StartPeriod": 0, "StartRange": 0, "EndPeriod": 0, "EndRange": 0}}