{"resource": "boxscore", "resultSets": [{"headers": ["GAME_DATE_EST", "GAME_SEQUENCE", "GAME_ID", "GAME_STATUS_ID", "GAME_STATUS_TEXT", "GAMECODE", "HOME_TEAM_ID", "VISITOR_TEAM_ID", "SEASON", "LIVE_PERIOD", "LIVE_PC_TIME", "NATL_TV_BROADCASTER_ABBREVIATION", "LIVE_PERIOD_TIME_BCAST", "WH_STATUS"], "rowSet": [["2012-11-03T00:00:00", 3, "0021200029", 3, "Final", "20121103/TORBKN", 1610612751, 1610612761, "2012", 4, "", "NBA TV", "Q4  - NBA TV", 1]], "name": "GameSummary"}, {"headers": ["GAME_DATE_EST", "GAME_SEQUENCE", "GAME_ID", "TEAM_ID", "TEAM_ABBREVIATION", "TEAM_CITY_NAME", "TEAM_WINS_LOSSES", "PTS_QTR1", "PTS_QTR2", "PTS_QTR3", "PTS_QTR4", "PTS_OT1", "PTS_OT2", "PTS_OT3", "PTS_OT4", "PTS_OT5", "PTS_OT6", "PTS_OT7", "PTS_OT8", "PTS_OT9", "PTS_OT10", "PTS"], "rowSet": [["2012-11-03T00:00:00", 3, "0021200029", 1610612761, "TOR", "Toronto", "0-2", 35, 17, 26, 22, 0, 0, 0, 0, 0, 0, 0, 0, 0, 0, 100], ["2012-11-03T00:00:00", 3, "0021200029", 1610612751, "BKN", "Brooklyn", "1-0", 27, 33, 24, 23, 0, 0, 0, 0, 0, 0, 0, 0, 0, 0, 107]], "name": "LineScore"}, {"headers": ["GAME_ID", "HOME_TEAM_ID", "VISITOR_TEAM_ID", "GAME_DATE_EST", "HOME_TEAM_WINS", "HOME_TEAM_LOSSES", "SERIES_LEADER"], "rowSet": [["0021200029", 1610612751, 1610612761, "2012-11-03T00:00:00", 3, 1, "Brooklyn"]], "name": "SeasonSeries"}, {"headers": ["GAME_ID", "LAST_GAME_ID", "LAST_GAME_DATE_EST", "LAST_GAME_HOME_TEAM_ID", "LAST_GAME_HOME_TEAM_CITY", "LAST_GAME_HOME_TEAM_NAME", "LAST_GAME_HOME_TEAM_ABBREVIATION", "LAST_GAME_HOME_TEAM_POINTS", "LAST_GAME_VISITOR_TEAM_ID", "LAST_GAME_VISITOR_TEAM_CITY", "LAST_GAME_VISITOR_TEAM_NAME", "LAST_GAME_VISITOR_TEAM_CITY1", "LAST_GAME_VISITOR_TEAM_POINTS"], "rowSet": [["0021200029", "0021100980", "2012-04-26T00:00:00", 1610612751, "Brooklyn", "Nets", "BKN", 67, 1610612761, "Toronto", "Raptors", "TOR", 98]], "name": "LastMeeting"}, {"headers": ["GAME_ID", "TEAM_ID", "TEAM_ABBREVIATION", "TEAM_CITY", "PLAYER_ID", "PLAYER_NAME", "START_POSITION", "COMMENT", "MIN", "FGM", "FGA", "FG_PCT", "FG3M", "FG3A", "FG3_PCT", "FTM", "FTA", "FT_PCT", "OREB", "DREB", "REB", "AST", "STL", "BLK", "TO", "PF", "PTS", "PLUS_MINUS"], "rowSet": [["0021200029", 1610612761, "TOR", "Toronto", 202361, "Landry Fields", "F", "", "22:00", 1, 4, 0.25, 0, 0, 0.0, 0, 0, 0.0, 3, 2, 5, 4, 0, 0, 1, 3, 2, -5.0], ["0021200029", 1610612761, "TOR", "Toronto", 200745, "Andrea Bargnani", "F", "", "34:19", 6, 12, 0.5, 1, 1, 1.0, 0, 0, 0.0, 1, 2, 3, 3, 0, 0, 3, 2, 13, -3.0], ["0021200029", 1610612761, "TOR", "Toronto", 202685, "Jonas Valanciunas", "C", "", "12:14", 1, 4, 0.25, 0, 0, 0.0, 0, 0, 0.0, 1, 2, 3, 2, 0, 2, 1, 3, 2, 1.0], ["0021200029", 1610612761, "TOR", "Toronto", 201942, "DeMar DeRozan", "G", "", "33:44", 8, 13, 0.615, 1, 2, 0.5, 8, 10, 0.8, 0, 3, 3, 1, 1, 0, 0, 3, 25, -3.0], ["0021200029", 1610612761, "TOR", "Toronto", 200768, "Kyle Lowry", "G", "", "39:42", 9, 19, 0.474, 4, 10, 0.4, 6, 7, 0.857, 0, 8, 8, 8, 3, 1, 5, 5, 28, -2.0], ["0021200029", 1610612761, "TOR", "Toronto", 101161, "Amir Johnson", "", "", "16:50", 5, 8, 0.625, 0, 0, 0.0, 1, 2, 0.5, 3, 1, 4, 0, 1, 0, 1, 5, 11, -7.0], ["0021200029", 1610612761, "TOR", "Toronto", 101181, "Jose Calderon", "", "", "21:06", 1, 5, 0.2, 0, 2, 0.0, 0, 0, 0.0, 0, 0, 0, 3, 0, 0, 1, 2, 2, -7.0], ["0021200029", 1610612761, "TOR", "Toronto", 101187, "Alan Anderson", "", "", "12:37", 1, 4, 0.25, 1, 2, 0.5, 0, 0, 0.0, 0, 0, 0, 0, 0, 0, 2, 2, 3, -5.0], ["0021200029", 1610612761, "TOR", "Toronto", 202334, "Ed Davis", "", "", "13:39", 4, 7, 0.571, 0, 0, 0.0, 3, 4, 0.75, 1, 2, 3, 0, 1, 1, 0, 0, 11, -2.0], ["0021200029", 1610612761, "TOR", "Toronto", 201187, "Dominic McGuire", "", "", "9:18", 0, 0, 0.0, 0, 0, 0.0, 0, 0, 0.0, 1, 1, 2, 0, 0, 1, 0, 2, 0, -8.0], ["0021200029", 1610612761, "TOR", "Toronto", 201189, "Aaron Gray", "", "", "18:30", 1, 2, 0.5, 0, 0, 0.0, 1, 2, 0.5, 0, 4, 4, 1, 1, 0, 0, 4, 3, 0.0], ["0021200029", 1610612761, "TOR", "Toronto", 101249, "John Lucas III", "", "", "6:01", 0, 4, 0.0, 0, 1, 0.0, 0, 0, 0.0, 0, 2, 2, 1, 1, 0, 0, 0, 0, 6.0], ["0021200029", 1610612761, "TOR", "Toronto", 203082, "Terrence Ross", "", "DNP - Coach's Decision", null, null, null, null, null, null, null, null, null, null, null, null, null, null, null, null, null, null, null, null], ["0021200029", 1610612751, "BKN", "Brooklyn", 2222, "Gerald Wallace", "F", "", "29:60", 4, 8, 0.5, 1, 3, 0.333, 1, 2, 0.5, 0, 6, 6, 4, 2, 0, 2, 3, 10, -2.0], ["0021200029", 1610612751, "BKN", "Brooklyn", 2743, "Kris Humphries", "F", "", "22:47", 1, 5, 0.2, 0, 0, 0.0, 3, 4, 0.75, 0, 5, 5, 1, 0, 0, 0, 1, 5, 6.0], ["0021200029", 1610612751, "BKN", "Brooklyn", 201572, "Brook Lopez", "C", "", "31:35", 8, 17, 0.471, 0, 0, 0.0, 11, 15, 0.733, 2, 3, 5, 0, 1, 1, 1, 2, 27, 3.0], ["0021200029", 1610612751, "BKN", "Brooklyn", 2207, "Joe Johnson", "G", "", "39:40", 5, 13, 0.385, 1, 2, 0.5, 3, 4, 0.75, 2, 3, 5, 4, 1, 0, 3, 2, 14, 13.0], ["0021200029", 1610612751, "BKN", "Brooklyn", 101114, "Deron Williams", "G", "", "38:55", 6, 14, 0.429, 1, 5, 0.2, 6, 8, 0.75, 0, 1, 1, 9, 0, 0, 4, 1, 19, 2.0], ["0021200029", 1610612751, "BKN", "Brooklyn", 201228, "CJ Watson", "", "", "27:42", 6, 9, 0.667, 3, 4, 0.75, 0, 0, 0.0, 2, 0, 2, 1, 1, 2, 3, 0, 15, 5.0], ["0021200029", 1610612751, "BKN", "Brooklyn", 101154, "Andray Blatche", "", "", "14:49", 3, 8, 0.375, 0, 1, 0.0, 1, 2, 0.5, 1, 1, 2, 0, 0, 0, 1, 3, 7, 2.0], ["0021200029", 1610612751, "BKN", "Brooklyn", 202705, "MarShon Brooks", "", "", "18:25", 3, 5, 0.6, 0, 0, 0.0, 2, 2, 1.0, 0, 2, 2, 1, 0, 1, 1, 4, 8, 5.0], ["0021200029", 1610612751, "BKN", "Brooklyn", 2501, "Reggie Evans", "", "", "15:41", 1, 2, 0.5, 0, 0, 0.0, 0, 0, 0.0, 2, 11, 13, 0, 1, 1, 2, 3, 2, -2.0], ["0021200029", 1610612751, "BKN", "Brooklyn", 2586, "Keith Bogans", "", "", "0:28", 0, 0, 0.0, 0, 0, 0.0, 0, 0, 0.0, 0, 0, 0, 0, 0, 0, 0, 0, 0, 3.0], ["0021200029", 1610612751, "BKN", "Brooklyn", 203129, "Tornike Shengelia", "", "DNP - Coach's Decision", null, null, null, null, null, null, null, null, null, null, null, null, null, null, null, null, null, null, null, null], ["0021200029", 1610612751, "BKN", "Brooklyn", 203116, "Tyshawn Taylor", "", "DNP - Coach's Decision", null, null, null, null, null, null, null, null, null, null, null, null, null, null, null, null, null, null, null, null], ["0021200029", 1610612751, "BKN", "Brooklyn", 203141, "Mirza Teletovic", "", "DNP - Coach's Decision", null, null, null, null, null, null, null, null, null, null, null, null, null, null, null, null, null, null, null, null]], "name": "PlayerStats"}, {"headers": ["GAME_ID", "TEAM_ID", "TEAM_NAME", "TEAM_ABBREVIATION", "TEAM_CITY", "MIN", "FGM", "FGA", "FG_PCT", "FG3M", "FG3A", "FG3_PCT", "FTM", "FTA", "FT_PCT", "OREB", "DREB", "REB", "AST", "STL", "BLK", "TO", "PF", "PTS", "PLUS_MINUS"], "rowSet": [["0021200029", 1610612761, "Raptors", "TOR", "Toronto", "240:00", 37, 82, 0.451, 7, 18, 0.389, 19, 25, 0.76, 10, 27, 37, 23, 8, 5, 14, 31, 100, -7.0], ["0021200029", 1610612751, "Nets", "BKN", "Brooklyn", "240:00", 37, 81, 0.457, 6, 15, 0.4, 27, 37, 0.73, 9, 32, 41, 20, 6, 5, 17, 19, 107, 7.0]], "name": "TeamStats"}, {"headers": ["LEAGUE_ID", "SEASON_ID", "TEAM_ID", "TEAM_ABBREVIATION", "TEAM_CITY", "PTS_PAINT", "PTS_2ND_CHANCE", "PTS_FB", "LARGEST_LEAD", "LEAD_CHANGES", "TIMES_TIED"], "rowSet": [["00", "22012", 1610612761, "TOR", "Toronto", 34, 10, 14, 14, 4, 6], ["00", "22012", 1610612751, "BKN", "Brooklyn", 52, 16, 21, 12, 4, 6]], "name": "OtherStats"}, {"headers": ["OFFICIAL_ID", "FIRST_NAME", "LAST_NAME", "JERSEY_NUM"], "rowSet": [[1192, "Bennett", "Salvatore", "15"], [1664, "Gary", "Zielinski", "59"], [2005, "Matt", "Boland", "18"]], "name": "Officials"}, {"headers": ["GAME_DATE", "ATTENDANCE", "GAME_TIME"], "rowSet": [["SATURDAY, NOVEMBER 3, 2012", 17732, "2:26"]], "name": "GameInfo"}, {"headers": ["PLAYER_ID", "FIRST_NAME", "LAST_NAME", "JERSEY_NUM", "TEAM_ID", "TEAM_CITY", "TEAM_NAME", "TEAM_ABBREVIATION"], "rowSet": [[711, "Jerry", "Stackhouse", "42", 1610612751, "Brooklyn", "Nets", "BKN"], [2735, "Josh", "Childress", " 2", 1610612751, "Brooklyn", "Nets", "BKN"], [101132, "Linas", "Kleiza", "11", 1610612761, "Toronto", "Raptors", "TOR"], [203112, "Quincy", "Acy", " 4", 1610612761, "Toronto", "Raptors", "TOR"]], "name": "InactivePlayers"}, {"headers": ["VIDEO_AVAILABLE_FLAG"], "rowSet": [[1]], "name": "AvailableVideo"}], "parameters": {"GameID": "0021200029", "RangeType": 0, "StartPeriod": 0, "StartRange": 0, "EndPeriod": 0, "EndRange": 0}}