{"resource": "boxscore", "resultSets": [{"headers": ["GAME_DATE_EST", "GAME_SEQUENCE", "GAME_ID", "GAME_STATUS_ID", "GAME_STATUS_TEXT", "GAMECODE", "HOME_TEAM_ID", "VISITOR_TEAM_ID", "SEASON", "LIVE_PERIOD", "LIVE_PC_TIME", "NATL_TV_BROADCASTER_ABBREVIATION", "LIVE_PERIOD_TIME_BCAST", "WH_STATUS"], "rowSet": [["2012-11-02T00:00:00", 9, "0021200023", 3, "Final", "20121102/SACMIN", 1610612750, 1610612758, "2012", 4, "", null, "Q4  - ", 1]], "name": "GameSummary"}, {"headers": ["GAME_DATE_EST", "GAME_SEQUENCE", "GAME_ID", "TEAM_ID", "TEAM_ABBREVIATION", "TEAM_CITY_NAME", "TEAM_WINS_LOSSES", "PTS_QTR1", "PTS_QTR2", "PTS_QTR3", "PTS_QTR4", "PTS_OT1", "PTS_OT2", "PTS_OT3", "PTS_OT4", "PTS_OT5", "PTS_OT6", "PTS_OT7", "PTS_OT8", "PTS_OT9", "PTS_OT10", "PTS"], "rowSet": [["2012-11-02T00:00:00", 9, "0021200023", 1610612758, "SAC", "Sacramento", "0-2", 18, 23, 24, 15, 0, 0, 0, 0, 0, 0, 0, 0, 0, 0, 80], ["2012-11-02T00:00:00", 9, "0021200023", 1610612750, "MIN", "Minnesota", "1-0", 28, 22, 20, 22, 0, 0, 0, 0, 0, 0, 0, 0, 0, 0, 92]], "name": "LineScore"}, {"headers": ["GAME_ID", "HOME_TEAM_ID", "VISITOR_TEAM_ID", "GAME_DATE_EST", "HOME_TEAM_WINS", "HOME_TEAM_LOSSES", "SERIES_LEADER"], "rowSet": [["0021200023", 1610612750, 1610612758, "2012-11-02T00:00:00", 2, 1, "Minnesota"]], "name": "SeasonSeries"}, {"headers": ["GAME_ID", "LAST_GAME_ID", "LAST_GAME_DATE_EST", "LAST_GAME_HOME_TEAM_ID", "LAST_GAME_HOME_TEAM_CITY", "LAST_GAME_HOME_TEAM_NAME", "LAST_GAME_HOME_TEAM_ABBREVIATION", "LAST_GAME_HOME_TEAM_POINTS", "LAST_GAME_VISITOR_TEAM_ID", "LAST_GAME_VISITOR_TEAM_CITY", "LAST_GAME_VISITOR_TEAM_NAME", "LAST_GAME_VISITOR_TEAM_CITY1", "LAST_GAME_VISITOR_TEAM_POINTS"], "rowSet": [["0021200023", "0021100789", "2012-04-02T00:00:00", 1610612750, "Minnesota", "Timberwolves", "MIN", 108, 1610612758, "Sacramento", "Kings", "SAC", 116]], "name": "LastMeeting"}, {"headers": ["GAME_ID", "TEAM_ID", "TEAM_ABBREVIATION", "TEAM_CITY", "PLAYER_ID", "PLAYER_NAME", "START_POSITION", "COMMENT", "MIN", "FGM", "FGA", "FG_PCT", "FG3M", "FG3A", "FG3_PCT", "FTM", "FTA", "FT_PCT", "OREB", "DREB", "REB", "AST", "STL", "BLK", "TO", "PF", "PTS", "PLUS_MINUS"], "rowSet": [["0021200023", 1610612758, "SAC", "Sacramento", 201949, "James Johnson", "F", "", "20:45", 2, 5, 0.4, 0, 0, 0.0, 1, 2, 0.5, 1, 5, 6, 2, 2, 0, 2, 3, 5, -7.0], ["0021200023", 1610612758, "SAC", "Sacramento", 201574, "Jason Thompson", "F", "", "33:31", 4, 10, 0.4, 0, 0, 0.0, 2, 2, 1.0, 4, 3, 7, 2, 1, 2, 0, 4, 10, -6.0], ["0021200023", 1610612758, "SAC", "Sacramento", 202326, "DeMarcus Cousins", "C", "", "25:19", 5, 13, 0.385, 0, 0, 0.0, 1, 1, 1.0, 0, 4, 4, 0, 0, 0, 1, 5, 11, -5.0], ["0021200023", 1610612758, "SAC", "Sacramento", 201936, "Tyreke Evans", "G", "", "29:35", 3, 14, 0.214, 0, 1, 0.0, 0, 0, 0.0, 2, 5, 7, 5, 1, 0, 2, 4, 6, -7.0], ["0021200023", 1610612758, "SAC", "Sacramento", 202738, "Isaiah Thomas", "G", "", "25:45", 7, 13, 0.538, 3, 7, 0.429, 3, 4, 0.75, 0, 2, 2, 2, 0, 0, 2, 5, 20, -7.0], ["0021200023", 1610612758, "SAC", "Sacramento", 2566, "Travis Outlaw", "", "", "8:07", 1, 4, 0.25, 0, 0, 0.0, 0, 0, 0.0, 0, 0, 0, 1, 0, 1, 0, 2, 2, -4.0], ["0021200023", 1610612758, "SAC", "Sacramento", 201977, "Marcus Thornton", "", "", "27:39", 6, 13, 0.462, 0, 4, 0.0, 3, 3, 1.0, 0, 0, 0, 2, 0, 0, 0, 1, 15, -3.0], ["0021200023", 1610612758, "SAC", "Sacramento", 201166, "Aaron Brooks", "", "", "7:09", 0, 5, 0.0, 0, 2, 0.0, 0, 0, 0.0, 0, 0, 0, 1, 0, 0, 0, 1, 0, -5.0], ["0021200023", 1610612758, "SAC", "Sacramento", 101236, "Charles Hayes", "", "", "20:09", 1, 3, 0.333, 0, 0, 0.0, 1, 2, 0.5, 3, 8, 11, 2, 0, 1, 1, 3, 3, -1.0], ["0021200023", 1610612758, "SAC", "Sacramento", 203080, "Thomas Robinson", "", "", "11:35", 0, 1, 0.0, 0, 0, 0.0, 2, 2, 1.0, 0, 4, 4, 0, 2, 0, 1, 2, 2, -8.0], ["0021200023", 1610612758, "SAC", "Sacramento", 101128, "Francisco Garcia", "", "", "15:20", 0, 3, 0.0, 0, 1, 0.0, 0, 0, 0.0, 1, 0, 1, 0, 1, 0, 0, 2, 0, -7.0], ["0021200023", 1610612758, "SAC", "Sacramento", 202690, "Jimmer Fredette", "", "", "15:06", 3, 5, 0.6, 0, 1, 0.0, 0, 0, 0.0, 0, 1, 1, 0, 0, 0, 2, 2, 6, 0.0], ["0021200023", 1610612758, "SAC", "Sacramento", 202715, "Tyler Honeycutt", "", "DNP - Coach's Decision", null, null, null, null, null, null, null, null, null, null, null, null, null, null, null, null, null, null, null, null], ["0021200023", 1610612750, "MIN", "Minnesota", 1905, "Andrei Kirilenko", "F", "", "30:36", 4, 7, 0.571, 0, 0, 0.0, 2, 3, 0.667, 2, 5, 7, 5, 0, 1, 2, 0, 10, 7.0], ["0021200023", 1610612750, "MIN", "Minnesota", 202682, "Derrick Williams", "F", "", "21:10", 3, 12, 0.25, 0, 1, 0.0, 2, 4, 0.5, 4, 3, 7, 0, 0, 1, 0, 1, 8, -11.0], ["0021200023", 1610612750, "MIN", "Minnesota", 201593, "Nikola Pekovic", "C", "", "31:49", 2, 8, 0.25, 0, 0, 0.0, 5, 8, 0.625, 3, 2, 5, 0, 0, 1, 1, 2, 9, 5.0], ["0021200023", 1610612750, "MIN", "Minnesota", 200750, "Brandon Roy", "G", "", "30:14", 4, 14, 0.286, 0, 5, 0.0, 2, 4, 0.5, 2, 3, 5, 6, 1, 0, 1, 0, 10, -4.0], ["0021200023", 1610612750, "MIN", "Minnesota", 2557, "Luke Ridnour", "G", "", "20:29", 4, 7, 0.571, 1, 2, 0.5, 0, 0, 0.0, 0, 3, 3, 1, 1, 1, 2, 2, 9, -14.0], ["0021200023", 1610612750, "MIN", "Minnesota", 203144, "Alexey Shved", "", "", "15:03", 0, 3, 0.0, 0, 2, 0.0, 0, 0, 0.0, 0, 1, 1, 0, 0, 1, 1, 2, 0, 9.0], ["0021200023", 1610612750, "MIN", "Minnesota", 201978, "Chase Budinger", "", "", "21:29", 3, 12, 0.25, 0, 5, 0.0, 3, 3, 1.0, 2, 3, 5, 0, 0, 1, 2, 1, 9, 14.0], ["0021200023", 1610612750, "MIN", "Minnesota", 200826, "Jose Juan Barea", "", "", "27:31", 6, 11, 0.545, 1, 2, 0.5, 8, 8, 1.0, 1, 3, 4, 5, 1, 0, 1, 1, 21, 26.0], ["0021200023", 1610612750, "MIN", "Minnesota", 201967, "Dante Cunningham", "", "", "25:28", 3, 6, 0.5, 0, 0, 0.0, 1, 2, 0.5, 1, 8, 9, 0, 0, 0, 1, 5, 7, 21.0], ["0021200023", 1610612750, "MIN", "Minnesota", 201880, "Greg Stiemsma", "", "", "16:11", 3, 7, 0.429, 0, 0, 0.0, 3, 4, 0.75, 2, 5, 7, 0, 1, 4, 0, 3, 9, 7.0], ["0021200023", 1610612750, "MIN", "Minnesota", 200811, "Lou Amundson", "", "DNP - Coach's Decision", null, null, null, null, null, null, null, null, null, null, null, null, null, null, null, null, null, null, null, null], ["0021200023", 1610612750, "MIN", "Minnesota", 101215, "Will Conroy", "", "DNP - Coach's Decision", null, null, null, null, null, null, null, null, null, null, null, null, null, null, null, null, null, null, null, null], ["0021200023", 1610612750, "MIN", "Minnesota", 202723, "Malcolm Lee", "", "DNP - Coach's Decision", null, null, null, null, null, null, null, null, null, null, null, null, null, null, null, null, null, null, null, null]], "name": "PlayerStats"}, {"headers": ["GAME_ID", "TEAM_ID", "TEAM_NAME", "TEAM_ABBREVIATION", "TEAM_CITY", "MIN", "FGM", "FGA", "FG_PCT", "FG3M", "FG3A", "FG3_PCT", "FTM", "FTA", "FT_PCT", "OREB", "DREB", "REB", "AST", "STL", "BLK", "TO", "PF", "PTS", "PLUS_MINUS"], "rowSet": [["0021200023", 1610612758, "Kings", "SAC", "Sacramento", "240:00", 32, 89, 0.36, 3, 16, 0.188, 13, 16, 0.813, 11, 32, 43, 17, 7, 4, 11, 34, 80, -12.0], ["0021200023", 1610612750, "Timberwolves", "MIN", "Minnesota", "240:00", 32, 87, 0.368, 2, 17, 0.118, 26, 36, 0.722, 17, 36, 53, 17, 4, 10, 11, 17, 92, 12.0]], "name": "TeamStats"}, {"headers": ["LEAGUE_ID", "SEASON_ID", "TEAM_ID", "TEAM_ABBREVIATION", "TEAM_CITY", "PTS_PAINT", "PTS_2ND_CHANCE", "PTS_FB", "LARGEST_LEAD", "LEAD_CHANGES", "TIMES_TIED"], "rowSet": [["00", "22012", 1610612758, "SAC", "Sacramento", 42, 14, 19, 18, 2, 0], ["00", "22012", 1610612750, "MIN", "Minnesota", 52, 17, 20, 17, 2, 0]], "name": "OtherStats"}, {"headers": ["OFFICIAL_ID", "FIRST_NAME", "LAST_NAME", "JERSEY_NUM"], "rowSet": [[1199, "Tom", "Washington", "49"], [1151, "Sean", "Corbin", "33"], [200832, "Curtis", "Blair", "74"]], "name": "Officials"}, {"headers": ["GAME_DATE", "ATTENDANCE", "GAME_TIME"], "rowSet": [["FRIDAY, NOVEMBER 2, 2012", 19356, "2:18"]], "name": "GameInfo"}, {"headers": ["PLAYER_ID", "FIRST_NAME", "LAST_NAME", "JERSEY_NUM", "TEAM_ID", "TEAM_CITY", "TEAM_NAME", "TEAM_ABBREVIATION"], "rowSet": [[2422, "John", "Salmons", " 5", 1610612758, "Sacramento", "Kings", "SAC"], [201937, "Ricky", "Rubio", " 9", 1610612750, "Minnesota", "Timberwolves", "MIN"], [201567, "Kevin", "Love", "42", 1610612750, "Minnesota", "Timberwolves", "MIN"]], "name": "InactivePlayers"}, {"headers": ["VIDEO_AVAILABLE_FLAG"], "rowSet": [[1]], "name": "AvailableVideo"}], "parameters": {"GameID": "0021200023", "RangeType": 0, "StartPeriod": 0, "StartRange": 0, "EndPeriod": 0, "EndRange": 0}}