{"resource": "boxscore", "resultSets": [{"headers": ["GAME_DATE_EST", "GAME_SEQUENCE", "GAME_ID", "GAME_STATUS_ID", "GAME_STATUS_TEXT", "GAMECODE", "HOME_TEAM_ID", "VISITOR_TEAM_ID", "SEASON", "LIVE_PERIOD", "LIVE_PC_TIME", "NATL_TV_BROADCASTER_ABBREVIATION", "LIVE_PERIOD_TIME_BCAST", "WH_STATUS"], "rowSet": [["2012-11-09T00:00:00", 2, "0021200069", 3, "Final", "20121109/BKNORL", 1610612753, 1610612751, "2012", 4, "", null, "Q4  - ", 1]], "name": "GameSummary"}, {"headers": ["GAME_DATE_EST", "GAME_SEQUENCE", "GAME_ID", "TEAM_ID", "TEAM_ABBREVIATION", "TEAM_CITY_NAME", "TEAM_WINS_LOSSES", "PTS_QTR1", "PTS_QTR2", "PTS_QTR3", "PTS_QTR4", "PTS_OT1", "PTS_OT2", "PTS_OT3", "PTS_OT4", "PTS_OT5", "PTS_OT6", "PTS_OT7", "PTS_OT8", "PTS_OT9", "PTS_OT10", "PTS"], "rowSet": [["2012-11-09T00:00:00", 2, "0021200069", 1610612751, "BKN", "Brooklyn", "2-2", 19, 31, 25, 32, 0, 0, 0, 0, 0, 0, 0, 0, 0, 0, 107], ["2012-11-09T00:00:00", 2, "0021200069", 1610612753, "ORL", "Orlando", "2-3", 17, 19, 15, 17, 0, 0, 0, 0, 0, 0, 0, 0, 0, 0, 68]], "name": "LineScore"}, {"headers": ["GAME_ID", "HOME_TEAM_ID", "VISITOR_TEAM_ID", "GAME_DATE_EST", "HOME_TEAM_WINS", "HOME_TEAM_LOSSES", "SERIES_LEADER"], "rowSet": [["0021200069", 1610612753, 1610612751, "2012-11-09T00:00:00", 0, 4, "Brooklyn"]], "name": "SeasonSeries"}, {"headers": ["GAME_ID", "LAST_GAME_ID", "LAST_GAME_DATE_EST", "LAST_GAME_HOME_TEAM_ID", "LAST_GAME_HOME_TEAM_CITY", "LAST_GAME_HOME_TEAM_NAME", "LAST_GAME_HOME_TEAM_ABBREVIATION", "LAST_GAME_HOME_TEAM_POINTS", "LAST_GAME_VISITOR_TEAM_ID", "LAST_GAME_VISITOR_TEAM_CITY", "LAST_GAME_VISITOR_TEAM_NAME", "LAST_GAME_VISITOR_TEAM_CITY1", "LAST_GAME_VISITOR_TEAM_POINTS"], "rowSet": [["0021200069", "0021100644", "2012-03-16T00:00:00", 1610612753, "Orlando", "Magic", "ORL", 86, 1610612751, "Brooklyn", "Nets", "BKN", 70]], "name": "LastMeeting"}, {"headers": ["GAME_ID", "TEAM_ID", "TEAM_ABBREVIATION", "TEAM_CITY", "PLAYER_ID", "PLAYER_NAME", "START_POSITION", "COMMENT", "MIN", "FGM", "FGA", "FG_PCT", "FG3M", "FG3A", "FG3_PCT", "FTM", "FTA", "FT_PCT", "OREB", "DREB", "REB", "AST", "STL", "BLK", "TO", "PF", "PTS", "PLUS_MINUS"], "rowSet": [["0021200069", 1610612751, "BKN", "Brooklyn", 2586, "Keith Bogans", "F", "", "17:20", 2, 6, 0.333, 1, 5, 0.2, 0, 0, 0.0, 0, 2, 2, 0, 0, 0, 0, 1, 5, 13.0], ["0021200069", 1610612751, "BKN", "Brooklyn", 2743, "Kris Humphries", "F", "", "19:43", 3, 7, 0.429, 0, 0, 0.0, 2, 2, 1.0, 2, 6, 8, 1, 0, 1, 1, 2, 8, 12.0], ["0021200069", 1610612751, "BKN", "Brooklyn", 201572, "Brook Lopez", "C", "", "23:50", 5, 7, 0.714, 0, 0, 0.0, 4, 7, 0.571, 3, 7, 10, 1, 0, 3, 1, 1, 14, 18.0], ["0021200069", 1610612751, "BKN", "Brooklyn", 2207, "Joe Johnson", "G", "", "29:16", 5, 11, 0.455, 2, 5, 0.4, 1, 1, 1.0, 1, 2, 3, 4, 1, 0, 1, 0, 13, 24.0], ["0021200069", 1610612751, "BKN", "Brooklyn", 101114, "Deron Williams", "G", "", "29:13", 5, 8, 0.625, 0, 2, 0.0, 2, 2, 1.0, 0, 0, 0, 4, 1, 0, 3, 1, 12, 10.0], ["0021200069", 1610612751, "BKN", "Brooklyn", 201228, "CJ Watson", "", "", "18:14", 4, 5, 0.8, 1, 2, 0.5, 0, 0, 0.0, 1, 0, 1, 1, 2, 1, 1, 1, 9, 23.0], ["0021200069", 1610612751, "BKN", "Brooklyn", 2501, "Reggie Evans", "", "", "20:23", 1, 2, 0.5, 0, 0, 0.0, 0, 0, 0.0, 2, 4, 6, 1, 0, 0, 1, 3, 2, 17.0], ["0021200069", 1610612751, "BKN", "Brooklyn", 2735, "Josh Childress", "", "", "25:39", 1, 4, 0.25, 0, 0, 0.0, 0, 0, 0.0, 1, 1, 2, 2, 1, 0, 0, 0, 2, 19.0], ["0021200069", 1610612751, "BKN", "Brooklyn", 101154, "Andray Blatche", "", "", "24:10", 5, 13, 0.385, 0, 0, 0.0, 5, 8, 0.625, 4, 5, 9, 4, 1, 1, 1, 0, 15, 21.0], ["0021200069", 1610612751, "BKN", "Brooklyn", 711, "Jerry Stackhouse", "", "", "10:07", 4, 9, 0.444, 3, 6, 0.5, 0, 0, 0.0, 1, 1, 2, 1, 0, 0, 0, 0, 11, 21.0], ["0021200069", 1610612751, "BKN", "Brooklyn", 203116, "Tyshawn Taylor", "", "", "8:59", 2, 4, 0.5, 0, 0, 0.0, 1, 2, 0.5, 0, 0, 0, 0, 2, 0, 2, 1, 5, 7.0], ["0021200069", 1610612751, "BKN", "Brooklyn", 203129, "Tornike Shengelia", "", "", "6:33", 2, 2, 1.0, 1, 1, 1.0, 1, 3, 0.333, 0, 0, 0, 0, 0, 0, 0, 2, 6, 5.0], ["0021200069", 1610612751, "BKN", "Brooklyn", 203141, "Mirza Teletovic", "", "", "6:33", 2, 4, 0.5, 1, 2, 0.5, 0, 0, 0.0, 0, 5, 5, 2, 1, 0, 0, 1, 5, 5.0], ["0021200069", 1610612753, "ORL", "Orlando", 201177, "Josh McRoberts", "F", "", "12:16", 1, 3, 0.333, 0, 1, 0.0, 0, 0, 0.0, 0, 2, 2, 0, 0, 1, 0, 1, 2, -15.0], ["0021200069", 1610612753, "ORL", "Orlando", 201175, "Glen Davis", "F", "", "32:28", 4, 13, 0.308, 0, 0, 0.0, 0, 0, 0.0, 1, 2, 3, 5, 1, 0, 2, 2, 8, -33.0], ["0021200069", 1610612753, "ORL", "Orlando", 202696, "Nikola Vucevic", "C", "", "31:36", 5, 10, 0.5, 0, 0, 0.0, 0, 0, 0.0, 1, 4, 5, 3, 0, 1, 2, 4, 10, -35.0], ["0021200069", 1610612753, "ORL", "Orlando", 201167, "Arron Afflalo", "G", "", "32:21", 6, 12, 0.5, 0, 3, 0.0, 0, 0, 0.0, 1, 4, 5, 0, 0, 0, 1, 2, 12, -25.0], ["0021200069", 1610612753, "ORL", "Orlando", 202734, "E'Twaun Moore", "G", "", "40:15", 7, 15, 0.467, 4, 6, 0.667, 0, 0, 0.0, 1, 3, 4, 5, 0, 0, 6, 3, 18, -19.0], ["0021200069", 1610612753, "ORL", "Orlando", 200755, "JJ Redick", "", "", "23:27", 2, 4, 0.5, 0, 1, 0.0, 0, 0, 0.0, 1, 1, 2, 3, 1, 0, 1, 1, 4, -26.0], ["0021200069", 1610612753, "ORL", "Orlando", 202970, "Gustavo Ayon", "", "", "7:19", 0, 1, 0.0, 0, 0, 0.0, 0, 2, 0.0, 0, 3, 3, 1, 0, 0, 0, 3, 0, 3.0], ["0021200069", 1610612753, "ORL", "Orlando", 203094, "Andrew Nicholson", "", "", "14:30", 4, 4, 1.0, 0, 0, 0.0, 2, 2, 1.0, 1, 2, 3, 0, 0, 0, 1, 2, 10, -3.0], ["0021200069", 1610612753, "ORL", "Orlando", 202397, "Ish Smith", "", "", "16:45", 1, 5, 0.2, 0, 0, 0.0, 0, 0, 0.0, 1, 1, 2, 2, 0, 0, 3, 1, 2, -25.0], ["0021200069", 1610612753, "ORL", "Orlando", 203090, "Maurice Harkless", "", "", "20:57", 0, 1, 0.0, 0, 0, 0.0, 0, 2, 0.0, 0, 3, 3, 0, 1, 2, 0, 1, 0, -12.0], ["0021200069", 1610612753, "ORL", "Orlando", 203124, "Kyle O'Quinn", "", "", "8:06", 0, 2, 0.0, 0, 0, 0.0, 2, 2, 1.0, 0, 3, 3, 0, 0, 2, 2, 2, 2, -5.0], ["0021200069", 1610612753, "ORL", "Orlando", 203199, "DeQuan Jones", "", "DNP - Coach's Decision", null, null, null, null, null, null, null, null, null, null, null, null, null, null, null, null, null, null, null, null], ["0021200069", 1610612753, "ORL", "Orlando", 2749, "Jameer Nelson", "", "DND - Strained Right Hamstring & Groin", null, null, null, null, null, null, null, null, null, null, null, null, null, null, null, null, null, null, null, null]], "name": "PlayerStats"}, {"headers": ["GAME_ID", "TEAM_ID", "TEAM_NAME", "TEAM_ABBREVIATION", "TEAM_CITY", "MIN", "FGM", "FGA", "FG_PCT", "FG3M", "FG3A", "FG3_PCT", "FTM", "FTA", "FT_PCT", "OREB", "DREB", "REB", "AST", "STL", "BLK", "TO", "PF", "PTS", "PLUS_MINUS"], "rowSet": [["0021200069", 1610612753, "Magic", "ORL", "Orlando", "240:00", 30, 70, 0.429, 4, 11, 0.364, 4, 8, 0.5, 7, 28, 35, 19, 3, 6, 18, 22, 68, -39.0], ["0021200069", 1610612751, "Nets", "BKN", "Brooklyn", "240:00", 41, 82, 0.5, 9, 23, 0.391, 16, 25, 0.64, 15, 33, 48, 21, 9, 6, 11, 13, 107, 39.0]], "name": "TeamStats"}, {"headers": ["LEAGUE_ID", "SEASON_ID", "TEAM_ID", "TEAM_ABBREVIATION", "TEAM_CITY", "PTS_PAINT", "PTS_2ND_CHANCE", "PTS_FB", "LARGEST_LEAD", "LEAD_CHANGES", "TIMES_TIED"], "rowSet": [["00", "22012", 1610612751, "BKN", "Brooklyn", 46, 22, 13, 36, 0, 1], ["00", "22012", 1610612753, "ORL", "Orlando", 30, 6, 6, 36, 0, 1]], "name": "OtherStats"}, {"headers": ["OFFICIAL_ID", "FIRST_NAME", "LAST_NAME", "JERSEY_NUM"], "rowSet": [[1188, "Leroy", "Richardson", "20"], [1174, "Ken", "Mauer", "41"], [201246, "Kevin", "Cutler", "34"]], "name": "Officials"}, {"headers": ["GAME_DATE", "ATTENDANCE", "GAME_TIME"], "rowSet": [["FRIDAY, NOVEMBER 9, 2012", 17532, "2:05"]], "name": "GameInfo"}, {"headers": ["PLAYER_ID", "FIRST_NAME", "LAST_NAME", "JERSEY_NUM", "TEAM_ID", "TEAM_CITY", "TEAM_NAME", "TEAM_ABBREVIATION"], "rowSet": [[2045, "Hedo", "Turkoglu", "15", 1610612753, "Orlando", "Magic", "ORL"], [1733, "Al", "Harrington", " 3", 1610612753, "Orlando", "Magic", "ORL"], [2222, "Gerald", "Wallace", "45", 1610612751, "Brooklyn", "Nets", "BKN"], [202705, "MarShon", "Brooks", " 9", 1610612751, "Brooklyn", "Nets", "BKN"]], "name": "InactivePlayers"}, {"headers": ["VIDEO_AVAILABLE_FLAG"], "rowSet": [[1]], "name": "AvailableVideo"}], "parameters": {"GameID": "0021200069", "RangeType": 0, "StartPeriod": 0, "StartRange": 0, "EndPeriod": 0, "EndRange": 0}}