{"resource": "boxscore", "resultSets": [{"headers": ["GAME_DATE_EST", "GAME_SEQUENCE", "GAME_ID", "GAME_STATUS_ID", "GAME_STATUS_TEXT", "GAMECODE", "HOME_TEAM_ID", "VISITOR_TEAM_ID", "SEASON", "LIVE_PERIOD", "LIVE_PC_TIME", "NATL_TV_BROADCASTER_ABBREVIATION", "LIVE_PERIOD_TIME_BCAST", "WH_STATUS"], "rowSet": [["2012-11-04T00:00:00", 5, "0021200041", 3, "Final", "20121104/DETLAL", 1610612747, 1610612765, "2012", 4, "", null, "Q4  - ", 1]], "name": "GameSummary"}, {"headers": ["GAME_DATE_EST", "GAME_SEQUENCE", "GAME_ID", "TEAM_ID", "TEAM_ABBREVIATION", "TEAM_CITY_NAME", "TEAM_WINS_LOSSES", "PTS_QTR1", "PTS_QTR2", "PTS_QTR3", "PTS_QTR4", "PTS_OT1", "PTS_OT2", "PTS_OT3", "PTS_OT4", "PTS_OT5", "PTS_OT6", "PTS_OT7", "PTS_OT8", "PTS_OT9", "PTS_OT10", "PTS"], "rowSet": [["2012-11-04T00:00:00", 5, "0021200041", 1610612765, "DET", "Detroit", "0-3", 13, 21, 21, 24, 0, 0, 0, 0, 0, 0, 0, 0, 0, 0, 79], ["2012-11-04T00:00:00", 5, "0021200041", 1610612747, "LAL", "Los Angeles", "1-3", 34, 28, 24, 22, 0, 0, 0, 0, 0, 0, 0, 0, 0, 0, 108]], "name": "LineScore"}, {"headers": ["GAME_ID", "HOME_TEAM_ID", "VISITOR_TEAM_ID", "GAME_DATE_EST", "HOME_TEAM_WINS", "HOME_TEAM_LOSSES", "SERIES_LEADER"], "rowSet": [["0021200041", 1610612747, 1610612765, "2012-11-04T00:00:00", 2, 0, "L.A. Lakers"]], "name": "SeasonSeries"}, {"headers": ["GAME_ID", "LAST_GAME_ID", "LAST_GAME_DATE_EST", "LAST_GAME_HOME_TEAM_ID", "LAST_GAME_HOME_TEAM_CITY", "LAST_GAME_HOME_TEAM_NAME", "LAST_GAME_HOME_TEAM_ABBREVIATION", "LAST_GAME_HOME_TEAM_POINTS", "LAST_GAME_VISITOR_TEAM_ID", "LAST_GAME_VISITOR_TEAM_CITY", "LAST_GAME_VISITOR_TEAM_NAME", "LAST_GAME_VISITOR_TEAM_CITY1", "LAST_GAME_VISITOR_TEAM_POINTS"], "rowSet": [["0021200041", "0021100567", "2012-03-06T00:00:00", 1610612747, "Los Angeles", "Lakers", "LAL", 85, 1610612765, "Detroit", "Pistons", "DET", 88]], "name": "LastMeeting"}, {"headers": ["GAME_ID", "TEAM_ID", "TEAM_ABBREVIATION", "TEAM_CITY", "PLAYER_ID", "PLAYER_NAME", "START_POSITION", "COMMENT", "MIN", "FGM", "FGA", "FG_PCT", "FG3M", "FG3A", "FG3_PCT", "FTM", "FTA", "FT_PCT", "OREB", "DREB", "REB", "AST", "STL", "BLK", "TO", "PF", "PTS", "PLUS_MINUS"], "rowSet": [["0021200041", 1610612765, "DET", "Detroit", 2419, "Tayshaun Prince", "F", "", "24:07", 3, 8, 0.375, 0, 0, 0.0, 3, 4, 0.75, 0, 2, 2, 0, 0, 1, 1, 1, 9, -40.0], ["0021200041", 1610612765, "DET", "Detroit", 101131, "Jason Maxiell", "F", "", "19:11", 3, 7, 0.429, 0, 0, 0.0, 2, 2, 1.0, 3, 3, 6, 0, 0, 0, 2, 2, 8, -26.0], ["0021200041", 1610612765, "DET", "Detroit", 202328, "Greg Monroe", "C", "", "26:18", 4, 10, 0.4, 0, 0, 0.0, 0, 0, 0.0, 2, 5, 7, 1, 4, 1, 1, 2, 8, -31.0], ["0021200041", 1610612765, "DET", "Detroit", 201155, "Rodney Stuckey", "G", "", "25:11", 0, 6, 0.0, 0, 1, 0.0, 0, 0, 0.0, 0, 1, 1, 3, 0, 0, 0, 2, 0, -23.0], ["0021200041", 1610612765, "DET", "Detroit", 202688, "Brandon Knight", "G", "", "23:05", 1, 8, 0.125, 0, 1, 0.0, 0, 0, 0.0, 0, 1, 1, 6, 0, 0, 5, 0, 2, -30.0], ["0021200041", 1610612765, "DET", "Detroit", 201973, "Jonas Jerebko", "", "", "28:49", 5, 9, 0.556, 1, 2, 0.5, 7, 9, 0.778, 2, 0, 2, 2, 1, 0, 1, 1, 18, -3.0], ["0021200041", 1610612765, "DET", "Detroit", 203119, "Kim English", "", "", "20:22", 2, 5, 0.4, 2, 4, 0.5, 2, 2, 1.0, 0, 1, 1, 0, 0, 1, 2, 3, 8, -1.0], ["0021200041", 1610612765, "DET", "Detroit", 203083, "Andre Drummond", "", "", "21:42", 2, 6, 0.333, 0, 0, 0.0, 1, 2, 0.5, 4, 3, 7, 0, 0, 2, 1, 2, 5, 2.0], ["0021200041", 1610612765, "DET", "Detroit", 202713, "Kyle Singler", "", "", "26:20", 4, 9, 0.444, 1, 4, 0.25, 2, 2, 1.0, 1, 4, 5, 2, 0, 0, 1, 5, 11, 6.0], ["0021200041", 1610612765, "DET", "Detroit", 101198, "Will Bynum", "", "", "24:55", 4, 11, 0.364, 0, 1, 0.0, 2, 2, 1.0, 1, 0, 1, 5, 0, 0, 2, 2, 10, 1.0], ["0021200041", 1610612765, "DET", "Detroit", 201948, "Austin Daye", "", "DNP - Coach's Decision", null, null, null, null, null, null, null, null, null, null, null, null, null, null, null, null, null, null, null, null], ["0021200041", 1610612765, "DET", "Detroit", 203139, "Viacheslav Kravtsov", "", "DNP - Coach's Decision", null, null, null, null, null, null, null, null, null, null, null, null, null, null, null, null, null, null, null, null], ["0021200041", 1610612765, "DET", "Detroit", 101111, "Charlie Villanueva", "", "DNP - Coach's Decision", null, null, null, null, null, null, null, null, null, null, null, null, null, null, null, null, null, null, null, null], ["0021200041", 1610612747, "LAL", "Los Angeles", 1897, "Metta World Peace", "F", "", "30:25", 7, 11, 0.636, 3, 6, 0.5, 1, 2, 0.5, 1, 4, 5, 4, 1, 0, 2, 1, 18, 25.0], ["0021200041", 1610612747, "LAL", "Los Angeles", 2200, "Pau Gasol", "F", "", "32:30", 6, 16, 0.375, 0, 1, 0.0, 2, 2, 1.0, 3, 2, 5, 2, 0, 3, 1, 3, 14, 38.0], ["0021200041", 1610612747, "LAL", "Los Angeles", 2730, "Dwight Howard", "C", "", "32:50", 12, 14, 0.857, 0, 0, 0.0, 4, 9, 0.444, 4, 3, 7, 0, 2, 3, 4, 1, 28, 29.0], ["0021200041", 1610612747, "LAL", "Los Angeles", 977, "Kobe Bryant", "G", "", "31:43", 5, 10, 0.5, 3, 5, 0.6, 2, 2, 1.0, 0, 7, 7, 8, 1, 0, 1, 4, 15, 38.0], ["0021200041", 1610612747, "LAL", "Los Angeles", 2581, "Steve Blake", "G", "", "30:05", 2, 4, 0.5, 2, 3, 0.667, 0, 0, 0.0, 0, 5, 5, 6, 5, 0, 2, 2, 6, 25.0], ["0021200041", 1610612747, "LAL", "Los Angeles", 201941, "Jordan Hill", "", "", "19:08", 3, 4, 0.75, 0, 0, 0.0, 5, 5, 1.0, 4, 3, 7, 0, 1, 1, 0, 2, 11, -5.0], ["0021200041", 1610612747, "LAL", "Los Angeles", 202365, "Devin Ebanks", "", "", "11:37", 0, 6, 0.0, 0, 2, 0.0, 2, 2, 1.0, 2, 1, 3, 1, 0, 0, 1, 2, 2, -6.0], ["0021200041", 1610612747, "LAL", "Los Angeles", 202721, "Darius Morris", "", "", "14:55", 2, 5, 0.4, 1, 1, 1.0, 1, 2, 0.5, 1, 0, 1, 2, 0, 0, 1, 0, 6, 1.0], ["0021200041", 1610612747, "LAL", "Los Angeles", 1712, "Antawn Jamison", "", "", "19:04", 2, 4, 0.5, 1, 3, 0.333, 1, 2, 0.5, 0, 5, 5, 1, 1, 0, 1, 1, 6, -7.0], ["0021200041", 1610612747, "LAL", "Los Angeles", 203135, "Robert Sacre", "", "", "7:19", 1, 1, 1.0, 0, 0, 0.0, 0, 0, 0.0, 0, 0, 0, 0, 0, 1, 2, 3, 2, -4.0], ["0021200041", 1610612747, "LAL", "Los Angeles", 201975, "Jodie Meeks", "", "", "4:14", 0, 2, 0.0, 0, 1, 0.0, 0, 0, 0.0, 0, 0, 0, 0, 0, 0, 0, 0, 0, 3.0], ["0021200041", 1610612747, "LAL", "Los Angeles", 2768, "Chris Duhon", "", "", "4:14", 0, 0, 0.0, 0, 0, 0.0, 0, 0, 0.0, 1, 0, 1, 3, 0, 0, 0, 0, 0, 3.0], ["0021200041", 1610612747, "LAL", "Los Angeles", 201947, "Earl Clark", "", "", "1:56", 0, 0, 0.0, 0, 0, 0.0, 0, 0, 0.0, 0, 0, 0, 0, 0, 0, 0, 1, 0, 5.0]], "name": "PlayerStats"}, {"headers": ["GAME_ID", "TEAM_ID", "TEAM_NAME", "TEAM_ABBREVIATION", "TEAM_CITY", "MIN", "FGM", "FGA", "FG_PCT", "FG3M", "FG3A", "FG3_PCT", "FTM", "FTA", "FT_PCT", "OREB", "DREB", "REB", "AST", "STL", "BLK", "TO", "PF", "PTS", "PLUS_MINUS"], "rowSet": [["0021200041", 1610612747, "Lakers", "LAL", "Los Angeles", "240:00", 40, 77, 0.519, 10, 22, 0.455, 18, 26, 0.692, 16, 30, 46, 27, 11, 8, 15, 20, 108, 29.0], ["0021200041", 1610612765, "Pistons", "DET", "Detroit", "240:00", 28, 79, 0.354, 4, 13, 0.308, 19, 23, 0.826, 13, 20, 33, 19, 5, 5, 16, 20, 79, -29.0]], "name": "TeamStats"}, {"headers": ["LEAGUE_ID", "SEASON_ID", "TEAM_ID", "TEAM_ABBREVIATION", "TEAM_CITY", "PTS_PAINT", "PTS_2ND_CHANCE", "PTS_FB", "LARGEST_LEAD", "LEAD_CHANGES", "TIMES_TIED"], "rowSet": [["00", "22012", 1610612765, "DET", "Detroit", 34, 12, 12, 36, 0, 0], ["00", "22012", 1610612747, "LAL", "Los Angeles", 56, 21, 11, 36, 0, 0]], "name": "OtherStats"}, {"headers": ["OFFICIAL_ID", "FIRST_NAME", "LAST_NAME", "JERSEY_NUM"], "rowSet": [[1174, "Ken", "Mauer", "41"], [2716, "Olandis", "Poole", "50"], [101283, "Brian", "Forte", "45"]], "name": "Officials"}, {"headers": ["GAME_DATE", "ATTENDANCE", "GAME_TIME"], "rowSet": [["SUNDAY, NOVEMBER 4, 2012", 18997, "2:16"]], "name": "GameInfo"}, {"headers": ["PLAYER_ID", "FIRST_NAME", "LAST_NAME", "JERSEY_NUM", "TEAM_ID", "TEAM_CITY", "TEAM_NAME", "TEAM_ABBREVIATION"], "rowSet": [[203130, "Darius", "Johnson-Odom", " 7", 1610612747, "Los Angeles", "Lakers", "LAL"], [959, "Steve", "Nash", "10", 1610612747, "Los Angeles", "Lakers", "LAL"], [203114, "Khris", "Middleton", "32", 1610612765, "Detroit", "Pistons", "DET"], [1894, "Corey", "Maggette", "50", 1610612765, "Detroit", "Pistons", "DET"]], "name": "InactivePlayers"}, {"headers": ["VIDEO_AVAILABLE_FLAG"], "rowSet": [[1]], "name": "AvailableVideo"}], "parameters": {"GameID": "0021200041", "RangeType": 0, "StartPeriod": 0, "StartRange": 0, "EndPeriod": 0, "EndRange": 0}}