{"resource": "boxscore", "resultSets": [{"headers": ["GAME_DATE_EST", "GAME_SEQUENCE", "GAME_ID", "GAME_STATUS_ID", "GAME_STATUS_TEXT", "GAMECODE", "HOME_TEAM_ID", "VISITOR_TEAM_ID", "SEASON", "LIVE_PERIOD", "LIVE_PC_TIME", "NATL_TV_BROADCASTER_ABBREVIATION", "LIVE_PERIOD_TIME_BCAST", "WH_STATUS"], "rowSet": [["2012-11-05T00:00:00", 4, "0021200045", 3, "Final", "20121105/UTAMEM", 1610612763, 1610612762, "2012", 4, "", null, "Q4  - ", 1]], "name": "GameSummary"}, {"headers": ["GAME_DATE_EST", "GAME_SEQUENCE", "GAME_ID", "TEAM_ID", "TEAM_ABBREVIATION", "TEAM_CITY_NAME", "TEAM_WINS_LOSSES", "PTS_QTR1", "PTS_QTR2", "PTS_QTR3", "PTS_QTR4", "PTS_OT1", "PTS_OT2", "PTS_OT3", "PTS_OT4", "PTS_OT5", "PTS_OT6", "PTS_OT7", "PTS_OT8", "PTS_OT9", "PTS_OT10", "PTS"], "rowSet": [["2012-11-05T00:00:00", 4, "0021200045", 1610612762, "UTA", "Utah", "1-3", 25, 25, 18, 26, 0, 0, 0, 0, 0, 0, 0, 0, 0, 0, 94], ["2012-11-05T00:00:00", 4, "0021200045", 1610612763, "MEM", "Memphis", "2-1", 18, 29, 27, 29, 0, 0, 0, 0, 0, 0, 0, 0, 0, 0, 103]], "name": "LineScore"}, {"headers": ["GAME_ID", "HOME_TEAM_ID", "VISITOR_TEAM_ID", "GAME_DATE_EST", "HOME_TEAM_WINS", "HOME_TEAM_LOSSES", "SERIES_LEADER"], "rowSet": [["0021200045", 1610612763, 1610612762, "2012-11-05T00:00:00", 3, 1, "Memphis"]], "name": "SeasonSeries"}, {"headers": ["GAME_ID", "LAST_GAME_ID", "LAST_GAME_DATE_EST", "LAST_GAME_HOME_TEAM_ID", "LAST_GAME_HOME_TEAM_CITY", "LAST_GAME_HOME_TEAM_NAME", "LAST_GAME_HOME_TEAM_ABBREVIATION", "LAST_GAME_HOME_TEAM_POINTS", "LAST_GAME_VISITOR_TEAM_ID", "LAST_GAME_VISITOR_TEAM_CITY", "LAST_GAME_VISITOR_TEAM_NAME", "LAST_GAME_VISITOR_TEAM_CITY1", "LAST_GAME_VISITOR_TEAM_POINTS"], "rowSet": [["0021200045", "0021100889", "2012-04-14T00:00:00", 1610612763, "Memphis", "Grizzlies", "MEM", 103, 1610612762, "Utah", "Jazz", "UTA", 98]], "name": "LastMeeting"}, {"headers": ["GAME_ID", "TEAM_ID", "TEAM_ABBREVIATION", "TEAM_CITY", "PLAYER_ID", "PLAYER_NAME", "START_POSITION", "COMMENT", "MIN", "FGM", "FGA", "FG_PCT", "FG3M", "FG3A", "FG3_PCT", "FTM", "FTA", "FT_PCT", "OREB", "DREB", "REB", "AST", "STL", "BLK", "TO", "PF", "PTS", "PLUS_MINUS"], "rowSet": [["0021200045", 1610612762, "UTA", "Utah", 101107, "Marvin Williams", "F", "", "30:04", 2, 5, 0.4, 0, 1, 0.0, 2, 2, 1.0, 0, 5, 5, 0, 2, 2, 3, 4, 6, 1.0], ["0021200045", 1610612762, "UTA", "Utah", 200794, "Paul Millsap", "F", "", "33:03", 5, 13, 0.385, 2, 3, 0.667, 2, 2, 1.0, 3, 5, 8, 4, 0, 3, 2, 6, 14, -1.0], ["0021200045", 1610612762, "UTA", "Utah", 2744, "Al Jefferson", "C", "", "29:00", 5, 10, 0.5, 0, 0, 0.0, 1, 2, 0.5, 2, 8, 10, 2, 1, 2, 3, 4, 11, 3.0], ["0021200045", 1610612762, "UTA", "Utah", 202330, "Gordon Hayward", "G", "", "36:35", 9, 17, 0.529, 0, 1, 0.0, 1, 1, 1.0, 1, 4, 5, 2, 1, 0, 1, 1, 19, -3.0], ["0021200045", 1610612762, "UTA", "Utah", 2590, "Mo Williams", "G", "", "38:37", 8, 19, 0.421, 1, 5, 0.2, 0, 0, 0.0, 2, 2, 4, 8, 0, 0, 2, 1, 17, -4.0], ["0021200045", 1610612762, "UTA", "Utah", 202324, "Derrick Favors", "", "", "25:50", 6, 12, 0.5, 0, 0, 0.0, 2, 4, 0.5, 3, 5, 8, 1, 3, 1, 2, 0, 14, -14.0], ["0021200045", 1610612762, "UTA", "Utah", 200751, "Randy Foye", "", "", "22:46", 4, 9, 0.444, 2, 5, 0.4, 1, 2, 0.5, 0, 0, 0, 3, 1, 0, 1, 1, 11, -9.0], ["0021200045", 1610612762, "UTA", "Utah", 202683, "Enes Kanter", "", "", "11:57", 1, 3, 0.333, 0, 0, 0.0, 0, 0, 0.0, 0, 1, 1, 0, 0, 0, 0, 4, 2, -9.0], ["0021200045", 1610612762, "UTA", "Utah", 202692, "Alec Burks", "", "", "6:30", 0, 2, 0.0, 0, 0, 0.0, 0, 0, 0.0, 0, 0, 0, 0, 0, 0, 0, 0, 0, -6.0], ["0021200045", 1610612762, "UTA", "Utah", 202379, "Jeremy Evans", "", "", "5:38", 0, 0, 0.0, 0, 0, 0.0, 0, 0, 0.0, 0, 1, 1, 0, 0, 0, 0, 1, 0, -3.0], ["0021200045", 1610612762, "UTA", "Utah", 201960, "DeMarre Carroll", "", "DNP - Coach's Decision", null, null, null, null, null, null, null, null, null, null, null, null, null, null, null, null, null, null, null, null], ["0021200045", 1610612762, "UTA", "Utah", 203122, "Kevin Murphy", "", "DNP - Coach's Decision", null, null, null, null, null, null, null, null, null, null, null, null, null, null, null, null, null, null, null, null], ["0021200045", 1610612762, "UTA", "Utah", 2224, "Jamaal Tinsley", "", "DNP - Coach's Decision", null, null, null, null, null, null, null, null, null, null, null, null, null, null, null, null, null, null, null, null], ["0021200045", 1610612763, "MEM", "Memphis", 200752, "Rudy Gay", "F", "", "34:42", 3, 17, 0.176, 1, 4, 0.25, 8, 8, 1.0, 1, 4, 5, 0, 1, 2, 2, 2, 15, -5.0], ["0021200045", 1610612763, "MEM", "Memphis", 2216, "Zach Randolph", "F", "", "38:03", 8, 19, 0.421, 0, 1, 0.0, 0, 0, 0.0, 9, 9, 18, 1, 1, 0, 0, 2, 16, -2.0], ["0021200045", 1610612763, "MEM", "Memphis", 201188, "Marc Gasol", "C", "", "35:53", 6, 11, 0.545, 0, 0, 0.0, 10, 10, 1.0, 2, 6, 8, 8, 0, 3, 0, 4, 22, 11.0], ["0021200045", 1610612763, "MEM", "Memphis", 2754, "Tony Allen", "G", "", "26:31", 4, 13, 0.308, 0, 1, 0.0, 0, 0, 0.0, 0, 2, 2, 2, 3, 2, 0, 2, 8, 12.0], ["0021200045", 1610612763, "MEM", "Memphis", 201144, "Mike Conley", "G", "", "33:37", 7, 10, 0.7, 1, 2, 0.5, 1, 2, 0.5, 0, 5, 5, 4, 1, 1, 3, 1, 16, 6.0], ["0021200045", 1610612763, "MEM", "Memphis", 202347, "Quincy Pondexter", "", "", "22:20", 5, 8, 0.625, 2, 2, 1.0, 2, 3, 0.667, 1, 1, 2, 1, 0, 0, 1, 1, 14, 3.0], ["0021200045", 1610612763, "MEM", "Memphis", 201578, "Marreese Speights", "", "", "21:29", 3, 5, 0.6, 0, 0, 0.0, 1, 2, 0.5, 0, 6, 6, 1, 1, 1, 3, 4, 7, 11.0], ["0021200045", 1610612763, "MEM", "Memphis", 201961, "Wayne Ellington", "", "", "13:02", 1, 5, 0.2, 0, 1, 0.0, 0, 0, 0.0, 1, 2, 3, 0, 1, 0, 0, 0, 2, 6.0], ["0021200045", 1610612763, "MEM", "Memphis", 201573, "Jerryd Bayless", "", "", "14:23", 1, 3, 0.333, 1, 3, 0.333, 0, 0, 0.0, 0, 2, 2, 4, 1, 1, 2, 1, 3, 3.0], ["0021200045", 1610612763, "MEM", "Memphis", 201589, "Darrell Arthur", "", "DNP - Coach's Decision", null, null, null, null, null, null, null, null, null, null, null, null, null, null, null, null, null, null, null, null], ["0021200045", 1610612763, "MEM", "Memphis", 201632, "Hamed Haddadi", "", "DNP - Coach's Decision", null, null, null, null, null, null, null, null, null, null, null, null, null, null, null, null, null, null, null, null], ["0021200045", 1610612763, "MEM", "Memphis", 202729, "Josh Selby", "", "DNP - Coach's Decision", null, null, null, null, null, null, null, null, null, null, null, null, null, null, null, null, null, null, null, null], ["0021200045", 1610612763, "MEM", "Memphis", 203100, "Tony Wroten", "", "DNP - Coach's Decision", null, null, null, null, null, null, null, null, null, null, null, null, null, null, null, null, null, null, null, null]], "name": "PlayerStats"}, {"headers": ["GAME_ID", "TEAM_ID", "TEAM_NAME", "TEAM_ABBREVIATION", "TEAM_CITY", "MIN", "FGM", "FGA", "FG_PCT", "FG3M", "FG3A", "FG3_PCT", "FTM", "FTA", "FT_PCT", "OREB", "DREB", "REB", "AST", "STL", "BLK", "TO", "PF", "PTS", "PLUS_MINUS"], "rowSet": [["0021200045", 1610612762, "Jazz", "UTA", "Utah", "240:00", 40, 90, 0.444, 5, 15, 0.333, 9, 13, 0.692, 11, 31, 42, 20, 8, 8, 14, 22, 94, -9.0], ["0021200045", 1610612763, "Grizzlies", "MEM", "Memphis", "240:00", 38, 91, 0.418, 5, 14, 0.357, 22, 25, 0.88, 14, 37, 51, 21, 9, 10, 11, 17, 103, 9.0]], "name": "TeamStats"}, {"headers": ["LEAGUE_ID", "SEASON_ID", "TEAM_ID", "TEAM_ABBREVIATION", "TEAM_CITY", "PTS_PAINT", "PTS_2ND_CHANCE", "PTS_FB", "LARGEST_LEAD", "LEAD_CHANGES", "TIMES_TIED"], "rowSet": [["00", "22012", 1610612763, "MEM", "Memphis", 60, 18, 20, 14, 3, 4], ["00", "22012", 1610612762, "UTA", "Utah", 52, 15, 18, 14, 3, 4]], "name": "OtherStats"}, {"headers": ["OFFICIAL_ID", "FIRST_NAME", "LAST_NAME", "JERSEY_NUM"], "rowSet": [[1662, "Bill", "Kennedy", "55"], [2714, "David", "Guthrie", "16"], [202027, "Tre", "Maddox", "73"]], "name": "Officials"}, {"headers": ["GAME_DATE", "ATTENDANCE", "GAME_TIME"], "rowSet": [["MONDAY, NOVEMBER 5, 2012", 17401, "2:14"]], "name": "GameInfo"}, {"headers": ["PLAYER_ID", "FIRST_NAME", "LAST_NAME", "JERSEY_NUM", "TEAM_ID", "TEAM_CITY", "TEAM_NAME", "TEAM_ABBREVIATION"], "rowSet": [[1952, "Raja", "Bell", "19", 1610612762, "Utah", "Jazz", "UTA"], [2248, "Earl", "Watson", "11", 1610612762, "Utah", "Jazz", "UTA"]], "name": "InactivePlayers"}, {"headers": ["VIDEO_AVAILABLE_FLAG"], "rowSet": [[1]], "name": "AvailableVideo"}], "parameters": {"GameID": "0021200045", "RangeType": 0, "StartPeriod": 0, "StartRange": 0, "EndPeriod": 0, "EndRange": 0}}