{"resource": "boxscore", "resultSets": [{"headers": ["GAME_DATE_EST", "GAME_SEQUENCE", "GAME_ID", "GAME_STATUS_ID", "GAME_STATUS_TEXT", "GAMECODE", "HOME_TEAM_ID", "VISITOR_TEAM_ID", "SEASON", "LIVE_PERIOD", "LIVE_PC_TIME", "NATL_TV_BROADCASTER_ABBREVIATION", "LIVE_PERIOD_TIME_BCAST", "WH_STATUS"], "rowSet": [["2012-11-09T00:00:00", 1, "0021200068", 3, "Final", "20121109/MILWAS", 1610612764, 1610612749, "2012", 4, "", null, "Q4  - ", 1]], "name": "GameSummary"}, {"headers": ["GAME_DATE_EST", "GAME_SEQUENCE", "GAME_ID", "TEAM_ID", "TEAM_ABBREVIATION", "TEAM_CITY_NAME", "TEAM_WINS_LOSSES", "PTS_QTR1", "PTS_QTR2", "PTS_QTR3", "PTS_QTR4", "PTS_OT1", "PTS_OT2", "PTS_OT3", "PTS_OT4", "PTS_OT5", "PTS_OT6", "PTS_OT7", "PTS_OT8", "PTS_OT9", "PTS_OT10", "PTS"], "rowSet": [["2012-11-09T00:00:00", 1, "0021200068", 1610612764, "WAS", "Washington", "0-4", 28, 19, 25, 19, 0, 0, 0, 0, 0, 0, 0, 0, 0, 0, 91], ["2012-11-09T00:00:00", 1, "0021200068", 1610612749, "MIL", "Milwaukee", "3-1", 30, 26, 19, 26, 0, 0, 0, 0, 0, 0, 0, 0, 0, 0, 101]], "name": "LineScore"}, {"headers": ["GAME_ID", "HOME_TEAM_ID", "VISITOR_TEAM_ID", "GAME_DATE_EST", "HOME_TEAM_WINS", "HOME_TEAM_LOSSES", "SERIES_LEADER"], "rowSet": [["0021200068", 1610612764, 1610612749, "2012-11-09T00:00:00", 2, 1, "Washington"]], "name": "SeasonSeries"}, {"headers": ["GAME_ID", "LAST_GAME_ID", "LAST_GAME_DATE_EST", "LAST_GAME_HOME_TEAM_ID", "LAST_GAME_HOME_TEAM_CITY", "LAST_GAME_HOME_TEAM_NAME", "LAST_GAME_HOME_TEAM_ABBREVIATION", "LAST_GAME_HOME_TEAM_POINTS", "LAST_GAME_VISITOR_TEAM_ID", "LAST_GAME_VISITOR_TEAM_CITY", "LAST_GAME_VISITOR_TEAM_NAME", "LAST_GAME_VISITOR_TEAM_CITY1", "LAST_GAME_VISITOR_TEAM_POINTS"], "rowSet": [["0021200068", "0011200084", "2012-10-20T00:00:00", 1610612764, "Washington", "Wizards", "WAS", 102, 1610612749, "Milwaukee", "Bucks", "MIL", 94]], "name": "LastMeeting"}, {"headers": ["GAME_ID", "TEAM_ID", "TEAM_ABBREVIATION", "TEAM_CITY", "PLAYER_ID", "PLAYER_NAME", "START_POSITION", "COMMENT", "MIN", "FGM", "FGA", "FG_PCT", "FG3M", "FG3A", "FG3_PCT", "FTM", "FTA", "FT_PCT", "OREB", "DREB", "REB", "AST", "STL", "BLK", "TO", "PF", "PTS", "PLUS_MINUS"], "rowSet": [["0021200068", 1610612749, "MIL", "Milwaukee", 202699, "Tobias Harris", "F", "", "15:13", 2, 4, 0.5, 1, 1, 1.0, 0, 0, 0.0, 0, 1, 1, 0, 0, 0, 1, 4, 5, -8.0], ["0021200068", 1610612749, "MIL", "Milwaukee", 101141, "Ersan Ilyasova", "F", "", "21:43", 4, 13, 0.308, 2, 6, 0.333, 1, 2, 0.5, 0, 2, 2, 0, 0, 1, 0, 0, 11, -8.0], ["0021200068", 1610612749, "MIL", "Milwaukee", 2223, "Samuel Dalembert", "C", "", "13:56", 1, 3, 0.333, 0, 0, 0.0, 0, 0, 0.0, 1, 5, 6, 0, 0, 1, 0, 0, 2, -5.0], ["0021200068", 1610612749, "MIL", "Milwaukee", 101145, "Monta Ellis", "G", "", "32:26", 8, 15, 0.533, 1, 2, 0.5, 5, 6, 0.833, 2, 3, 5, 5, 2, 0, 6, 1, 22, 2.0], ["0021200068", 1610612749, "MIL", "Milwaukee", 201943, "Brandon Jennings", "G", "", "31:06", 5, 9, 0.556, 0, 0, 0.0, 2, 2, 1.0, 0, 1, 1, 7, 3, 0, 6, 1, 12, -4.0], ["0021200068", 1610612749, "MIL", "Milwaukee", 2399, "Mike Dunleavy", "", "", "32:47", 5, 10, 0.5, 2, 5, 0.4, 1, 2, 0.5, 0, 9, 9, 3, 1, 0, 2, 4, 13, 18.0], ["0021200068", 1610612749, "MIL", "Milwaukee", 202336, "Larry Sanders", "", "", "30:42", 4, 7, 0.571, 0, 1, 0.0, 5, 6, 0.833, 1, 8, 9, 1, 0, 3, 2, 5, 13, 15.0], ["0021200068", 1610612749, "MIL", "Milwaukee", 2757, "Beno Udrih", "", "", "17:38", 4, 7, 0.571, 0, 0, 0.0, 0, 0, 0.0, 0, 0, 0, 3, 2, 1, 1, 1, 8, 12.0], ["0021200068", 1610612749, "MIL", "Milwaukee", 202327, "Ekpe Udoh", "", "", "29:39", 4, 4, 1.0, 0, 0, 0.0, 1, 1, 1.0, 1, 1, 2, 1, 1, 0, 1, 4, 9, 18.0], ["0021200068", 1610612749, "MIL", "Milwaukee", 2605, "Marquis Daniels", "", "", "14:50", 3, 6, 0.5, 0, 0, 0.0, 0, 0, 0.0, 1, 2, 3, 1, 2, 0, 2, 1, 6, 10.0], ["0021200068", 1610612749, "MIL", "Milwaukee", 203089, "John Henson", "", "DNP - Coach's Decision", null, null, null, null, null, null, null, null, null, null, null, null, null, null, null, null, null, null, null, null], ["0021200068", 1610612749, "MIL", "Milwaukee", 203117, "Doron Lamb", "", "DNP - Coach's Decision", null, null, null, null, null, null, null, null, null, null, null, null, null, null, null, null, null, null, null, null], ["0021200068", 1610612749, "MIL", "Milwaukee", 2038, "Joel Przybilla", "", "DNP - Coach's Decision", null, null, null, null, null, null, null, null, null, null, null, null, null, null, null, null, null, null, null, null], ["0021200068", 1610612764, "WAS", "Washington", 2772, "Trevor Ariza", "F", "", "31:34", 5, 11, 0.455, 1, 2, 0.5, 4, 4, 1.0, 1, 7, 8, 4, 3, 1, 3, 2, 15, 1.0], ["0021200068", 1610612764, "WAS", "Washington", 202344, "Trevor Booker", "F", "", "27:13", 5, 7, 0.714, 0, 0, 0.0, 1, 2, 0.5, 0, 1, 1, 2, 2, 0, 1, 1, 11, 3.0], ["0021200068", 1610612764, "WAS", "Washington", 2731, "Emeka Okafor", "C", "", "34:59", 5, 11, 0.455, 0, 0, 0.0, 1, 2, 0.5, 4, 2, 6, 1, 3, 3, 1, 2, 11, -1.0], ["0021200068", 1610612764, "WAS", "Washington", 203078, "Bradley Beal", "G", "", "34:28", 7, 14, 0.5, 0, 4, 0.0, 8, 8, 1.0, 1, 3, 4, 2, 2, 0, 3, 2, 22, 7.0], ["0021200068", 1610612764, "WAS", "Washington", 201985, "A.J. Price", "G", "", "36:11", 4, 12, 0.333, 1, 5, 0.2, 3, 3, 1.0, 0, 6, 6, 9, 0, 0, 3, 3, 12, 2.0], ["0021200068", 1610612764, "WAS", "Washington", 202698, "Chris Singleton", "", "", "10:00", 2, 3, 0.667, 0, 0, 0.0, 2, 2, 1.0, 2, 4, 6, 1, 0, 0, 3, 4, 6, -1.0], ["0021200068", 1610612764, "WAS", "Washington", 101110, "Martell Webster", "", "", "16:26", 0, 1, 0.0, 0, 0, 0.0, 0, 0, 0.0, 0, 1, 1, 1, 0, 0, 1, 1, 0, -11.0], ["0021200068", 1610612764, "WAS", "Washington", 202338, "Kevin Seraphin", "", "", "13:01", 1, 5, 0.2, 0, 0, 0.0, 0, 0, 0.0, 2, 0, 2, 0, 1, 0, 2, 3, 2, -9.0], ["0021200068", 1610612764, "WAS", "Washington", 2457, "Jannero Pargo", "", "", "11:49", 0, 6, 0.0, 0, 4, 0.0, 0, 0, 0.0, 0, 1, 1, 1, 0, 0, 1, 0, 0, -12.0], ["0021200068", 1610612764, "WAS", "Washington", 202348, "Jordan Crawford", "", "", "13:09", 3, 5, 0.6, 2, 3, 0.667, 0, 0, 0.0, 0, 1, 1, 2, 1, 0, 2, 2, 8, -16.0], ["0021200068", 1610612764, "WAS", "Washington", 202686, "Jan Vesely", "", "", "10:47", 2, 3, 0.667, 0, 0, 0.0, 0, 1, 0.0, 0, 0, 0, 0, 1, 0, 0, 4, 4, -12.0], ["0021200068", 1610612764, "WAS", "Washington", 201858, "Cartier Martin", "", "", "0:24", 0, 0, 0.0, 0, 0, 0.0, 0, 0, 0.0, 0, 0, 0, 0, 0, 0, 0, 0, 0, -1.0], ["0021200068", 1610612764, "WAS", "Washington", 2853, "Earl Barron", "", "DNP - Coach's Decision", null, null, null, null, null, null, null, null, null, null, null, null, null, null, null, null, null, null, null, null]], "name": "PlayerStats"}, {"headers": ["GAME_ID", "TEAM_ID", "TEAM_NAME", "TEAM_ABBREVIATION", "TEAM_CITY", "MIN", "FGM", "FGA", "FG_PCT", "FG3M", "FG3A", "FG3_PCT", "FTM", "FTA", "FT_PCT", "OREB", "DREB", "REB", "AST", "STL", "BLK", "TO", "PF", "PTS", "PLUS_MINUS"], "rowSet": [["0021200068", 1610612764, "Wizards", "WAS", "Washington", "240:00", 34, 78, 0.436, 4, 18, 0.222, 19, 22, 0.864, 10, 26, 36, 23, 13, 4, 20, 24, 91, -10.0], ["0021200068", 1610612749, "Bucks", "MIL", "Milwaukee", "240:00", 40, 78, 0.513, 6, 15, 0.4, 15, 19, 0.789, 6, 32, 38, 21, 11, 6, 21, 21, 101, 10.0]], "name": "TeamStats"}, {"headers": ["LEAGUE_ID", "SEASON_ID", "TEAM_ID", "TEAM_ABBREVIATION", "TEAM_CITY", "PTS_PAINT", "PTS_2ND_CHANCE", "PTS_FB", "LARGEST_LEAD", "LEAD_CHANGES", "TIMES_TIED"], "rowSet": [["00", "22012", 1610612749, "MIL", "Milwaukee", 44, 9, 24, 13, 9, 7], ["00", "22012", 1610612764, "WAS", "Washington", 28, 8, 24, 13, 9, 7]], "name": "OtherStats"}, {"headers": ["OFFICIAL_ID", "FIRST_NAME", "LAST_NAME", "JERSEY_NUM"], "rowSet": [[1201, "Leon", "Wood", "40"], [1147, "Mike", "Callahan", "24"], [200832, "Curtis", "Blair", "74"]], "name": "Officials"}, {"headers": ["GAME_DATE", "ATTENDANCE", "GAME_TIME"], "rowSet": [["FRIDAY, NOVEMBER 9, 2012", 14531, "2:10"]], "name": "GameInfo"}, {"headers": ["PLAYER_ID", "FIRST_NAME", "LAST_NAME", "JERSEY_NUM", "TEAM_ID", "TEAM_CITY", "TEAM_NAME", "TEAM_ABBREVIATION"], "rowSet": [[2400, "Drew", "Gooden", " 0", 1610612749, "Milwaukee", "Bucks", "MIL"], [201601, "Luc", "Mbah a Moute", "12", 1610612749, "Milwaukee", "Bucks", "MIL"], [2403, "Nene", "Hilario", "42", 1610612764, "Washington", "Wizards", "WAS"], [202322, "John", "Wall", " 2", 1610612764, "Washington", "Wizards", "WAS"]], "name": "InactivePlayers"}, {"headers": ["VIDEO_AVAILABLE_FLAG"], "rowSet": [[1]], "name": "AvailableVideo"}], "parameters": {"GameID": "0021200068", "RangeType": 0, "StartPeriod": 0, "StartRange": 0, "EndPeriod": 0, "EndRange": 0}}