{"resource": "boxscore", "resultSets": [{"headers": ["GAME_DATE_EST", "GAME_SEQUENCE", "GAME_ID", "GAME_STATUS_ID", "GAME_STATUS_TEXT", "GAMECODE", "HOME_TEAM_ID", "VISITOR_TEAM_ID", "SEASON", "LIVE_PERIOD", "LIVE_PC_TIME", "NATL_TV_BROADCASTER_ABBREVIATION", "LIVE_PERIOD_TIME_BCAST", "WH_STATUS"], "rowSet": [["2012-10-31T00:00:00", 7, "0021200010", 3, "Final", "20121031/GSWPHX", 1610612756, 1610612744, "2012", 4, "", null, "Q4  - ", 1]], "name": "GameSummary"}, {"headers": ["GAME_DATE_EST", "GAME_SEQUENCE", "GAME_ID", "TEAM_ID", "TEAM_ABBREVIATION", "TEAM_CITY_NAME", "TEAM_WINS_LOSSES", "PTS_QTR1", "PTS_QTR2", "PTS_QTR3", "PTS_QTR4", "PTS_OT1", "PTS_OT2", "PTS_OT3", "PTS_OT4", "PTS_OT5", "PTS_OT6", "PTS_OT7", "PTS_OT8", "PTS_OT9", "PTS_OT10", "PTS"], "rowSet": [["2012-10-31T00:00:00", 7, "0021200010", 1610612756, "PHX", "Phoenix", "0-1", 21, 21, 25, 18, 0, 0, 0, 0, 0, 0, 0, 0, 0, 0, 85], ["2012-10-31T00:00:00", 7, "0021200010", 1610612744, "GSW", "Golden State", "1-0", 25, 23, 17, 22, 0, 0, 0, 0, 0, 0, 0, 0, 0, 0, 87]], "name": "LineScore"}, {"headers": ["GAME_ID", "HOME_TEAM_ID", "VISITOR_TEAM_ID", "GAME_DATE_EST", "HOME_TEAM_WINS", "HOME_TEAM_LOSSES", "SERIES_LEADER"], "rowSet": [["0021200010", 1610612756, 1610612744, "2012-10-31T00:00:00", 0, 4, "Golden State"]], "name": "SeasonSeries"}, {"headers": ["GAME_ID", "LAST_GAME_ID", "LAST_GAME_DATE_EST", "LAST_GAME_HOME_TEAM_ID", "LAST_GAME_HOME_TEAM_CITY", "LAST_GAME_HOME_TEAM_NAME", "LAST_GAME_HOME_TEAM_ABBREVIATION", "LAST_GAME_HOME_TEAM_POINTS", "LAST_GAME_VISITOR_TEAM_ID", "LAST_GAME_VISITOR_TEAM_CITY", "LAST_GAME_VISITOR_TEAM_NAME", "LAST_GAME_VISITOR_TEAM_CITY1", "LAST_GAME_VISITOR_TEAM_POINTS"], "rowSet": [["0021200010", "0011200098", "2012-10-23T00:00:00", 1610612756, "Phoenix", "Suns", "PHX", 92, 1610612744, "Golden State", "Warriors", "GSW", 107]], "name": "LastMeeting"}, {"headers": ["GAME_ID", "TEAM_ID", "TEAM_ABBREVIATION", "TEAM_CITY", "PLAYER_ID", "PLAYER_NAME", "START_POSITION", "COMMENT", "MIN", "FGM", "FGA", "FG_PCT", "FG3M", "FG3A", "FG3_PCT", "FTM", "FTA", "FT_PCT", "OREB", "DREB", "REB", "AST", "STL", "BLK", "TO", "PF", "PTS", "PLUS_MINUS"], "rowSet": [["0021200010", 1610612744, "GSW", "Golden State", 203084, "Harrison Barnes", "F", "", "13:48", 2, 5, 0.4, 0, 0, 0.0, 2, 2, 1.0, 2, 1, 3, 1, 0, 0, 0, 1, 6, -2.0], ["0021200010", 1610612744, "GSW", "Golden State", 101135, "David Lee", "F", "", "39:15", 2, 16, 0.125, 0, 0, 0.0, 2, 2, 1.0, 3, 6, 9, 3, 0, 1, 1, 4, 6, 3.0], ["0021200010", 1610612744, "GSW", "Golden State", 101106, "Andrew Bogut", "C", "", "18:29", 4, 6, 0.667, 0, 0, 0.0, 0, 1, 0.0, 1, 5, 6, 1, 0, 1, 0, 1, 8, -7.0], ["0021200010", 1610612744, "GSW", "Golden State", 202691, "Klay Thompson", "G", "", "33:45", 6, 16, 0.375, 4, 7, 0.571, 0, 0, 0.0, 2, 6, 8, 1, 0, 0, 4, 2, 16, -10.0], ["0021200010", 1610612744, "GSW", "Golden State", 201939, "Stephen Curry", "G", "", "30:22", 2, 14, 0.143, 0, 6, 0.0, 1, 3, 0.333, 3, 4, 7, 3, 2, 0, 4, 3, 5, -2.0], ["0021200010", 1610612744, "GSW", "Golden State", 203105, "Festus Ezeli", "", "", "13:52", 1, 2, 0.5, 0, 0, 0.0, 1, 2, 0.5, 1, 4, 5, 0, 3, 0, 0, 1, 3, 0.0], ["0021200010", 1610612744, "GSW", "Golden State", 201575, "Brandon Rush", "", "", "23:30", 6, 9, 0.667, 0, 2, 0.0, 2, 3, 0.667, 0, 1, 1, 2, 0, 0, 3, 5, 14, 3.0], ["0021200010", 1610612744, "GSW", "Golden State", 101127, "Jarrett Jack", "", "", "29:32", 3, 7, 0.429, 1, 1, 1.0, 3, 4, 0.75, 0, 3, 3, 7, 1, 0, 4, 2, 10, 8.0], ["0021200010", 1610612744, "GSW", "Golden State", 201171, "Carl Landry", "", "", "22:56", 7, 9, 0.778, 0, 0, 0.0, 3, 4, 0.75, 5, 1, 6, 1, 1, 0, 2, 0, 17, 13.0], ["0021200010", 1610612744, "GSW", "Golden State", 2210, "Richard Jefferson", "", "", "13:17", 0, 2, 0.0, 0, 1, 0.0, 2, 2, 1.0, 0, 0, 0, 0, 2, 1, 0, 0, 2, 7.0], ["0021200010", 1610612744, "GSW", "Golden State", 203110, "Draymond Green", "", "", "1:15", 0, 0, 0.0, 0, 0, 0.0, 0, 0, 0.0, 0, 1, 1, 0, 0, 0, 0, 1, 0, -3.0], ["0021200010", 1610612744, "GSW", "Golden State", 2740, "Andris Biedrins", "", "DNP - Coach's Decision", null, null, null, null, null, null, null, null, null, null, null, null, null, null, null, null, null, null, null, null], ["0021200010", 1610612744, "GSW", "Golden State", 202724, "Charles Jenkins", "", "DNP - Coach's Decision", null, null, null, null, null, null, null, null, null, null, null, null, null, null, null, null, null, null, null, null], ["0021200010", 1610612756, "PHX", "Phoenix", 201563, "Michael Beasley", "F", "", "22:08", 2, 9, 0.222, 1, 2, 0.5, 3, 4, 0.75, 1, 3, 4, 1, 0, 1, 2, 0, 8, -6.0], ["0021200010", 1610612756, "PHX", "Phoenix", 2449, "Luis Scola", "F", "", "31:57", 7, 13, 0.538, 1, 2, 0.5, 0, 0, 0.0, 2, 9, 11, 1, 3, 3, 0, 3, 15, 0.0], ["0021200010", 1610612756, "PHX", "Phoenix", 101162, "Marcin Gortat", "C", "", "34:11", 5, 10, 0.5, 0, 0, 0.0, 0, 0, 0.0, 3, 6, 9, 1, 0, 5, 3, 4, 10, 9.0], ["0021200010", 1610612756, "PHX", "Phoenix", 201162, "Jared Dudley", "G", "", "35:06", 4, 11, 0.364, 1, 6, 0.167, 2, 4, 0.5, 1, 5, 6, 3, 1, 0, 4, 1, 11, 13.0], ["0021200010", 1610612756, "PHX", "Phoenix", 201609, "Goran Dragic", "G", "", "36:43", 4, 12, 0.333, 1, 5, 0.2, 8, 10, 0.8, 1, 5, 6, 8, 3, 1, 3, 3, 17, 6.0], ["0021200010", 1610612756, "PHX", "Phoenix", 202693, "Markieff Morris", "", "", "16:03", 2, 5, 0.4, 0, 2, 0.0, 0, 0, 0.0, 0, 3, 3, 1, 1, 0, 1, 3, 4, -2.0], ["0021200010", 1610612756, "PHX", "Phoenix", 979, "Jermaine O'Neal", "", "", "13:41", 0, 0, 0.0, 0, 0, 0.0, 0, 0, 0.0, 1, 1, 2, 0, 0, 1, 1, 1, 0, -12.0], ["0021200010", 1610612756, "PHX", "Phoenix", 200769, "Shannon Brown", "", "", "15:46", 2, 8, 0.25, 0, 2, 0.0, 4, 4, 1.0, 0, 0, 0, 1, 1, 0, 3, 2, 8, -15.0], ["0021200010", 1610612756, "PHX", "Phoenix", 2742, "Sebastian Telfair", "", "", "11:21", 1, 3, 0.333, 0, 2, 0.0, 0, 0, 0.0, 0, 1, 1, 0, 0, 0, 0, 4, 2, -8.0], ["0021200010", 1610612756, "PHX", "Phoenix", 200782, "PJ Tucker", "", "", "23:04", 5, 9, 0.556, 0, 0, 0.0, 0, 0, 0.0, 2, 0, 2, 0, 1, 1, 1, 2, 10, 5.0], ["0021200010", 1610612756, "PHX", "Phoenix", 202325, "Wesley Johnson", "", "DNP - Coach's Decision", null, null, null, null, null, null, null, null, null, null, null, null, null, null, null, null, null, null, null, null], ["0021200010", 1610612756, "PHX", "Phoenix", 203088, "Kendall Marshall", "", "DNP - Coach's Decision", null, null, null, null, null, null, null, null, null, null, null, null, null, null, null, null, null, null, null, null], ["0021200010", 1610612756, "PHX", "Phoenix", 202545, "Luke Zeller", "", "DNP - Coach's Decision", null, null, null, null, null, null, null, null, null, null, null, null, null, null, null, null, null, null, null, null]], "name": "PlayerStats"}, {"headers": ["GAME_ID", "TEAM_ID", "TEAM_NAME", "TEAM_ABBREVIATION", "TEAM_CITY", "MIN", "FGM", "FGA", "FG_PCT", "FG3M", "FG3A", "FG3_PCT", "FTM", "FTA", "FT_PCT", "OREB", "DREB", "REB", "AST", "STL", "BLK", "TO", "PF", "PTS", "PLUS_MINUS"], "rowSet": [["0021200010", 1610612756, "Suns", "PHX", "Phoenix", "240:00", 32, 80, 0.4, 4, 21, 0.19, 17, 22, 0.773, 11, 33, 44, 16, 10, 12, 18, 23, 85, -2.0], ["0021200010", 1610612744, "Warriors", "GSW", "Golden State", "240:00", 33, 86, 0.384, 5, 17, 0.294, 16, 23, 0.696, 17, 32, 49, 19, 9, 3, 18, 20, 87, 2.0]], "name": "TeamStats"}, {"headers": ["LEAGUE_ID", "SEASON_ID", "TEAM_ID", "TEAM_ABBREVIATION", "TEAM_CITY", "PTS_PAINT", "PTS_2ND_CHANCE", "PTS_FB", "LARGEST_LEAD", "LEAD_CHANGES", "TIMES_TIED"], "rowSet": [["00", "22012", 1610612744, "GSW", "Golden State", 42, 12, 11, 17, 12, 5], ["00", "22012", 1610612756, "PHX", "Phoenix", 40, 16, 11, 17, 12, 5]], "name": "OtherStats"}, {"headers": ["OFFICIAL_ID", "FIRST_NAME", "LAST_NAME", "JERSEY_NUM"], "rowSet": [[1147, "Mike", "Callahan", "24"], [1363, "Bennie", "Adams", "47"], [201246, "Kevin", "Cutler", "34"]], "name": "Officials"}, {"headers": ["GAME_DATE", "ATTENDANCE", "GAME_TIME"], "rowSet": [["WEDNESDAY, OCTOBER 31, 2012", 15678, "2:21"]], "name": "GameInfo"}, {"headers": ["PLAYER_ID", "FIRST_NAME", "LAST_NAME", "JERSEY_NUM", "TEAM_ID", "TEAM_CITY", "TEAM_NAME", "TEAM_ABBREVIATION"], "rowSet": [[203197, "Diante", "Garrett", "10", 1610612756, "Phoenix", "Suns", "PHX"], [101112, "Channing", "Frye", " 8", 1610612756, "Phoenix", "Suns", "PHX"], [202719, "Jeremy", "Tyler", " 3", 1610612744, "Golden State", "Warriors", "GSW"], [203145, "Kent", "Bazemore", "20", 1610612744, "Golden State", "Warriors", "GSW"]], "name": "InactivePlayers"}, {"headers": ["VIDEO_AVAILABLE_FLAG"], "rowSet": [[1]], "name": "AvailableVideo"}], "parameters": {"GameID": "0021200010", "RangeType": 0, "StartPeriod": 0, "StartRange": 0, "EndPeriod": 0, "EndRange": 0}}