{"resource": "boxscore", "resultSets": [{"headers": ["GAME_DATE_EST", "GAME_SEQUENCE", "GAME_ID", "GAME_STATUS_ID", "GAME_STATUS_TEXT", "GAMECODE", "HOME_TEAM_ID", "VISITOR_TEAM_ID", "SEASON", "LIVE_PERIOD", "LIVE_PC_TIME", "NATL_TV_BROADCASTER_ABBREVIATION", "LIVE_PERIOD_TIME_BCAST", "WH_STATUS"], "rowSet": [["2012-10-31T00:00:00", 6, "0021200009", 3, "Final", "20121031/DALUTA", 1610612762, 1610612742, "2012", 4, "", null, "Q4  - ", 1]], "name": "GameSummary"}, {"headers": ["GAME_DATE_EST", "GAME_SEQUENCE", "GAME_ID", "TEAM_ID", "TEAM_ABBREVIATION", "TEAM_CITY_NAME", "TEAM_WINS_LOSSES", "PTS_QTR1", "PTS_QTR2", "PTS_QTR3", "PTS_QTR4", "PTS_OT1", "PTS_OT2", "PTS_OT3", "PTS_OT4", "PTS_OT5", "PTS_OT6", "PTS_OT7", "PTS_OT8", "PTS_OT9", "PTS_OT10", "PTS"], "rowSet": [["2012-10-31T00:00:00", 6, "0021200009", 1610612762, "UTA", "Utah", "1-0", 25, 30, 37, 21, 0, 0, 0, 0, 0, 0, 0, 0, 0, 0, 113], ["2012-10-31T00:00:00", 6, "0021200009", 1610612742, "DAL", "Dallas", "1-1", 26, 37, 13, 18, 0, 0, 0, 0, 0, 0, 0, 0, 0, 0, 94]], "name": "LineScore"}, {"headers": ["GAME_ID", "HOME_TEAM_ID", "VISITOR_TEAM_ID", "GAME_DATE_EST", "HOME_TEAM_WINS", "HOME_TEAM_LOSSES", "SERIES_LEADER"], "rowSet": [["0021200009", 1610612762, 1610612742, "2012-10-31T00:00:00", 2, 1, "Utah"]], "name": "SeasonSeries"}, {"headers": ["GAME_ID", "LAST_GAME_ID", "LAST_GAME_DATE_EST", "LAST_GAME_HOME_TEAM_ID", "LAST_GAME_HOME_TEAM_CITY", "LAST_GAME_HOME_TEAM_NAME", "LAST_GAME_HOME_TEAM_ABBREVIATION", "LAST_GAME_HOME_TEAM_POINTS", "LAST_GAME_VISITOR_TEAM_ID", "LAST_GAME_VISITOR_TEAM_CITY", "LAST_GAME_VISITOR_TEAM_NAME", "LAST_GAME_VISITOR_TEAM_CITY1", "LAST_GAME_VISITOR_TEAM_POINTS"], "rowSet": [["0021200009", "0021100909", "2012-04-16T00:00:00", 1610612762, "Utah", "Jazz", "UTA", 123, 1610612742, "Dallas", "Mavericks", "DAL", 121]], "name": "LastMeeting"}, {"headers": ["GAME_ID", "TEAM_ID", "TEAM_ABBREVIATION", "TEAM_CITY", "PLAYER_ID", "PLAYER_NAME", "START_POSITION", "COMMENT", "MIN", "FGM", "FGA", "FG_PCT", "FG3M", "FG3A", "FG3_PCT", "FTM", "FTA", "FT_PCT", "OREB", "DREB", "REB", "AST", "STL", "BLK", "TO", "PF", "PTS", "PLUS_MINUS"], "rowSet": [["0021200009", 1610612742, "DAL", "Dallas", 1890, "Shawn Marion", "F", "", "29:27", 2, 7, 0.286, 1, 2, 0.5, 0, 0, 0.0, 2, 9, 11, 4, 0, 0, 4, 1, 5, 1.0], ["0021200009", 1610612742, "DAL", "Dallas", 1882, "Elton Brand", "F", "", "25:42", 2, 8, 0.25, 0, 0, 0.0, 1, 2, 0.5, 3, 4, 7, 2, 3, 2, 2, 3, 5, -2.0], ["0021200009", 1610612742, "DAL", "Dallas", 201148, "Brandan Wright", "C", "", "25:53", 7, 8, 0.875, 0, 0, 0.0, 1, 2, 0.5, 0, 3, 3, 1, 0, 2, 1, 2, 15, 1.0], ["0021200009", 1610612742, "DAL", "Dallas", 201564, "O.J. Mayo", "G", "", "30:39", 3, 9, 0.333, 3, 5, 0.6, 3, 4, 0.75, 0, 4, 4, 3, 0, 0, 2, 4, 12, -1.0], ["0021200009", 1610612742, "DAL", "Dallas", 201954, "Darren Collison", "G", "", "32:41", 6, 12, 0.5, 2, 2, 1.0, 3, 3, 1.0, 1, 3, 4, 7, 1, 0, 1, 2, 17, -3.0], ["0021200009", 1610612742, "DAL", "Dallas", 1713, "Vince Carter", "", "", "20:00", 3, 12, 0.25, 2, 4, 0.5, 4, 4, 1.0, 0, 1, 1, 2, 0, 0, 1, 5, 12, -9.0], ["0021200009", 1610612742, "DAL", "Dallas", 2201, "Eddy Curry", "", "", "8:01", 1, 1, 1.0, 0, 0, 0.0, 0, 2, 0.0, 0, 0, 0, 0, 0, 0, 2, 3, 2, 0.0], ["0021200009", 1610612742, "DAL", "Dallas", 203109, "Jae Crowder", "", "", "21:38", 3, 11, 0.273, 2, 6, 0.333, 0, 2, 0.0, 0, 3, 3, 1, 0, 0, 0, 5, 8, -10.0], ["0021200009", 1610612742, "DAL", "Dallas", 201958, "Rodrigue Beaubois", "", "", "15:19", 3, 5, 0.6, 1, 2, 0.5, 1, 1, 1.0, 0, 1, 1, 0, 2, 1, 1, 3, 8, -16.0], ["0021200009", 1610612742, "DAL", "Dallas", 203108, "Bernard James", "", "", "16:09", 1, 5, 0.2, 0, 0, 0.0, 6, 6, 1.0, 2, 4, 6, 0, 1, 0, 1, 3, 8, -27.0], ["0021200009", 1610612742, "DAL", "Dallas", 2563, "Dahntay Jones", "", "", "7:43", 1, 4, 0.25, 0, 0, 0.0, 0, 0, 0.0, 0, 0, 0, 0, 0, 0, 0, 0, 2, -25.0], ["0021200009", 1610612742, "DAL", "Dallas", 202346, "Dominique Jones", "", "", "0:45", 0, 0, 0.0, 0, 0, 0.0, 0, 0, 0.0, 0, 0, 0, 0, 0, 0, 0, 0, 0, 0.0], ["0021200009", 1610612742, "DAL", "Dallas", 203099, "Jared Cunningham", "", "", "6:03", 0, 3, 0.0, 0, 1, 0.0, 0, 0, 0.0, 0, 0, 0, 0, 1, 0, 1, 1, 0, -4.0], ["0021200009", 1610612762, "UTA", "Utah", 101107, "Marvin Williams", "F", "", "29:33", 7, 13, 0.538, 2, 3, 0.667, 5, 5, 1.0, 0, 3, 3, 1, 1, 1, 1, 2, 21, 9.0], ["0021200009", 1610612762, "UTA", "Utah", 200794, "Paul Millsap", "F", "", "32:55", 5, 12, 0.417, 0, 0, 0.0, 3, 4, 0.75, 8, 7, 15, 3, 1, 0, 0, 3, 13, 18.0], ["0021200009", 1610612762, "UTA", "Utah", 2744, "Al Jefferson", "C", "", "28:30", 4, 11, 0.364, 0, 0, 0.0, 4, 4, 1.0, 5, 9, 14, 2, 3, 0, 1, 2, 12, 8.0], ["0021200009", 1610612762, "UTA", "Utah", 202330, "Gordon Hayward", "G", "", "23:49", 4, 10, 0.4, 0, 1, 0.0, 3, 5, 0.6, 3, 0, 3, 2, 0, 0, 0, 3, 11, 1.0], ["0021200009", 1610612762, "UTA", "Utah", 2590, "Mo Williams", "G", "", "29:52", 7, 16, 0.438, 2, 4, 0.5, 5, 5, 1.0, 0, 2, 2, 6, 2, 2, 2, 2, 21, 19.0], ["0021200009", 1610612762, "UTA", "Utah", 2224, "Jamaal Tinsley", "", "", "18:08", 1, 4, 0.25, 0, 1, 0.0, 0, 0, 0.0, 0, 1, 1, 4, 1, 1, 1, 3, 2, 0.0], ["0021200009", 1610612762, "UTA", "Utah", 202324, "Derrick Favors", "", "", "17:59", 1, 2, 0.5, 0, 0, 0.0, 4, 6, 0.667, 2, 8, 10, 0, 0, 2, 3, 3, 6, 11.0], ["0021200009", 1610612762, "UTA", "Utah", 200751, "Randy Foye", "", "", "21:55", 4, 9, 0.444, 2, 4, 0.5, 3, 3, 1.0, 0, 3, 3, 3, 0, 0, 1, 2, 13, 19.0], ["0021200009", 1610612762, "UTA", "Utah", 202683, "Enes Kanter", "", "", "14:20", 3, 5, 0.6, 0, 0, 0.0, 0, 2, 0.0, 1, 6, 7, 0, 1, 1, 4, 3, 6, 2.0], ["0021200009", 1610612762, "UTA", "Utah", 201960, "DeMarre Carroll", "", "", "16:11", 1, 5, 0.2, 0, 1, 0.0, 3, 4, 0.75, 1, 1, 2, 2, 0, 1, 0, 1, 5, 11.0], ["0021200009", 1610612762, "UTA", "Utah", 203122, "Kevin Murphy", "", "", "2:16", 1, 2, 0.5, 0, 0, 0.0, 0, 0, 0.0, 0, 0, 0, 0, 0, 0, 1, 1, 2, -1.0], ["0021200009", 1610612762, "UTA", "Utah", 202692, "Alec Burks", "", "", "2:16", 0, 0, 0.0, 0, 0, 0.0, 0, 2, 0.0, 0, 0, 0, 1, 0, 0, 0, 0, 0, -1.0], ["0021200009", 1610612762, "UTA", "Utah", 202379, "Jeremy Evans", "", "", "2:16", 0, 0, 0.0, 0, 0, 0.0, 1, 2, 0.5, 0, 1, 1, 0, 1, 0, 0, 0, 1, -1.0]], "name": "PlayerStats"}, {"headers": ["GAME_ID", "TEAM_ID", "TEAM_NAME", "TEAM_ABBREVIATION", "TEAM_CITY", "MIN", "FGM", "FGA", "FG_PCT", "FG3M", "FG3A", "FG3_PCT", "FTM", "FTA", "FT_PCT", "OREB", "DREB", "REB", "AST", "STL", "BLK", "TO", "PF", "PTS", "PLUS_MINUS"], "rowSet": [["0021200009", 1610612762, "Jazz", "UTA", "Utah", "240:00", 38, 89, 0.427, 6, 14, 0.429, 31, 42, 0.738, 20, 41, 61, 24, 10, 8, 14, 25, 113, 19.0], ["0021200009", 1610612742, "Mavericks", "DAL", "Dallas", "240:00", 32, 85, 0.376, 11, 22, 0.5, 19, 26, 0.731, 8, 32, 40, 20, 8, 5, 16, 32, 94, -19.0]], "name": "TeamStats"}, {"headers": ["LEAGUE_ID", "SEASON_ID", "TEAM_ID", "TEAM_ABBREVIATION", "TEAM_CITY", "PTS_PAINT", "PTS_2ND_CHANCE", "PTS_FB", "LARGEST_LEAD", "LEAD_CHANGES", "TIMES_TIED"], "rowSet": [["00", "22012", 1610612762, "UTA", "Utah", 44, 21, 27, 20, 13, 10], ["00", "22012", 1610612742, "DAL", "Dallas", 30, 8, 12, 20, 13, 10]], "name": "OtherStats"}, {"headers": ["OFFICIAL_ID", "FIRST_NAME", "LAST_NAME", "JERSEY_NUM"], "rowSet": [[1174, "Ken", "Mauer", "41"], [1179, "Rodney", "Mott", "71"], [2716, "Olandis", "Poole", "50"]], "name": "Officials"}, {"headers": ["GAME_DATE", "ATTENDANCE", "GAME_TIME"], "rowSet": [["WEDNESDAY, OCTOBER 31, 2012", 17634, "2:22"]], "name": "GameInfo"}, {"headers": ["PLAYER_ID", "FIRST_NAME", "LAST_NAME", "JERSEY_NUM", "TEAM_ID", "TEAM_CITY", "TEAM_NAME", "TEAM_ABBREVIATION"], "rowSet": [[1952, "Raja", "Bell", "19", 1610612762, "Utah", "Jazz", "UTA"], [2248, "Earl", "Watson", "11", 1610612762, "Utah", "Jazz", "UTA"], [1717, "Dirk", "Nowitzki", "41", 1610612742, "Dallas", "Mavericks", "DAL"], [2549, "Chris", "Kaman", "35", 1610612742, "Dallas", "Mavericks", "DAL"]], "name": "InactivePlayers"}, {"headers": ["VIDEO_AVAILABLE_FLAG"], "rowSet": [[1]], "name": "AvailableVideo"}], "parameters": {"GameID": "0021200009", "RangeType": 0, "StartPeriod": 0, "StartRange": 0, "EndPeriod": 0, "EndRange": 0}}