{"resource": "boxscore", "resultSets": [{"headers": ["GAME_DATE_EST", "GAME_SEQUENCE", "GAME_ID", "GAME_STATUS_ID", "GAME_STATUS_TEXT", "GAMECODE", "HOME_TEAM_ID", "VISITOR_TEAM_ID", "SEASON", "LIVE_PERIOD", "LIVE_PC_TIME", "NATL_TV_BROADCASTER_ABBREVIATION", "LIVE_PERIOD_TIME_BCAST", "WH_STATUS"], "rowSet": [["2012-10-31T00:00:00", 5, "0021200008", 3, "Final", "20121031/SASNOH", 1610612740, 1610612759, "2012", 4, "", "NBA TV", "Q4  - NBA TV", 1]], "name": "GameSummary"}, {"headers": ["GAME_DATE_EST", "GAME_SEQUENCE", "GAME_ID", "TEAM_ID", "TEAM_ABBREVIATION", "TEAM_CITY_NAME", "TEAM_WINS_LOSSES", "PTS_QTR1", "PTS_QTR2", "PTS_QTR3", "PTS_QTR4", "PTS_OT1", "PTS_OT2", "PTS_OT3", "PTS_OT4", "PTS_OT5", "PTS_OT6", "PTS_OT7", "PTS_OT8", "PTS_OT9", "PTS_OT10", "PTS"], "rowSet": [["2012-10-31T00:00:00", 5, "0021200008", 1610612740, "NOH", "New Orleans", "0-1", 31, 19, 21, 24, 0, 0, 0, 0, 0, 0, 0, 0, 0, 0, 95], ["2012-10-31T00:00:00", 5, "0021200008", 1610612759, "SAS", "San Antonio", "1-0", 28, 15, 28, 28, 0, 0, 0, 0, 0, 0, 0, 0, 0, 0, 99]], "name": "LineScore"}, {"headers": ["GAME_ID", "HOME_TEAM_ID", "VISITOR_TEAM_ID", "GAME_DATE_EST", "HOME_TEAM_WINS", "HOME_TEAM_LOSSES", "SERIES_LEADER"], "rowSet": [["0021200008", 1610612740, 1610612759, "2012-10-31T00:00:00", 1, 3, "San Antonio"]], "name": "SeasonSeries"}, {"headers": ["GAME_ID", "LAST_GAME_ID", "LAST_GAME_DATE_EST", "LAST_GAME_HOME_TEAM_ID", "LAST_GAME_HOME_TEAM_CITY", "LAST_GAME_HOME_TEAM_NAME", "LAST_GAME_HOME_TEAM_ABBREVIATION", "LAST_GAME_HOME_TEAM_POINTS", "LAST_GAME_VISITOR_TEAM_ID", "LAST_GAME_VISITOR_TEAM_CITY", "LAST_GAME_VISITOR_TEAM_NAME", "LAST_GAME_VISITOR_TEAM_CITY1", "LAST_GAME_VISITOR_TEAM_POINTS"], "rowSet": [["0021200008", "0021100822", "2012-04-06T00:00:00", 1610612740, "New Orleans", "Hornets", "NOH", 103, 1610612759, "San Antonio", "Spurs", "SAS", 128]], "name": "LastMeeting"}, {"headers": ["GAME_ID", "TEAM_ID", "TEAM_ABBREVIATION", "TEAM_CITY", "PLAYER_ID", "PLAYER_NAME", "START_POSITION", "COMMENT", "MIN", "FGM", "FGA", "FG_PCT", "FG3M", "FG3A", "FG3_PCT", "FTM", "FTA", "FT_PCT", "OREB", "DREB", "REB", "AST", "STL", "BLK", "TO", "PF", "PTS", "PLUS_MINUS"], "rowSet": [["0021200008", 1610612759, "SAS", "San Antonio", 202695, "Kawhi Leonard", "F", "", "34:17", 6, 13, 0.462, 3, 6, 0.5, 4, 4, 1.0, 1, 6, 7, 1, 5, 0, 2, 5, 19, 12.0], ["0021200008", 1610612759, "SAS", "San Antonio", 1495, "Tim Duncan", "F", "", "34:22", 10, 15, 0.667, 0, 0, 0.0, 4, 5, 0.8, 2, 9, 11, 3, 0, 3, 5, 3, 24, 13.0], ["0021200008", 1610612759, "SAS", "San Antonio", 2564, "Boris Diaw", "C", "", "29:49", 2, 3, 0.667, 0, 1, 0.0, 0, 0, 0.0, 2, 2, 4, 6, 2, 1, 2, 1, 4, 13.0], ["0021200008", 1610612759, "SAS", "San Antonio", 201980, "Danny Green", "G", "", "32:37", 4, 11, 0.364, 1, 5, 0.2, 0, 0, 0.0, 0, 3, 3, 0, 1, 2, 1, 1, 9, -4.0], ["0021200008", 1610612759, "SAS", "San Antonio", 2225, "Tony Parker", "G", "", "35:25", 9, 19, 0.474, 1, 1, 1.0, 4, 6, 0.667, 0, 3, 3, 6, 0, 0, 0, 2, 23, 12.0], ["0021200008", 1610612759, "SAS", "San Antonio", 1536, "Stephen Jackson", "", "", "24:45", 2, 6, 0.333, 0, 3, 0.0, 3, 6, 0.5, 1, 4, 5, 1, 1, 0, 0, 5, 7, -4.0], ["0021200008", 1610612759, "SAS", "San Antonio", 2588, "Matt Bonner", "", "", "9:32", 1, 3, 0.333, 1, 2, 0.5, 0, 0, 0.0, 0, 0, 0, 0, 0, 1, 1, 2, 3, -6.0], ["0021200008", 1610612759, "SAS", "San Antonio", 201168, "Tiago Splitter", "", "", "15:50", 3, 5, 0.6, 0, 0, 0.0, 1, 2, 0.5, 3, 3, 6, 1, 0, 0, 1, 1, 7, -9.0], ["0021200008", 1610612759, "SAS", "San Antonio", 202390, "Gary Neal", "", "", "17:20", 1, 5, 0.2, 0, 2, 0.0, 0, 1, 0.0, 1, 2, 3, 3, 0, 0, 1, 1, 2, -3.0], ["0021200008", 1610612759, "SAS", "San Antonio", 201988, "Patty Mills", "", "", "6:03", 0, 0, 0.0, 0, 0, 0.0, 1, 2, 0.5, 0, 1, 1, 1, 0, 1, 2, 0, 1, -4.0], ["0021200008", 1610612759, "SAS", "San Antonio", 201971, "DeJuan Blair", "", "DNP - Coach's Decision", null, null, null, null, null, null, null, null, null, null, null, null, null, null, null, null, null, null, null, null], ["0021200008", 1610612759, "SAS", "San Antonio", 201986, "Nando De Colo", "", "DNP - Coach's Decision", null, null, null, null, null, null, null, null, null, null, null, null, null, null, null, null, null, null, null, null], ["0021200008", 1610612759, "SAS", "San Antonio", 202709, "Cory Joseph", "", "DNP - Coach's Decision", null, null, null, null, null, null, null, null, null, null, null, null, null, null, null, null, null, null, null, null], ["0021200008", 1610612740, "NOH", "New Orleans", 202329, "Al-Farouq Aminu", "F", "", "37:06", 8, 16, 0.5, 0, 1, 0.0, 1, 2, 0.5, 0, 7, 7, 3, 2, 3, 3, 2, 17, -17.0], ["0021200008", 1610612740, "NOH", "New Orleans", 203076, "Anthony Davis", "F", "", "29:04", 6, 12, 0.5, 0, 0, 0.0, 9, 9, 1.0, 3, 4, 7, 0, 1, 1, 0, 0, 21, -20.0], ["0021200008", 1610612740, "NOH", "New Orleans", 201577, "Robin Lopez", "C", "", "25:32", 4, 10, 0.4, 0, 0, 0.0, 0, 0, 0.0, 3, 6, 9, 3, 0, 1, 2, 2, 8, -15.0], ["0021200008", 1610612740, "NOH", "New Orleans", 203085, "Austin Rivers", "G", "", "24:06", 1, 9, 0.111, 0, 2, 0.0, 5, 6, 0.833, 0, 1, 1, 2, 0, 0, 3, 3, 7, -2.0], ["0021200008", 1610612740, "NOH", "New Orleans", 202349, "Greivis Vasquez", "G", "", "37:28", 4, 8, 0.5, 0, 3, 0.0, 0, 0, 0.0, 0, 6, 6, 13, 1, 0, 2, 3, 8, -5.0], ["0021200008", 1610612740, "NOH", "New Orleans", 2427, "Roger Mason Jr.", "", "", "27:03", 3, 7, 0.429, 2, 4, 0.5, 0, 0, 0.0, 0, 1, 1, 2, 0, 0, 0, 5, 8, -1.0], ["0021200008", 1610612740, "NOH", "New Orleans", 201583, "Ryan Anderson", "", "", "28:51", 3, 10, 0.3, 1, 5, 0.2, 4, 4, 1.0, 0, 5, 5, 0, 0, 0, 0, 2, 11, 16.0], ["0021200008", 1610612740, "NOH", "New Orleans", 201160, "Jason Smith", "", "", "16:34", 5, 6, 0.833, 0, 0, 0.0, 2, 2, 1.0, 3, 3, 6, 1, 1, 1, 1, 1, 12, 12.0], ["0021200008", 1610612740, "NOH", "New Orleans", 203121, "Darius Miller", "", "", "14:08", 1, 2, 0.5, 1, 2, 0.5, 0, 0, 0.0, 0, 1, 1, 2, 2, 0, 2, 2, 3, 15.0], ["0021200008", 1610612740, "NOH", "New Orleans", 203148, "Brian Roberts", "", "", "0:09", 0, 0, 0.0, 0, 0, 0.0, 0, 0, 0.0, 0, 0, 0, 0, 0, 0, 0, 0, 0, -3.0], ["0021200008", 1610612740, "NOH", "New Orleans", 202333, "Xavier Henry", "", "DNP - Coach's Decision", null, null, null, null, null, null, null, null, null, null, null, null, null, null, null, null, null, null, null, null], ["0021200008", 1610612740, "NOH", "New Orleans", 202498, "Lance Thomas", "", "DNP - Coach's Decision", null, null, null, null, null, null, null, null, null, null, null, null, null, null, null, null, null, null, null, null], ["0021200008", 1610612740, "NOH", "New Orleans", 101124, "Hakim Warrick", "", "DNP - Coach's Decision", null, null, null, null, null, null, null, null, null, null, null, null, null, null, null, null, null, null, null, null]], "name": "PlayerStats"}, {"headers": ["GAME_ID", "TEAM_ID", "TEAM_NAME", "TEAM_ABBREVIATION", "TEAM_CITY", "MIN", "FGM", "FGA", "FG_PCT", "FG3M", "FG3A", "FG3_PCT", "FTM", "FTA", "FT_PCT", "OREB", "DREB", "REB", "AST", "STL", "BLK", "TO", "PF", "PTS", "PLUS_MINUS"], "rowSet": [["0021200008", 1610612759, "Spurs", "SAS", "San Antonio", "240:00", 38, 80, 0.475, 6, 20, 0.3, 17, 26, 0.654, 10, 33, 43, 22, 9, 8, 15, 21, 99, 4.0], ["0021200008", 1610612740, "Hornets", "NOH", "New Orleans", "240:00", 35, 80, 0.438, 4, 17, 0.235, 21, 23, 0.913, 9, 34, 43, 26, 7, 6, 13, 20, 95, -4.0]], "name": "TeamStats"}, {"headers": ["LEAGUE_ID", "SEASON_ID", "TEAM_ID", "TEAM_ABBREVIATION", "TEAM_CITY", "PTS_PAINT", "PTS_2ND_CHANCE", "PTS_FB", "LARGEST_LEAD", "LEAD_CHANGES", "TIMES_TIED"], "rowSet": [["00", "22012", 1610612740, "NOH", "New Orleans", 46, 16, 19, 11, 13, 15], ["00", "22012", 1610612759, "SAS", "San Antonio", 52, 14, 14, 11, 14, 15]], "name": "OtherStats"}, {"headers": ["OFFICIAL_ID", "FIRST_NAME", "LAST_NAME", "JERSEY_NUM"], "rowSet": [[1148, "James", "Capers", "19"], [2003, "Pat", "Fraher", "26"], [101284, "John", "Goble", "30"]], "name": "Officials"}, {"headers": ["GAME_DATE", "ATTENDANCE", "GAME_TIME"], "rowSet": [["WEDNESDAY, OCTOBER 31, 2012", 15358, "2:11"]], "name": "GameInfo"}, {"headers": ["PLAYER_ID", "FIRST_NAME", "LAST_NAME", "JERSEY_NUM", "TEAM_ID", "TEAM_CITY", "TEAM_NAME", "TEAM_ABBREVIATION"], "rowSet": [[201569, "Eric", "Gordon", "10", 1610612740, "New Orleans", "Hornets", "NOH"], [1938, "Manu", "Ginobili", "20", 1610612759, "San Antonio", "Spurs", "SAS"]], "name": "InactivePlayers"}, {"headers": ["VIDEO_AVAILABLE_FLAG"], "rowSet": [[1]], "name": "AvailableVideo"}], "parameters": {"GameID": "0021200008", "RangeType": 0, "StartPeriod": 0, "StartRange": 0, "EndPeriod": 0, "EndRange": 0}}