{"resource": "boxscore", "resultSets": [{"headers": ["GAME_DATE_EST", "GAME_SEQUENCE", "GAME_ID", "GAME_STATUS_ID", "GAME_STATUS_TEXT", "GAMECODE", "HOME_TEAM_ID", "VISITOR_TEAM_ID", "SEASON", "LIVE_PERIOD", "LIVE_PC_TIME", "NATL_TV_BROADCASTER_ABBREVIATION", "LIVE_PERIOD_TIME_BCAST", "WH_STATUS"], "rowSet": [["2012-11-07T00:00:00", 1, "0021200053", 3, "Final", "20121107/PHXCHA", 1610612766, 1610612756, "2012", 4, "", null, "Q4  - ", 1]], "name": "GameSummary"}, {"headers": ["GAME_DATE_EST", "GAME_SEQUENCE", "GAME_ID", "TEAM_ID", "TEAM_ABBREVIATION", "TEAM_CITY_NAME", "TEAM_WINS_LOSSES", "PTS_QTR1", "PTS_QTR2", "PTS_QTR3", "PTS_QTR4", "PTS_OT1", "PTS_OT2", "PTS_OT3", "PTS_OT4", "PTS_OT5", "PTS_OT6", "PTS_OT7", "PTS_OT8", "PTS_OT9", "PTS_OT10", "PTS"], "rowSet": [["2012-11-07T00:00:00", 1, "0021200053", 1610612766, "CHA", "Charlotte", "1-2", 22, 24, 35, 29, 0, 0, 0, 0, 0, 0, 0, 0, 0, 0, 110], ["2012-11-07T00:00:00", 1, "0021200053", 1610612756, "PHX", "Phoenix", "2-3", 31, 29, 25, 32, 0, 0, 0, 0, 0, 0, 0, 0, 0, 0, 117]], "name": "LineScore"}, {"headers": ["GAME_ID", "HOME_TEAM_ID", "VISITOR_TEAM_ID", "GAME_DATE_EST", "HOME_TEAM_WINS", "HOME_TEAM_LOSSES", "SERIES_LEADER"], "rowSet": [["0021200053", 1610612766, 1610612756, "2012-11-07T00:00:00", 0, 2, "Phoenix"]], "name": "SeasonSeries"}, {"headers": ["GAME_ID", "LAST_GAME_ID", "LAST_GAME_DATE_EST", "LAST_GAME_HOME_TEAM_ID", "LAST_GAME_HOME_TEAM_CITY", "LAST_GAME_HOME_TEAM_NAME", "LAST_GAME_HOME_TEAM_ABBREVIATION", "LAST_GAME_HOME_TEAM_POINTS", "LAST_GAME_VISITOR_TEAM_ID", "LAST_GAME_VISITOR_TEAM_CITY", "LAST_GAME_VISITOR_TEAM_NAME", "LAST_GAME_VISITOR_TEAM_CITY1", "LAST_GAME_VISITOR_TEAM_POINTS"], "rowSet": [["0021200053", "0021100352", "2012-02-04T00:00:00", 1610612766, "Charlotte", "Bobcats", "CHA", 89, 1610612756, "Phoenix", "Suns", "PHX", 95]], "name": "LastMeeting"}, {"headers": ["GAME_ID", "TEAM_ID", "TEAM_ABBREVIATION", "TEAM_CITY", "PLAYER_ID", "PLAYER_NAME", "START_POSITION", "COMMENT", "MIN", "FGM", "FGA", "FG_PCT", "FG3M", "FG3A", "FG3_PCT", "FTM", "FTA", "FT_PCT", "OREB", "DREB", "REB", "AST", "STL", "BLK", "TO", "PF", "PTS", "PLUS_MINUS"], "rowSet": [["0021200053", 1610612756, "PHX", "Phoenix", 201563, "Michael Beasley", "F", "", "42:47", 7, 21, 0.333, 1, 5, 0.2, 6, 8, 0.75, 6, 9, 15, 7, 1, 3, 5, 2, 21, 15.0], ["0021200053", 1610612756, "PHX", "Phoenix", 2449, "Luis Scola", "F", "", "28:00", 4, 9, 0.444, 0, 0, 0.0, 1, 2, 0.5, 6, 1, 7, 5, 1, 0, 1, 2, 9, 8.0], ["0021200053", 1610612756, "PHX", "Phoenix", 101162, "Marcin Gortat", "C", "", "38:19", 10, 14, 0.714, 0, 0, 0.0, 3, 4, 0.75, 3, 7, 10, 2, 1, 7, 1, 5, 23, 9.0], ["0021200053", 1610612756, "PHX", "Phoenix", 201162, "Jared Dudley", "G", "", "31:13", 4, 10, 0.4, 2, 5, 0.4, 0, 0, 0.0, 0, 4, 4, 3, 0, 0, 0, 3, 10, 2.0], ["0021200053", 1610612756, "PHX", "Phoenix", 201609, "Goran Dragic", "G", "", "32:50", 5, 10, 0.5, 3, 6, 0.5, 3, 5, 0.6, 1, 1, 2, 8, 0, 0, 2, 3, 16, 8.0], ["0021200053", 1610612756, "PHX", "Phoenix", 202693, "Markieff Morris", "", "", "15:15", 5, 12, 0.417, 0, 1, 0.0, 0, 0, 0.0, 3, 1, 4, 0, 0, 0, 1, 3, 10, -9.0], ["0021200053", 1610612756, "PHX", "Phoenix", 200769, "Shannon Brown", "", "", "23:40", 7, 12, 0.583, 6, 8, 0.75, 4, 5, 0.8, 1, 1, 2, 2, 1, 0, 1, 1, 24, 0.0], ["0021200053", 1610612756, "PHX", "Phoenix", 2742, "Sebastian Telfair", "", "", "15:28", 0, 4, 0.0, 0, 2, 0.0, 0, 0, 0.0, 0, 3, 3, 1, 3, 0, 1, 2, 0, -1.0], ["0021200053", 1610612756, "PHX", "Phoenix", 200782, "PJ Tucker", "", "", "12:28", 1, 1, 1.0, 0, 0, 0.0, 2, 4, 0.5, 2, 1, 3, 1, 1, 1, 0, 3, 4, 3.0], ["0021200053", 1610612756, "PHX", "Phoenix", 203197, "Diante Garrett", "", "DNP - Coach's Decision", null, null, null, null, null, null, null, null, null, null, null, null, null, null, null, null, null, null, null, null], ["0021200053", 1610612756, "PHX", "Phoenix", 202325, "Wesley Johnson", "", "DNP - Coach's Decision", null, null, null, null, null, null, null, null, null, null, null, null, null, null, null, null, null, null, null, null], ["0021200053", 1610612756, "PHX", "Phoenix", 203088, "Kendall Marshall", "", "DNP - Coach's Decision", null, null, null, null, null, null, null, null, null, null, null, null, null, null, null, null, null, null, null, null], ["0021200053", 1610612756, "PHX", "Phoenix", 202545, "Luke Zeller", "", "DNP - Coach's Decision", null, null, null, null, null, null, null, null, null, null, null, null, null, null, null, null, null, null, null, null], ["0021200053", 1610612766, "CHA", "Charlotte", 203077, "Michael Kidd-Gilchrist", "F", "", "29:09", 4, 10, 0.4, 0, 0, 0.0, 1, 1, 1.0, 2, 6, 8, 3, 0, 3, 3, 3, 9, 4.0], ["0021200053", 1610612766, "CHA", "Charlotte", 201957, "Byron Mullens", "F", "", "36:50", 9, 16, 0.563, 6, 10, 0.6, 0, 0, 0.0, 2, 6, 8, 0, 1, 0, 1, 5, 24, -8.0], ["0021200053", 1610612766, "CHA", "Charlotte", 2217, "Brendan Haywood", "C", "", "17:25", 3, 4, 0.75, 0, 0, 0.0, 1, 1, 1.0, 3, 4, 7, 0, 0, 2, 2, 2, 7, -3.0], ["0021200053", 1610612766, "CHA", "Charlotte", 203106, "Jeff Taylor", "G", "", "10:04", 0, 3, 0.0, 0, 0, 0.0, 0, 0, 0.0, 0, 0, 0, 0, 0, 0, 0, 0, 0, 2.0], ["0021200053", 1610612766, "CHA", "Charlotte", 202689, "Kemba Walker", "G", "", "40:03", 6, 14, 0.429, 0, 2, 0.0, 5, 6, 0.833, 0, 1, 1, 8, 1, 0, 0, 5, 17, -9.0], ["0021200053", 1610612766, "CHA", "Charlotte", 202687, "Bismack Biyombo", "", "", "21:56", 2, 3, 0.667, 0, 0, 0.0, 1, 1, 1.0, 2, 3, 5, 0, 0, 3, 1, 2, 5, -1.0], ["0021200053", 1610612766, "CHA", "Charlotte", 2732, "Ben Gordon", "", "", "24:54", 5, 14, 0.357, 2, 6, 0.333, 0, 0, 0.0, 1, 2, 3, 5, 1, 2, 2, 1, 12, -11.0], ["0021200053", 1610612766, "CHA", "Charlotte", 201196, "Ramon Sessions", "", "", "34:32", 2, 10, 0.2, 1, 3, 0.333, 12, 14, 0.857, 1, 2, 3, 9, 0, 0, 3, 0, 17, -8.0], ["0021200053", 1610612766, "CHA", "Charlotte", 200748, "Tyrus Thomas", "", "", "15:32", 3, 8, 0.375, 0, 0, 0.0, 4, 4, 1.0, 2, 0, 2, 1, 1, 2, 0, 2, 10, -1.0], ["0021200053", 1610612766, "CHA", "Charlotte", 202130, "Reggie Williams", "", "", "9:35", 4, 5, 0.8, 1, 1, 1.0, 0, 0, 0.0, 2, 0, 2, 0, 0, 0, 0, 0, 9, 0.0], ["0021200053", 1610612766, "CHA", "Charlotte", 2679, "Matt Carroll", "", "DNP - Coach's Decision", null, null, null, null, null, null, null, null, null, null, null, null, null, null, null, null, null, null, null, null], ["0021200053", 1610612766, "CHA", "Charlotte", 2205, "DeSagana Diop", "", "DNP - Coach's Decision", null, null, null, null, null, null, null, null, null, null, null, null, null, null, null, null, null, null, null, null], ["0021200053", 1610612766, "CHA", "Charlotte", 202809, "Cory Higgins", "", "DNP - Coach's Decision", null, null, null, null, null, null, null, null, null, null, null, null, null, null, null, null, null, null, null, null]], "name": "PlayerStats"}, {"headers": ["GAME_ID", "TEAM_ID", "TEAM_NAME", "TEAM_ABBREVIATION", "TEAM_CITY", "MIN", "FGM", "FGA", "FG_PCT", "FG3M", "FG3A", "FG3_PCT", "FTM", "FTA", "FT_PCT", "OREB", "DREB", "REB", "AST", "STL", "BLK", "TO", "PF", "PTS", "PLUS_MINUS"], "rowSet": [["0021200053", 1610612756, "Suns", "PHX", "Phoenix", "240:00", 43, 93, 0.462, 12, 27, 0.444, 19, 28, 0.679, 22, 28, 50, 29, 8, 11, 12, 24, 117, 7.0], ["0021200053", 1610612766, "Bobcats", "CHA", "Charlotte", "240:00", 38, 87, 0.437, 10, 22, 0.455, 24, 27, 0.889, 15, 24, 39, 26, 4, 12, 12, 20, 110, -7.0]], "name": "TeamStats"}, {"headers": ["LEAGUE_ID", "SEASON_ID", "TEAM_ID", "TEAM_ABBREVIATION", "TEAM_CITY", "PTS_PAINT", "PTS_2ND_CHANCE", "PTS_FB", "LARGEST_LEAD", "LEAD_CHANGES", "TIMES_TIED"], "rowSet": [["00", "22012", 1610612756, "PHX", "Phoenix", 42, 18, 17, 14, 2, 2], ["00", "22012", 1610612766, "CHA", "Charlotte", 42, 17, 15, 16, 2, 2]], "name": "OtherStats"}, {"headers": ["OFFICIAL_ID", "FIRST_NAME", "LAST_NAME", "JERSEY_NUM"], "rowSet": [[1201, "Leon", "Wood", "40"], [1195, "Derrick", "Stafford", "9"], [201246, "Kevin", "Cutler", "34"]], "name": "Officials"}, {"headers": ["GAME_DATE", "ATTENDANCE", "GAME_TIME"], "rowSet": [["WEDNESDAY, NOVEMBER 7, 2012", 13905, "2:17"]], "name": "GameInfo"}, {"headers": ["PLAYER_ID", "FIRST_NAME", "LAST_NAME", "JERSEY_NUM", "TEAM_ID", "TEAM_CITY", "TEAM_NAME", "TEAM_ABBREVIATION"], "rowSet": [[201945, "Gerald", "Henderson", " 9", 1610612766, "Charlotte", "Bobcats", "CHA"], [101112, "Channing", "Frye", " 8", 1610612756, "Phoenix", "Suns", "PHX"], [979, "Jermaine", "O'Neal", "20", 1610612756, "Phoenix", "Suns", "PHX"]], "name": "InactivePlayers"}, {"headers": ["VIDEO_AVAILABLE_FLAG"], "rowSet": [[1]], "name": "AvailableVideo"}], "parameters": {"GameID": "0021200053", "RangeType": 0, "StartPeriod": 0, "StartRange": 0, "EndPeriod": 0, "EndRange": 0}}