{"resource": "boxscore", "resultSets": [{"headers": ["GAME_DATE_EST", "GAME_SEQUENCE", "GAME_ID", "GAME_STATUS_ID", "GAME_STATUS_TEXT", "GAMECODE", "HOME_TEAM_ID", "VISITOR_TEAM_ID", "SEASON", "LIVE_PERIOD", "LIVE_PC_TIME", "NATL_TV_BROADCASTER_ABBREVIATION", "LIVE_PERIOD_TIME_BCAST", "WH_STATUS"], "rowSet": [["2012-10-31T00:00:00", 9, "0021200012", 3, "Final", "20121031/LALPOR", 1610612757, 1610612747, "2012", 4, "", "NBA TV", "Q4  - NBA TV", 1]], "name": "GameSummary"}, {"headers": ["GAME_DATE_EST", "GAME_SEQUENCE", "GAME_ID", "TEAM_ID", "TEAM_ABBREVIATION", "TEAM_CITY_NAME", "TEAM_WINS_LOSSES", "PTS_QTR1", "PTS_QTR2", "PTS_QTR3", "PTS_QTR4", "PTS_OT1", "PTS_OT2", "PTS_OT3", "PTS_OT4", "PTS_OT5", "PTS_OT6", "PTS_OT7", "PTS_OT8", "PTS_OT9", "PTS_OT10", "PTS"], "rowSet": [["2012-10-31T00:00:00", 9, "0021200012", 1610612747, "LAL", "Los Angeles", "0-2", 26, 31, 19, 30, 0, 0, 0, 0, 0, 0, 0, 0, 0, 0, 106], ["2012-10-31T00:00:00", 9, "0021200012", 1610612757, "POR", "Portland", "1-0", 30, 32, 30, 24, 0, 0, 0, 0, 0, 0, 0, 0, 0, 0, 116]], "name": "LineScore"}, {"headers": ["GAME_ID", "HOME_TEAM_ID", "VISITOR_TEAM_ID", "GAME_DATE_EST", "HOME_TEAM_WINS", "HOME_TEAM_LOSSES", "SERIES_LEADER"], "rowSet": [["0021200012", 1610612757, 1610612747, "2012-10-31T00:00:00", 1, 3, "L.A. Lakers"]], "name": "SeasonSeries"}, {"headers": ["GAME_ID", "LAST_GAME_ID", "LAST_GAME_DATE_EST", "LAST_GAME_HOME_TEAM_ID", "LAST_GAME_HOME_TEAM_CITY", "LAST_GAME_HOME_TEAM_NAME", "LAST_GAME_HOME_TEAM_ABBREVIATION", "LAST_GAME_HOME_TEAM_POINTS", "LAST_GAME_VISITOR_TEAM_ID", "LAST_GAME_VISITOR_TEAM_CITY", "LAST_GAME_VISITOR_TEAM_NAME", "LAST_GAME_VISITOR_TEAM_CITY1", "LAST_GAME_VISITOR_TEAM_POINTS"], "rowSet": [["0021200012", "0011200022", "2012-10-10T00:00:00", 1610612757, "Portland", "Trail Blazers", "POR", 93, 1610612747, "Los Angeles", "Lakers", "LAL", 75]], "name": "LastMeeting"}, {"headers": ["GAME_ID", "TEAM_ID", "TEAM_ABBREVIATION", "TEAM_CITY", "PLAYER_ID", "PLAYER_NAME", "START_POSITION", "COMMENT", "MIN", "FGM", "FGA", "FG_PCT", "FG3M", "FG3A", "FG3_PCT", "FTM", "FTA", "FT_PCT", "OREB", "DREB", "REB", "AST", "STL", "BLK", "TO", "PF", "PTS", "PLUS_MINUS"], "rowSet": [["0021200012", 1610612747, "LAL", "Los Angeles", 1897, "Metta World Peace", "F", "", "32:32", 4, 5, 0.8, 2, 3, 0.667, 0, 0, 0.0, 0, 3, 3, 2, 1, 1, 6, 6, 10, 10.0], ["0021200012", 1610612747, "LAL", "Los Angeles", 2200, "Pau Gasol", "F", "", "39:51", 7, 14, 0.5, 0, 0, 0.0, 2, 2, 1.0, 3, 6, 9, 2, 1, 0, 2, 3, 16, 6.0], ["0021200012", 1610612747, "LAL", "Los Angeles", 2730, "Dwight Howard", "C", "", "41:21", 9, 15, 0.6, 0, 0, 0.0, 15, 19, 0.789, 6, 8, 14, 5, 1, 1, 3, 5, 33, -2.0], ["0021200012", 1610612747, "LAL", "Los Angeles", 977, "Kobe Bryant", "G", "", "38:29", 10, 20, 0.5, 4, 9, 0.444, 6, 7, 0.857, 2, 4, 6, 3, 0, 0, 7, 5, 30, 9.0], ["0021200012", 1610612747, "LAL", "Los Angeles", 959, "Steve Nash", "G", "", "16:02", 1, 3, 0.333, 0, 1, 0.0, 0, 0, 0.0, 0, 4, 4, 4, 1, 0, 2, 1, 2, 0.0], ["0021200012", 1610612747, "LAL", "Los Angeles", 202365, "Devin Ebanks", "", "", "12:22", 1, 3, 0.333, 0, 1, 0.0, 0, 0, 0.0, 1, 0, 1, 1, 0, 0, 2, 3, 2, -5.0], ["0021200012", 1610612747, "LAL", "Los Angeles", 201941, "Jordan Hill", "", "", "8:21", 0, 4, 0.0, 0, 0, 0.0, 1, 2, 0.5, 2, 2, 4, 0, 0, 0, 2, 3, 1, -20.0], ["0021200012", 1610612747, "LAL", "Los Angeles", 2581, "Steve Blake", "", "", "27:45", 3, 4, 0.75, 1, 1, 1.0, 0, 0, 0.0, 1, 2, 3, 3, 2, 0, 0, 0, 7, 3.0], ["0021200012", 1610612747, "LAL", "Los Angeles", 1712, "Antawn Jamison", "", "", "13:14", 0, 2, 0.0, 0, 2, 0.0, 2, 2, 1.0, 0, 1, 1, 0, 0, 0, 0, 0, 2, -21.0], ["0021200012", 1610612747, "LAL", "Los Angeles", 2768, "Chris Duhon", "", "", "4:13", 0, 0, 0.0, 0, 0, 0.0, 0, 0, 0.0, 0, 0, 0, 1, 0, 0, 0, 1, 0, -13.0], ["0021200012", 1610612747, "LAL", "Los Angeles", 201975, "Jodie Meeks", "", "", "5:01", 1, 2, 0.5, 1, 1, 1.0, 0, 0, 0.0, 0, 0, 0, 0, 0, 0, 0, 1, 3, -13.0], ["0021200012", 1610612747, "LAL", "Los Angeles", 203135, "Robert Sacre", "", "", "0:49", 0, 0, 0.0, 0, 0, 0.0, 0, 0, 0.0, 0, 0, 0, 0, 0, 0, 0, 1, 0, -4.0], ["0021200012", 1610612747, "LAL", "Los Angeles", 202721, "Darius Morris", "", "DNP - Coach's Decision", null, null, null, null, null, null, null, null, null, null, null, null, null, null, null, null, null, null, null, null], ["0021200012", 1610612757, "POR", "Portland", 201587, "Nicolas Batum", "F", "", "40:16", 9, 16, 0.563, 3, 9, 0.333, 5, 7, 0.714, 4, 2, 6, 1, 3, 1, 1, 2, 26, 1.0], ["0021200012", 1610612757, "POR", "Portland", 200746, "LaMarcus Aldridge", "F", "", "38:42", 9, 20, 0.45, 0, 0, 0.0, 1, 1, 1.0, 0, 3, 3, 0, 0, 2, 1, 2, 19, 2.0], ["0021200012", 1610612757, "POR", "Portland", 201581, "JJ Hickson", "C", "", "24:40", 5, 10, 0.5, 0, 0, 0.0, 3, 3, 1.0, 5, 5, 10, 1, 1, 2, 3, 4, 13, -6.0], ["0021200012", 1610612757, "POR", "Portland", 202083, "Wesley Matthews", "G", "", "36:51", 7, 11, 0.636, 4, 6, 0.667, 4, 6, 0.667, 0, 2, 2, 2, 4, 0, 0, 5, 22, 4.0], ["0021200012", 1610612757, "POR", "Portland", 203081, "Damian Lillard", "G", "", "34:59", 7, 17, 0.412, 1, 4, 0.25, 8, 8, 1.0, 0, 3, 3, 11, 1, 0, 6, 2, 23, 16.0], ["0021200012", 1610612757, "POR", "Portland", 202701, "Nolan Smith", "", "", "13:40", 1, 2, 0.5, 0, 0, 0.0, 0, 0, 0.0, 0, 0, 0, 2, 0, 0, 1, 0, 2, -4.0], ["0021200012", 1610612757, "POR", "Portland", 2562, "Sasha Pavlovic", "", "", "18:14", 3, 4, 0.75, 1, 1, 1.0, 0, 1, 0.0, 1, 0, 1, 1, 1, 0, 0, 0, 7, 13.0], ["0021200012", 1610612757, "POR", "Portland", 203086, "Meyers Leonard", "", "", "23:20", 1, 2, 0.5, 0, 0, 0.0, 2, 2, 1.0, 0, 3, 3, 1, 0, 0, 0, 3, 4, 16.0], ["0021200012", 1610612757, "POR", "Portland", 2407, "Jared Jeffries", "", "", "9:18", 0, 1, 0.0, 0, 0, 0.0, 0, 0, 0.0, 0, 2, 2, 0, 0, 0, 0, 2, 0, 8.0], ["0021200012", 1610612757, "POR", "Portland", 202337, "Luke Babbitt", "", "DNP - Coach's Decision", null, null, null, null, null, null, null, null, null, null, null, null, null, null, null, null, null, null, null, null], ["0021200012", 1610612757, "POR", "Portland", 203115, "Will Barton", "", "DNP - Coach's Decision", null, null, null, null, null, null, null, null, null, null, null, null, null, null, null, null, null, null, null, null], ["0021200012", 1610612757, "POR", "Portland", 201964, "Victor Claver", "", "DNP - Coach's Decision", null, null, null, null, null, null, null, null, null, null, null, null, null, null, null, null, null, null, null, null], ["0021200012", 1610612757, "POR", "Portland", 200777, "Joel Freeland", "", "DNP - Coach's Decision", null, null, null, null, null, null, null, null, null, null, null, null, null, null, null, null, null, null, null, null]], "name": "PlayerStats"}, {"headers": ["GAME_ID", "TEAM_ID", "TEAM_NAME", "TEAM_ABBREVIATION", "TEAM_CITY", "MIN", "FGM", "FGA", "FG_PCT", "FG3M", "FG3A", "FG3_PCT", "FTM", "FTA", "FT_PCT", "OREB", "DREB", "REB", "AST", "STL", "BLK", "TO", "PF", "PTS", "PLUS_MINUS"], "rowSet": [["0021200012", 1610612757, "Trail Blazers", "POR", "Portland", "240:00", 42, 83, 0.506, 9, 20, 0.45, 23, 28, 0.821, 10, 20, 30, 19, 10, 5, 12, 20, 116, 10.0], ["0021200012", 1610612747, "Lakers", "LAL", "Los Angeles", "240:00", 36, 72, 0.5, 8, 18, 0.444, 26, 32, 0.813, 15, 30, 45, 21, 6, 2, 24, 29, 106, -10.0]], "name": "TeamStats"}, {"headers": ["LEAGUE_ID", "SEASON_ID", "TEAM_ID", "TEAM_ABBREVIATION", "TEAM_CITY", "PTS_PAINT", "PTS_2ND_CHANCE", "PTS_FB", "LARGEST_LEAD", "LEAD_CHANGES", "TIMES_TIED"], "rowSet": [["00", "22012", 1610612757, "POR", "Portland", 44, 18, 19, 18, 13, 6], ["00", "22012", 1610612747, "LAL", "Los Angeles", 44, 22, 6, 19, 13, 6]], "name": "OtherStats"}, {"headers": ["OFFICIAL_ID", "FIRST_NAME", "LAST_NAME", "JERSEY_NUM"], "rowSet": [[1201, "Leon", "Wood", "40"], [1662, "Bill", "Kennedy", "55"], [202027, "Tre", "Maddox", "73"]], "name": "Officials"}, {"headers": ["GAME_DATE", "ATTENDANCE", "GAME_TIME"], "rowSet": [["WEDNESDAY, OCTOBER 31, 2012", 20401, "2:24"]], "name": "GameInfo"}, {"headers": ["PLAYER_ID", "FIRST_NAME", "LAST_NAME", "JERSEY_NUM", "TEAM_ID", "TEAM_CITY", "TEAM_NAME", "TEAM_ABBREVIATION"], "rowSet": [[203130, "Darius", "Johnson-Odom", " 7", 1610612747, "Los Angeles", "Lakers", "LAL"], [201947, "Earl", "Clark", " 6", 1610612747, "Los Angeles", "Lakers", "LAL"], [101179, "Ronnie", "Price", "24", 1610612757, "Portland", "Trail Blazers", "POR"], [202343, "Elliot", "Williams", " 9", 1610612757, "Portland", "Trail Blazers", "POR"]], "name": "InactivePlayers"}, {"headers": ["VIDEO_AVAILABLE_FLAG"], "rowSet": [[1]], "name": "AvailableVideo"}], "parameters": {"GameID": "0021200012", "RangeType": 0, "StartPeriod": 0, "StartRange": 0, "EndPeriod": 0, "EndRange": 0}}