{"resource": "boxscore", "resultSets": [{"headers": ["GAME_DATE_EST", "GAME_SEQUENCE", "GAME_ID", "GAME_STATUS_ID", "GAME_STATUS_TEXT", "GAMECODE", "HOME_TEAM_ID", "VISITOR_TEAM_ID", "SEASON", "LIVE_PERIOD", "LIVE_PC_TIME", "NATL_TV_BROADCASTER_ABBREVIATION", "LIVE_PERIOD_TIME_BCAST", "WH_STATUS"], "rowSet": [["2012-11-07T00:00:00", 10, "0021200062", 3, "Final", "20121107/LALUTA", 1610612762, 1610612747, "2012", 4, "", null, "Q4  - ", 1]], "name": "GameSummary"}, {"headers": ["GAME_DATE_EST", "GAME_SEQUENCE", "GAME_ID", "TEAM_ID", "TEAM_ABBREVIATION", "TEAM_CITY_NAME", "TEAM_WINS_LOSSES", "PTS_QTR1", "PTS_QTR2", "PTS_QTR3", "PTS_QTR4", "PTS_OT1", "PTS_OT2", "PTS_OT3", "PTS_OT4", "PTS_OT5", "PTS_OT6", "PTS_OT7", "PTS_OT8", "PTS_OT9", "PTS_OT10", "PTS"], "rowSet": [["2012-11-07T00:00:00", 10, "0021200062", 1610612747, "LAL", "Los Angeles", "1-4", 17, 24, 16, 29, 0, 0, 0, 0, 0, 0, 0, 0, 0, 0, 86], ["2012-11-07T00:00:00", 10, "0021200062", 1610612762, "UTA", "Utah", "2-3", 25, 26, 14, 30, 0, 0, 0, 0, 0, 0, 0, 0, 0, 0, 95]], "name": "LineScore"}, {"headers": ["GAME_ID", "HOME_TEAM_ID", "VISITOR_TEAM_ID", "GAME_DATE_EST", "HOME_TEAM_WINS", "HOME_TEAM_LOSSES", "SERIES_LEADER"], "rowSet": [["0021200062", 1610612762, 1610612747, "2012-11-07T00:00:00", 2, 1, "Utah"]], "name": "SeasonSeries"}, {"headers": ["GAME_ID", "LAST_GAME_ID", "LAST_GAME_DATE_EST", "LAST_GAME_HOME_TEAM_ID", "LAST_GAME_HOME_TEAM_CITY", "LAST_GAME_HOME_TEAM_NAME", "LAST_GAME_HOME_TEAM_ABBREVIATION", "LAST_GAME_HOME_TEAM_POINTS", "LAST_GAME_VISITOR_TEAM_ID", "LAST_GAME_VISITOR_TEAM_CITY", "LAST_GAME_VISITOR_TEAM_NAME", "LAST_GAME_VISITOR_TEAM_CITY1", "LAST_GAME_VISITOR_TEAM_POINTS"], "rowSet": [["0021200062", "0011200057", "2012-10-16T00:00:00", 1610612762, "Utah", "Jazz", "UTA", 114, 1610612747, "Los Angeles", "Lakers", "LAL", 80]], "name": "LastMeeting"}, {"headers": ["GAME_ID", "TEAM_ID", "TEAM_ABBREVIATION", "TEAM_CITY", "PLAYER_ID", "PLAYER_NAME", "START_POSITION", "COMMENT", "MIN", "FGM", "FGA", "FG_PCT", "FG3M", "FG3A", "FG3_PCT", "FTM", "FTA", "FT_PCT", "OREB", "DREB", "REB", "AST", "STL", "BLK", "TO", "PF", "PTS", "PLUS_MINUS"], "rowSet": [["0021200062", 1610612747, "LAL", "Los Angeles", 1897, "Metta World Peace", "F", "", "37:12", 3, 12, 0.25, 2, 6, 0.333, 7, 8, 0.875, 0, 7, 7, 1, 2, 1, 1, 2, 15, -3.0], ["0021200062", 1610612747, "LAL", "Los Angeles", 2200, "Pau Gasol", "F", "", "36:23", 2, 9, 0.222, 0, 1, 0.0, 1, 2, 0.5, 1, 6, 7, 2, 3, 0, 2, 2, 5, 2.0], ["0021200062", 1610612747, "LAL", "Los Angeles", 2730, "Dwight Howard", "C", "", "37:01", 7, 11, 0.636, 0, 0, 0.0, 5, 12, 0.417, 4, 5, 9, 2, 2, 2, 5, 1, 19, -11.0], ["0021200062", 1610612747, "LAL", "Los Angeles", 977, "Kobe Bryant", "G", "", "37:17", 7, 17, 0.412, 0, 4, 0.0, 15, 17, 0.882, 0, 5, 5, 4, 3, 0, 6, 3, 29, 4.0], ["0021200062", 1610612747, "LAL", "Los Angeles", 2581, "Steve Blake", "G", "", "36:04", 2, 10, 0.2, 2, 8, 0.25, 0, 0, 0.0, 1, 3, 4, 1, 0, 0, 0, 2, 6, 5.0], ["0021200062", 1610612747, "LAL", "Los Angeles", 202365, "Devin Ebanks", "", "", "7:43", 1, 2, 0.5, 0, 1, 0.0, 1, 2, 0.5, 1, 2, 3, 0, 0, 0, 1, 0, 3, -6.0], ["0021200062", 1610612747, "LAL", "Los Angeles", 201941, "Jordan Hill", "", "", "22:36", 1, 5, 0.2, 0, 1, 0.0, 2, 4, 0.5, 7, 5, 12, 1, 0, 0, 1, 3, 4, -9.0], ["0021200062", 1610612747, "LAL", "Los Angeles", 202721, "Darius Morris", "", "", "11:56", 1, 6, 0.167, 0, 2, 0.0, 1, 1, 1.0, 1, 0, 1, 0, 0, 0, 2, 0, 3, -14.0], ["0021200062", 1610612747, "LAL", "Los Angeles", 1712, "Antawn Jamison", "", "", "13:48", 1, 2, 0.5, 0, 0, 0.0, 0, 0, 0.0, 0, 0, 0, 0, 0, 0, 0, 1, 2, -13.0], ["0021200062", 1610612747, "LAL", "Los Angeles", 201947, "Earl Clark", "", "DNP - Coach's Decision", null, null, null, null, null, null, null, null, null, null, null, null, null, null, null, null, null, null, null, null], ["0021200062", 1610612747, "LAL", "Los Angeles", 2768, "Chris Duhon", "", "DNP - Coach's Decision", null, null, null, null, null, null, null, null, null, null, null, null, null, null, null, null, null, null, null, null], ["0021200062", 1610612747, "LAL", "Los Angeles", 201975, "Jodie Meeks", "", "DNP - Coach's Decision", null, null, null, null, null, null, null, null, null, null, null, null, null, null, null, null, null, null, null, null], ["0021200062", 1610612747, "LAL", "Los Angeles", 203135, "Robert Sacre", "", "DNP - Coach's Decision", null, null, null, null, null, null, null, null, null, null, null, null, null, null, null, null, null, null, null, null], ["0021200062", 1610612762, "UTA", "Utah", 101107, "Marvin Williams", "F", "", "24:14", 4, 7, 0.571, 0, 2, 0.0, 3, 3, 1.0, 1, 3, 4, 0, 2, 0, 1, 2, 11, 6.0], ["0021200062", 1610612762, "UTA", "Utah", 200794, "Paul Millsap", "F", "", "30:10", 2, 7, 0.286, 0, 1, 0.0, 3, 4, 0.75, 3, 6, 9, 5, 1, 1, 1, 2, 7, -3.0], ["0021200062", 1610612762, "UTA", "Utah", 2744, "Al Jefferson", "C", "", "34:41", 8, 18, 0.444, 0, 0, 0.0, 2, 2, 1.0, 2, 8, 10, 2, 4, 0, 3, 4, 18, -2.0], ["0021200062", 1610612762, "UTA", "Utah", 202330, "Gordon Hayward", "G", "", "33:19", 2, 11, 0.182, 0, 4, 0.0, 3, 4, 0.75, 0, 3, 3, 1, 2, 3, 3, 6, 7, 1.0], ["0021200062", 1610612762, "UTA", "Utah", 2590, "Mo Williams", "G", "", "33:55", 8, 13, 0.615, 0, 0, 0.0, 0, 0, 0.0, 0, 2, 2, 7, 0, 0, 2, 3, 16, 0.0], ["0021200062", 1610612762, "UTA", "Utah", 2224, "Jamaal Tinsley", "", "", "14:05", 0, 1, 0.0, 0, 1, 0.0, 0, 0, 0.0, 0, 1, 1, 4, 2, 0, 1, 2, 0, 9.0], ["0021200062", 1610612762, "UTA", "Utah", 202324, "Derrick Favors", "", "", "17:50", 3, 8, 0.375, 0, 0, 0.0, 2, 2, 1.0, 3, 3, 6, 0, 1, 2, 0, 3, 8, 12.0], ["0021200062", 1610612762, "UTA", "Utah", 202692, "Alec Burks", "", "", "9:01", 1, 2, 0.5, 0, 0, 0.0, 0, 0, 0.0, 0, 0, 0, 2, 0, 0, 0, 2, 2, 11.0], ["0021200062", 1610612762, "UTA", "Utah", 202683, "Enes Kanter", "", "", "13:19", 4, 5, 0.8, 0, 0, 0.0, 1, 1, 1.0, 0, 1, 1, 0, 0, 0, 1, 1, 9, 11.0], ["0021200062", 1610612762, "UTA", "Utah", 200751, "Randy Foye", "", "", "29:26", 5, 11, 0.455, 5, 9, 0.556, 2, 2, 1.0, 0, 1, 1, 0, 0, 1, 0, 5, 17, 0.0], ["0021200062", 1610612762, "UTA", "Utah", 201960, "DeMarre Carroll", "", "DNP - Coach's Decision", null, null, null, null, null, null, null, null, null, null, null, null, null, null, null, null, null, null, null, null], ["0021200062", 1610612762, "UTA", "Utah", 202379, "Jeremy Evans", "", "DNP - Coach's Decision", null, null, null, null, null, null, null, null, null, null, null, null, null, null, null, null, null, null, null, null], ["0021200062", 1610612762, "UTA", "Utah", 203122, "Kevin Murphy", "", "DNP - Coach's Decision", null, null, null, null, null, null, null, null, null, null, null, null, null, null, null, null, null, null, null, null]], "name": "PlayerStats"}, {"headers": ["GAME_ID", "TEAM_ID", "TEAM_NAME", "TEAM_ABBREVIATION", "TEAM_CITY", "MIN", "FGM", "FGA", "FG_PCT", "FG3M", "FG3A", "FG3_PCT", "FTM", "FTA", "FT_PCT", "OREB", "DREB", "REB", "AST", "STL", "BLK", "TO", "PF", "PTS", "PLUS_MINUS"], "rowSet": [["0021200062", 1610612762, "Jazz", "UTA", "Utah", "240:00", 37, 83, 0.446, 5, 17, 0.294, 16, 18, 0.889, 9, 28, 37, 21, 12, 7, 12, 30, 95, 9.0], ["0021200062", 1610612747, "Lakers", "LAL", "Los Angeles", "240:00", 25, 74, 0.338, 4, 23, 0.174, 32, 46, 0.696, 15, 33, 48, 11, 10, 3, 18, 14, 86, -9.0]], "name": "TeamStats"}, {"headers": ["LEAGUE_ID", "SEASON_ID", "TEAM_ID", "TEAM_ABBREVIATION", "TEAM_CITY", "PTS_PAINT", "PTS_2ND_CHANCE", "PTS_FB", "LARGEST_LEAD", "LEAD_CHANGES", "TIMES_TIED"], "rowSet": [["00", "22012", 1610612747, "LAL", "Los Angeles", 36, 11, 7, 16, 0, 0], ["00", "22012", 1610612762, "UTA", "Utah", 44, 5, 15, 15, 0, 0]], "name": "OtherStats"}, {"headers": ["OFFICIAL_ID", "FIRST_NAME", "LAST_NAME", "JERSEY_NUM"], "rowSet": [[2002, "Derrick", "Collins", "11"], [2530, "Ed", "Malloy", "14"], [200834, "Mark", "Lindsay", "29"]], "name": "Officials"}, {"headers": ["GAME_DATE", "ATTENDANCE", "GAME_TIME"], "rowSet": [["WEDNESDAY, NOVEMBER 7, 2012", 19911, "2:19"]], "name": "GameInfo"}, {"headers": ["PLAYER_ID", "FIRST_NAME", "LAST_NAME", "JERSEY_NUM", "TEAM_ID", "TEAM_CITY", "TEAM_NAME", "TEAM_ABBREVIATION"], "rowSet": [[1952, "Raja", "Bell", "19", 1610612762, "Utah", "Jazz", "UTA"], [2248, "Earl", "Watson", "11", 1610612762, "Utah", "Jazz", "UTA"], [203130, "Darius", "Johnson-Odom", " 7", 1610612747, "Los Angeles", "Lakers", "LAL"], [959, "Steve", "Nash", "10", 1610612747, "Los Angeles", "Lakers", "LAL"]], "name": "InactivePlayers"}, {"headers": ["VIDEO_AVAILABLE_FLAG"], "rowSet": [[1]], "name": "AvailableVideo"}], "parameters": {"GameID": "0021200062", "RangeType": 0, "StartPeriod": 0, "StartRange": 0, "EndPeriod": 0, "EndRange": 0}}