{"resource": "boxscore", "resultSets": [{"headers": ["GAME_DATE_EST", "GAME_SEQUENCE", "GAME_ID", "GAME_STATUS_ID", "GAME_STATUS_TEXT", "GAMECODE", "HOME_TEAM_ID", "VISITOR_TEAM_ID", "SEASON", "LIVE_PERIOD", "LIVE_PC_TIME", "NATL_TV_BROADCASTER_ABBREVIATION", "LIVE_PERIOD_TIME_BCAST", "WH_STATUS"], "rowSet": [["2012-11-09T00:00:00", 4, "0021200071", 3, "Final", "20121109/DALNYK", 1610612752, 1610612742, "2012", 4, "", null, "Q4  - ", 1]], "name": "GameSummary"}, {"headers": ["GAME_DATE_EST", "GAME_SEQUENCE", "GAME_ID", "TEAM_ID", "TEAM_ABBREVIATION", "TEAM_CITY_NAME", "TEAM_WINS_LOSSES", "PTS_QTR1", "PTS_QTR2", "PTS_QTR3", "PTS_QTR4", "PTS_OT1", "PTS_OT2", "PTS_OT3", "PTS_OT4", "PTS_OT5", "PTS_OT6", "PTS_OT7", "PTS_OT8", "PTS_OT9", "PTS_OT10", "PTS"], "rowSet": [["2012-11-09T00:00:00", 4, "0021200071", 1610612752, "NYK", "New York", "4-0", 25, 30, 29, 20, 0, 0, 0, 0, 0, 0, 0, 0, 0, 0, 104], ["2012-11-09T00:00:00", 4, "0021200071", 1610612742, "DAL", "Dallas", "4-2", 23, 34, 21, 16, 0, 0, 0, 0, 0, 0, 0, 0, 0, 0, 94]], "name": "LineScore"}, {"headers": ["GAME_ID", "HOME_TEAM_ID", "VISITOR_TEAM_ID", "GAME_DATE_EST", "HOME_TEAM_WINS", "HOME_TEAM_LOSSES", "SERIES_LEADER"], "rowSet": [["0021200071", 1610612752, 1610612742, "2012-11-09T00:00:00", 1, 1, "Tied"]], "name": "SeasonSeries"}, {"headers": ["GAME_ID", "LAST_GAME_ID", "LAST_GAME_DATE_EST", "LAST_GAME_HOME_TEAM_ID", "LAST_GAME_HOME_TEAM_CITY", "LAST_GAME_HOME_TEAM_NAME", "LAST_GAME_HOME_TEAM_ABBREVIATION", "LAST_GAME_HOME_TEAM_POINTS", "LAST_GAME_VISITOR_TEAM_ID", "LAST_GAME_VISITOR_TEAM_CITY", "LAST_GAME_VISITOR_TEAM_NAME", "LAST_GAME_VISITOR_TEAM_CITY1", "LAST_GAME_VISITOR_TEAM_POINTS"], "rowSet": [["0021200071", "0021100568", "2012-03-06T00:00:00", 1610612752, "New York", "Knicks", "NYK", 85, 1610612742, "Dallas", "Mavericks", "DAL", 95]], "name": "LastMeeting"}, {"headers": ["GAME_ID", "TEAM_ID", "TEAM_ABBREVIATION", "TEAM_CITY", "PLAYER_ID", "PLAYER_NAME", "START_POSITION", "COMMENT", "MIN", "FGM", "FGA", "FG_PCT", "FG3M", "FG3A", "FG3_PCT", "FTM", "FTA", "FT_PCT", "OREB", "DREB", "REB", "AST", "STL", "BLK", "TO", "PF", "PTS", "PLUS_MINUS"], "rowSet": [["0021200071", 1610612742, "DAL", "Dallas", 1882, "Elton Brand", "F", "", "23:50", 2, 5, 0.4, 0, 0, 0.0, 4, 5, 0.8, 1, 6, 7, 0, 1, 2, 1, 3, 8, -17.0], ["0021200071", 1610612742, "DAL", "Dallas", 203109, "Jae Crowder", "F", "", "29:57", 3, 8, 0.375, 1, 4, 0.25, 0, 0, 0.0, 0, 3, 3, 1, 1, 0, 4, 5, 7, -5.0], ["0021200071", 1610612742, "DAL", "Dallas", 201148, "Brandan Wright", "C", "", "18:46", 4, 7, 0.571, 0, 0, 0.0, 3, 3, 1.0, 1, 3, 4, 0, 0, 0, 0, 0, 11, -4.0], ["0021200071", 1610612742, "DAL", "Dallas", 201954, "Darren Collison", "G", "", "30:06", 1, 8, 0.125, 0, 2, 0.0, 2, 2, 1.0, 1, 2, 3, 8, 1, 0, 4, 2, 4, -6.0], ["0021200071", 1610612742, "DAL", "Dallas", 201564, "O.J. Mayo", "G", "", "27:44", 7, 16, 0.438, 5, 10, 0.5, 4, 4, 1.0, 1, 6, 7, 3, 0, 0, 8, 5, 23, -5.0], ["0021200071", 1610612742, "DAL", "Dallas", 2549, "Chris Kaman", "", "", "27:38", 6, 7, 0.857, 0, 0, 0.0, 2, 2, 1.0, 2, 5, 7, 2, 0, 0, 1, 4, 14, 7.0], ["0021200071", 1610612742, "DAL", "Dallas", 1713, "Vince Carter", "", "", "25:37", 6, 14, 0.429, 1, 5, 0.2, 2, 4, 0.5, 1, 5, 6, 0, 0, 1, 0, 2, 15, -10.0], ["0021200071", 1610612742, "DAL", "Dallas", 2563, "Dahntay Jones", "", "", "17:23", 1, 4, 0.25, 1, 3, 0.333, 2, 2, 1.0, 0, 3, 3, 0, 0, 0, 1, 5, 5, -1.0], ["0021200071", 1610612742, "DAL", "Dallas", 2211, "Troy Murphy", "", "", "19:19", 0, 3, 0.0, 0, 1, 0.0, 0, 0, 0.0, 1, 6, 7, 1, 0, 0, 0, 2, 0, -3.0], ["0021200071", 1610612742, "DAL", "Dallas", 202346, "Dominique Jones", "", "", "3:43", 1, 2, 0.5, 0, 0, 0.0, 0, 0, 0.0, 0, 0, 0, 1, 0, 0, 0, 0, 2, -3.0], ["0021200071", 1610612742, "DAL", "Dallas", 201958, "Rodrigue Beaubois", "", "", "14:11", 2, 7, 0.286, 0, 3, 0.0, 1, 1, 1.0, 1, 2, 3, 1, 1, 0, 1, 0, 5, -1.0], ["0021200071", 1610612742, "DAL", "Dallas", 203108, "Bernard James", "", "", "0:53", 0, 0, 0.0, 0, 0, 0.0, 0, 0, 0.0, 0, 0, 0, 0, 0, 0, 0, 0, 0, -1.0], ["0021200071", 1610612742, "DAL", "Dallas", 203099, "Jared Cunningham", "", "", "0:53", 0, 0, 0.0, 0, 0, 0.0, 0, 0, 0.0, 0, 0, 0, 0, 0, 0, 0, 0, 0, -1.0], ["0021200071", 1610612752, "NYK", "New York", 2546, "Carmelo Anthony", "F", "", "34:28", 10, 22, 0.455, 2, 5, 0.4, 9, 14, 0.643, 0, 7, 7, 1, 0, 2, 3, 5, 31, 10.0], ["0021200071", 1610612752, "NYK", "New York", 200758, "Ronnie Brewer", "F", "", "37:13", 4, 10, 0.4, 2, 4, 0.5, 3, 5, 0.6, 4, 4, 8, 2, 2, 1, 0, 2, 13, 19.0], ["0021200071", 1610612752, "NYK", "New York", 2199, "Tyson Chandler", "C", "", "30:06", 4, 8, 0.5, 0, 0, 0.0, 3, 5, 0.6, 5, 4, 9, 0, 1, 0, 2, 3, 11, 14.0], ["0021200071", 1610612752, "NYK", "New York", 101109, "Raymond Felton", "G", "", "37:40", 3, 11, 0.273, 0, 0, 0.0, 2, 5, 0.4, 1, 3, 4, 9, 2, 0, 2, 3, 8, 17.0], ["0021200071", 1610612752, "NYK", "New York", 467, "Jason Kidd", "G", "", "15:28", 2, 3, 0.667, 0, 1, 0.0, 2, 2, 1.0, 0, 1, 1, 3, 3, 0, 0, 1, 6, 7.0], ["0021200071", 1610612752, "NYK", "New York", 2747, "J.R. Smith", "", "", "32:56", 8, 16, 0.5, 3, 3, 1.0, 3, 3, 1.0, 0, 1, 1, 0, 4, 1, 0, 3, 22, 3.0], ["0021200071", 1610612752, "NYK", "New York", 739, "Rasheed Wallace", "", "", "17:50", 2, 6, 0.333, 0, 4, 0.0, 2, 2, 1.0, 0, 6, 6, 0, 0, 0, 1, 2, 6, -4.0], ["0021200071", 1610612752, "NYK", "New York", 200779, "Steve Novak", "", "", "15:57", 2, 6, 0.333, 1, 4, 0.25, 0, 0, 0.0, 0, 2, 2, 1, 0, 0, 1, 1, 5, -1.0], ["0021200071", 1610612752, "NYK", "New York", 203143, "Pablo Prigioni", "", "", "10:20", 0, 2, 0.0, 0, 1, 0.0, 0, 0, 0.0, 0, 1, 1, 1, 0, 0, 0, 1, 0, -7.0], ["0021200071", 1610612752, "NYK", "New York", 948, "Marcus Camby", "", "", "8:02", 0, 0, 0.0, 0, 0, 0.0, 2, 2, 1.0, 1, 3, 4, 0, 0, 0, 0, 0, 2, -8.0], ["0021200071", 1610612752, "NYK", "New York", 203142, "Chris Copeland", "", "DNP - Coach's Decision", null, null, null, null, null, null, null, null, null, null, null, null, null, null, null, null, null, null, null, null], ["0021200071", 1610612752, "NYK", "New York", 703, "Kurt Thomas", "", "DNP - Coach's Decision", null, null, null, null, null, null, null, null, null, null, null, null, null, null, null, null, null, null, null, null], ["0021200071", 1610612752, "NYK", "New York", 200778, "James White", "", "DNP - Coach's Decision", null, null, null, null, null, null, null, null, null, null, null, null, null, null, null, null, null, null, null, null]], "name": "PlayerStats"}, {"headers": ["GAME_ID", "TEAM_ID", "TEAM_NAME", "TEAM_ABBREVIATION", "TEAM_CITY", "MIN", "FGM", "FGA", "FG_PCT", "FG3M", "FG3A", "FG3_PCT", "FTM", "FTA", "FT_PCT", "OREB", "DREB", "REB", "AST", "STL", "BLK", "TO", "PF", "PTS", "PLUS_MINUS"], "rowSet": [["0021200071", 1610612752, "Knicks", "NYK", "New York", "240:00", 35, 84, 0.417, 8, 22, 0.364, 26, 38, 0.684, 11, 32, 43, 17, 12, 4, 9, 21, 104, 10.0], ["0021200071", 1610612742, "Mavericks", "DAL", "Dallas", "240:00", 33, 81, 0.407, 8, 28, 0.286, 20, 23, 0.87, 9, 41, 50, 17, 4, 3, 20, 28, 94, -10.0]], "name": "TeamStats"}, {"headers": ["LEAGUE_ID", "SEASON_ID", "TEAM_ID", "TEAM_ABBREVIATION", "TEAM_CITY", "PTS_PAINT", "PTS_2ND_CHANCE", "PTS_FB", "LARGEST_LEAD", "LEAD_CHANGES", "TIMES_TIED"], "rowSet": [["00", "22012", 1610612752, "NYK", "New York", 40, 19, 14, 12, 13, 7], ["00", "22012", 1610612742, "DAL", "Dallas", 40, 13, 18, 12, 13, 7]], "name": "OtherStats"}, {"headers": ["OFFICIAL_ID", "FIRST_NAME", "LAST_NAME", "JERSEY_NUM"], "rowSet": [[1176, "Monty", "McCutchen", "13"], [2534, "Zach", "Zarba", "28"], [202041, "Kevin", "Scott", "79"]], "name": "Officials"}, {"headers": ["GAME_DATE", "ATTENDANCE", "GAME_TIME"], "rowSet": [["FRIDAY, NOVEMBER 9, 2012", 19033, "2:28"]], "name": "GameInfo"}, {"headers": ["PLAYER_ID", "FIRST_NAME", "LAST_NAME", "JERSEY_NUM", "TEAM_ID", "TEAM_CITY", "TEAM_NAME", "TEAM_ABBREVIATION"], "rowSet": [[2405, "Amar'e", "Stoudemire", " 1", 1610612752, "New York", "Knicks", "NYK"], [202697, "Iman", "Shumpert", "21", 1610612752, "New York", "Knicks", "NYK"], [1890, "Shawn", "Marion", " 0", 1610612742, "Dallas", "Mavericks", "DAL"], [1717, "Dirk", "Nowitzki", "41", 1610612742, "Dallas", "Mavericks", "DAL"]], "name": "InactivePlayers"}, {"headers": ["VIDEO_AVAILABLE_FLAG"], "rowSet": [[1]], "name": "AvailableVideo"}], "parameters": {"GameID": "0021200071", "RangeType": 0, "StartPeriod": 0, "StartRange": 0, "EndPeriod": 0, "EndRange": 0}}