{"resource": "boxscore", "resultSets": [{"headers": ["GAME_DATE_EST", "GAME_SEQUENCE", "GAME_ID", "GAME_STATUS_ID", "GAME_STATUS_TEXT", "GAMECODE", "HOME_TEAM_ID", "VISITOR_TEAM_ID", "SEASON", "LIVE_PERIOD", "LIVE_PC_TIME", "NATL_TV_BROADCASTER_ABBREVIATION", "LIVE_PERIOD_TIME_BCAST", "WH_STATUS"], "rowSet": [["2012-11-02T00:00:00", 2, "0021200016", 3, "Final", "20121102/DENORL", 1610612753, 1610612743, "2012", 4, "", null, "Q4  - ", 1]], "name": "GameSummary"}, {"headers": ["GAME_DATE_EST", "GAME_SEQUENCE", "GAME_ID", "TEAM_ID", "TEAM_ABBREVIATION", "TEAM_CITY_NAME", "TEAM_WINS_LOSSES", "PTS_QTR1", "PTS_QTR2", "PTS_QTR3", "PTS_QTR4", "PTS_OT1", "PTS_OT2", "PTS_OT3", "PTS_OT4", "PTS_OT5", "PTS_OT6", "PTS_OT7", "PTS_OT8", "PTS_OT9", "PTS_OT10", "PTS"], "rowSet": [["2012-11-02T00:00:00", 2, "0021200016", 1610612743, "DEN", "Denver", "0-2", 18, 19, 31, 21, 0, 0, 0, 0, 0, 0, 0, 0, 0, 0, 89], ["2012-11-02T00:00:00", 2, "0021200016", 1610612753, "ORL", "Orlando", "1-0", 29, 29, 20, 24, 0, 0, 0, 0, 0, 0, 0, 0, 0, 0, 102]], "name": "LineScore"}, {"headers": ["GAME_ID", "HOME_TEAM_ID", "VISITOR_TEAM_ID", "GAME_DATE_EST", "HOME_TEAM_WINS", "HOME_TEAM_LOSSES", "SERIES_LEADER"], "rowSet": [["0021200016", 1610612753, 1610612743, "2012-11-02T00:00:00", 1, 1, "Tied"]], "name": "SeasonSeries"}, {"headers": ["GAME_ID", "LAST_GAME_ID", "LAST_GAME_DATE_EST", "LAST_GAME_HOME_TEAM_ID", "LAST_GAME_HOME_TEAM_CITY", "LAST_GAME_HOME_TEAM_NAME", "LAST_GAME_HOME_TEAM_ABBREVIATION", "LAST_GAME_HOME_TEAM_POINTS", "LAST_GAME_VISITOR_TEAM_ID", "LAST_GAME_VISITOR_TEAM_CITY", "LAST_GAME_VISITOR_TEAM_NAME", "LAST_GAME_VISITOR_TEAM_CITY1", "LAST_GAME_VISITOR_TEAM_POINTS"], "rowSet": [["0021200016", "0021100958", "2012-04-22T00:00:00", 1610612753, "Orlando", "Magic", "ORL", 74, 1610612743, "Denver", "Nuggets", "DEN", 101]], "name": "LastMeeting"}, {"headers": ["GAME_ID", "TEAM_ID", "TEAM_ABBREVIATION", "TEAM_CITY", "PLAYER_ID", "PLAYER_NAME", "START_POSITION", "COMMENT", "MIN", "FGM", "FGA", "FG_PCT", "FG3M", "FG3A", "FG3_PCT", "FTM", "FTA", "FT_PCT", "OREB", "DREB", "REB", "AST", "STL", "BLK", "TO", "PF", "PTS", "PLUS_MINUS"], "rowSet": [["0021200016", 1610612743, "DEN", "Denver", 201568, "Danilo Gallinari", "F", "", "34:56", 5, 14, 0.357, 2, 9, 0.222, 11, 14, 0.786, 2, 6, 8, 4, 1, 1, 1, 2, 23, -3.0], ["0021200016", 1610612743, "DEN", "Denver", 202702, "Kenneth Faried", "F", "", "19:39", 1, 3, 0.333, 0, 0, 0.0, 0, 0, 0.0, 2, 3, 5, 0, 0, 1, 0, 0, 2, -14.0], ["0021200016", 1610612743, "DEN", "Denver", 201585, "Kosta Koufos", "C", "", "27:25", 3, 6, 0.5, 0, 0, 0.0, 1, 3, 0.333, 3, 3, 6, 1, 1, 1, 1, 4, 7, 9.0], ["0021200016", 1610612743, "DEN", "Denver", 2738, "Andre Iguodala", "G", "", "35:58", 3, 10, 0.3, 1, 2, 0.5, 2, 2, 1.0, 1, 7, 8, 5, 1, 1, 3, 2, 9, -10.0], ["0021200016", 1610612743, "DEN", "Denver", 201951, "Ty Lawson", "G", "", "37:37", 6, 15, 0.4, 0, 3, 0.0, 0, 0, 0.0, 1, 1, 2, 7, 0, 0, 3, 2, 12, -13.0], ["0021200016", 1610612743, "DEN", "Denver", 201580, "JaVale McGee", "", "", "11:27", 2, 5, 0.4, 0, 0, 0.0, 0, 0, 0.0, 1, 1, 2, 1, 0, 1, 2, 2, 4, -10.0], ["0021200016", 1610612743, "DEN", "Denver", 201147, "Corey Brewer", "", "", "23:38", 3, 9, 0.333, 2, 6, 0.333, 0, 0, 0.0, 0, 4, 4, 0, 1, 0, 1, 2, 8, -11.0], ["0021200016", 1610612743, "DEN", "Denver", 201163, "Wilson Chandler", "", "", "18:44", 3, 10, 0.3, 1, 3, 0.333, 2, 4, 0.5, 2, 4, 6, 0, 0, 0, 2, 2, 9, -4.0], ["0021200016", 1610612743, "DEN", "Denver", 1889, "Andre Miller", "", "", "20:34", 5, 8, 0.625, 1, 1, 1.0, 0, 0, 0.0, 2, 1, 3, 4, 0, 0, 1, 1, 11, -10.0], ["0021200016", 1610612743, "DEN", "Denver", 203095, "Evan Fournier", "", "", "6:46", 0, 2, 0.0, 0, 2, 0.0, 0, 0, 0.0, 0, 0, 0, 0, 0, 0, 0, 0, 0, -3.0], ["0021200016", 1610612743, "DEN", "Denver", 202706, "Jordan Hamilton", "", "", "3:16", 1, 2, 0.5, 0, 0, 0.0, 2, 4, 0.5, 1, 0, 1, 0, 1, 0, 0, 0, 4, 4.0], ["0021200016", 1610612743, "DEN", "Denver", 203113, "Quincy Miller", "", "DNP - Coach's Decision", null, null, null, null, null, null, null, null, null, null, null, null, null, null, null, null, null, null, null, null], ["0021200016", 1610612743, "DEN", "Denver", 201576, "Anthony Randolph", "", "DNP - Coach's Decision", null, null, null, null, null, null, null, null, null, null, null, null, null, null, null, null, null, null, null, null], ["0021200016", 1610612753, "ORL", "Orlando", 2045, "Hedo Turkoglu", "F", "", "16:42", 3, 4, 0.75, 0, 1, 0.0, 0, 0, 0.0, 1, 1, 2, 1, 2, 0, 0, 3, 6, -2.0], ["0021200016", 1610612753, "ORL", "Orlando", 201175, "Glen Davis", "F", "", "33:47", 13, 25, 0.52, 0, 0, 0.0, 3, 5, 0.6, 4, 6, 10, 0, 0, 2, 1, 3, 29, 17.0], ["0021200016", 1610612753, "ORL", "Orlando", 202696, "Nikola Vucevic", "C", "", "16:04", 3, 6, 0.5, 0, 0, 0.0, 0, 0, 0.0, 1, 3, 4, 0, 1, 2, 1, 4, 6, -5.0], ["0021200016", 1610612753, "ORL", "Orlando", 201167, "Arron Afflalo", "G", "", "32:11", 3, 13, 0.231, 0, 3, 0.0, 1, 2, 0.5, 0, 6, 6, 2, 1, 1, 1, 1, 7, 2.0], ["0021200016", 1610612753, "ORL", "Orlando", 2749, "Jameer Nelson", "G", "", "35:00", 2, 9, 0.222, 1, 4, 0.25, 4, 4, 1.0, 0, 4, 4, 7, 1, 0, 2, 2, 9, 2.0], ["0021200016", 1610612753, "ORL", "Orlando", 200755, "JJ Redick", "", "", "34:46", 7, 11, 0.636, 3, 4, 0.75, 4, 5, 0.8, 0, 4, 4, 6, 1, 0, 0, 1, 21, 10.0], ["0021200016", 1610612753, "ORL", "Orlando", 201177, "Josh McRoberts", "", "", "27:09", 4, 4, 1.0, 0, 0, 0.0, 1, 2, 0.5, 1, 6, 7, 3, 2, 1, 3, 4, 9, 25.0], ["0021200016", 1610612753, "ORL", "Orlando", 202734, "E'Twaun Moore", "", "", "24:32", 6, 10, 0.6, 1, 3, 0.333, 0, 0, 0.0, 2, 3, 5, 3, 0, 1, 1, 2, 13, 18.0], ["0021200016", 1610612753, "ORL", "Orlando", 202397, "Ish Smith", "", "", "5:15", 0, 0, 0.0, 0, 0, 0.0, 0, 0, 0.0, 0, 1, 1, 1, 0, 0, 0, 0, 0, 3.0], ["0021200016", 1610612753, "ORL", "Orlando", 203094, "Andrew Nicholson", "", "", "11:18", 1, 3, 0.333, 0, 0, 0.0, 0, 0, 0.0, 2, 0, 2, 1, 0, 1, 1, 3, 2, -1.0], ["0021200016", 1610612753, "ORL", "Orlando", 203124, "Kyle O'Quinn", "", "", "3:16", 0, 1, 0.0, 0, 0, 0.0, 0, 0, 0.0, 0, 1, 1, 0, 0, 0, 1, 1, 0, -4.0], ["0021200016", 1610612753, "ORL", "Orlando", 202970, "Gustavo Ayon", "", "DND - Sprained Left Thumb", null, null, null, null, null, null, null, null, null, null, null, null, null, null, null, null, null, null, null, null], ["0021200016", 1610612753, "ORL", "Orlando", 203090, "Maurice Harkless", "", "DNP - Coach's Decision", null, null, null, null, null, null, null, null, null, null, null, null, null, null, null, null, null, null, null, null]], "name": "PlayerStats"}, {"headers": ["GAME_ID", "TEAM_ID", "TEAM_NAME", "TEAM_ABBREVIATION", "TEAM_CITY", "MIN", "FGM", "FGA", "FG_PCT", "FG3M", "FG3A", "FG3_PCT", "FTM", "FTA", "FT_PCT", "OREB", "DREB", "REB", "AST", "STL", "BLK", "TO", "PF", "PTS", "PLUS_MINUS"], "rowSet": [["0021200016", 1610612753, "Magic", "ORL", "Orlando", "240:00", 42, 86, 0.488, 5, 15, 0.333, 13, 18, 0.722, 11, 35, 46, 24, 8, 8, 11, 24, 102, 13.0], ["0021200016", 1610612743, "Nuggets", "DEN", "Denver", "240:00", 32, 84, 0.381, 7, 26, 0.269, 18, 27, 0.667, 15, 30, 45, 22, 5, 5, 14, 17, 89, -13.0]], "name": "TeamStats"}, {"headers": ["LEAGUE_ID", "SEASON_ID", "TEAM_ID", "TEAM_ABBREVIATION", "TEAM_CITY", "PTS_PAINT", "PTS_2ND_CHANCE", "PTS_FB", "LARGEST_LEAD", "LEAD_CHANGES", "TIMES_TIED"], "rowSet": [["00", "22012", 1610612743, "DEN", "Denver", 36, 16, 8, 23, 2, 3], ["00", "22012", 1610612753, "ORL", "Orlando", 60, 16, 15, 21, 2, 3]], "name": "OtherStats"}, {"headers": ["OFFICIAL_ID", "FIRST_NAME", "LAST_NAME", "JERSEY_NUM"], "rowSet": [[1830, "Marc", "Davis", "8"], [1142, "Dick", "Bavetta", "27"], [202026, "Karl", "Lane", "77"]], "name": "Officials"}, {"headers": ["GAME_DATE", "ATTENDANCE", "GAME_TIME"], "rowSet": [["FRIDAY, NOVEMBER 2, 2012", 18846, "2:11"]], "name": "GameInfo"}, {"headers": ["PLAYER_ID", "FIRST_NAME", "LAST_NAME", "JERSEY_NUM", "TEAM_ID", "TEAM_CITY", "TEAM_NAME", "TEAM_ABBREVIATION"], "rowSet": [[1733, "Al", "Harrington", " 3", 1610612753, "Orlando", "Magic", "ORL"], [203199, "DeQuan", "Jones", "20", 1610612753, "Orlando", "Magic", "ORL"], [202933, "Julyan", "Stone", "10", 1610612743, "Denver", "Nuggets", "DEN"], [202389, "Timofey", "Mozgov", "25", 1610612743, "Denver", "Nuggets", "DEN"]], "name": "InactivePlayers"}, {"headers": ["VIDEO_AVAILABLE_FLAG"], "rowSet": [[1]], "name": "AvailableVideo"}], "parameters": {"GameID": "0021200016", "RangeType": 0, "StartPeriod": 0, "StartRange": 0, "EndPeriod": 0, "EndRange": 0}}