{"resource": "boxscore", "resultSets": [{"headers": ["GAME_DATE_EST", "GAME_SEQUENCE", "GAME_ID", "GAME_STATUS_ID", "GAME_STATUS_TEXT", "GAMECODE", "HOME_TEAM_ID", "VISITOR_TEAM_ID", "SEASON", "LIVE_PERIOD", "LIVE_PC_TIME", "NATL_TV_BROADCASTER_ABBREVIATION", "LIVE_PERIOD_TIME_BCAST", "WH_STATUS"], "rowSet": [["2012-11-03T00:00:00", 10, "0021200036", 3, "Final", "20121103/GSWLAC", 1610612746, 1610612744, "2012", 4, "", "NBA TV", "Q4  - NBA TV", 1]], "name": "GameSummary"}, {"headers": ["GAME_DATE_EST", "GAME_SEQUENCE", "GAME_ID", "TEAM_ID", "TEAM_ABBREVIATION", "TEAM_CITY_NAME", "TEAM_WINS_LOSSES", "PTS_QTR1", "PTS_QTR2", "PTS_QTR3", "PTS_QTR4", "PTS_OT1", "PTS_OT2", "PTS_OT3", "PTS_OT4", "PTS_OT5", "PTS_OT6", "PTS_OT7", "PTS_OT8", "PTS_OT9", "PTS_OT10", "PTS"], "rowSet": [["2012-11-03T00:00:00", 10, "0021200036", 1610612746, "LAC", "Los Angeles", "2-1", 24, 29, 26, 31, 0, 0, 0, 0, 0, 0, 0, 0, 0, 0, 110], ["2012-11-03T00:00:00", 10, "0021200036", 1610612744, "GSW", "Golden State", "2-1", 33, 24, 28, 29, 0, 0, 0, 0, 0, 0, 0, 0, 0, 0, 114]], "name": "LineScore"}, {"headers": ["GAME_ID", "HOME_TEAM_ID", "VISITOR_TEAM_ID", "GAME_DATE_EST", "HOME_TEAM_WINS", "HOME_TEAM_LOSSES", "SERIES_LEADER"], "rowSet": [["0021200036", 1610612746, 1610612744, "2012-11-03T00:00:00", 1, 3, "Golden State"]], "name": "SeasonSeries"}, {"headers": ["GAME_ID", "LAST_GAME_ID", "LAST_GAME_DATE_EST", "LAST_GAME_HOME_TEAM_ID", "LAST_GAME_HOME_TEAM_CITY", "LAST_GAME_HOME_TEAM_NAME", "LAST_GAME_HOME_TEAM_ABBREVIATION", "LAST_GAME_HOME_TEAM_POINTS", "LAST_GAME_VISITOR_TEAM_ID", "LAST_GAME_VISITOR_TEAM_CITY", "LAST_GAME_VISITOR_TEAM_NAME", "LAST_GAME_VISITOR_TEAM_CITY1", "LAST_GAME_VISITOR_TEAM_POINTS"], "rowSet": [["0021200036", "0011200094", "2012-10-22T00:00:00", 1610612746, "Los Angeles", "Clippers", "LAC", 88, 1610612744, "Golden State", "Warriors", "GSW", 71]], "name": "LastMeeting"}, {"headers": ["GAME_ID", "TEAM_ID", "TEAM_ABBREVIATION", "TEAM_CITY", "PLAYER_ID", "PLAYER_NAME", "START_POSITION", "COMMENT", "MIN", "FGM", "FGA", "FG_PCT", "FG3M", "FG3A", "FG3_PCT", "FTM", "FTA", "FT_PCT", "OREB", "DREB", "REB", "AST", "STL", "BLK", "TO", "PF", "PTS", "PLUS_MINUS"], "rowSet": [["0021200036", 1610612744, "GSW", "Golden State", 203084, "Harrison Barnes", "F", "", "19:54", 4, 6, 0.667, 0, 0, 0.0, 2, 2, 1.0, 0, 1, 1, 1, 0, 0, 0, 5, 10, 3.0], ["0021200036", 1610612744, "GSW", "Golden State", 101135, "David Lee", "F", "", "29:16", 4, 8, 0.5, 0, 0, 0.0, 0, 0, 0.0, 1, 11, 12, 4, 0, 0, 1, 4, 8, 3.0], ["0021200036", 1610612744, "GSW", "Golden State", 203105, "Festus Ezeli", "C", "", "27:50", 2, 4, 0.5, 0, 0, 0.0, 4, 10, 0.4, 3, 2, 5, 0, 0, 1, 1, 4, 8, 5.0], ["0021200036", 1610612744, "GSW", "Golden State", 202691, "Klay Thompson", "G", "", "28:19", 6, 17, 0.353, 2, 6, 0.333, 3, 3, 1.0, 3, 5, 8, 3, 1, 0, 2, 4, 17, 2.0], ["0021200036", 1610612744, "GSW", "Golden State", 201939, "Stephen Curry", "G", "", "43:02", 6, 16, 0.375, 2, 7, 0.286, 9, 10, 0.9, 0, 4, 4, 4, 3, 0, 5, 4, 23, 6.0], ["0021200036", 1610612744, "GSW", "Golden State", 2210, "Richard Jefferson", "", "", "21:60", 3, 7, 0.429, 0, 2, 0.0, 3, 4, 0.75, 1, 1, 2, 1, 2, 0, 1, 1, 9, 9.0], ["0021200036", 1610612744, "GSW", "Golden State", 201171, "Carl Landry", "", "", "32:14", 11, 16, 0.688, 0, 0, 0.0, 1, 4, 0.25, 6, 4, 10, 2, 0, 1, 2, 5, 23, 0.0], ["0021200036", 1610612744, "GSW", "Golden State", 101127, "Jarrett Jack", "", "", "31:31", 5, 8, 0.625, 0, 0, 0.0, 6, 6, 1.0, 2, 4, 6, 7, 1, 0, 0, 4, 16, -3.0], ["0021200036", 1610612744, "GSW", "Golden State", 203110, "Draymond Green", "", "", "5:24", 0, 2, 0.0, 0, 1, 0.0, 0, 0, 0.0, 0, 0, 0, 0, 0, 0, 1, 2, 0, 0.0], ["0021200036", 1610612744, "GSW", "Golden State", 2740, "Andris Biedrins", "", "", "0:25", 0, 0, 0.0, 0, 0, 0.0, 0, 0, 0.0, 0, 0, 0, 0, 0, 0, 0, 1, 0, -3.0], ["0021200036", 1610612744, "GSW", "Golden State", 202724, "Charles Jenkins", "", "", "0:05", 0, 0, 0.0, 0, 0, 0.0, 0, 0, 0.0, 0, 0, 0, 0, 0, 0, 0, 0, 0, -2.0], ["0021200036", 1610612744, "GSW", "Golden State", 203145, "Kent Bazemore", "", "DNP - Coach's Decision", null, null, null, null, null, null, null, null, null, null, null, null, null, null, null, null, null, null, null, null], ["0021200036", 1610612744, "GSW", "Golden State", 202719, "Jeremy Tyler", "", "DNP - Coach's Decision", null, null, null, null, null, null, null, null, null, null, null, null, null, null, null, null, null, null, null, null], ["0021200036", 1610612746, "LAC", "Los Angeles", 2406, "Caron Butler", "F", "", "31:35", 8, 10, 0.8, 4, 5, 0.8, 0, 1, 0.0, 0, 1, 1, 1, 0, 1, 2, 3, 20, -2.0], ["0021200036", 1610612746, "LAC", "Los Angeles", 201933, "Blake Griffin", "F", "", "37:58", 4, 12, 0.333, 0, 0, 0.0, 11, 16, 0.688, 2, 9, 11, 4, 3, 0, 2, 5, 19, 3.0], ["0021200036", 1610612746, "LAC", "Los Angeles", 201599, "DeAndre Jordan", "C", "", "22:14", 2, 4, 0.5, 0, 0, 0.0, 0, 2, 0.0, 3, 5, 8, 0, 0, 2, 1, 6, 4, -2.0], ["0021200036", 1610612746, "LAC", "Los Angeles", 2584, "Willie Green", "G", "", "15:54", 1, 4, 0.25, 0, 3, 0.0, 0, 0, 0.0, 0, 0, 0, 0, 0, 0, 1, 2, 2, -13.0], ["0021200036", 1610612746, "LAC", "Los Angeles", 101108, "Chris Paul", "G", "", "33:15", 3, 9, 0.333, 2, 2, 1.0, 19, 20, 0.95, 0, 2, 2, 10, 1, 0, 5, 3, 27, 2.0], ["0021200036", 1610612746, "LAC", "Los Angeles", 200797, "Ryan Hollins", "", "", "17:50", 1, 1, 1.0, 0, 0, 0.0, 2, 2, 1.0, 0, 4, 4, 0, 0, 1, 2, 2, 4, -6.0], ["0021200036", 1610612746, "LAC", "Los Angeles", 2440, "Matt Barnes", "", "", "24:24", 0, 3, 0.0, 0, 3, 0.0, 1, 2, 0.5, 1, 1, 2, 2, 0, 1, 0, 3, 1, -1.0], ["0021200036", 1610612746, "LAC", "Los Angeles", 2037, "Jamal Crawford", "", "", "31:53", 8, 17, 0.471, 4, 8, 0.5, 7, 9, 0.778, 0, 3, 3, 1, 0, 0, 1, 1, 27, 14.0], ["0021200036", 1610612746, "LAC", "Los Angeles", 202339, "Eric Bledsoe", "", "", "14:58", 2, 5, 0.4, 0, 0, 0.0, 0, 0, 0.0, 1, 0, 1, 3, 2, 0, 1, 2, 4, -11.0], ["0021200036", 1610612746, "LAC", "Los Angeles", 1885, "Lamar Odom", "", "", "9:59", 1, 5, 0.2, 0, 0, 0.0, 0, 0, 0.0, 0, 1, 1, 0, 0, 0, 1, 4, 2, -4.0], ["0021200036", 1610612746, "LAC", "Los Angeles", 101142, "Ronny Turiaf", "", "DNP - Coach's Decision", null, null, null, null, null, null, null, null, null, null, null, null, null, null, null, null, null, null, null, null]], "name": "PlayerStats"}, {"headers": ["GAME_ID", "TEAM_ID", "TEAM_NAME", "TEAM_ABBREVIATION", "TEAM_CITY", "MIN", "FGM", "FGA", "FG_PCT", "FG3M", "FG3A", "FG3_PCT", "FTM", "FTA", "FT_PCT", "OREB", "DREB", "REB", "AST", "STL", "BLK", "TO", "PF", "PTS", "PLUS_MINUS"], "rowSet": [["0021200036", 1610612746, "Clippers", "LAC", "Los Angeles", "240:00", 30, 70, 0.429, 10, 21, 0.476, 40, 52, 0.769, 7, 26, 33, 21, 6, 5, 16, 31, 110, -4.0], ["0021200036", 1610612744, "Warriors", "GSW", "Golden State", "240:00", 41, 84, 0.488, 4, 16, 0.25, 28, 39, 0.718, 16, 32, 48, 22, 7, 2, 13, 34, 114, 4.0]], "name": "TeamStats"}, {"headers": ["LEAGUE_ID", "SEASON_ID", "TEAM_ID", "TEAM_ABBREVIATION", "TEAM_CITY", "PTS_PAINT", "PTS_2ND_CHANCE", "PTS_FB", "LARGEST_LEAD", "LEAD_CHANGES", "TIMES_TIED"], "rowSet": [["00", "22012", 1610612746, "LAC", "Los Angeles", 32, 13, 16, 14, 0, 4], ["00", "22012", 1610612744, "GSW", "Golden State", 48, 19, 14, 14, 0, 4]], "name": "OtherStats"}, {"headers": ["OFFICIAL_ID", "FIRST_NAME", "LAST_NAME", "JERSEY_NUM"], "rowSet": [[1179, "Rodney", "Mott", "71"], [101283, "Brian", "Forte", "45"], [202053, "Scott", "Twardoski", "52"]], "name": "Officials"}, {"headers": ["GAME_DATE", "ATTENDANCE", "GAME_TIME"], "rowSet": [["SATURDAY, NOVEMBER 3, 2012", 19060, "2:45"]], "name": "GameInfo"}, {"headers": ["PLAYER_ID", "FIRST_NAME", "LAST_NAME", "JERSEY_NUM", "TEAM_ID", "TEAM_CITY", "TEAM_NAME", "TEAM_ABBREVIATION"], "rowSet": [[1497, "Chauncey", "Billups", " 1", 1610612746, "Los Angeles", "Clippers", "LAC"], [255, "Grant", "Hill", "33", 1610612746, "Los Angeles", "Clippers", "LAC"], [202717, "Trey", "Thompkins", " 9", 1610612746, "Los Angeles", "Clippers", "LAC"], [201575, "Brandon", "Rush", " 4", 1610612744, "Golden State", "Warriors", "GSW"], [101106, "Andrew", "Bogut", "12", 1610612744, "Golden State", "Warriors", "GSW"]], "name": "InactivePlayers"}, {"headers": ["VIDEO_AVAILABLE_FLAG"], "rowSet": [[1]], "name": "AvailableVideo"}], "parameters": {"GameID": "0021200036", "RangeType": 0, "StartPeriod": 0, "StartRange": 0, "EndPeriod": 0, "EndRange": 0}}