{"resource": "boxscore", "resultSets": [{"headers": ["GAME_DATE_EST", "GAME_SEQUENCE", "GAME_ID", "GAME_STATUS_ID", "GAME_STATUS_TEXT", "GAMECODE", "HOME_TEAM_ID", "VISITOR_TEAM_ID", "SEASON", "LIVE_PERIOD", "LIVE_PC_TIME", "NATL_TV_BROADCASTER_ABBREVIATION", "LIVE_PERIOD_TIME_BCAST", "WH_STATUS"], "rowSet": [["2012-11-06T00:00:00", 1, "0021200050", 3, "Final", "20121106/ORLCHI", 1610612741, 1610612753, "2012", 4, "", null, "Q4  - ", 1]], "name": "GameSummary"}, {"headers": ["GAME_DATE_EST", "GAME_SEQUENCE", "GAME_ID", "TEAM_ID", "TEAM_ABBREVIATION", "TEAM_CITY_NAME", "TEAM_WINS_LOSSES", "PTS_QTR1", "PTS_QTR2", "PTS_QTR3", "PTS_QTR4", "PTS_OT1", "PTS_OT2", "PTS_OT3", "PTS_OT4", "PTS_OT5", "PTS_OT6", "PTS_OT7", "PTS_OT8", "PTS_OT9", "PTS_OT10", "PTS"], "rowSet": [["2012-11-06T00:00:00", 1, "0021200050", 1610612753, "ORL", "Orlando", "2-1", 24, 24, 22, 23, 0, 0, 0, 0, 0, 0, 0, 0, 0, 0, 93], ["2012-11-06T00:00:00", 1, "0021200050", 1610612741, "CHI", "Chicago", "3-1", 23, 22, 23, 31, 0, 0, 0, 0, 0, 0, 0, 0, 0, 0, 99]], "name": "LineScore"}, {"headers": ["GAME_ID", "HOME_TEAM_ID", "VISITOR_TEAM_ID", "GAME_DATE_EST", "HOME_TEAM_WINS", "HOME_TEAM_LOSSES", "SERIES_LEADER"], "rowSet": [["0021200050", 1610612741, 1610612753, "2012-11-06T00:00:00", 4, 0, "Chicago"]], "name": "SeasonSeries"}, {"headers": ["GAME_ID", "LAST_GAME_ID", "LAST_GAME_DATE_EST", "LAST_GAME_HOME_TEAM_ID", "LAST_GAME_HOME_TEAM_CITY", "LAST_GAME_HOME_TEAM_NAME", "LAST_GAME_HOME_TEAM_ABBREVIATION", "LAST_GAME_HOME_TEAM_POINTS", "LAST_GAME_VISITOR_TEAM_ID", "LAST_GAME_VISITOR_TEAM_CITY", "LAST_GAME_VISITOR_TEAM_NAME", "LAST_GAME_VISITOR_TEAM_CITY1", "LAST_GAME_VISITOR_TEAM_POINTS"], "rowSet": [["0021200050", "0021100673", "2012-03-19T00:00:00", 1610612741, "Chicago", "Bulls", "CHI", 85, 1610612753, "Orlando", "Magic", "ORL", 59]], "name": "LastMeeting"}, {"headers": ["GAME_ID", "TEAM_ID", "TEAM_ABBREVIATION", "TEAM_CITY", "PLAYER_ID", "PLAYER_NAME", "START_POSITION", "COMMENT", "MIN", "FGM", "FGA", "FG_PCT", "FG3M", "FG3A", "FG3_PCT", "FTM", "FTA", "FT_PCT", "OREB", "DREB", "REB", "AST", "STL", "BLK", "TO", "PF", "PTS", "PLUS_MINUS"], "rowSet": [["0021200050", 1610612753, "ORL", "Orlando", 203199, "DeQuan Jones", "F", "", "11:51", 1, 2, 0.5, 0, 0, 0.0, 0, 0, 0.0, 0, 2, 2, 0, 1, 1, 0, 0, 2, -9.0], ["0021200050", 1610612753, "ORL", "Orlando", 201175, "Glen Davis", "F", "", "35:45", 7, 22, 0.318, 0, 1, 0.0, 2, 5, 0.4, 4, 6, 10, 1, 1, 0, 1, 6, 16, -8.0], ["0021200050", 1610612753, "ORL", "Orlando", 202696, "Nikola Vucevic", "C", "", "41:32", 5, 13, 0.385, 0, 0, 0.0, 6, 7, 0.857, 3, 7, 10, 0, 1, 2, 2, 3, 16, 1.0], ["0021200050", 1610612753, "ORL", "Orlando", 201167, "Arron Afflalo", "G", "", "34:08", 10, 17, 0.588, 3, 7, 0.429, 5, 5, 1.0, 1, 4, 5, 5, 1, 1, 0, 3, 28, -4.0], ["0021200050", 1610612753, "ORL", "Orlando", 202734, "E'Twaun Moore", "G", "", "33:27", 7, 13, 0.538, 3, 4, 0.75, 0, 0, 0.0, 3, 2, 5, 2, 0, 0, 1, 4, 17, -4.0], ["0021200050", 1610612753, "ORL", "Orlando", 200755, "JJ Redick", "", "", "34:21", 4, 11, 0.364, 2, 6, 0.333, 0, 0, 0.0, 0, 2, 2, 7, 0, 0, 2, 2, 10, -4.0], ["0021200050", 1610612753, "ORL", "Orlando", 201177, "Josh McRoberts", "", "", "14:44", 0, 0, 0.0, 0, 0, 0.0, 0, 0, 0.0, 0, 4, 4, 1, 0, 0, 0, 1, 0, -4.0], ["0021200050", 1610612753, "ORL", "Orlando", 202397, "Ish Smith", "", "", "16:21", 1, 5, 0.2, 0, 1, 0.0, 0, 0, 0.0, 0, 2, 2, 5, 0, 0, 2, 0, 2, 5.0], ["0021200050", 1610612753, "ORL", "Orlando", 202970, "Gustavo Ayon", "", "", "11:00", 0, 1, 0.0, 0, 0, 0.0, 0, 0, 0.0, 0, 0, 0, 2, 0, 1, 3, 1, 0, 4.0], ["0021200050", 1610612753, "ORL", "Orlando", 203094, "Andrew Nicholson", "", "", "6:51", 1, 2, 0.5, 0, 0, 0.0, 0, 0, 0.0, 0, 3, 3, 0, 0, 0, 0, 2, 2, -7.0], ["0021200050", 1610612753, "ORL", "Orlando", 203090, "Maurice Harkless", "", "DNP - Coach's Decision", null, null, null, null, null, null, null, null, null, null, null, null, null, null, null, null, null, null, null, null], ["0021200050", 1610612753, "ORL", "Orlando", 2749, "Jameer Nelson", "", "DND - Strained Right Hamstring and Groin", null, null, null, null, null, null, null, null, null, null, null, null, null, null, null, null, null, null, null, null], ["0021200050", 1610612753, "ORL", "Orlando", 203124, "Kyle O'Quinn", "", "DNP - Coach's Decision", null, null, null, null, null, null, null, null, null, null, null, null, null, null, null, null, null, null, null, null], ["0021200050", 1610612741, "CHI", "Chicago", 2736, "Luol Deng", "F", "", "38:23", 9, 16, 0.563, 0, 2, 0.0, 5, 6, 0.833, 1, 7, 8, 4, 0, 0, 1, 1, 23, 1.0], ["0021200050", 1610612741, "CHI", "Chicago", 2430, "Carlos Boozer", "F", "", "28:29", 6, 18, 0.333, 0, 0, 0.0, 0, 0, 0.0, 2, 6, 8, 3, 1, 0, 1, 3, 12, 1.0], ["0021200050", 1610612741, "CHI", "Chicago", 201149, "Joakim Noah", "C", "", "40:44", 7, 13, 0.538, 0, 1, 0.0, 6, 8, 0.75, 3, 6, 9, 4, 0, 5, 2, 3, 20, 11.0], ["0021200050", 1610612741, "CHI", "Chicago", 1888, "Richard Hamilton", "G", "", "28:04", 3, 8, 0.375, 0, 0, 0.0, 1, 1, 1.0, 0, 3, 3, 2, 1, 0, 2, 0, 7, 11.0], ["0021200050", 1610612741, "CHI", "Chicago", 2550, "Kirk Hinrich", "G", "", "26:09", 3, 5, 0.6, 2, 2, 1.0, 0, 2, 0.0, 1, 4, 5, 5, 2, 0, 0, 1, 8, -4.0], ["0021200050", 1610612741, "CHI", "Chicago", 201158, "Marco Belinelli", "", "", "7:56", 1, 1, 1.0, 0, 0, 0.0, 0, 0, 0.0, 0, 0, 0, 1, 1, 0, 1, 0, 2, -13.0], ["0021200050", 1610612741, "CHI", "Chicago", 201959, "Taj Gibson", "", "", "19:32", 5, 9, 0.556, 0, 0, 0.0, 2, 3, 0.667, 0, 5, 5, 0, 0, 2, 0, 1, 12, 5.0], ["0021200050", 1610612741, "CHI", "Chicago", 1737, "Nazr Mohammed", "", "", "7:16", 0, 3, 0.0, 0, 0, 0.0, 0, 0, 0.0, 0, 0, 0, 0, 0, 0, 0, 0, 0, -5.0], ["0021200050", 1610612741, "CHI", "Chicago", 101126, "Nate Robinson", "", "", "21:51", 5, 8, 0.625, 0, 1, 0.0, 1, 2, 0.5, 0, 2, 2, 6, 1, 0, 2, 2, 11, 10.0], ["0021200050", 1610612741, "CHI", "Chicago", 202710, "Jimmy Butler", "", "", "21:37", 1, 3, 0.333, 0, 0, 0.0, 2, 2, 1.0, 2, 1, 3, 2, 1, 0, 0, 1, 4, 13.0], ["0021200050", 1610612741, "CHI", "Chicago", 2209, "Vladimir Radmanovic", "", "DNP - Coach's Decision", null, null, null, null, null, null, null, null, null, null, null, null, null, null, null, null, null, null, null, null], ["0021200050", 1610612741, "CHI", "Chicago", 203104, "Marquis Teague", "", "DNP - Coach's Decision", null, null, null, null, null, null, null, null, null, null, null, null, null, null, null, null, null, null, null, null]], "name": "PlayerStats"}, {"headers": ["GAME_ID", "TEAM_ID", "TEAM_NAME", "TEAM_ABBREVIATION", "TEAM_CITY", "MIN", "FGM", "FGA", "FG_PCT", "FG3M", "FG3A", "FG3_PCT", "FTM", "FTA", "FT_PCT", "OREB", "DREB", "REB", "AST", "STL", "BLK", "TO", "PF", "PTS", "PLUS_MINUS"], "rowSet": [["0021200050", 1610612753, "Magic", "ORL", "Orlando", "240:00", 36, 86, 0.419, 8, 19, 0.421, 13, 17, 0.765, 11, 32, 43, 23, 4, 5, 11, 22, 93, -6.0], ["0021200050", 1610612741, "Bulls", "CHI", "Chicago", "240:00", 40, 84, 0.476, 2, 6, 0.333, 17, 24, 0.708, 9, 34, 43, 27, 7, 7, 9, 12, 99, 6.0]], "name": "TeamStats"}, {"headers": ["LEAGUE_ID", "SEASON_ID", "TEAM_ID", "TEAM_ABBREVIATION", "TEAM_CITY", "PTS_PAINT", "PTS_2ND_CHANCE", "PTS_FB", "LARGEST_LEAD", "LEAD_CHANGES", "TIMES_TIED"], "rowSet": [["00", "22012", 1610612753, "ORL", "Orlando", 30, 11, 9, 10, 14, 4], ["00", "22012", 1610612741, "CHI", "Chicago", 34, 17, 9, 8, 14, 4]], "name": "OtherStats"}, {"headers": ["OFFICIAL_ID", "FIRST_NAME", "LAST_NAME", "JERSEY_NUM"], "rowSet": [[1201, "Leon", "Wood", "40"], [2001, "Jason", "Phillips", "23"], [2003, "Pat", "Fraher", "26"]], "name": "Officials"}, {"headers": ["GAME_DATE", "ATTENDANCE", "GAME_TIME"], "rowSet": [["TUESDAY, NOVEMBER 6, 2012", 21216, "2:11"]], "name": "GameInfo"}, {"headers": ["PLAYER_ID", "FIRST_NAME", "LAST_NAME", "JERSEY_NUM", "TEAM_ID", "TEAM_CITY", "TEAM_NAME", "TEAM_ABBREVIATION"], "rowSet": [[201565, "Derrick", "Rose", " 1", 1610612741, "Chicago", "Bulls", "CHI"], [2045, "Hedo", "Turkoglu", "15", 1610612753, "Orlando", "Magic", "ORL"], [1733, "Al", "Harrington", " 3", 1610612753, "Orlando", "Magic", "ORL"]], "name": "InactivePlayers"}, {"headers": ["VIDEO_AVAILABLE_FLAG"], "rowSet": [[1]], "name": "AvailableVideo"}], "parameters": {"GameID": "0021200050", "RangeType": 0, "StartPeriod": 0, "StartRange": 0, "EndPeriod": 0, "EndRange": 0}}