{"resource": "boxscore", "resultSets": [{"headers": ["GAME_DATE_EST", "GAME_SEQUENCE", "GAME_ID", "GAME_STATUS_ID", "GAME_STATUS_TEXT", "GAMECODE", "HOME_TEAM_ID", "VISITOR_TEAM_ID", "SEASON", "LIVE_PERIOD", "LIVE_PC_TIME", "NATL_TV_BROADCASTER_ABBREVIATION", "LIVE_PERIOD_TIME_BCAST", "WH_STATUS"], "rowSet": [["2012-11-02T00:00:00", 10, "0021200024", 3, "Final", "20121102/DETPHX", 1610612756, 1610612765, "2012", 4, "", null, "Q4  - ", 1]], "name": "GameSummary"}, {"headers": ["GAME_DATE_EST", "GAME_SEQUENCE", "GAME_ID", "TEAM_ID", "TEAM_ABBREVIATION", "TEAM_CITY_NAME", "TEAM_WINS_LOSSES", "PTS_QTR1", "PTS_QTR2", "PTS_QTR3", "PTS_QTR4", "PTS_OT1", "PTS_OT2", "PTS_OT3", "PTS_OT4", "PTS_OT5", "PTS_OT6", "PTS_OT7", "PTS_OT8", "PTS_OT9", "PTS_OT10", "PTS"], "rowSet": [["2012-11-02T00:00:00", 10, "0021200024", 1610612765, "DET", "Detroit", "0-2", 28, 18, 17, 26, 0, 0, 0, 0, 0, 0, 0, 0, 0, 0, 89], ["2012-11-02T00:00:00", 10, "0021200024", 1610612756, "PHX", "Phoenix", "1-1", 24, 30, 17, 21, 0, 0, 0, 0, 0, 0, 0, 0, 0, 0, 92]], "name": "LineScore"}, {"headers": ["GAME_ID", "HOME_TEAM_ID", "VISITOR_TEAM_ID", "GAME_DATE_EST", "HOME_TEAM_WINS", "HOME_TEAM_LOSSES", "SERIES_LEADER"], "rowSet": [["0021200024", 1610612756, 1610612765, "2012-11-02T00:00:00", 1, 1, "Tied"]], "name": "SeasonSeries"}, {"headers": ["GAME_ID", "LAST_GAME_ID", "LAST_GAME_DATE_EST", "LAST_GAME_HOME_TEAM_ID", "LAST_GAME_HOME_TEAM_CITY", "LAST_GAME_HOME_TEAM_NAME", "LAST_GAME_HOME_TEAM_ABBREVIATION", "LAST_GAME_HOME_TEAM_POINTS", "LAST_GAME_VISITOR_TEAM_ID", "LAST_GAME_VISITOR_TEAM_CITY", "LAST_GAME_VISITOR_TEAM_NAME", "LAST_GAME_VISITOR_TEAM_CITY1", "LAST_GAME_VISITOR_TEAM_POINTS"], "rowSet": [["0021200024", "0021100650", "2012-03-16T00:00:00", 1610612756, "Phoenix", "Suns", "PHX", 109, 1610612765, "Detroit", "Pistons", "DET", 101]], "name": "LastMeeting"}, {"headers": ["GAME_ID", "TEAM_ID", "TEAM_ABBREVIATION", "TEAM_CITY", "PLAYER_ID", "PLAYER_NAME", "START_POSITION", "COMMENT", "MIN", "FGM", "FGA", "FG_PCT", "FG3M", "FG3A", "FG3_PCT", "FTM", "FTA", "FT_PCT", "OREB", "DREB", "REB", "AST", "STL", "BLK", "TO", "PF", "PTS", "PLUS_MINUS"], "rowSet": [["0021200024", 1610612765, "DET", "Detroit", 2419, "Tayshaun Prince", "F", "", "34:21", 7, 15, 0.467, 1, 1, 1.0, 3, 5, 0.6, 1, 2, 3, 2, 0, 0, 1, 1, 18, 0.0], ["0021200024", 1610612765, "DET", "Detroit", 101131, "Jason Maxiell", "F", "", "31:23", 7, 12, 0.583, 0, 0, 0.0, 2, 3, 0.667, 4, 2, 6, 0, 0, 1, 1, 2, 16, -9.0], ["0021200024", 1610612765, "DET", "Detroit", 202328, "Greg Monroe", "C", "", "29:10", 5, 17, 0.294, 0, 0, 0.0, 0, 2, 0.0, 1, 5, 6, 0, 0, 0, 1, 4, 10, -6.0], ["0021200024", 1610612765, "DET", "Detroit", 201155, "Rodney Stuckey", "G", "", "22:07", 0, 7, 0.0, 0, 3, 0.0, 1, 1, 1.0, 0, 4, 4, 4, 0, 2, 2, 1, 1, -7.0], ["0021200024", 1610612765, "DET", "Detroit", 202688, "Brandon Knight", "G", "", "31:21", 5, 12, 0.417, 2, 4, 0.5, 1, 2, 0.5, 0, 5, 5, 10, 0, 0, 2, 3, 13, -7.0], ["0021200024", 1610612765, "DET", "Detroit", 101198, "Will Bynum", "", "", "16:40", 4, 9, 0.444, 0, 0, 0.0, 2, 2, 1.0, 0, 3, 3, 1, 1, 0, 1, 3, 10, 3.0], ["0021200024", 1610612765, "DET", "Detroit", 203119, "Kim English", "", "", "15:38", 0, 3, 0.0, 0, 1, 0.0, 0, 0, 0.0, 0, 1, 1, 2, 1, 0, 0, 0, 0, -2.0], ["0021200024", 1610612765, "DET", "Detroit", 201973, "Jonas Jerebko", "", "", "16:36", 5, 10, 0.5, 0, 3, 0.0, 1, 1, 1.0, 0, 1, 1, 0, 0, 0, 0, 3, 11, 7.0], ["0021200024", 1610612765, "DET", "Detroit", 203083, "Andre Drummond", "", "", "18:50", 2, 3, 0.667, 0, 0, 0.0, 1, 3, 0.333, 2, 6, 8, 1, 0, 2, 0, 2, 5, 3.0], ["0021200024", 1610612765, "DET", "Detroit", 202713, "Kyle Singler", "", "", "23:55", 2, 2, 1.0, 1, 1, 1.0, 0, 0, 0.0, 2, 0, 2, 0, 0, 0, 1, 0, 5, 3.0], ["0021200024", 1610612765, "DET", "Detroit", 201948, "Austin Daye", "", "DNP - Coach's Decision", null, null, null, null, null, null, null, null, null, null, null, null, null, null, null, null, null, null, null, null], ["0021200024", 1610612765, "DET", "Detroit", 203114, "Khris Middleton", "", "DNP - Coach's Decision", null, null, null, null, null, null, null, null, null, null, null, null, null, null, null, null, null, null, null, null], ["0021200024", 1610612765, "DET", "Detroit", 101111, "Charlie Villanueva", "", "DNP - Coach's Decision", null, null, null, null, null, null, null, null, null, null, null, null, null, null, null, null, null, null, null, null], ["0021200024", 1610612756, "PHX", "Phoenix", 201563, "Michael Beasley", "F", "", "28:38", 7, 18, 0.389, 0, 2, 0.0, 2, 2, 1.0, 3, 4, 7, 0, 0, 0, 3, 4, 16, 7.0], ["0021200024", 1610612756, "PHX", "Phoenix", 2449, "Luis Scola", "F", "", "28:43", 6, 12, 0.5, 0, 0, 0.0, 1, 1, 1.0, 2, 7, 9, 1, 1, 0, 1, 4, 13, 16.0], ["0021200024", 1610612756, "PHX", "Phoenix", 101162, "Marcin Gortat", "C", "", "35:33", 7, 13, 0.538, 0, 0, 0.0, 2, 2, 1.0, 4, 12, 16, 0, 1, 3, 1, 2, 16, 3.0], ["0021200024", 1610612756, "PHX", "Phoenix", 201162, "Jared Dudley", "G", "", "24:58", 1, 4, 0.25, 0, 3, 0.0, 0, 0, 0.0, 0, 1, 1, 1, 2, 0, 0, 2, 2, 11.0], ["0021200024", 1610612756, "PHX", "Phoenix", 201609, "Goran Dragic", "G", "", "34:21", 5, 10, 0.5, 1, 2, 0.5, 4, 6, 0.667, 1, 1, 2, 10, 1, 0, 1, 0, 15, 4.0], ["0021200024", 1610612756, "PHX", "Phoenix", 202693, "Markieff Morris", "", "", "19:14", 3, 12, 0.25, 0, 0, 0.0, 0, 0, 0.0, 3, 1, 4, 0, 1, 0, 3, 2, 6, -13.0], ["0021200024", 1610612756, "PHX", "Phoenix", 202325, "Wesley Johnson", "", "", "8:16", 1, 3, 0.333, 1, 1, 1.0, 0, 0, 0.0, 1, 1, 2, 0, 0, 0, 1, 1, 3, -3.0], ["0021200024", 1610612756, "PHX", "Phoenix", 2742, "Sebastian Telfair", "", "", "13:43", 2, 3, 0.667, 0, 1, 0.0, 1, 2, 0.5, 0, 1, 1, 1, 0, 1, 0, 2, 5, 0.0], ["0021200024", 1610612756, "PHX", "Phoenix", 200769, "Shannon Brown", "", "", "24:43", 7, 14, 0.5, 0, 2, 0.0, 0, 1, 0.0, 0, 4, 4, 2, 0, 0, 1, 0, 14, -5.0], ["0021200024", 1610612756, "PHX", "Phoenix", 979, "Jermaine O'Neal", "", "", "12:26", 0, 1, 0.0, 0, 0, 0.0, 0, 0, 0.0, 0, 4, 4, 0, 0, 1, 1, 3, 0, -1.0], ["0021200024", 1610612756, "PHX", "Phoenix", 200782, "PJ Tucker", "", "", "9:25", 1, 2, 0.5, 0, 0, 0.0, 0, 0, 0.0, 1, 1, 2, 0, 0, 0, 0, 0, 2, -4.0], ["0021200024", 1610612756, "PHX", "Phoenix", 203088, "Kendall Marshall", "", "DNP - Coach's Decision", null, null, null, null, null, null, null, null, null, null, null, null, null, null, null, null, null, null, null, null], ["0021200024", 1610612756, "PHX", "Phoenix", 202545, "Luke Zeller", "", "DNP - Coach's Decision", null, null, null, null, null, null, null, null, null, null, null, null, null, null, null, null, null, null, null, null]], "name": "PlayerStats"}, {"headers": ["GAME_ID", "TEAM_ID", "TEAM_NAME", "TEAM_ABBREVIATION", "TEAM_CITY", "MIN", "FGM", "FGA", "FG_PCT", "FG3M", "FG3A", "FG3_PCT", "FTM", "FTA", "FT_PCT", "OREB", "DREB", "REB", "AST", "STL", "BLK", "TO", "PF", "PTS", "PLUS_MINUS"], "rowSet": [["0021200024", 1610612756, "Suns", "PHX", "Phoenix", "240:00", 40, 92, 0.435, 2, 11, 0.182, 10, 14, 0.714, 15, 37, 52, 15, 6, 5, 12, 20, 92, 3.0], ["0021200024", 1610612765, "Pistons", "DET", "Detroit", "240:00", 37, 90, 0.411, 4, 13, 0.308, 11, 19, 0.579, 10, 29, 39, 20, 2, 5, 9, 19, 89, -3.0]], "name": "TeamStats"}, {"headers": ["LEAGUE_ID", "SEASON_ID", "TEAM_ID", "TEAM_ABBREVIATION", "TEAM_CITY", "PTS_PAINT", "PTS_2ND_CHANCE", "PTS_FB", "LARGEST_LEAD", "LEAD_CHANGES", "TIMES_TIED"], "rowSet": [["00", "22012", 1610612756, "PHX", "Phoenix", 48, 17, 3, 11, 9, 6], ["00", "22012", 1610612765, "DET", "Detroit", 46, 20, 2, 11, 9, 6]], "name": "OtherStats"}, {"headers": ["OFFICIAL_ID", "FIRST_NAME", "LAST_NAME", "JERSEY_NUM"], "rowSet": [[1162, "Scott", "Foster", "48"], [1179, "Rodney", "Mott", "71"], [200833, "Eric", "Dalen", "75"]], "name": "Officials"}, {"headers": ["GAME_DATE", "ATTENDANCE", "GAME_TIME"], "rowSet": [["FRIDAY, NOVEMBER 2, 2012", 15107, "2:18"]], "name": "GameInfo"}, {"headers": ["PLAYER_ID", "FIRST_NAME", "LAST_NAME", "JERSEY_NUM", "TEAM_ID", "TEAM_CITY", "TEAM_NAME", "TEAM_ABBREVIATION"], "rowSet": [[1894, "Corey", "Maggette", "50", 1610612765, "Detroit", "Pistons", "DET"], [203139, "Viacheslav", "Kravtsov", "55", 1610612765, "Detroit", "Pistons", "DET"], [101112, "Channing", "Frye", " 8", 1610612756, "Phoenix", "Suns", "PHX"], [203197, "Diante", "Garrett", "10", 1610612756, "Phoenix", "Suns", "PHX"]], "name": "InactivePlayers"}, {"headers": ["VIDEO_AVAILABLE_FLAG"], "rowSet": [[1]], "name": "AvailableVideo"}], "parameters": {"GameID": "0021200024", "RangeType": 0, "StartPeriod": 0, "StartRange": 0, "EndPeriod": 0, "EndRange": 0}}