{"resource": "boxscore", "resultSets": [{"headers": ["GAME_DATE_EST", "GAME_SEQUENCE", "GAME_ID", "GAME_STATUS_ID", "GAME_STATUS_TEXT", "GAMECODE", "HOME_TEAM_ID", "VISITOR_TEAM_ID", "SEASON", "LIVE_PERIOD", "LIVE_PC_TIME", "NATL_TV_BROADCASTER_ABBREVIATION", "LIVE_PERIOD_TIME_BCAST", "WH_STATUS"], "rowSet": [["2012-11-04T00:00:00", 1, "0021200037", 3, "Final", "20121104/PHINYK", 1610612752, 1610612755, "2012", 4, "", null, "Q4  - ", 1]], "name": "GameSummary"}, {"headers": ["GAME_DATE_EST", "GAME_SEQUENCE", "GAME_ID", "TEAM_ID", "TEAM_ABBREVIATION", "TEAM_CITY_NAME", "TEAM_WINS_LOSSES", "PTS_QTR1", "PTS_QTR2", "PTS_QTR3", "PTS_QTR4", "PTS_OT1", "PTS_OT2", "PTS_OT3", "PTS_OT4", "PTS_OT5", "PTS_OT6", "PTS_OT7", "PTS_OT8", "PTS_OT9", "PTS_OT10", "PTS"], "rowSet": [["2012-11-04T00:00:00", 1, "0021200037", 1610612755, "PHI", "Philadelphia", "1-1", 25, 19, 22, 18, 0, 0, 0, 0, 0, 0, 0, 0, 0, 0, 84], ["2012-11-04T00:00:00", 1, "0021200037", 1610612752, "NYK", "New York", "2-0", 31, 26, 18, 25, 0, 0, 0, 0, 0, 0, 0, 0, 0, 0, 100]], "name": "LineScore"}, {"headers": ["GAME_ID", "HOME_TEAM_ID", "VISITOR_TEAM_ID", "GAME_DATE_EST", "HOME_TEAM_WINS", "HOME_TEAM_LOSSES", "SERIES_LEADER"], "rowSet": [["0021200037", 1610612752, 1610612755, "2012-11-04T00:00:00", 3, 1, "New York"]], "name": "SeasonSeries"}, {"headers": ["GAME_ID", "LAST_GAME_ID", "LAST_GAME_DATE_EST", "LAST_GAME_HOME_TEAM_ID", "LAST_GAME_HOME_TEAM_CITY", "LAST_GAME_HOME_TEAM_NAME", "LAST_GAME_HOME_TEAM_ABBREVIATION", "LAST_GAME_HOME_TEAM_POINTS", "LAST_GAME_VISITOR_TEAM_ID", "LAST_GAME_VISITOR_TEAM_CITY", "LAST_GAME_VISITOR_TEAM_NAME", "LAST_GAME_VISITOR_TEAM_CITY1", "LAST_GAME_VISITOR_TEAM_POINTS"], "rowSet": [["0021200037", "0011200092", "2012-10-22T00:00:00", 1610612752, "New York", "Knicks", "NYK", 90, 1610612755, "Philadelphia", "76ers", "PHI", 98]], "name": "LastMeeting"}, {"headers": ["GAME_ID", "TEAM_ID", "TEAM_ABBREVIATION", "TEAM_CITY", "PLAYER_ID", "PLAYER_NAME", "START_POSITION", "COMMENT", "MIN", "FGM", "FGA", "FG_PCT", "FG3M", "FG3A", "FG3_PCT", "FTM", "FTA", "FT_PCT", "OREB", "DREB", "REB", "AST", "STL", "BLK", "TO", "PF", "PTS", "PLUS_MINUS"], "rowSet": [["0021200037", 1610612755, "PHI", "Philadelphia", 202323, "Evan Turner", "F", "", "37:04", 2, 9, 0.222, 1, 1, 1.0, 6, 6, 1.0, 1, 10, 11, 1, 2, 0, 2, 2, 11, -9.0], ["0021200037", 1610612755, "PHI", "Philadelphia", 201152, "Thaddeus Young", "F", "", "35:59", 7, 14, 0.5, 0, 0, 0.0, 2, 3, 0.667, 6, 0, 6, 1, 3, 0, 2, 6, 16, -1.0], ["0021200037", 1610612755, "PHI", "Philadelphia", 202730, "Lavoy Allen", "C", "", "25:45", 3, 4, 0.75, 0, 0, 0.0, 0, 0, 0.0, 1, 4, 5, 1, 0, 1, 1, 1, 6, -9.0], ["0021200037", 1610612755, "PHI", "Philadelphia", 201950, "Jrue Holiday", "G", "", "40:09", 11, 18, 0.611, 5, 6, 0.833, 0, 0, 0.0, 0, 2, 2, 7, 1, 0, 6, 1, 27, -2.0], ["0021200037", 1610612755, "PHI", "Philadelphia", 2202, "Jason Richardson", "G", "", "1:47", 0, 1, 0.0, 0, 0, 0.0, 0, 0, 0.0, 0, 0, 0, 0, 0, 0, 0, 0, 0, 0.0], ["0021200037", 1610612755, "PHI", "Philadelphia", 201156, "Nick Young", "", "", "31:48", 2, 10, 0.2, 1, 3, 0.333, 0, 0, 0.0, 0, 2, 2, 0, 0, 0, 1, 3, 5, -29.0], ["0021200037", 1610612755, "PHI", "Philadelphia", 2748, "Dorell Wright", "", "", "33:01", 5, 11, 0.455, 1, 5, 0.2, 0, 1, 0.0, 1, 8, 9, 0, 2, 1, 5, 0, 11, -7.0], ["0021200037", 1610612755, "PHI", "Philadelphia", 201150, "Spencer Hawes", "", "", "15:10", 4, 6, 0.667, 0, 0, 0.0, 0, 0, 0.0, 0, 5, 5, 2, 0, 0, 0, 4, 8, -8.0], ["0021200037", 1610612755, "PHI", "Philadelphia", 203146, "Maalik Wayns", "", "", "10:34", 0, 5, 0.0, 0, 1, 0.0, 0, 0, 0.0, 0, 0, 0, 2, 0, 0, 0, 1, 0, -13.0], ["0021200037", 1610612755, "PHI", "Philadelphia", 2767, "Royal Ivey", "", "", "8:43", 0, 1, 0.0, 0, 1, 0.0, 0, 0, 0.0, 1, 0, 1, 0, 0, 0, 1, 0, 0, -2.0], ["0021200037", 1610612755, "PHI", "Philadelphia", 2198, "Kwame Brown", "", "DNP - Coach's Decision", null, null, null, null, null, null, null, null, null, null, null, null, null, null, null, null, null, null, null, null], ["0021200037", 1610612755, "PHI", "Philadelphia", 203102, "Arnett Moultrie", "", "DNP - Coach's Decision", null, null, null, null, null, null, null, null, null, null, null, null, null, null, null, null, null, null, null, null], ["0021200037", 1610612755, "PHI", "Philadelphia", 2863, "Damien Wilkins", "", "DNP - Coach's Decision", null, null, null, null, null, null, null, null, null, null, null, null, null, null, null, null, null, null, null, null], ["0021200037", 1610612752, "NYK", "New York", 2546, "Carmelo Anthony", "F", "", "38:59", 10, 18, 0.556, 1, 4, 0.25, 6, 9, 0.667, 1, 4, 5, 1, 1, 2, 2, 2, 27, 5.0], ["0021200037", 1610612752, "NYK", "New York", 200758, "Ronnie Brewer", "F", "", "25:48", 4, 9, 0.444, 1, 3, 0.333, 0, 2, 0.0, 2, 3, 5, 1, 1, 0, 1, 1, 9, 12.0], ["0021200037", 1610612752, "NYK", "New York", 2199, "Tyson Chandler", "C", "", "20:39", 1, 2, 0.5, 0, 0, 0.0, 0, 0, 0.0, 2, 5, 7, 0, 0, 2, 0, 1, 2, 7.0], ["0021200037", 1610612752, "NYK", "New York", 101109, "Raymond Felton", "G", "", "30:01", 5, 10, 0.5, 1, 4, 0.25, 0, 0, 0.0, 0, 2, 2, 1, 1, 0, 4, 2, 11, 9.0], ["0021200037", 1610612752, "NYK", "New York", 467, "Jason Kidd", "G", "", "25:03", 4, 8, 0.5, 2, 5, 0.4, 2, 2, 1.0, 1, 2, 3, 6, 3, 0, 0, 1, 12, 14.0], ["0021200037", 1610612752, "NYK", "New York", 2747, "J.R. Smith", "", "", "34:51", 8, 15, 0.533, 4, 5, 0.8, 0, 0, 0.0, 1, 8, 9, 2, 2, 0, 3, 0, 20, 10.0], ["0021200037", 1610612752, "NYK", "New York", 703, "Kurt Thomas", "", "", "18:10", 2, 4, 0.5, 0, 0, 0.0, 1, 1, 1.0, 1, 4, 5, 2, 0, 1, 0, 1, 5, 5.0], ["0021200037", 1610612752, "NYK", "New York", 203143, "Pablo Prigioni", "", "", "15:23", 1, 4, 0.25, 0, 1, 0.0, 0, 0, 0.0, 0, 0, 0, 4, 2, 0, 2, 1, 2, 9.0], ["0021200037", 1610612752, "NYK", "New York", 200779, "Steve Novak", "", "", "23:40", 2, 5, 0.4, 2, 5, 0.4, 0, 0, 0.0, 0, 1, 1, 0, 1, 0, 2, 1, 6, -4.0], ["0021200037", 1610612752, "NYK", "New York", 739, "Rasheed Wallace", "", "", "3:40", 1, 1, 1.0, 0, 0, 0.0, 1, 2, 0.5, 0, 2, 2, 1, 1, 0, 0, 0, 3, 5.0], ["0021200037", 1610612752, "NYK", "New York", 200778, "James White", "", "", "1:53", 0, 0, 0.0, 0, 0, 0.0, 1, 2, 0.5, 0, 0, 0, 0, 0, 0, 0, 0, 1, 4.0], ["0021200037", 1610612752, "NYK", "New York", 203142, "Chris Copeland", "", "", "1:53", 1, 1, 1.0, 0, 0, 0.0, 0, 0, 0.0, 0, 0, 0, 0, 0, 0, 0, 0, 2, 4.0], ["0021200037", 1610612752, "NYK", "New York", 948, "Marcus Camby", "", "DNP - Coach's Decision", null, null, null, null, null, null, null, null, null, null, null, null, null, null, null, null, null, null, null, null]], "name": "PlayerStats"}, {"headers": ["GAME_ID", "TEAM_ID", "TEAM_NAME", "TEAM_ABBREVIATION", "TEAM_CITY", "MIN", "FGM", "FGA", "FG_PCT", "FG3M", "FG3A", "FG3_PCT", "FTM", "FTA", "FT_PCT", "OREB", "DREB", "REB", "AST", "STL", "BLK", "TO", "PF", "PTS", "PLUS_MINUS"], "rowSet": [["0021200037", 1610612755, "76ers", "PHI", "Philadelphia", "240:00", 34, 79, 0.43, 8, 17, 0.471, 8, 10, 0.8, 10, 31, 41, 14, 8, 2, 18, 18, 84, -16.0], ["0021200037", 1610612752, "Knicks", "NYK", "New York", "240:00", 39, 77, 0.506, 11, 27, 0.407, 11, 18, 0.611, 8, 31, 39, 18, 12, 5, 14, 10, 100, 16.0]], "name": "TeamStats"}, {"headers": ["LEAGUE_ID", "SEASON_ID", "TEAM_ID", "TEAM_ABBREVIATION", "TEAM_CITY", "PTS_PAINT", "PTS_2ND_CHANCE", "PTS_FB", "LARGEST_LEAD", "LEAD_CHANGES", "TIMES_TIED"], "rowSet": [["00", "22012", 1610612755, "PHI", "Philadelphia", 38, 11, 2, 17, 1, 2], ["00", "22012", 1610612752, "NYK", "New York", 36, 9, 4, 17, 1, 2]], "name": "OtherStats"}, {"headers": ["OFFICIAL_ID", "FIRST_NAME", "LAST_NAME", "JERSEY_NUM"], "rowSet": [[1185, "Violet", "Palmer", "12"], [1194, "Bill", "Spooner", "22"], [1151, "Sean", "Corbin", "33"]], "name": "Officials"}, {"headers": ["GAME_DATE", "ATTENDANCE", "GAME_TIME"], "rowSet": [["SUNDAY, NOVEMBER 4, 2012", 19033, "2:05"]], "name": "GameInfo"}, {"headers": ["PLAYER_ID", "FIRST_NAME", "LAST_NAME", "JERSEY_NUM", "TEAM_ID", "TEAM_CITY", "TEAM_NAME", "TEAM_ABBREVIATION"], "rowSet": [[101115, "Andrew", "Bynum", "33", 1610612755, "Philadelphia", "76ers", "PHI"], [202697, "Iman", "Shumpert", "21", 1610612752, "New York", "Knicks", "NYK"], [2405, "Amar'e", "Stoudemire", " 1", 1610612752, "New York", "Knicks", "NYK"]], "name": "InactivePlayers"}, {"headers": ["VIDEO_AVAILABLE_FLAG"], "rowSet": [[1]], "name": "AvailableVideo"}], "parameters": {"GameID": "0021200037", "RangeType": 0, "StartPeriod": 0, "StartRange": 0, "EndPeriod": 0, "EndRange": 0}}