{"resource": "boxscore", "resultSets": [{"headers": ["GAME_DATE_EST", "GAME_SEQUENCE", "GAME_ID", "GAME_STATUS_ID", "GAME_STATUS_TEXT", "GAMECODE", "HOME_TEAM_ID", "VISITOR_TEAM_ID", "SEASON", "LIVE_PERIOD", "LIVE_PC_TIME", "NATL_TV_BROADCASTER_ABBREVIATION", "LIVE_PERIOD_TIME_BCAST", "WH_STATUS"], "rowSet": [["2012-11-07T00:00:00", 5, "0021200057", 3, "Final", "20121107/MEMMIL", 1610612749, 1610612763, "2012", 4, "", null, "Q4  - ", 1]], "name": "GameSummary"}, {"headers": ["GAME_DATE_EST", "GAME_SEQUENCE", "GAME_ID", "TEAM_ID", "TEAM_ABBREVIATION", "TEAM_CITY_NAME", "TEAM_WINS_LOSSES", "PTS_QTR1", "PTS_QTR2", "PTS_QTR3", "PTS_QTR4", "PTS_OT1", "PTS_OT2", "PTS_OT3", "PTS_OT4", "PTS_OT5", "PTS_OT6", "PTS_OT7", "PTS_OT8", "PTS_OT9", "PTS_OT10", "PTS"], "rowSet": [["2012-11-07T00:00:00", 5, "0021200057", 1610612749, "MIL", "Milwaukee", "2-1", 22, 21, 25, 22, 0, 0, 0, 0, 0, 0, 0, 0, 0, 0, 90], ["2012-11-07T00:00:00", 5, "0021200057", 1610612763, "MEM", "Memphis", "3-1", 23, 33, 25, 27, 0, 0, 0, 0, 0, 0, 0, 0, 0, 0, 108]], "name": "LineScore"}, {"headers": ["GAME_ID", "HOME_TEAM_ID", "VISITOR_TEAM_ID", "GAME_DATE_EST", "HOME_TEAM_WINS", "HOME_TEAM_LOSSES", "SERIES_LEADER"], "rowSet": [["0021200057", 1610612749, 1610612763, "2012-11-07T00:00:00", 0, 2, "Memphis"]], "name": "SeasonSeries"}, {"headers": ["GAME_ID", "LAST_GAME_ID", "LAST_GAME_DATE_EST", "LAST_GAME_HOME_TEAM_ID", "LAST_GAME_HOME_TEAM_CITY", "LAST_GAME_HOME_TEAM_NAME", "LAST_GAME_HOME_TEAM_ABBREVIATION", "LAST_GAME_HOME_TEAM_POINTS", "LAST_GAME_VISITOR_TEAM_ID", "LAST_GAME_VISITOR_TEAM_CITY", "LAST_GAME_VISITOR_TEAM_NAME", "LAST_GAME_VISITOR_TEAM_CITY1", "LAST_GAME_VISITOR_TEAM_POINTS"], "rowSet": [["0021200057", "0011200067", "2012-10-18T00:00:00", 1610612749, "Milwaukee", "Bucks", "MIL", 94, 1610612763, "Memphis", "Grizzlies", "MEM", 97]], "name": "LastMeeting"}, {"headers": ["GAME_ID", "TEAM_ID", "TEAM_ABBREVIATION", "TEAM_CITY", "PLAYER_ID", "PLAYER_NAME", "START_POSITION", "COMMENT", "MIN", "FGM", "FGA", "FG_PCT", "FG3M", "FG3A", "FG3_PCT", "FTM", "FTA", "FT_PCT", "OREB", "DREB", "REB", "AST", "STL", "BLK", "TO", "PF", "PTS", "PLUS_MINUS"], "rowSet": [["0021200057", 1610612763, "MEM", "Memphis", 200752, "Rudy Gay", "F", "", "34:45", 7, 20, 0.35, 0, 3, 0.0, 3, 4, 0.75, 1, 4, 5, 2, 2, 0, 3, 1, 17, 8.0], ["0021200057", 1610612763, "MEM", "Memphis", 2216, "Zach Randolph", "F", "", "36:16", 7, 12, 0.583, 0, 0, 0.0, 4, 5, 0.8, 4, 9, 13, 1, 1, 0, 3, 1, 18, 17.0], ["0021200057", 1610612763, "MEM", "Memphis", 201188, "Marc Gasol", "C", "", "36:42", 5, 8, 0.625, 0, 0, 0.0, 4, 6, 0.667, 3, 6, 9, 5, 1, 1, 1, 3, 14, 11.0], ["0021200057", 1610612763, "MEM", "Memphis", 2754, "Tony Allen", "G", "", "16:36", 3, 6, 0.5, 0, 1, 0.0, 0, 0, 0.0, 0, 5, 5, 0, 1, 2, 3, 4, 6, 10.0], ["0021200057", 1610612763, "MEM", "Memphis", 201144, "Mike Conley", "G", "", "32:55", 5, 9, 0.556, 0, 3, 0.0, 3, 3, 1.0, 0, 2, 2, 12, 0, 0, 2, 1, 13, 5.0], ["0021200057", 1610612763, "MEM", "Memphis", 201961, "Wayne Ellington", "", "", "18:28", 2, 3, 0.667, 1, 2, 0.5, 0, 0, 0.0, 1, 2, 3, 2, 0, 0, 0, 2, 5, 9.0], ["0021200057", 1610612763, "MEM", "Memphis", 201578, "Marreese Speights", "", "", "21:59", 9, 13, 0.692, 0, 0, 0.0, 0, 1, 0.0, 1, 8, 9, 1, 0, 2, 1, 4, 18, 10.0], ["0021200057", 1610612763, "MEM", "Memphis", 201573, "Jerryd Bayless", "", "", "13:05", 3, 4, 0.75, 2, 3, 0.667, 0, 0, 0.0, 0, 1, 1, 3, 1, 0, 0, 2, 8, 14.0], ["0021200057", 1610612763, "MEM", "Memphis", 202347, "Quincy Pondexter", "", "", "23:08", 3, 6, 0.5, 3, 4, 0.75, 0, 0, 0.0, 1, 1, 2, 1, 1, 0, 0, 2, 9, 12.0], ["0021200057", 1610612763, "MEM", "Memphis", 203100, "Tony Wroten", "", "", "3:05", 0, 1, 0.0, 0, 0, 0.0, 0, 0, 0.0, 0, 0, 0, 0, 0, 0, 0, 0, 0, -3.0], ["0021200057", 1610612763, "MEM", "Memphis", 202729, "Josh Selby", "", "", "3:05", 0, 1, 0.0, 0, 0, 0.0, 0, 0, 0.0, 0, 0, 0, 1, 0, 0, 1, 0, 0, -3.0], ["0021200057", 1610612763, "MEM", "Memphis", 201589, "Darrell Arthur", "", "DNP - Coach's Decision", null, null, null, null, null, null, null, null, null, null, null, null, null, null, null, null, null, null, null, null], ["0021200057", 1610612763, "MEM", "Memphis", 201632, "Hamed Haddadi", "", "DNP - Coach's Decision", null, null, null, null, null, null, null, null, null, null, null, null, null, null, null, null, null, null, null, null], ["0021200057", 1610612749, "MIL", "Milwaukee", 202699, "Tobias Harris", "F", "", "24:19", 3, 7, 0.429, 0, 0, 0.0, 2, 2, 1.0, 3, 3, 6, 1, 0, 1, 0, 2, 8, -14.0], ["0021200057", 1610612749, "MIL", "Milwaukee", 101141, "Ersan Ilyasova", "F", "", "20:59", 3, 7, 0.429, 1, 2, 0.5, 0, 2, 0.0, 0, 4, 4, 1, 0, 0, 0, 2, 7, -10.0], ["0021200057", 1610612749, "MIL", "Milwaukee", 2223, "Samuel Dalembert", "C", "", "15:22", 2, 2, 1.0, 0, 0, 0.0, 0, 0, 0.0, 1, 2, 3, 0, 1, 2, 1, 1, 4, -9.0], ["0021200057", 1610612749, "MIL", "Milwaukee", 101145, "Monta Ellis", "G", "", "36:26", 5, 18, 0.278, 1, 5, 0.2, 4, 6, 0.667, 0, 4, 4, 7, 2, 1, 0, 2, 15, -8.0], ["0021200057", 1610612749, "MIL", "Milwaukee", 201943, "Brandon Jennings", "G", "", "36:43", 6, 20, 0.3, 2, 4, 0.5, 5, 5, 1.0, 1, 2, 3, 5, 4, 0, 2, 1, 19, -16.0], ["0021200057", 1610612749, "MIL", "Milwaukee", 2399, "Mike Dunleavy", "", "", "23:42", 4, 10, 0.4, 2, 3, 0.667, 0, 0, 0.0, 0, 2, 2, 2, 1, 0, 1, 2, 10, -4.0], ["0021200057", 1610612749, "MIL", "Milwaukee", 202336, "Larry Sanders", "", "", "26:26", 4, 8, 0.5, 0, 0, 0.0, 2, 2, 1.0, 5, 6, 11, 3, 1, 3, 4, 4, 10, -11.0], ["0021200057", 1610612749, "MIL", "Milwaukee", 203117, "Doron Lamb", "", "", "16:39", 1, 5, 0.2, 0, 0, 0.0, 0, 0, 0.0, 0, 0, 0, 2, 0, 0, 1, 0, 2, -14.0], ["0021200057", 1610612749, "MIL", "Milwaukee", 202327, "Ekpe Udoh", "", "", "10:01", 0, 1, 0.0, 0, 0, 0.0, 0, 0, 0.0, 1, 0, 1, 0, 0, 0, 0, 1, 0, -15.0], ["0021200057", 1610612749, "MIL", "Milwaukee", 203089, "John Henson", "", "", "17:00", 1, 5, 0.2, 0, 0, 0.0, 1, 4, 0.25, 3, 0, 3, 1, 1, 2, 1, 3, 3, 7.0], ["0021200057", 1610612749, "MIL", "Milwaukee", 2038, "Joel Przybilla", "", "", "6:12", 1, 2, 0.5, 0, 0, 0.0, 0, 0, 0.0, 1, 2, 3, 0, 0, 0, 0, 0, 2, 2.0], ["0021200057", 1610612749, "MIL", "Milwaukee", 2605, "Marquis Daniels", "", "", "6:12", 5, 6, 0.833, 0, 1, 0.0, 0, 0, 0.0, 1, 0, 1, 0, 0, 0, 0, 0, 10, 2.0], ["0021200057", 1610612749, "MIL", "Milwaukee", 2400, "Drew Gooden", "", "DNP - Coach's Decision", null, null, null, null, null, null, null, null, null, null, null, null, null, null, null, null, null, null, null, null]], "name": "PlayerStats"}, {"headers": ["GAME_ID", "TEAM_ID", "TEAM_NAME", "TEAM_ABBREVIATION", "TEAM_CITY", "MIN", "FGM", "FGA", "FG_PCT", "FG3M", "FG3A", "FG3_PCT", "FTM", "FTA", "FT_PCT", "OREB", "DREB", "REB", "AST", "STL", "BLK", "TO", "PF", "PTS", "PLUS_MINUS"], "rowSet": [["0021200057", 1610612749, "Bucks", "MIL", "Milwaukee", "240:00", 35, 91, 0.385, 6, 15, 0.4, 14, 21, 0.667, 16, 25, 41, 22, 10, 9, 10, 18, 90, -18.0], ["0021200057", 1610612763, "Grizzlies", "MEM", "Memphis", "240:00", 44, 83, 0.53, 6, 16, 0.375, 14, 19, 0.737, 11, 38, 49, 28, 7, 5, 14, 20, 108, 18.0]], "name": "TeamStats"}, {"headers": ["LEAGUE_ID", "SEASON_ID", "TEAM_ID", "TEAM_ABBREVIATION", "TEAM_CITY", "PTS_PAINT", "PTS_2ND_CHANCE", "PTS_FB", "LARGEST_LEAD", "LEAD_CHANGES", "TIMES_TIED"], "rowSet": [["00", "22012", 1610612749, "MIL", "Milwaukee", 38, 20, 20, 23, 6, 5], ["00", "22012", 1610612763, "MEM", "Memphis", 46, 15, 20, 23, 6, 5]], "name": "OtherStats"}, {"headers": ["OFFICIAL_ID", "FIRST_NAME", "LAST_NAME", "JERSEY_NUM"], "rowSet": [[1198, "Scott", "Wall", "31"], [1664, "Gary", "Zielinski", "59"], [2001, "Jason", "Phillips", "23"]], "name": "Officials"}, {"headers": ["GAME_DATE", "ATTENDANCE", "GAME_TIME"], "rowSet": [["WEDNESDAY, NOVEMBER 7, 2012", 11465, "2:09"]], "name": "GameInfo"}, {"headers": ["PLAYER_ID", "FIRST_NAME", "LAST_NAME", "JERSEY_NUM", "TEAM_ID", "TEAM_CITY", "TEAM_NAME", "TEAM_ABBREVIATION"], "rowSet": [[201601, "Luc", "Mbah a Moute", "12", 1610612749, "Milwaukee", "Bucks", "MIL"], [2757, "Beno", "Udrih", "19", 1610612749, "Milwaukee", "Bucks", "MIL"]], "name": "InactivePlayers"}, {"headers": ["VIDEO_AVAILABLE_FLAG"], "rowSet": [[1]], "name": "AvailableVideo"}], "parameters": {"GameID": "0021200057", "RangeType": 0, "StartPeriod": 0, "StartRange": 0, "EndPeriod": 0, "EndRange": 0}}