{"resource": "boxscore", "resultSets": [{"headers": ["GAME_DATE_EST", "GAME_SEQUENCE", "GAME_ID", "GAME_STATUS_ID", "GAME_STATUS_TEXT", "GAMECODE", "HOME_TEAM_ID", "VISITOR_TEAM_ID", "SEASON", "LIVE_PERIOD", "LIVE_PC_TIME", "NATL_TV_BROADCASTER_ABBREVIATION", "LIVE_PERIOD_TIME_BCAST", "WH_STATUS"], "rowSet": [["2012-11-02T00:00:00", 6, "0021200020", 3, "Final", "20121102/MIANYK", 1610612752, 1610612748, "2012", 4, "", "ESPN", "Q4  - ESPN", 1]], "name": "GameSummary"}, {"headers": ["GAME_DATE_EST", "GAME_SEQUENCE", "GAME_ID", "TEAM_ID", "TEAM_ABBREVIATION", "TEAM_CITY_NAME", "TEAM_WINS_LOSSES", "PTS_QTR1", "PTS_QTR2", "PTS_QTR3", "PTS_QTR4", "PTS_OT1", "PTS_OT2", "PTS_OT3", "PTS_OT4", "PTS_OT5", "PTS_OT6", "PTS_OT7", "PTS_OT8", "PTS_OT9", "PTS_OT10", "PTS"], "rowSet": [["2012-11-02T00:00:00", 6, "0021200020", 1610612752, "NYK", "New York", "1-0", 33, 22, 26, 23, 0, 0, 0, 0, 0, 0, 0, 0, 0, 0, 104], ["2012-11-02T00:00:00", 6, "0021200020", 1610612748, "MIA", "Miami", "1-1", 17, 27, 19, 21, 0, 0, 0, 0, 0, 0, 0, 0, 0, 0, 84]], "name": "LineScore"}, {"headers": ["GAME_ID", "HOME_TEAM_ID", "VISITOR_TEAM_ID", "GAME_DATE_EST", "HOME_TEAM_WINS", "HOME_TEAM_LOSSES", "SERIES_LEADER"], "rowSet": [["0021200020", 1610612752, 1610612748, "2012-11-02T00:00:00", 3, 1, "New York"]], "name": "SeasonSeries"}, {"headers": ["GAME_ID", "LAST_GAME_ID", "LAST_GAME_DATE_EST", "LAST_GAME_HOME_TEAM_ID", "LAST_GAME_HOME_TEAM_CITY", "LAST_GAME_HOME_TEAM_NAME", "LAST_GAME_HOME_TEAM_ABBREVIATION", "LAST_GAME_HOME_TEAM_POINTS", "LAST_GAME_VISITOR_TEAM_ID", "LAST_GAME_VISITOR_TEAM_CITY", "LAST_GAME_VISITOR_TEAM_NAME", "LAST_GAME_VISITOR_TEAM_CITY1", "LAST_GAME_VISITOR_TEAM_POINTS"], "rowSet": [["0021200020", "0041100115", "2012-05-09T00:00:00", 1610612752, "New York", "Knicks", "NYK", 94, 1610612748, "Miami", "Heat", "MIA", 106]], "name": "LastMeeting"}, {"headers": ["GAME_ID", "TEAM_ID", "TEAM_ABBREVIATION", "TEAM_CITY", "PLAYER_ID", "PLAYER_NAME", "START_POSITION", "COMMENT", "MIN", "FGM", "FGA", "FG_PCT", "FG3M", "FG3A", "FG3_PCT", "FTM", "FTA", "FT_PCT", "OREB", "DREB", "REB", "AST", "STL", "BLK", "TO", "PF", "PTS", "PLUS_MINUS"], "rowSet": [["0021200020", 1610612748, "MIA", "Miami", 2203, "Shane Battier", "F", "", "24:27", 1, 3, 0.333, 0, 2, 0.0, 0, 0, 0.0, 1, 1, 2, 0, 2, 1, 2, 3, 2, -20.0], ["0021200020", 1610612748, "MIA", "Miami", 2544, "LeBron James", "F", "", "36:41", 8, 16, 0.5, 2, 3, 0.667, 5, 6, 0.833, 0, 7, 7, 5, 0, 3, 5, 2, 23, -21.0], ["0021200020", 1610612748, "MIA", "Miami", 2547, "Chris Bosh", "C", "", "26:46", 5, 13, 0.385, 0, 1, 0.0, 2, 2, 1.0, 4, 7, 11, 1, 1, 1, 3, 1, 12, -13.0], ["0021200020", 1610612748, "MIA", "Miami", 201596, "Mario Chalmers", "G", "", "19:34", 1, 5, 0.2, 0, 3, 0.0, 1, 2, 0.5, 0, 1, 1, 1, 0, 0, 2, 6, 3, -10.0], ["0021200020", 1610612748, "MIA", "Miami", 2548, "Dwyane Wade", "G", "", "34:47", 7, 10, 0.7, 0, 0, 0.0, 1, 1, 1.0, 0, 5, 5, 4, 0, 0, 4, 2, 15, -16.0], ["0021200020", 1610612748, "MIA", "Miami", 951, "Ray Allen", "", "", "26:45", 2, 5, 0.4, 1, 3, 0.333, 0, 0, 0.0, 0, 2, 2, 3, 0, 0, 2, 0, 5, -13.0], ["0021200020", 1610612748, "MIA", "Miami", 202708, "Norris Cole", "", "", "22:59", 3, 6, 0.5, 0, 1, 0.0, 0, 0, 0.0, 0, 0, 0, 1, 0, 0, 2, 2, 6, -4.0], ["0021200020", 1610612748, "MIA", "Miami", 2617, "Udonis Haslem", "", "", "19:29", 1, 3, 0.333, 0, 0, 0.0, 0, 0, 0.0, 0, 5, 5, 1, 0, 0, 0, 1, 2, -5.0], ["0021200020", 1610612748, "MIA", "Miami", 1740, "Rashard Lewis", "", "", "20:22", 5, 9, 0.556, 4, 6, 0.667, 2, 2, 1.0, 2, 4, 6, 1, 0, 0, 0, 1, 16, 2.0], ["0021200020", 1610612748, "MIA", "Miami", 2034, "Mike Miller", "", "", "3:06", 0, 0, 0.0, 0, 0, 0.0, 0, 0, 0.0, 0, 2, 2, 1, 0, 0, 1, 0, 0, -1.0], ["0021200020", 1610612748, "MIA", "Miami", 2592, "James Jones", "", "", "3:06", 0, 1, 0.0, 0, 1, 0.0, 0, 0, 0.0, 0, 0, 0, 0, 0, 0, 0, 0, 0, -1.0], ["0021200020", 1610612748, "MIA", "Miami", 202725, "Josh Harrellson", "", "", "1:58", 0, 0, 0.0, 0, 0, 0.0, 0, 0, 0.0, 0, 0, 0, 0, 1, 0, 0, 0, 0, 2.0], ["0021200020", 1610612748, "MIA", "Miami", 201202, "Joel Anthony", "", "DNP - Coach's Decision", null, null, null, null, null, null, null, null, null, null, null, null, null, null, null, null, null, null, null, null], ["0021200020", 1610612752, "NYK", "New York", 2546, "Carmelo Anthony", "F", "", "38:55", 10, 28, 0.357, 4, 8, 0.5, 6, 7, 0.857, 4, 6, 10, 2, 2, 0, 1, 3, 30, 24.0], ["0021200020", 1610612752, "NYK", "New York", 200758, "Ronnie Brewer", "F", "", "20:21", 3, 7, 0.429, 1, 2, 0.5, 0, 0, 0.0, 1, 4, 5, 3, 1, 0, 0, 1, 7, 8.0], ["0021200020", 1610612752, "NYK", "New York", 2199, "Tyson Chandler", "C", "", "24:43", 5, 5, 1.0, 0, 0, 0.0, 0, 0, 0.0, 6, 2, 8, 0, 0, 0, 2, 5, 10, 14.0], ["0021200020", 1610612752, "NYK", "New York", 101109, "Raymond Felton", "G", "", "32:58", 5, 13, 0.385, 3, 7, 0.429, 1, 2, 0.5, 0, 4, 4, 9, 3, 0, 3, 3, 14, 19.0], ["0021200020", 1610612752, "NYK", "New York", 467, "Jason Kidd", "G", "", "23:15", 3, 5, 0.6, 3, 5, 0.6, 3, 3, 1.0, 1, 3, 4, 3, 2, 0, 1, 1, 12, 20.0], ["0021200020", 1610612752, "NYK", "New York", 2747, "J.R. Smith", "", "", "34:11", 3, 11, 0.273, 2, 4, 0.5, 3, 3, 1.0, 0, 3, 3, 6, 1, 0, 1, 4, 11, 13.0], ["0021200020", 1610612752, "NYK", "New York", 203143, "Pablo Prigioni", "", "", "16:23", 0, 0, 0.0, 0, 0, 0.0, 0, 0, 0.0, 0, 1, 1, 3, 0, 0, 3, 1, 0, -3.0], ["0021200020", 1610612752, "NYK", "New York", 703, "Kurt Thomas", "", "", "16:21", 0, 2, 0.0, 0, 0, 0.0, 0, 0, 0.0, 1, 2, 3, 0, 1, 0, 1, 2, 0, -1.0], ["0021200020", 1610612752, "NYK", "New York", 200779, "Steve Novak", "", "", "25:51", 6, 10, 0.6, 5, 8, 0.625, 0, 0, 0.0, 0, 2, 2, 1, 0, 0, 0, 1, 17, 9.0], ["0021200020", 1610612752, "NYK", "New York", 739, "Rasheed Wallace", "", "", "3:06", 1, 2, 0.5, 1, 1, 1.0, 0, 0, 0.0, 0, 1, 1, 0, 0, 0, 0, 0, 3, 1.0], ["0021200020", 1610612752, "NYK", "New York", 200778, "James White", "", "", "1:58", 0, 0, 0.0, 0, 0, 0.0, 0, 0, 0.0, 0, 0, 0, 0, 0, 0, 0, 1, 0, -2.0], ["0021200020", 1610612752, "NYK", "New York", 203142, "Chris Copeland", "", "", "1:58", 0, 1, 0.0, 0, 1, 0.0, 0, 0, 0.0, 0, 0, 0, 0, 0, 0, 0, 0, 0, -2.0], ["0021200020", 1610612752, "NYK", "New York", 948, "Marcus Camby", "", "DNP - Coach's Decision", null, null, null, null, null, null, null, null, null, null, null, null, null, null, null, null, null, null, null, null]], "name": "PlayerStats"}, {"headers": ["GAME_ID", "TEAM_ID", "TEAM_NAME", "TEAM_ABBREVIATION", "TEAM_CITY", "MIN", "FGM", "FGA", "FG_PCT", "FG3M", "FG3A", "FG3_PCT", "FTM", "FTA", "FT_PCT", "OREB", "DREB", "REB", "AST", "STL", "BLK", "TO", "PF", "PTS", "PLUS_MINUS"], "rowSet": [["0021200020", 1610612752, "Knicks", "NYK", "New York", "240:00", 36, 84, 0.429, 19, 36, 0.528, 13, 15, 0.867, 13, 28, 41, 27, 10, 0, 12, 22, 104, 20.0], ["0021200020", 1610612748, "Heat", "MIA", "Miami", "240:00", 33, 71, 0.465, 7, 20, 0.35, 11, 13, 0.846, 7, 34, 41, 18, 4, 5, 21, 18, 84, -20.0]], "name": "TeamStats"}, {"headers": ["LEAGUE_ID", "SEASON_ID", "TEAM_ID", "TEAM_ABBREVIATION", "TEAM_CITY", "PTS_PAINT", "PTS_2ND_CHANCE", "PTS_FB", "LARGEST_LEAD", "LEAD_CHANGES", "TIMES_TIED"], "rowSet": [["00", "22012", 1610612748, "MIA", "Miami", 36, 6, 10, 23, 0, 2], ["00", "22012", 1610612752, "NYK", "New York", 22, 11, 9, 21, 0, 2]], "name": "OtherStats"}, {"headers": ["OFFICIAL_ID", "FIRST_NAME", "LAST_NAME", "JERSEY_NUM"], "rowSet": [[1195, "Derrick", "Stafford", "9"], [1193, "Michael", "Smith", "38"], [202007, "Nick", "Buchert", "54"]], "name": "Officials"}, {"headers": ["GAME_DATE", "ATTENDANCE", "GAME_TIME"], "rowSet": [["FRIDAY, NOVEMBER 2, 2012", 19033, "2:20"]], "name": "GameInfo"}, {"headers": ["PLAYER_ID", "FIRST_NAME", "LAST_NAME", "JERSEY_NUM", "TEAM_ID", "TEAM_CITY", "TEAM_NAME", "TEAM_ABBREVIATION"], "rowSet": [[202227, "Terrel", "Harris", "14", 1610612748, "Miami", "Heat", "MIA"], [202354, "Dexter", "Pittman", "45", 1610612748, "Miami", "Heat", "MIA"], [2405, "Amar'e", "Stoudemire", " 1", 1610612752, "New York", "Knicks", "NYK"], [202697, "Iman", "Shumpert", "21", 1610612752, "New York", "Knicks", "NYK"]], "name": "InactivePlayers"}, {"headers": ["VIDEO_AVAILABLE_FLAG"], "rowSet": [[1]], "name": "AvailableVideo"}], "parameters": {"GameID": "0021200020", "RangeType": 0, "StartPeriod": 0, "StartRange": 0, "EndPeriod": 0, "EndRange": 0}}