{"resource": "boxscore", "resultSets": [{"headers": ["GAME_DATE_EST", "GAME_SEQUENCE", "GAME_ID", "GAME_STATUS_ID", "GAME_STATUS_TEXT", "GAMECODE", "HOME_TEAM_ID", "VISITOR_TEAM_ID", "SEASON", "LIVE_PERIOD", "LIVE_PC_TIME", "NATL_TV_BROADCASTER_ABBREVIATION", "LIVE_PERIOD_TIME_BCAST", "WH_STATUS"], "rowSet": [["2012-11-08T00:00:00", 1, "0021200066", 3, "Final", "20121108/OKCCHI", 1610612741, 1610612760, "2012", 4, "", "TNT", "Q4  - TNT", 1]], "name": "GameSummary"}, {"headers": ["GAME_DATE_EST", "GAME_SEQUENCE", "GAME_ID", "TEAM_ID", "TEAM_ABBREVIATION", "TEAM_CITY_NAME", "TEAM_WINS_LOSSES", "PTS_QTR1", "PTS_QTR2", "PTS_QTR3", "PTS_QTR4", "PTS_OT1", "PTS_OT2", "PTS_OT3", "PTS_OT4", "PTS_OT5", "PTS_OT6", "PTS_OT7", "PTS_OT8", "PTS_OT9", "PTS_OT10", "PTS"], "rowSet": [["2012-11-08T00:00:00", 1, "0021200066", 1610612741, "CHI", "Chicago", "3-2", 24, 23, 25, 19, 0, 0, 0, 0, 0, 0, 0, 0, 0, 0, 91], ["2012-11-08T00:00:00", 1, "0021200066", 1610612760, "OKC", "Oklahoma City", "3-2", 24, 24, 18, 31, 0, 0, 0, 0, 0, 0, 0, 0, 0, 0, 97]], "name": "LineScore"}, {"headers": ["GAME_ID", "HOME_TEAM_ID", "VISITOR_TEAM_ID", "GAME_DATE_EST", "HOME_TEAM_WINS", "HOME_TEAM_LOSSES", "SERIES_LEADER"], "rowSet": [["0021200066", 1610612741, 1610612760, "2012-11-08T00:00:00", 0, 2, "Oklahoma City"]], "name": "SeasonSeries"}, {"headers": ["GAME_ID", "LAST_GAME_ID", "LAST_GAME_DATE_EST", "LAST_GAME_HOME_TEAM_ID", "LAST_GAME_HOME_TEAM_CITY", "LAST_GAME_HOME_TEAM_NAME", "LAST_GAME_HOME_TEAM_ABBREVIATION", "LAST_GAME_HOME_TEAM_POINTS", "LAST_GAME_VISITOR_TEAM_ID", "LAST_GAME_VISITOR_TEAM_CITY", "LAST_GAME_VISITOR_TEAM_NAME", "LAST_GAME_VISITOR_TEAM_CITY1", "LAST_GAME_VISITOR_TEAM_POINTS"], "rowSet": [["0021200066", "0011200097", "2012-10-23T00:00:00", 1610612741, "Chicago", "Bulls", "CHI", 94, 1610612760, "Oklahoma City", "Thunder", "OKC", 89]], "name": "LastMeeting"}, {"headers": ["GAME_ID", "TEAM_ID", "TEAM_ABBREVIATION", "TEAM_CITY", "PLAYER_ID", "PLAYER_NAME", "START_POSITION", "COMMENT", "MIN", "FGM", "FGA", "FG_PCT", "FG3M", "FG3A", "FG3_PCT", "FTM", "FTA", "FT_PCT", "OREB", "DREB", "REB", "AST", "STL", "BLK", "TO", "PF", "PTS", "PLUS_MINUS"], "rowSet": [["0021200066", 1610612760, "OKC", "Oklahoma City", 201142, "Kevin Durant", "F", "", "38:23", 11, 19, 0.579, 0, 2, 0.0, 2, 2, 1.0, 1, 3, 4, 1, 3, 3, 6, 1, 24, -3.0], ["0021200066", 1610612760, "OKC", "Oklahoma City", 201586, "Serge Ibaka", "F", "", "36:52", 8, 15, 0.533, 1, 1, 1.0, 4, 4, 1.0, 4, 5, 9, 0, 1, 4, 3, 3, 21, -2.0], ["0021200066", 1610612760, "OKC", "Oklahoma City", 2570, "Kendrick Perkins", "C", "", "20:16", 0, 0, 0.0, 0, 0, 0.0, 0, 0, 0.0, 1, 4, 5, 0, 1, 0, 2, 1, 0, -14.0], ["0021200066", 1610612760, "OKC", "Oklahoma City", 200757, "Thabo Sefolosha", "G", "", "39:00", 3, 6, 0.5, 1, 1, 1.0, 0, 0, 0.0, 0, 7, 7, 3, 2, 0, 1, 1, 7, 13.0], ["0021200066", 1610612760, "OKC", "Oklahoma City", 201566, "Russell Westbrook", "G", "", "35:34", 7, 22, 0.318, 1, 7, 0.143, 1, 1, 1.0, 1, 1, 2, 12, 1, 0, 2, 4, 16, -4.0], ["0021200066", 1610612760, "OKC", "Oklahoma City", 2755, "Kevin Martin", "", "", "30:50", 3, 5, 0.6, 1, 1, 1.0, 8, 9, 0.889, 0, 6, 6, 2, 1, 0, 2, 4, 15, 10.0], ["0021200066", 1610612760, "OKC", "Oklahoma City", 2555, "Nick Collison", "", "", "17:00", 2, 2, 1.0, 0, 0, 0.0, 0, 0, 0.0, 1, 2, 3, 2, 1, 1, 3, 3, 4, 15.0], ["0021200066", 1610612760, "OKC", "Oklahoma City", 201953, "Eric Maynor", "", "", "12:26", 2, 4, 0.5, 1, 1, 1.0, 5, 5, 1.0, 0, 0, 0, 3, 0, 0, 1, 1, 10, 10.0], ["0021200066", 1610612760, "OKC", "Oklahoma City", 201934, "Hasheem Thabeet", "", "", "9:39", 0, 0, 0.0, 0, 0, 0.0, 0, 0, 0.0, 0, 2, 2, 0, 0, 0, 2, 1, 0, 5.0], ["0021200066", 1610612760, "OKC", "Oklahoma City", 202704, "Reggie Jackson", "", "DNP - Coach's Decision", null, null, null, null, null, null, null, null, null, null, null, null, null, null, null, null, null, null, null, null], ["0021200066", 1610612760, "OKC", "Oklahoma City", 203103, "Perry Jones", "", "DNP - Coach's Decision", null, null, null, null, null, null, null, null, null, null, null, null, null, null, null, null, null, null, null, null], ["0021200066", 1610612760, "OKC", "Oklahoma City", 203087, "Jeremy Lamb", "", "DNP - Coach's Decision", null, null, null, null, null, null, null, null, null, null, null, null, null, null, null, null, null, null, null, null], ["0021200066", 1610612760, "OKC", "Oklahoma City", 202732, "DeAndre Liggins", "", "DNP - Coach's Decision", null, null, null, null, null, null, null, null, null, null, null, null, null, null, null, null, null, null, null, null], ["0021200066", 1610612741, "CHI", "Chicago", 2736, "Luol Deng", "F", "", "42:23", 11, 21, 0.524, 3, 6, 0.5, 2, 2, 1.0, 0, 1, 1, 2, 1, 1, 3, 2, 27, -2.0], ["0021200066", 1610612741, "CHI", "Chicago", 2430, "Carlos Boozer", "F", "", "30:26", 3, 9, 0.333, 0, 0, 0.0, 3, 4, 0.75, 2, 9, 11, 2, 0, 0, 5, 4, 9, 4.0], ["0021200066", 1610612741, "CHI", "Chicago", 201149, "Joakim Noah", "C", "", "39:08", 4, 9, 0.444, 0, 0, 0.0, 1, 2, 0.5, 7, 6, 13, 6, 1, 1, 4, 2, 9, 5.0], ["0021200066", 1610612741, "CHI", "Chicago", 1888, "Richard Hamilton", "G", "", "34:27", 7, 14, 0.5, 0, 1, 0.0, 6, 6, 1.0, 1, 7, 8, 0, 2, 1, 4, 3, 20, 9.0], ["0021200066", 1610612741, "CHI", "Chicago", 2550, "Kirk Hinrich", "G", "", "36:01", 5, 12, 0.417, 2, 5, 0.4, 0, 0, 0.0, 0, 3, 3, 5, 0, 0, 1, 1, 12, 3.0], ["0021200066", 1610612741, "CHI", "Chicago", 201959, "Taj Gibson", "", "", "24:38", 2, 5, 0.4, 0, 0, 0.0, 0, 0, 0.0, 0, 2, 2, 2, 1, 0, 1, 2, 4, -12.0], ["0021200066", 1610612741, "CHI", "Chicago", 201158, "Marco Belinelli", "", "", "5:53", 0, 0, 0.0, 0, 0, 0.0, 2, 2, 1.0, 0, 0, 0, 0, 0, 0, 0, 0, 2, -18.0], ["0021200066", 1610612741, "CHI", "Chicago", 1737, "Nazr Mohammed", "", "", "1:32", 0, 2, 0.0, 0, 0, 0.0, 0, 0, 0.0, 0, 0, 0, 0, 0, 0, 0, 0, 0, -5.0], ["0021200066", 1610612741, "CHI", "Chicago", 101126, "Nate Robinson", "", "", "11:59", 1, 6, 0.167, 0, 1, 0.0, 0, 0, 0.0, 0, 0, 0, 2, 0, 0, 1, 3, 2, -9.0], ["0021200066", 1610612741, "CHI", "Chicago", 202710, "Jimmy Butler", "", "", "13:17", 2, 5, 0.4, 0, 1, 0.0, 2, 2, 1.0, 2, 1, 3, 3, 1, 0, 1, 1, 6, -1.0], ["0021200066", 1610612741, "CHI", "Chicago", 2209, "Vladimir Radmanovic", "", "", "0:16", 0, 1, 0.0, 0, 1, 0.0, 0, 0, 0.0, 0, 0, 0, 0, 0, 0, 0, 1, 0, -4.0], ["0021200066", 1610612741, "CHI", "Chicago", 203104, "Marquis Teague", "", "DNP - Coach's Decision", null, null, null, null, null, null, null, null, null, null, null, null, null, null, null, null, null, null, null, null]], "name": "PlayerStats"}, {"headers": ["GAME_ID", "TEAM_ID", "TEAM_NAME", "TEAM_ABBREVIATION", "TEAM_CITY", "MIN", "FGM", "FGA", "FG_PCT", "FG3M", "FG3A", "FG3_PCT", "FTM", "FTA", "FT_PCT", "OREB", "DREB", "REB", "AST", "STL", "BLK", "TO", "PF", "PTS", "PLUS_MINUS"], "rowSet": [["0021200066", 1610612760, "Thunder", "OKC", "Oklahoma City", "240:00", 36, 73, 0.493, 5, 13, 0.385, 20, 21, 0.952, 8, 30, 38, 23, 10, 8, 22, 19, 97, 6.0], ["0021200066", 1610612741, "Bulls", "CHI", "Chicago", "240:00", 35, 84, 0.417, 5, 15, 0.333, 16, 18, 0.889, 12, 29, 41, 22, 6, 3, 20, 19, 91, -6.0]], "name": "TeamStats"}, {"headers": ["LEAGUE_ID", "SEASON_ID", "TEAM_ID", "TEAM_ABBREVIATION", "TEAM_CITY", "PTS_PAINT", "PTS_2ND_CHANCE", "PTS_FB", "LARGEST_LEAD", "LEAD_CHANGES", "TIMES_TIED"], "rowSet": [["00", "22012", 1610612741, "CHI", "Chicago", 34, 20, 6, 7, 9, 9], ["00", "22012", 1610612760, "OKC", "Oklahoma City", 46, 6, 12, 8, 9, 9]], "name": "OtherStats"}, {"headers": ["OFFICIAL_ID", "FIRST_NAME", "LAST_NAME", "JERSEY_NUM"], "rowSet": [[1195, "Derrick", "Stafford", "9"], [1151, "Sean", "Corbin", "33"], [2532, "Eli", "Roe", "44"]], "name": "Officials"}, {"headers": ["GAME_DATE", "ATTENDANCE", "GAME_TIME"], "rowSet": [["THURSDAY, NOVEMBER 8, 2012", 21737, "2:26"]], "name": "GameInfo"}, {"headers": ["PLAYER_ID", "FIRST_NAME", "LAST_NAME", "JERSEY_NUM", "TEAM_ID", "TEAM_CITY", "TEAM_NAME", "TEAM_ABBREVIATION"], "rowSet": [[201565, "Derrick", "Rose", " 1", 1610612741, "Chicago", "Bulls", "CHI"], [202350, "Daniel", "Orton", "33", 1610612760, "Oklahoma City", "Thunder", "OKC"]], "name": "InactivePlayers"}, {"headers": ["VIDEO_AVAILABLE_FLAG"], "rowSet": [[1]], "name": "AvailableVideo"}], "parameters": {"GameID": "0021200066", "RangeType": 0, "StartPeriod": 0, "StartRange": 0, "EndPeriod": 0, "EndRange": 0}}