{"resource": "boxscore", "resultSets": [{"headers": ["GAME_DATE_EST", "GAME_SEQUENCE", "GAME_ID", "GAME_STATUS_ID", "GAME_STATUS_TEXT", "GAMECODE", "HOME_TEAM_ID", "VISITOR_TEAM_ID", "SEASON", "LIVE_PERIOD", "LIVE_PC_TIME", "NATL_TV_BROADCASTER_ABBREVIATION", "LIVE_PERIOD_TIME_BCAST", "WH_STATUS"], "rowSet": [["2012-11-07T00:00:00", 11, "0021200063", 3, "Final", "20121107/DETSAC", 1610612758, 1610612765, "2012", 4, "", null, "Q4  - ", 1]], "name": "GameSummary"}, {"headers": ["GAME_DATE_EST", "GAME_SEQUENCE", "GAME_ID", "TEAM_ID", "TEAM_ABBREVIATION", "TEAM_CITY_NAME", "TEAM_WINS_LOSSES", "PTS_QTR1", "PTS_QTR2", "PTS_QTR3", "PTS_QTR4", "PTS_OT1", "PTS_OT2", "PTS_OT3", "PTS_OT4", "PTS_OT5", "PTS_OT6", "PTS_OT7", "PTS_OT8", "PTS_OT9", "PTS_OT10", "PTS"], "rowSet": [["2012-11-07T00:00:00", 11, "0021200063", 1610612765, "DET", "Detroit", "0-5", 27, 19, 25, 32, 0, 0, 0, 0, 0, 0, 0, 0, 0, 0, 103], ["2012-11-07T00:00:00", 11, "0021200063", 1610612758, "SAC", "Sacramento", "2-3", 26, 29, 24, 26, 0, 0, 0, 0, 0, 0, 0, 0, 0, 0, 105]], "name": "LineScore"}, {"headers": ["GAME_ID", "HOME_TEAM_ID", "VISITOR_TEAM_ID", "GAME_DATE_EST", "HOME_TEAM_WINS", "HOME_TEAM_LOSSES", "SERIES_LEADER"], "rowSet": [["0021200063", 1610612758, 1610612765, "2012-11-07T00:00:00", 1, 1, "Tied"]], "name": "SeasonSeries"}, {"headers": ["GAME_ID", "LAST_GAME_ID", "LAST_GAME_DATE_EST", "LAST_GAME_HOME_TEAM_ID", "LAST_GAME_HOME_TEAM_CITY", "LAST_GAME_HOME_TEAM_NAME", "LAST_GAME_HOME_TEAM_ABBREVIATION", "LAST_GAME_HOME_TEAM_POINTS", "LAST_GAME_VISITOR_TEAM_ID", "LAST_GAME_VISITOR_TEAM_CITY", "LAST_GAME_VISITOR_TEAM_NAME", "LAST_GAME_VISITOR_TEAM_CITY1", "LAST_GAME_VISITOR_TEAM_POINTS"], "rowSet": [["0021200063", "0021100634", "2012-03-14T00:00:00", 1610612758, "Sacramento", "Kings", "SAC", 112, 1610612765, "Detroit", "Pistons", "DET", 124]], "name": "LastMeeting"}, {"headers": ["GAME_ID", "TEAM_ID", "TEAM_ABBREVIATION", "TEAM_CITY", "PLAYER_ID", "PLAYER_NAME", "START_POSITION", "COMMENT", "MIN", "FGM", "FGA", "FG_PCT", "FG3M", "FG3A", "FG3_PCT", "FTM", "FTA", "FT_PCT", "OREB", "DREB", "REB", "AST", "STL", "BLK", "TO", "PF", "PTS", "PLUS_MINUS"], "rowSet": [["0021200063", 1610612765, "DET", "Detroit", 2419, "Tayshaun Prince", "F", "", "26:52", 4, 10, 0.4, 0, 0, 0.0, 2, 2, 1.0, 0, 3, 3, 1, 1, 1, 2, 0, 10, -8.0], ["0021200063", 1610612765, "DET", "Detroit", 101131, "Jason Maxiell", "F", "", "33:50", 5, 9, 0.556, 0, 0, 0.0, 1, 2, 0.5, 1, 5, 6, 1, 0, 1, 2, 2, 11, 1.0], ["0021200063", 1610612765, "DET", "Detroit", 202328, "Greg Monroe", "C", "", "40:22", 8, 15, 0.533, 0, 0, 0.0, 5, 7, 0.714, 5, 7, 12, 11, 1, 0, 2, 4, 21, 7.0], ["0021200063", 1610612765, "DET", "Detroit", 201155, "Rodney Stuckey", "G", "", "34:10", 2, 6, 0.333, 1, 3, 0.333, 0, 0, 0.0, 0, 0, 0, 4, 1, 0, 3, 4, 5, 8.0], ["0021200063", 1610612765, "DET", "Detroit", 202688, "Brandon Knight", "G", "", "32:46", 6, 10, 0.6, 5, 9, 0.556, 4, 5, 0.8, 0, 2, 2, 4, 0, 0, 2, 3, 21, 0.0], ["0021200063", 1610612765, "DET", "Detroit", 202713, "Kyle Singler", "", "", "25:01", 3, 8, 0.375, 1, 4, 0.25, 5, 6, 0.833, 2, 2, 4, 0, 1, 2, 0, 2, 12, -1.0], ["0021200063", 1610612765, "DET", "Detroit", 203083, "Andre Drummond", "", "", "5:58", 0, 0, 0.0, 0, 0, 0.0, 0, 0, 0.0, 0, 1, 1, 0, 0, 1, 1, 1, 0, -4.0], ["0021200063", 1610612765, "DET", "Detroit", 101198, "Will Bynum", "", "", "15:17", 4, 6, 0.667, 0, 1, 0.0, 6, 7, 0.857, 0, 0, 0, 1, 0, 1, 2, 0, 14, -4.0], ["0021200063", 1610612765, "DET", "Detroit", 201973, "Jonas Jerebko", "", "", "15:21", 3, 6, 0.5, 1, 4, 0.25, 0, 2, 0.0, 1, 1, 2, 0, 0, 0, 3, 3, 7, -4.0], ["0021200063", 1610612765, "DET", "Detroit", 203119, "Kim English", "", "", "10:23", 1, 3, 0.333, 0, 1, 0.0, 0, 0, 0.0, 1, 2, 3, 1, 0, 0, 0, 1, 2, -5.0], ["0021200063", 1610612765, "DET", "Detroit", 201948, "Austin Daye", "", "DNP - Coach's Decision", null, null, null, null, null, null, null, null, null, null, null, null, null, null, null, null, null, null, null, null], ["0021200063", 1610612765, "DET", "Detroit", 203139, "Viacheslav Kravtsov", "", "DNP - Coach's Decision", null, null, null, null, null, null, null, null, null, null, null, null, null, null, null, null, null, null, null, null], ["0021200063", 1610612765, "DET", "Detroit", 101111, "Charlie Villanueva", "", "DNP - Coach's Decision", null, null, null, null, null, null, null, null, null, null, null, null, null, null, null, null, null, null, null, null], ["0021200063", 1610612758, "SAC", "Sacramento", 201949, "James Johnson", "F", "", "32:12", 2, 6, 0.333, 0, 0, 0.0, 1, 2, 0.5, 1, 4, 5, 2, 0, 1, 2, 3, 5, -5.0], ["0021200063", 1610612758, "SAC", "Sacramento", 201574, "Jason Thompson", "F", "", "27:43", 5, 6, 0.833, 0, 0, 0.0, 3, 4, 0.75, 2, 2, 4, 1, 0, 1, 1, 3, 13, -2.0], ["0021200063", 1610612758, "SAC", "Sacramento", 202326, "DeMarcus Cousins", "C", "", "32:56", 8, 17, 0.471, 0, 0, 0.0, 5, 7, 0.714, 3, 8, 11, 0, 2, 0, 1, 2, 21, -10.0], ["0021200063", 1610612758, "SAC", "Sacramento", 201936, "Tyreke Evans", "G", "", "31:13", 5, 11, 0.455, 0, 1, 0.0, 5, 6, 0.833, 2, 5, 7, 3, 3, 0, 2, 4, 15, -5.0], ["0021200063", 1610612758, "SAC", "Sacramento", 202738, "Isaiah Thomas", "G", "", "20:53", 6, 9, 0.667, 3, 4, 0.75, 0, 0, 0.0, 1, 0, 1, 2, 0, 0, 1, 2, 15, -7.0], ["0021200063", 1610612758, "SAC", "Sacramento", 201977, "Marcus Thornton", "", "", "27:40", 5, 12, 0.417, 1, 3, 0.333, 0, 0, 0.0, 1, 0, 1, 0, 0, 0, 0, 0, 11, 6.0], ["0021200063", 1610612758, "SAC", "Sacramento", 201166, "Aaron Brooks", "", "", "24:01", 5, 12, 0.417, 1, 5, 0.2, 0, 0, 0.0, 0, 2, 2, 4, 1, 0, 0, 3, 11, 13.0], ["0021200063", 1610612758, "SAC", "Sacramento", 203080, "Thomas Robinson", "", "", "11:52", 1, 2, 0.5, 0, 0, 0.0, 0, 1, 0.0, 4, 3, 7, 0, 1, 1, 3, 3, 2, 9.0], ["0021200063", 1610612758, "SAC", "Sacramento", 101236, "Charles Hayes", "", "", "16:19", 0, 0, 0.0, 0, 0, 0.0, 0, 0, 0.0, 0, 4, 4, 1, 0, 0, 3, 1, 0, 10.0], ["0021200063", 1610612758, "SAC", "Sacramento", 202690, "Jimmer Fredette", "", "", "15:12", 3, 7, 0.429, 2, 3, 0.667, 4, 4, 1.0, 0, 0, 0, 2, 1, 0, 0, 0, 12, 1.0], ["0021200063", 1610612758, "SAC", "Sacramento", 101128, "Francisco Garcia", "", "DNP - Coach's Decision", null, null, null, null, null, null, null, null, null, null, null, null, null, null, null, null, null, null, null, null], ["0021200063", 1610612758, "SAC", "Sacramento", 202715, "Tyler Honeycutt", "", "DNP - Coach's Decision", null, null, null, null, null, null, null, null, null, null, null, null, null, null, null, null, null, null, null, null], ["0021200063", 1610612758, "SAC", "Sacramento", 2566, "Travis Outlaw", "", "DNP - Coach's Decision", null, null, null, null, null, null, null, null, null, null, null, null, null, null, null, null, null, null, null, null]], "name": "PlayerStats"}, {"headers": ["GAME_ID", "TEAM_ID", "TEAM_NAME", "TEAM_ABBREVIATION", "TEAM_CITY", "MIN", "FGM", "FGA", "FG_PCT", "FG3M", "FG3A", "FG3_PCT", "FTM", "FTA", "FT_PCT", "OREB", "DREB", "REB", "AST", "STL", "BLK", "TO", "PF", "PTS", "PLUS_MINUS"], "rowSet": [["0021200063", 1610612758, "Kings", "SAC", "Sacramento", "240:00", 40, 82, 0.488, 7, 16, 0.438, 18, 24, 0.75, 14, 28, 42, 15, 8, 3, 13, 21, 105, 2.0], ["0021200063", 1610612765, "Pistons", "DET", "Detroit", "240:00", 36, 73, 0.493, 8, 22, 0.364, 23, 31, 0.742, 10, 23, 33, 23, 4, 6, 17, 20, 103, -2.0]], "name": "TeamStats"}, {"headers": ["LEAGUE_ID", "SEASON_ID", "TEAM_ID", "TEAM_ABBREVIATION", "TEAM_CITY", "PTS_PAINT", "PTS_2ND_CHANCE", "PTS_FB", "LARGEST_LEAD", "LEAD_CHANGES", "TIMES_TIED"], "rowSet": [["00", "22012", 1610612758, "SAC", "Sacramento", 56, 18, 15, 9, 2, 6], ["00", "22012", 1610612765, "DET", "Detroit", 50, 12, 17, 10, 2, 6]], "name": "OtherStats"}, {"headers": ["OFFICIAL_ID", "FIRST_NAME", "LAST_NAME", "JERSEY_NUM"], "rowSet": [[1192, "Bennett", "Salvatore", "15"], [1168, "David", "Jones", "36"], [202007, "Nick", "Buchert", "54"]], "name": "Officials"}, {"headers": ["GAME_DATE", "ATTENDANCE", "GAME_TIME"], "rowSet": [["WEDNESDAY, NOVEMBER 7, 2012", 10185, "2:23"]], "name": "GameInfo"}, {"headers": ["PLAYER_ID", "FIRST_NAME", "LAST_NAME", "JERSEY_NUM", "TEAM_ID", "TEAM_CITY", "TEAM_NAME", "TEAM_ABBREVIATION"], "rowSet": [[2422, "John", "Salmons", " 5", 1610612758, "Sacramento", "Kings", "SAC"], [1894, "Corey", "Maggette", "50", 1610612765, "Detroit", "Pistons", "DET"], [203114, "Khris", "Middleton", "32", 1610612765, "Detroit", "Pistons", "DET"]], "name": "InactivePlayers"}, {"headers": ["VIDEO_AVAILABLE_FLAG"], "rowSet": [[0]], "name": "AvailableVideo"}], "parameters": {"GameID": "0021200063", "RangeType": 0, "StartPeriod": 0, "StartRange": 0, "EndPeriod": 0, "EndRange": 0}}