{"resource": "boxscore", "resultSets": [{"headers": ["GAME_DATE_EST", "GAME_SEQUENCE", "GAME_ID", "GAME_STATUS_ID", "GAME_STATUS_TEXT", "GAMECODE", "HOME_TEAM_ID", "VISITOR_TEAM_ID", "SEASON", "LIVE_PERIOD", "LIVE_PC_TIME", "NATL_TV_BROADCASTER_ABBREVIATION", "LIVE_PERIOD_TIME_BCAST", "WH_STATUS"], "rowSet": [["2012-10-31T00:00:00", 2, "0021200005", 3, "Final", "20121031/DENPHI", 1610612755, 1610612743, "2012", 4, "", null, "Q4  - ", 1]], "name": "GameSummary"}, {"headers": ["GAME_DATE_EST", "GAME_SEQUENCE", "GAME_ID", "TEAM_ID", "TEAM_ABBREVIATION", "TEAM_CITY_NAME", "TEAM_WINS_LOSSES", "PTS_QTR1", "PTS_QTR2", "PTS_QTR3", "PTS_QTR4", "PTS_OT1", "PTS_OT2", "PTS_OT3", "PTS_OT4", "PTS_OT5", "PTS_OT6", "PTS_OT7", "PTS_OT8", "PTS_OT9", "PTS_OT10", "PTS"], "rowSet": [["2012-10-31T00:00:00", 2, "0021200005", 1610612743, "DEN", "Denver", "0-1", 22, 16, 14, 23, 0, 0, 0, 0, 0, 0, 0, 0, 0, 0, 75], ["2012-10-31T00:00:00", 2, "0021200005", 1610612755, "PHI", "Philadelphia", "1-0", 25, 21, 19, 19, 0, 0, 0, 0, 0, 0, 0, 0, 0, 0, 84]], "name": "LineScore"}, {"headers": ["GAME_ID", "HOME_TEAM_ID", "VISITOR_TEAM_ID", "GAME_DATE_EST", "HOME_TEAM_WINS", "HOME_TEAM_LOSSES", "SERIES_LEADER"], "rowSet": [["0021200005", 1610612755, 1610612743, "2012-10-31T00:00:00", 1, 1, "Tied"]], "name": "SeasonSeries"}, {"headers": ["GAME_ID", "LAST_GAME_ID", "LAST_GAME_DATE_EST", "LAST_GAME_HOME_TEAM_ID", "LAST_GAME_HOME_TEAM_CITY", "LAST_GAME_HOME_TEAM_NAME", "LAST_GAME_HOME_TEAM_ABBREVIATION", "LAST_GAME_HOME_TEAM_POINTS", "LAST_GAME_VISITOR_TEAM_ID", "LAST_GAME_VISITOR_TEAM_CITY", "LAST_GAME_VISITOR_TEAM_NAME", "LAST_GAME_VISITOR_TEAM_CITY1", "LAST_GAME_VISITOR_TEAM_POINTS"], "rowSet": [["0021200005", "0021100202", "2012-01-18T00:00:00", 1610612755, "Philadelphia", "76ers", "PHI", 104, 1610612743, "Denver", "Nuggets", "DEN", 108]], "name": "LastMeeting"}, {"headers": ["GAME_ID", "TEAM_ID", "TEAM_ABBREVIATION", "TEAM_CITY", "PLAYER_ID", "PLAYER_NAME", "START_POSITION", "COMMENT", "MIN", "FGM", "FGA", "FG_PCT", "FG3M", "FG3A", "FG3_PCT", "FTM", "FTA", "FT_PCT", "OREB", "DREB", "REB", "AST", "STL", "BLK", "TO", "PF", "PTS", "PLUS_MINUS"], "rowSet": [["0021200005", 1610612743, "DEN", "Denver", 202706, "Jordan Hamilton", "F", "", "12:51", 2, 5, 0.4, 0, 2, 0.0, 0, 0, 0.0, 0, 6, 6, 2, 0, 0, 0, 2, 4, -5.0], ["0021200005", 1610612743, "DEN", "Denver", 202702, "Kenneth Faried", "F", "", "17:07", 3, 9, 0.333, 0, 0, 0.0, 0, 0, 0.0, 5, 2, 7, 0, 1, 0, 2, 2, 6, -7.0], ["0021200005", 1610612743, "DEN", "Denver", 201585, "Kosta Koufos", "C", "", "29:40", 2, 3, 0.667, 0, 0, 0.0, 2, 4, 0.5, 4, 5, 9, 0, 1, 1, 1, 3, 6, 0.0], ["0021200005", 1610612743, "DEN", "Denver", 2738, "Andre Iguodala", "G", "", "34:48", 5, 13, 0.385, 0, 4, 0.0, 1, 3, 0.333, 1, 3, 4, 4, 2, 1, 4, 0, 11, -19.0], ["0021200005", 1610612743, "DEN", "Denver", 201951, "Ty Lawson", "G", "", "36:38", 7, 17, 0.412, 1, 2, 0.5, 1, 2, 0.5, 1, 4, 5, 7, 2, 0, 0, 4, 16, -3.0], ["0021200005", 1610612743, "DEN", "Denver", 1889, "Andre Miller", "", "", "32:21", 5, 15, 0.333, 0, 1, 0.0, 0, 0, 0.0, 1, 6, 7, 5, 2, 0, 3, 2, 10, 0.0], ["0021200005", 1610612743, "DEN", "Denver", 201147, "Corey Brewer", "", "", "27:22", 3, 9, 0.333, 2, 6, 0.333, 0, 0, 0.0, 0, 6, 6, 0, 1, 0, 5, 4, 8, 0.0], ["0021200005", 1610612743, "DEN", "Denver", 201580, "JaVale McGee", "", "", "18:20", 2, 5, 0.4, 0, 0, 0.0, 0, 0, 0.0, 4, 3, 7, 0, 0, 3, 3, 0, 4, -9.0], ["0021200005", 1610612743, "DEN", "Denver", 201163, "Wilson Chandler", "", "", "20:34", 2, 8, 0.25, 0, 1, 0.0, 1, 2, 0.5, 0, 3, 3, 0, 0, 0, 1, 4, 5, -7.0], ["0021200005", 1610612743, "DEN", "Denver", 203095, "Evan Fournier", "", "", "10:19", 2, 4, 0.5, 1, 2, 0.5, 0, 0, 0.0, 0, 0, 0, 1, 0, 0, 1, 1, 5, 5.0], ["0021200005", 1610612743, "DEN", "Denver", 201568, "Danilo Gallinari", "", "DNP - Coach's Decision", null, null, null, null, null, null, null, null, null, null, null, null, null, null, null, null, null, null, null, null], ["0021200005", 1610612743, "DEN", "Denver", 203113, "Quincy Miller", "", "DNP - Coach's Decision", null, null, null, null, null, null, null, null, null, null, null, null, null, null, null, null, null, null, null, null], ["0021200005", 1610612743, "DEN", "Denver", 201576, "Anthony Randolph", "", "DNP - Coach's Decision", null, null, null, null, null, null, null, null, null, null, null, null, null, null, null, null, null, null, null, null], ["0021200005", 1610612755, "PHI", "Philadelphia", 202323, "Evan Turner", "F", "", "28:28", 2, 7, 0.286, 0, 1, 0.0, 1, 1, 1.0, 0, 6, 6, 2, 0, 0, 3, 4, 5, 10.0], ["0021200005", 1610612755, "PHI", "Philadelphia", 201152, "Thaddeus Young", "F", "", "36:27", 6, 12, 0.5, 0, 0, 0.0, 1, 3, 0.333, 1, 4, 5, 1, 2, 1, 1, 2, 13, 18.0], ["0021200005", 1610612755, "PHI", "Philadelphia", 202730, "Lavoy Allen", "C", "", "16:58", 1, 5, 0.2, 0, 0, 0.0, 1, 2, 0.5, 4, 0, 4, 0, 0, 1, 1, 0, 3, -1.0], ["0021200005", 1610612755, "PHI", "Philadelphia", 2202, "Jason Richardson", "G", "", "36:31", 4, 13, 0.308, 2, 7, 0.286, 0, 0, 0.0, 2, 2, 4, 2, 4, 3, 0, 3, 10, 7.0], ["0021200005", 1610612755, "PHI", "Philadelphia", 201950, "Jrue Holiday", "G", "", "41:24", 5, 16, 0.313, 0, 3, 0.0, 4, 5, 0.8, 2, 4, 6, 11, 2, 0, 3, 3, 14, 8.0], ["0021200005", 1610612755, "PHI", "Philadelphia", 201150, "Spencer Hawes", "", "", "31:02", 6, 11, 0.545, 2, 3, 0.667, 2, 2, 1.0, 3, 9, 12, 2, 2, 5, 3, 1, 16, 10.0], ["0021200005", 1610612755, "PHI", "Philadelphia", 2748, "Dorell Wright", "", "", "27:38", 3, 12, 0.25, 2, 8, 0.25, 6, 6, 1.0, 2, 5, 7, 0, 2, 1, 2, 1, 14, -1.0], ["0021200005", 1610612755, "PHI", "Philadelphia", 201156, "Nick Young", "", "", "18:41", 3, 9, 0.333, 1, 3, 0.333, 2, 2, 1.0, 0, 3, 3, 0, 1, 0, 1, 0, 9, -6.0], ["0021200005", 1610612755, "PHI", "Philadelphia", 203146, "Maalik Wayns", "", "", "2:31", 0, 0, 0.0, 0, 0, 0.0, 0, 0, 0.0, 0, 0, 0, 0, 0, 0, 1, 0, 0, 0.0], ["0021200005", 1610612755, "PHI", "Philadelphia", 2863, "Damien Wilkins", "", "", "0:20", 0, 0, 0.0, 0, 0, 0.0, 0, 0, 0.0, 0, 0, 0, 0, 0, 0, 0, 0, 0, 0.0], ["0021200005", 1610612755, "PHI", "Philadelphia", 2198, "Kwame Brown", "", "DNP - Coach's Decision", null, null, null, null, null, null, null, null, null, null, null, null, null, null, null, null, null, null, null, null], ["0021200005", 1610612755, "PHI", "Philadelphia", 2767, "Royal Ivey", "", "DNP - Coach's Decision", null, null, null, null, null, null, null, null, null, null, null, null, null, null, null, null, null, null, null, null], ["0021200005", 1610612755, "PHI", "Philadelphia", 203102, "Arnett Moultrie", "", "DNP - Coach's Decision", null, null, null, null, null, null, null, null, null, null, null, null, null, null, null, null, null, null, null, null]], "name": "PlayerStats"}, {"headers": ["GAME_ID", "TEAM_ID", "TEAM_NAME", "TEAM_ABBREVIATION", "TEAM_CITY", "MIN", "FGM", "FGA", "FG_PCT", "FG3M", "FG3A", "FG3_PCT", "FTM", "FTA", "FT_PCT", "OREB", "DREB", "REB", "AST", "STL", "BLK", "TO", "PF", "PTS", "PLUS_MINUS"], "rowSet": [["0021200005", 1610612755, "76ers", "PHI", "Philadelphia", "240:00", 30, 85, 0.353, 7, 25, 0.28, 17, 21, 0.81, 14, 33, 47, 18, 13, 11, 15, 14, 84, 9.0], ["0021200005", 1610612743, "Nuggets", "DEN", "Denver", "240:00", 33, 88, 0.375, 4, 18, 0.222, 5, 11, 0.455, 16, 38, 54, 19, 9, 5, 20, 22, 75, -9.0]], "name": "TeamStats"}, {"headers": ["LEAGUE_ID", "SEASON_ID", "TEAM_ID", "TEAM_ABBREVIATION", "TEAM_CITY", "PTS_PAINT", "PTS_2ND_CHANCE", "PTS_FB", "LARGEST_LEAD", "LEAD_CHANGES", "TIMES_TIED"], "rowSet": [["00", "22012", 1610612743, "DEN", "Denver", 48, 14, 18, 14, 3, 4], ["00", "22012", 1610612755, "PHI", "Philadelphia", 26, 9, 21, 14, 3, 4]], "name": "OtherStats"}, {"headers": ["OFFICIAL_ID", "FIRST_NAME", "LAST_NAME", "JERSEY_NUM"], "rowSet": [[1192, "Bennett", "Salvatore", "15"], [2715, "Eric", "Lewis", "42"], [2529, "Tony", "Brown", "6"]], "name": "Officials"}, {"headers": ["GAME_DATE", "ATTENDANCE", "GAME_TIME"], "rowSet": [["WEDNESDAY, OCTOBER 31, 2012", 19101, "2:08"]], "name": "GameInfo"}, {"headers": ["PLAYER_ID", "FIRST_NAME", "LAST_NAME", "JERSEY_NUM", "TEAM_ID", "TEAM_CITY", "TEAM_NAME", "TEAM_ABBREVIATION"], "rowSet": [[101115, "Andrew", "Bynum", "33", 1610612755, "Philadelphia", "76ers", "PHI"], [202933, "Julyan", "Stone", "10", 1610612743, "Denver", "Nuggets", "DEN"], [202389, "Timofey", "Mozgov", "25", 1610612743, "Denver", "Nuggets", "DEN"]], "name": "InactivePlayers"}, {"headers": ["VIDEO_AVAILABLE_FLAG"], "rowSet": [[1]], "name": "AvailableVideo"}], "parameters": {"GameID": "0021200005", "RangeType": 0, "StartPeriod": 0, "StartRange": 0, "EndPeriod": 0, "EndRange": 0}}