{"resource": "boxscore", "resultSets": [{"headers": ["GAME_DATE_EST", "GAME_SEQUENCE", "GAME_ID", "GAME_STATUS_ID", "GAME_STATUS_TEXT", "GAMECODE", "HOME_TEAM_ID", "VISITOR_TEAM_ID", "SEASON", "LIVE_PERIOD", "LIVE_PC_TIME", "NATL_TV_BROADCASTER_ABBREVIATION", "LIVE_PERIOD_TIME_BCAST", "WH_STATUS"], "rowSet": [["2012-11-07T00:00:00", 12, "0021200064", 3, "Final", "20121107/SASLAC", 1610612746, 1610612759, "2012", 4, "", "ESPN", "Q4  - ESPN", 1]], "name": "GameSummary"}, {"headers": ["GAME_DATE_EST", "GAME_SEQUENCE", "GAME_ID", "TEAM_ID", "TEAM_ABBREVIATION", "TEAM_CITY_NAME", "TEAM_WINS_LOSSES", "PTS_QTR1", "PTS_QTR2", "PTS_QTR3", "PTS_QTR4", "PTS_OT1", "PTS_OT2", "PTS_OT3", "PTS_OT4", "PTS_OT5", "PTS_OT6", "PTS_OT7", "PTS_OT8", "PTS_OT9", "PTS_OT10", "PTS"], "rowSet": [["2012-11-07T00:00:00", 12, "0021200064", 1610612746, "LAC", "Los Angeles", "3-2", 22, 25, 35, 24, 0, 0, 0, 0, 0, 0, 0, 0, 0, 0, 106], ["2012-11-07T00:00:00", 12, "0021200064", 1610612759, "SAS", "San Antonio", "4-1", 16, 25, 21, 22, 0, 0, 0, 0, 0, 0, 0, 0, 0, 0, 84]], "name": "LineScore"}, {"headers": ["GAME_ID", "HOME_TEAM_ID", "VISITOR_TEAM_ID", "GAME_DATE_EST", "HOME_TEAM_WINS", "HOME_TEAM_LOSSES", "SERIES_LEADER"], "rowSet": [["0021200064", 1610612746, 1610612759, "2012-11-07T00:00:00", 2, 2, "Tied"]], "name": "SeasonSeries"}, {"headers": ["GAME_ID", "LAST_GAME_ID", "LAST_GAME_DATE_EST", "LAST_GAME_HOME_TEAM_ID", "LAST_GAME_HOME_TEAM_CITY", "LAST_GAME_HOME_TEAM_NAME", "LAST_GAME_HOME_TEAM_ABBREVIATION", "LAST_GAME_HOME_TEAM_POINTS", "LAST_GAME_VISITOR_TEAM_ID", "LAST_GAME_VISITOR_TEAM_CITY", "LAST_GAME_VISITOR_TEAM_NAME", "LAST_GAME_VISITOR_TEAM_CITY1", "LAST_GAME_VISITOR_TEAM_POINTS"], "rowSet": [["0021200064", "0041100224", "2012-05-20T00:00:00", 1610612746, "Los Angeles", "Clippers", "LAC", 99, 1610612759, "San Antonio", "Spurs", "SAS", 102]], "name": "LastMeeting"}, {"headers": ["GAME_ID", "TEAM_ID", "TEAM_ABBREVIATION", "TEAM_CITY", "PLAYER_ID", "PLAYER_NAME", "START_POSITION", "COMMENT", "MIN", "FGM", "FGA", "FG_PCT", "FG3M", "FG3A", "FG3_PCT", "FTM", "FTA", "FT_PCT", "OREB", "DREB", "REB", "AST", "STL", "BLK", "TO", "PF", "PTS", "PLUS_MINUS"], "rowSet": [["0021200064", 1610612759, "SAS", "San Antonio", 202695, "Kawhi Leonard", "F", "", "22:59", 2, 5, 0.4, 0, 2, 0.0, 0, 0, 0.0, 0, 4, 4, 2, 0, 0, 1, 0, 4, -9.0], ["0021200064", 1610612759, "SAS", "San Antonio", 1495, "Tim Duncan", "F", "", "22:43", 3, 8, 0.375, 0, 0, 0.0, 4, 6, 0.667, 2, 4, 6, 3, 1, 0, 1, 1, 10, -13.0], ["0021200064", 1610612759, "SAS", "San Antonio", 2564, "Boris Diaw", "C", "", "24:28", 4, 6, 0.667, 0, 2, 0.0, 0, 0, 0.0, 0, 2, 2, 2, 2, 0, 1, 1, 8, -13.0], ["0021200064", 1610612759, "SAS", "San Antonio", 201980, "Danny Green", "G", "", "23:52", 4, 7, 0.571, 3, 5, 0.6, 1, 1, 1.0, 0, 1, 1, 2, 1, 1, 0, 1, 12, -6.0], ["0021200064", 1610612759, "SAS", "San Antonio", 2225, "Tony Parker", "G", "", "24:04", 2, 7, 0.286, 0, 1, 0.0, 0, 0, 0.0, 0, 1, 1, 6, 0, 0, 4, 0, 4, -12.0], ["0021200064", 1610612759, "SAS", "San Antonio", 1536, "Stephen Jackson", "", "", "22:07", 2, 4, 0.5, 0, 1, 0.0, 1, 4, 0.25, 0, 2, 2, 1, 1, 0, 0, 1, 5, -12.0], ["0021200064", 1610612759, "SAS", "San Antonio", 1938, "Manu Ginobili", "", "", "19:05", 2, 8, 0.25, 2, 5, 0.4, 3, 3, 1.0, 0, 1, 1, 2, 0, 1, 1, 2, 9, -10.0], ["0021200064", 1610612759, "SAS", "San Antonio", 201971, "DeJuan Blair", "", "", "16:51", 2, 7, 0.286, 0, 0, 0.0, 0, 0, 0.0, 3, 4, 7, 1, 1, 1, 2, 2, 4, -8.0], ["0021200064", 1610612759, "SAS", "San Antonio", 201168, "Tiago Splitter", "", "", "18:31", 3, 6, 0.5, 0, 0, 0.0, 1, 3, 0.333, 0, 2, 2, 0, 0, 1, 3, 1, 7, -6.0], ["0021200064", 1610612759, "SAS", "San Antonio", 202390, "Gary Neal", "", "", "18:50", 2, 6, 0.333, 1, 3, 0.333, 4, 4, 1.0, 0, 1, 1, 5, 0, 0, 4, 0, 9, -2.0], ["0021200064", 1610612759, "SAS", "San Antonio", 2588, "Matt Bonner", "", "", "10:14", 1, 2, 0.5, 1, 1, 1.0, 0, 0, 0.0, 1, 1, 2, 0, 1, 0, 1, 0, 3, -9.0], ["0021200064", 1610612759, "SAS", "San Antonio", 201988, "Patty Mills", "", "", "9:29", 2, 4, 0.5, 0, 2, 0.0, 1, 1, 1.0, 0, 0, 0, 1, 0, 0, 1, 1, 5, -5.0], ["0021200064", 1610612759, "SAS", "San Antonio", 201986, "Nando De Colo", "", "", "6:47", 1, 3, 0.333, 1, 1, 1.0, 1, 2, 0.5, 0, 0, 0, 0, 0, 0, 1, 1, 4, -5.0], ["0021200064", 1610612746, "LAC", "Los Angeles", 2406, "Caron Butler", "F", "", "21:08", 2, 6, 0.333, 0, 2, 0.0, 0, 0, 0.0, 1, 2, 3, 3, 1, 0, 2, 3, 4, 8.0], ["0021200064", 1610612746, "LAC", "Los Angeles", 201933, "Blake Griffin", "F", "", "29:56", 10, 16, 0.625, 0, 0, 0.0, 2, 3, 0.667, 0, 10, 10, 3, 0, 1, 2, 2, 22, 29.0], ["0021200064", 1610612746, "LAC", "Los Angeles", 201599, "DeAndre Jordan", "C", "", "27:01", 10, 12, 0.833, 0, 0, 0.0, 0, 0, 0.0, 3, 8, 11, 0, 2, 4, 1, 1, 20, 23.0], ["0021200064", 1610612746, "LAC", "Los Angeles", 2584, "Willie Green", "G", "", "17:18", 5, 5, 1.0, 1, 1, 1.0, 0, 0, 0.0, 0, 2, 2, 1, 1, 0, 0, 0, 11, 14.0], ["0021200064", 1610612746, "LAC", "Los Angeles", 101108, "Chris Paul", "G", "", "29:28", 4, 8, 0.5, 0, 1, 0.0, 2, 2, 1.0, 0, 2, 2, 12, 1, 0, 1, 2, 10, 19.0], ["0021200064", 1610612746, "LAC", "Los Angeles", 200797, "Ryan Hollins", "", "", "16:32", 1, 3, 0.333, 0, 0, 0.0, 0, 0, 0.0, 2, 3, 5, 0, 0, 0, 2, 4, 2, 2.0], ["0021200064", 1610612746, "LAC", "Los Angeles", 2037, "Jamal Crawford", "", "", "26:54", 3, 7, 0.429, 2, 5, 0.4, 2, 2, 1.0, 0, 0, 0, 1, 1, 0, 3, 1, 10, 12.0], ["0021200064", 1610612746, "LAC", "Los Angeles", 2440, "Matt Barnes", "", "", "26:52", 4, 9, 0.444, 2, 5, 0.4, 2, 2, 1.0, 1, 4, 5, 4, 3, 1, 2, 4, 12, 14.0], ["0021200064", 1610612746, "LAC", "Los Angeles", 202339, "Eric Bledsoe", "", "", "22:20", 7, 14, 0.5, 1, 2, 0.5, 0, 0, 0.0, 1, 0, 1, 5, 1, 1, 1, 0, 15, -1.0], ["0021200064", 1610612746, "LAC", "Los Angeles", 1885, "Lamar Odom", "", "", "9:56", 0, 3, 0.0, 0, 1, 0.0, 0, 0, 0.0, 0, 2, 2, 1, 0, 1, 1, 2, 0, -4.0], ["0021200064", 1610612746, "LAC", "Los Angeles", 101142, "Ronny Turiaf", "", "", "12:35", 0, 0, 0.0, 0, 0, 0.0, 0, 0, 0.0, 1, 4, 5, 0, 3, 0, 0, 0, 0, -6.0]], "name": "PlayerStats"}, {"headers": ["GAME_ID", "TEAM_ID", "TEAM_NAME", "TEAM_ABBREVIATION", "TEAM_CITY", "MIN", "FGM", "FGA", "FG_PCT", "FG3M", "FG3A", "FG3_PCT", "FTM", "FTA", "FT_PCT", "OREB", "DREB", "REB", "AST", "STL", "BLK", "TO", "PF", "PTS", "PLUS_MINUS"], "rowSet": [["0021200064", 1610612759, "Spurs", "SAS", "San Antonio", "240:00", 30, 73, 0.411, 8, 23, 0.348, 16, 24, 0.667, 6, 23, 29, 25, 7, 4, 20, 11, 84, -22.0], ["0021200064", 1610612746, "Clippers", "LAC", "Los Angeles", "240:00", 46, 83, 0.554, 6, 17, 0.353, 8, 9, 0.889, 9, 37, 46, 30, 13, 8, 15, 19, 106, 22.0]], "name": "TeamStats"}, {"headers": ["LEAGUE_ID", "SEASON_ID", "TEAM_ID", "TEAM_ABBREVIATION", "TEAM_CITY", "PTS_PAINT", "PTS_2ND_CHANCE", "PTS_FB", "LARGEST_LEAD", "LEAD_CHANGES", "TIMES_TIED"], "rowSet": [["00", "22012", 1610612746, "LAC", "Los Angeles", 54, 6, 24, 27, 1, 1], ["00", "22012", 1610612759, "SAS", "San Antonio", 32, 10, 18, 28, 1, 1]], "name": "OtherStats"}, {"headers": ["OFFICIAL_ID", "FIRST_NAME", "LAST_NAME", "JERSEY_NUM"], "rowSet": [[1193, "Michael", "Smith", "38"], [1148, "James", "Capers", "19"], [2005, "Matt", "Boland", "18"]], "name": "Officials"}, {"headers": ["GAME_DATE", "ATTENDANCE", "GAME_TIME"], "rowSet": [["WEDNESDAY, NOVEMBER 7, 2012", 19060, "2:11"]], "name": "GameInfo"}, {"headers": ["PLAYER_ID", "FIRST_NAME", "LAST_NAME", "JERSEY_NUM", "TEAM_ID", "TEAM_CITY", "TEAM_NAME", "TEAM_ABBREVIATION"], "rowSet": [[255, "Grant", "Hill", "33", 1610612746, "Los Angeles", "Clippers", "LAC"], [1497, "Chauncey", "Billups", " 1", 1610612746, "Los Angeles", "Clippers", "LAC"], [202717, "Trey", "Thompkins", " 9", 1610612746, "Los Angeles", "Clippers", "LAC"], [202709, "Cory", "Joseph", " 5", 1610612759, "San Antonio", "Spurs", "SAS"]], "name": "InactivePlayers"}, {"headers": ["VIDEO_AVAILABLE_FLAG"], "rowSet": [[0]], "name": "AvailableVideo"}], "parameters": {"GameID": "0021200064", "RangeType": 0, "StartPeriod": 0, "StartRange": 0, "EndPeriod": 0, "EndRange": 0}}