{"resource": "boxscore", "resultSets": [{"headers": ["GAME_DATE_EST", "GAME_SEQUENCE", "GAME_ID", "GAME_STATUS_ID", "GAME_STATUS_TEXT", "GAMECODE", "HOME_TEAM_ID", "VISITOR_TEAM_ID", "SEASON", "LIVE_PERIOD", "LIVE_PC_TIME", "NATL_TV_BROADCASTER_ABBREVIATION", "LIVE_PERIOD_TIME_BCAST", "WH_STATUS"], "rowSet": [["2012-10-31T00:00:00", 3, "0021200006", 3, "Final", "20121031/HOUDET", 1610612765, 1610612745, "2012", 4, "", null, "Q4  - ", 1]], "name": "GameSummary"}, {"headers": ["GAME_DATE_EST", "GAME_SEQUENCE", "GAME_ID", "TEAM_ID", "TEAM_ABBREVIATION", "TEAM_CITY_NAME", "TEAM_WINS_LOSSES", "PTS_QTR1", "PTS_QTR2", "PTS_QTR3", "PTS_QTR4", "PTS_OT1", "PTS_OT2", "PTS_OT3", "PTS_OT4", "PTS_OT5", "PTS_OT6", "PTS_OT7", "PTS_OT8", "PTS_OT9", "PTS_OT10", "PTS"], "rowSet": [["2012-10-31T00:00:00", 3, "0021200006", 1610612765, "DET", "Detroit", "0-1", 22, 36, 23, 15, 0, 0, 0, 0, 0, 0, 0, 0, 0, 0, 96], ["2012-10-31T00:00:00", 3, "0021200006", 1610612745, "HOU", "Houston", "1-0", 27, 28, 17, 33, 0, 0, 0, 0, 0, 0, 0, 0, 0, 0, 105]], "name": "LineScore"}, {"headers": ["GAME_ID", "HOME_TEAM_ID", "VISITOR_TEAM_ID", "GAME_DATE_EST", "HOME_TEAM_WINS", "HOME_TEAM_LOSSES", "SERIES_LEADER"], "rowSet": [["0021200006", 1610612765, 1610612745, "2012-10-31T00:00:00", 0, 2, "Houston"]], "name": "SeasonSeries"}, {"headers": ["GAME_ID", "LAST_GAME_ID", "LAST_GAME_DATE_EST", "LAST_GAME_HOME_TEAM_ID", "LAST_GAME_HOME_TEAM_CITY", "LAST_GAME_HOME_TEAM_NAME", "LAST_GAME_HOME_TEAM_ABBREVIATION", "LAST_GAME_HOME_TEAM_POINTS", "LAST_GAME_VISITOR_TEAM_ID", "LAST_GAME_VISITOR_TEAM_CITY", "LAST_GAME_VISITOR_TEAM_NAME", "LAST_GAME_VISITOR_TEAM_CITY1", "LAST_GAME_VISITOR_TEAM_POINTS"], "rowSet": [["0021200006", "0021100200", "2012-01-17T00:00:00", 1610612765, "Detroit", "Pistons", "DET", 80, 1610612745, "Houston", "Rockets", "HOU", 97]], "name": "LastMeeting"}, {"headers": ["GAME_ID", "TEAM_ID", "TEAM_ABBREVIATION", "TEAM_CITY", "PLAYER_ID", "PLAYER_NAME", "START_POSITION", "COMMENT", "MIN", "FGM", "FGA", "FG_PCT", "FG3M", "FG3A", "FG3_PCT", "FTM", "FTA", "FT_PCT", "OREB", "DREB", "REB", "AST", "STL", "BLK", "TO", "PF", "PTS", "PLUS_MINUS"], "rowSet": [["0021200006", 1610612745, "HOU", "Houston", 202718, "Chandler Parsons", "F", "", "42:26", 3, 9, 0.333, 1, 4, 0.25, 4, 5, 0.8, 2, 5, 7, 6, 0, 0, 3, 3, 11, 9.0], ["0021200006", 1610612745, "HOU", "Houston", 202694, "Marcus Morris", "F", "", "25:36", 3, 10, 0.3, 0, 2, 0.0, 0, 0, 0.0, 4, 3, 7, 1, 0, 0, 2, 3, 6, -3.0], ["0021200006", 1610612745, "HOU", "Houston", 201600, "Omer Asik", "C", "", "33:02", 5, 6, 0.833, 0, 0, 0.0, 2, 6, 0.333, 2, 7, 9, 0, 1, 2, 3, 2, 12, 3.0], ["0021200006", 1610612745, "HOU", "Houston", 201935, "James Harden", "G", "", "44:04", 14, 25, 0.56, 4, 10, 0.4, 5, 6, 0.833, 1, 5, 6, 12, 4, 1, 4, 2, 37, 18.0], ["0021200006", 1610612745, "HOU", "Houston", 202391, "Jeremy Lin", "G", "", "35:27", 5, 12, 0.417, 0, 2, 0.0, 2, 2, 1.0, 0, 4, 4, 8, 4, 0, 4, 4, 12, 23.0], ["0021200006", 1610612745, "HOU", "Houston", 2568, "Carlos Delfino", "", "", "23:56", 5, 6, 0.833, 5, 6, 0.833, 0, 0, 0.0, 1, 6, 7, 0, 1, 0, 3, 3, 15, 8.0], ["0021200006", 1610612745, "HOU", "Houston", 202962, "Greg Smith", "", "", "17:02", 4, 4, 1.0, 0, 0, 0.0, 2, 2, 1.0, 2, 3, 5, 0, 2, 0, 0, 5, 10, 4.0], ["0021200006", 1610612745, "HOU", "Houston", 201962, "Toney Douglas", "", "", "12:33", 0, 5, 0.0, 0, 2, 0.0, 2, 2, 1.0, 0, 0, 0, 1, 0, 0, 1, 1, 2, -14.0], ["0021200006", 1610612745, "HOU", "Houston", 201161, "Daequan Cook", "", "", "5:54", 0, 2, 0.0, 0, 1, 0.0, 0, 0, 0.0, 0, 0, 0, 0, 0, 0, 0, 1, 0, -3.0], ["0021200006", 1610612745, "HOU", "Houston", 202332, "Cole Aldrich", "", "DNP - Coach's Decision", null, null, null, null, null, null, null, null, null, null, null, null, null, null, null, null, null, null, null, null], ["0021200006", 1610612745, "HOU", "Houston", 203093, "Terrence Jones", "", "DNP - Coach's Decision", null, null, null, null, null, null, null, null, null, null, null, null, null, null, null, null, null, null, null, null], ["0021200006", 1610612745, "HOU", "Houston", 202700, "Donatas Motiejunas", "", "DNP - Coach's Decision", null, null, null, null, null, null, null, null, null, null, null, null, null, null, null, null, null, null, null, null], ["0021200006", 1610612745, "HOU", "Houston", 203091, "Royce White", "", "DNP - Coach's Decision", null, null, null, null, null, null, null, null, null, null, null, null, null, null, null, null, null, null, null, null], ["0021200006", 1610612765, "DET", "Detroit", 2419, "Tayshaun Prince", "F", "", "32:22", 4, 9, 0.444, 0, 1, 0.0, 4, 4, 1.0, 0, 4, 4, 1, 1, 0, 1, 0, 12, -8.0], ["0021200006", 1610612765, "DET", "Detroit", 101131, "Jason Maxiell", "F", "", "24:00", 4, 7, 0.571, 0, 0, 0.0, 2, 2, 1.0, 4, 4, 8, 0, 0, 2, 2, 2, 10, 4.0], ["0021200006", 1610612765, "DET", "Detroit", 202328, "Greg Monroe", "C", "", "35:07", 7, 13, 0.538, 0, 0, 0.0, 0, 3, 0.0, 2, 6, 8, 4, 3, 0, 4, 4, 14, -9.0], ["0021200006", 1610612765, "DET", "Detroit", 201155, "Rodney Stuckey", "G", "", "36:47", 1, 10, 0.1, 0, 3, 0.0, 7, 8, 0.875, 0, 2, 2, 6, 1, 0, 0, 0, 9, -19.0], ["0021200006", 1610612765, "DET", "Detroit", 202688, "Brandon Knight", "G", "", "36:45", 5, 15, 0.333, 1, 4, 0.25, 4, 6, 0.667, 0, 4, 4, 4, 1, 0, 2, 0, 15, -12.0], ["0021200006", 1610612765, "DET", "Detroit", 203119, "Kim English", "", "", "13:47", 3, 6, 0.5, 2, 4, 0.5, 0, 0, 0.0, 0, 0, 0, 3, 2, 0, 1, 1, 8, 8.0], ["0021200006", 1610612765, "DET", "Detroit", 201973, "Jonas Jerebko", "", "", "19:32", 2, 7, 0.286, 0, 1, 0.0, 3, 3, 1.0, 4, 0, 4, 1, 1, 0, 0, 2, 7, -10.0], ["0021200006", 1610612765, "DET", "Detroit", 202713, "Kyle Singler", "", "", "15:38", 4, 5, 0.8, 2, 2, 1.0, 0, 0, 0.0, 0, 2, 2, 0, 0, 1, 1, 0, 10, -1.0], ["0021200006", 1610612765, "DET", "Detroit", 101198, "Will Bynum", "", "", "13:09", 4, 6, 0.667, 1, 1, 1.0, 0, 0, 0.0, 0, 2, 2, 2, 1, 0, 3, 4, 9, 2.0], ["0021200006", 1610612765, "DET", "Detroit", 203083, "Andre Drummond", "", "", "12:53", 1, 1, 1.0, 0, 0, 0.0, 0, 0, 0.0, 0, 2, 2, 0, 2, 1, 2, 2, 2, 0.0], ["0021200006", 1610612765, "DET", "Detroit", 201948, "Austin Daye", "", "DNP - Coach's Decision", null, null, null, null, null, null, null, null, null, null, null, null, null, null, null, null, null, null, null, null], ["0021200006", 1610612765, "DET", "Detroit", 203114, "Khris Middleton", "", "DNP - Coach's Decision", null, null, null, null, null, null, null, null, null, null, null, null, null, null, null, null, null, null, null, null], ["0021200006", 1610612765, "DET", "Detroit", 101111, "Charlie Villanueva", "", "DNP - Coach's Decision", null, null, null, null, null, null, null, null, null, null, null, null, null, null, null, null, null, null, null, null]], "name": "PlayerStats"}, {"headers": ["GAME_ID", "TEAM_ID", "TEAM_NAME", "TEAM_ABBREVIATION", "TEAM_CITY", "MIN", "FGM", "FGA", "FG_PCT", "FG3M", "FG3A", "FG3_PCT", "FTM", "FTA", "FT_PCT", "OREB", "DREB", "REB", "AST", "STL", "BLK", "TO", "PF", "PTS", "PLUS_MINUS"], "rowSet": [["0021200006", 1610612745, "Rockets", "HOU", "Houston", "240:00", 39, 79, 0.494, 10, 27, 0.37, 17, 23, 0.739, 12, 33, 45, 28, 12, 3, 20, 24, 105, 9.0], ["0021200006", 1610612765, "Pistons", "DET", "Detroit", "240:00", 35, 79, 0.443, 6, 16, 0.375, 20, 26, 0.769, 10, 26, 36, 21, 12, 4, 16, 15, 96, -9.0]], "name": "TeamStats"}, {"headers": ["LEAGUE_ID", "SEASON_ID", "TEAM_ID", "TEAM_ABBREVIATION", "TEAM_CITY", "PTS_PAINT", "PTS_2ND_CHANCE", "PTS_FB", "LARGEST_LEAD", "LEAD_CHANGES", "TIMES_TIED"], "rowSet": [["00", "22012", 1610612745, "HOU", "Houston", 50, 13, 13, 11, 8, 4], ["00", "22012", 1610612765, "DET", "Detroit", 42, 10, 12, 11, 8, 4]], "name": "OtherStats"}, {"headers": ["OFFICIAL_ID", "FIRST_NAME", "LAST_NAME", "JERSEY_NUM"], "rowSet": [[1164, "Ron", "Garretson", "10"], [1151, "Sean", "Corbin", "33"], [2004, "Courtney", "Kirkland", "61"]], "name": "Officials"}, {"headers": ["GAME_DATE", "ATTENDANCE", "GAME_TIME"], "rowSet": [["WEDNESDAY, OCTOBER 31, 2012", 16646, "2:25"]], "name": "GameInfo"}, {"headers": ["PLAYER_ID", "FIRST_NAME", "LAST_NAME", "JERSEY_NUM", "TEAM_ID", "TEAM_CITY", "TEAM_NAME", "TEAM_ABBREVIATION"], "rowSet": [[203139, "Viacheslav", "Kravtsov", "55", 1610612765, "Detroit", "Pistons", "DET"], [1894, "Corey", "Maggette", "50", 1610612765, "Detroit", "Pistons", "DET"], [203159, "Scott", "Machado", " 1", 1610612745, "Houston", "Rockets", "HOU"], [202335, "Patrick", "Patterson", "54", 1610612745, "Houston", "Rockets", "HOU"]], "name": "InactivePlayers"}, {"headers": ["VIDEO_AVAILABLE_FLAG"], "rowSet": [[1]], "name": "AvailableVideo"}], "parameters": {"GameID": "0021200006", "RangeType": 0, "StartPeriod": 0, "StartRange": 0, "EndPeriod": 0, "EndRange": 0}}