{"resource": "boxscore", "resultSets": [{"headers": ["GAME_DATE_EST", "GAME_SEQUENCE", "GAME_ID", "GAME_STATUS_ID", "GAME_STATUS_TEXT", "GAMECODE", "HOME_TEAM_ID", "VISITOR_TEAM_ID", "SEASON", "LIVE_PERIOD", "LIVE_PC_TIME", "NATL_TV_BROADCASTER_ABBREVIATION", "LIVE_PERIOD_TIME_BCAST", "WH_STATUS"], "rowSet": [["2012-10-30T00:00:00", 2, "0021200002", 3, "Final", "20121030/BOSMIA", 1610612748, 1610612738, "2012", 4, "", "TNT", "Q4  - TNT", 1]], "name": "GameSummary"}, {"headers": ["GAME_DATE_EST", "GAME_SEQUENCE", "GAME_ID", "TEAM_ID", "TEAM_ABBREVIATION", "TEAM_CITY_NAME", "TEAM_WINS_LOSSES", "PTS_QTR1", "PTS_QTR2", "PTS_QTR3", "PTS_QTR4", "PTS_OT1", "PTS_OT2", "PTS_OT3", "PTS_OT4", "PTS_OT5", "PTS_OT6", "PTS_OT7", "PTS_OT8", "PTS_OT9", "PTS_OT10", "PTS"], "rowSet": [["2012-10-30T00:00:00", 2, "0021200002", 1610612738, "BOS", "Boston", "0-1", 25, 29, 22, 31, 0, 0, 0, 0, 0, 0, 0, 0, 0, 0, 107], ["2012-10-30T00:00:00", 2, "0021200002", 1610612748, "MIA", "Miami", "1-0", 31, 31, 31, 27, 0, 0, 0, 0, 0, 0, 0, 0, 0, 0, 120]], "name": "LineScore"}, {"headers": ["GAME_ID", "HOME_TEAM_ID", "VISITOR_TEAM_ID", "GAME_DATE_EST", "HOME_TEAM_WINS", "HOME_TEAM_LOSSES", "SERIES_LEADER"], "rowSet": [["0021200002", 1610612748, 1610612738, "2012-10-30T00:00:00", 3, 1, "Miami"]], "name": "SeasonSeries"}, {"headers": ["GAME_ID", "LAST_GAME_ID", "LAST_GAME_DATE_EST", "LAST_GAME_HOME_TEAM_ID", "LAST_GAME_HOME_TEAM_CITY", "LAST_GAME_HOME_TEAM_NAME", "LAST_GAME_HOME_TEAM_ABBREVIATION", "LAST_GAME_HOME_TEAM_POINTS", "LAST_GAME_VISITOR_TEAM_ID", "LAST_GAME_VISITOR_TEAM_CITY", "LAST_GAME_VISITOR_TEAM_NAME", "LAST_GAME_VISITOR_TEAM_CITY1", "LAST_GAME_VISITOR_TEAM_POINTS"], "rowSet": [["0021200002", "0041100307", "2012-06-09T00:00:00", 1610612748, "Miami", "Heat", "MIA", 101, 1610612738, "Boston", "Celtics", "BOS", 88]], "name": "LastMeeting"}, {"headers": ["GAME_ID", "TEAM_ID", "TEAM_ABBREVIATION", "TEAM_CITY", "PLAYER_ID", "PLAYER_NAME", "START_POSITION", "COMMENT", "MIN", "FGM", "FGA", "FG_PCT", "FG3M", "FG3A", "FG3_PCT", "FTM", "FTA", "FT_PCT", "OREB", "DREB", "REB", "AST", "STL", "BLK", "TO", "PF", "PTS", "PLUS_MINUS"], "rowSet": [["0021200002", 1610612738, "BOS", "Boston", 1718, "Paul Pierce", "F", "", "40:34", 6, 15, 0.4, 2, 4, 0.5, 9, 9, 1.0, 0, 5, 5, 5, 2, 0, 0, 3, 23, -17.0], ["0021200002", 1610612738, "BOS", "Boston", 101138, "Brandon Bass", "F", "", "28:19", 6, 11, 0.545, 0, 0, 0.0, 3, 4, 0.75, 6, 5, 11, 1, 0, 0, 1, 2, 15, -8.0], ["0021200002", 1610612738, "BOS", "Boston", 708, "Kevin Garnett", "C", "", "31:43", 4, 8, 0.5, 0, 0, 0.0, 1, 1, 1.0, 1, 11, 12, 2, 0, 2, 5, 4, 9, -4.0], ["0021200002", 1610612738, "BOS", "Boston", 201584, "Courtney Lee", "G", "", "23:60", 5, 6, 0.833, 1, 1, 1.0, 0, 0, 0.0, 0, 1, 1, 1, 0, 0, 1, 5, 11, -7.0], ["0021200002", 1610612738, "BOS", "Boston", 200765, "Rajon Rondo", "G", "", "43:33", 9, 14, 0.643, 0, 2, 0.0, 2, 4, 0.5, 0, 7, 7, 13, 0, 0, 4, 4, 20, -13.0], ["0021200002", 1610612738, "BOS", "Boston", 203096, "Jared Sullinger", "", "", "8:06", 1, 2, 0.5, 0, 0, 0.0, 0, 0, 0.0, 0, 1, 1, 0, 0, 0, 0, 1, 2, -3.0], ["0021200002", 1610612738, "BOS", "Boston", 1891, "Jason Terry", "", "", "24:51", 2, 7, 0.286, 0, 3, 0.0, 4, 4, 1.0, 0, 0, 0, 1, 1, 0, 3, 3, 8, -10.0], ["0021200002", 1610612738, "BOS", "Boston", 201145, "Jeff Green", "", "", "23:04", 0, 4, 0.0, 0, 0, 0.0, 3, 4, 0.75, 0, 3, 3, 0, 1, 0, 1, 0, 3, -7.0], ["0021200002", 1610612738, "BOS", "Boston", 2571, "Leandro Barbosa", "", "", "15:50", 6, 8, 0.75, 3, 3, 1.0, 1, 2, 0.5, 0, 1, 1, 1, 0, 0, 0, 1, 16, 4.0], ["0021200002", 1610612738, "BOS", "Boston", 2215, "Jason Collins", "", "DNP - Coach's Decision", null, null, null, null, null, null, null, null, null, null, null, null, null, null, null, null, null, null, null, null], ["0021200002", 1610612738, "BOS", "Boston", 203126, "Kris Joseph", "", "DNP - Coach's Decision", null, null, null, null, null, null, null, null, null, null, null, null, null, null, null, null, null, null, null, null], ["0021200002", 1610612738, "BOS", "Boston", 2545, "Darko Milicic", "", "DNP - Coach's Decision", null, null, null, null, null, null, null, null, null, null, null, null, null, null, null, null, null, null, null, null], ["0021200002", 1610612738, "BOS", "Boston", 2404, "Chris Wilcox", "", "DNP - Coach's Decision", null, null, null, null, null, null, null, null, null, null, null, null, null, null, null, null, null, null, null, null], ["0021200002", 1610612748, "MIA", "Miami", 2544, "LeBron James", "F", "", "28:52", 10, 16, 0.625, 2, 4, 0.5, 4, 5, 0.8, 1, 9, 10, 3, 2, 0, 0, 2, 26, 12.0], ["0021200002", 1610612748, "MIA", "Miami", 2203, "Shane Battier", "F", "", "29:05", 2, 4, 0.5, 2, 3, 0.667, 0, 0, 0.0, 0, 2, 2, 1, 1, 0, 0, 3, 6, 12.0], ["0021200002", 1610612748, "MIA", "Miami", 2547, "Chris Bosh", "C", "", "36:57", 8, 15, 0.533, 0, 1, 0.0, 3, 4, 0.75, 2, 8, 10, 1, 0, 3, 1, 3, 19, 15.0], ["0021200002", 1610612748, "MIA", "Miami", 2548, "Dwyane Wade", "G", "", "35:07", 10, 22, 0.455, 0, 0, 0.0, 9, 11, 0.818, 2, 1, 3, 4, 2, 1, 4, 3, 29, -6.0], ["0021200002", 1610612748, "MIA", "Miami", 201596, "Mario Chalmers", "G", "", "36:29", 3, 7, 0.429, 0, 1, 0.0, 2, 2, 1.0, 0, 1, 1, 11, 3, 0, 1, 3, 8, 11.0], ["0021200002", 1610612748, "MIA", "Miami", 951, "Ray Allen", "", "", "30:35", 5, 7, 0.714, 2, 3, 0.667, 7, 8, 0.875, 0, 2, 2, 2, 0, 0, 0, 1, 19, 9.0], ["0021200002", 1610612748, "MIA", "Miami", 2617, "Udonis Haslem", "", "", "11:03", 0, 1, 0.0, 0, 0, 0.0, 0, 0, 0.0, 0, 3, 3, 0, 0, 0, 1, 1, 0, -2.0], ["0021200002", 1610612748, "MIA", "Miami", 1740, "Rashard Lewis", "", "", "18:55", 4, 5, 0.8, 1, 2, 0.5, 1, 2, 0.5, 0, 5, 5, 1, 0, 1, 0, 1, 10, 1.0], ["0021200002", 1610612748, "MIA", "Miami", 202708, "Norris Cole", "", "", "6:21", 1, 2, 0.5, 1, 2, 0.5, 0, 0, 0.0, 0, 0, 0, 1, 0, 0, 1, 2, 3, 5.0], ["0021200002", 1610612748, "MIA", "Miami", 2034, "Mike Miller", "", "", "6:36", 0, 0, 0.0, 0, 0, 0.0, 0, 0, 0.0, 0, 0, 0, 1, 0, 0, 0, 1, 0, 8.0], ["0021200002", 1610612748, "MIA", "Miami", 202725, "Josh Harrellson", "", "DNP - Coach's Decision", null, null, null, null, null, null, null, null, null, null, null, null, null, null, null, null, null, null, null, null], ["0021200002", 1610612748, "MIA", "Miami", 202227, "Terrel Harris", "", "DNP - Coach's Decision", null, null, null, null, null, null, null, null, null, null, null, null, null, null, null, null, null, null, null, null], ["0021200002", 1610612748, "MIA", "Miami", 2592, "James Jones", "", "DNP - Coach's Decision", null, null, null, null, null, null, null, null, null, null, null, null, null, null, null, null, null, null, null, null]], "name": "PlayerStats"}, {"headers": ["GAME_ID", "TEAM_ID", "TEAM_NAME", "TEAM_ABBREVIATION", "TEAM_CITY", "MIN", "FGM", "FGA", "FG_PCT", "FG3M", "FG3A", "FG3_PCT", "FTM", "FTA", "FT_PCT", "OREB", "DREB", "REB", "AST", "STL", "BLK", "TO", "PF", "PTS", "PLUS_MINUS"], "rowSet": [["0021200002", 1610612748, "Heat", "MIA", "Miami", "240:00", 43, 79, 0.544, 8, 16, 0.5, 26, 32, 0.813, 5, 31, 36, 25, 8, 5, 8, 20, 120, 13.0], ["0021200002", 1610612738, "Celtics", "BOS", "Boston", "240:00", 39, 75, 0.52, 6, 13, 0.462, 23, 28, 0.821, 7, 34, 41, 24, 4, 2, 15, 23, 107, -13.0]], "name": "TeamStats"}, {"headers": ["LEAGUE_ID", "SEASON_ID", "TEAM_ID", "TEAM_ABBREVIATION", "TEAM_CITY", "PTS_PAINT", "PTS_2ND_CHANCE", "PTS_FB", "LARGEST_LEAD", "LEAD_CHANGES", "TIMES_TIED"], "rowSet": [["00", "22012", 1610612738, "BOS", "Boston", 42, 6, 27, 19, 2, 4], ["00", "22012", 1610612748, "MIA", "Miami", 46, 6, 12, 18, 2, 4]], "name": "OtherStats"}, {"headers": ["OFFICIAL_ID", "FIRST_NAME", "LAST_NAME", "JERSEY_NUM"], "rowSet": [[1176, "Monty", "McCutchen", "13"], [2882, "Sean", "Wright", "65"], [201640, "Kane", "Fitzgerald", "35"]], "name": "Officials"}, {"headers": ["GAME_DATE", "ATTENDANCE", "GAME_TIME"], "rowSet": [["TUESDAY, OCTOBER 30, 2012", 20296, "2:30"]], "name": "GameInfo"}, {"headers": ["PLAYER_ID", "FIRST_NAME", "LAST_NAME", "JERSEY_NUM", "TEAM_ID", "TEAM_CITY", "TEAM_NAME", "TEAM_ABBREVIATION"], "rowSet": [[203097, "Fab", "Melo", "13", 1610612738, "Boston", "Celtics", "BOS"], [202340, "Avery", "Bradley", " 0", 1610612738, "Boston", "Celtics", "BOS"], [201202, "Joel", "Anthony", "50", 1610612748, "Miami", "Heat", "MIA"], [202354, "Dexter", "Pittman", "45", 1610612748, "Miami", "Heat", "MIA"]], "name": "InactivePlayers"}, {"headers": ["VIDEO_AVAILABLE_FLAG"], "rowSet": [[1]], "name": "AvailableVideo"}], "parameters": {"GameID": "0021200002", "RangeType": 0, "StartPeriod": 0, "StartRange": 0, "EndPeriod": 0, "EndRange": 0}}