{"resource": "boxscore", "resultSets": [{"headers": ["GAME_DATE_EST", "GAME_SEQUENCE", "GAME_ID", "GAME_STATUS_ID", "GAME_STATUS_TEXT", "GAMECODE", "HOME_TEAM_ID", "VISITOR_TEAM_ID", "SEASON", "LIVE_PERIOD", "LIVE_PC_TIME", "NATL_TV_BROADCASTER_ABBREVIATION", "LIVE_PERIOD_TIME_BCAST", "WH_STATUS"], "rowSet": [["2012-11-26T00:00:00", 1, "0021200013", 3, "Final", "20121126/NYKBKN", 1610612751, 1610612752, "2012", 5, "", "TNT", "Q5  - TNT", 1]], "name": "GameSummary"}, {"headers": ["GAME_DATE_EST", "GAME_SEQUENCE", "GAME_ID", "TEAM_ID", "TEAM_ABBREVIATION", "TEAM_CITY_NAME", "TEAM_WINS_LOSSES", "PTS_QTR1", "PTS_QTR2", "PTS_QTR3", "PTS_QTR4", "PTS_OT1", "PTS_OT2", "PTS_OT3", "PTS_OT4", "PTS_OT5", "PTS_OT6", "PTS_OT7", "PTS_OT8", "PTS_OT9", "PTS_OT10", "PTS"], "rowSet": [["2012-11-26T00:00:00", 1, "0021200013", 1610612751, "BKN", "Brooklyn", "9-4", 26, 19, 23, 16, 12, 0, 0, 0, 0, 0, 0, 0, 0, 0, 96], ["2012-11-26T00:00:00", 1, "0021200013", 1610612752, "NYK", "New York", "9-4", 23, 24, 20, 17, 5, 0, 0, 0, 0, 0, 0, 0, 0, 0, 89]], "name": "LineScore"}, {"headers": ["GAME_ID", "HOME_TEAM_ID", "VISITOR_TEAM_ID", "GAME_DATE_EST", "HOME_TEAM_WINS", "HOME_TEAM_LOSSES", "SERIES_LEADER"], "rowSet": [["0021200013", 1610612751, 1610612752, "2012-11-26T00:00:00", 2, 2, "Tied"]], "name": "SeasonSeries"}, {"headers": ["GAME_ID", "LAST_GAME_ID", "LAST_GAME_DATE_EST", "LAST_GAME_HOME_TEAM_ID", "LAST_GAME_HOME_TEAM_CITY", "LAST_GAME_HOME_TEAM_NAME", "LAST_GAME_HOME_TEAM_ABBREVIATION", "LAST_GAME_HOME_TEAM_POINTS", "LAST_GAME_VISITOR_TEAM_ID", "LAST_GAME_VISITOR_TEAM_CITY", "LAST_GAME_VISITOR_TEAM_NAME", "LAST_GAME_VISITOR_TEAM_CITY1", "LAST_GAME_VISITOR_TEAM_POINTS"], "rowSet": [["0021200013", "0011200017", "2012-10-24T00:00:00", 1610612751, "Brooklyn", "Nets", "BKN", 95, 1610612752, "New York", "Knicks", "NYK", 97]], "name": "LastMeeting"}, {"headers": ["GAME_ID", "TEAM_ID", "TEAM_ABBREVIATION", "TEAM_CITY", "PLAYER_ID", "PLAYER_NAME", "START_POSITION", "COMMENT", "MIN", "FGM", "FGA", "FG_PCT", "FG3M", "FG3A", "FG3_PCT", "FTM", "FTA", "FT_PCT", "OREB", "DREB", "REB", "AST", "STL", "BLK", "TO", "PF", "PTS", "PLUS_MINUS"], "rowSet": [["0021200013", 1610612752, "NYK", "New York", 2546, "Carmelo Anthony", "F", "", "50:03", 11, 25, 0.44, 3, 5, 0.6, 10, 16, 0.625, 6, 7, 13, 1, 1, 1, 3, 4, 35, -6.0], ["0021200013", 1610612752, "NYK", "New York", 703, "Kurt Thomas", "F", "", "7:31", 1, 1, 1.0, 0, 0, 0.0, 0, 0, 0.0, 0, 2, 2, 0, 0, 1, 0, 2, 2, 3.0], ["0021200013", 1610612752, "NYK", "New York", 2199, "Tyson Chandler", "C", "", "45:22", 12, 13, 0.923, 0, 0, 0.0, 4, 4, 1.0, 7, 3, 10, 1, 2, 0, 3, 5, 28, -8.0], ["0021200013", 1610612752, "NYK", "New York", 200758, "Ronnie Brewer", "G", "", "19:07", 1, 6, 0.167, 1, 3, 0.333, 0, 0, 0.0, 1, 4, 5, 2, 1, 0, 0, 1, 3, 3.0], ["0021200013", 1610612752, "NYK", "New York", 101109, "Raymond Felton", "G", "", "42:15", 3, 19, 0.158, 0, 2, 0.0, 2, 2, 1.0, 0, 3, 3, 5, 3, 0, 5, 5, 8, -8.0], ["0021200013", 1610612752, "NYK", "New York", 739, "Rasheed Wallace", "", "", "22:40", 2, 11, 0.182, 2, 6, 0.333, 0, 0, 0.0, 2, 6, 8, 1, 1, 0, 0, 0, 6, -8.0], ["0021200013", 1610612752, "NYK", "New York", 2747, "J.R. Smith", "", "", "41:28", 2, 7, 0.286, 0, 3, 0.0, 1, 2, 0.5, 1, 6, 7, 2, 0, 0, 1, 3, 5, -8.0], ["0021200013", 1610612752, "NYK", "New York", 203143, "Pablo Prigioni", "", "", "10:45", 0, 0, 0.0, 0, 0, 0.0, 0, 0, 0.0, 0, 2, 2, 1, 0, 0, 0, 1, 0, 1.0], ["0021200013", 1610612752, "NYK", "New York", 948, "Marcus Camby", "", "", "5:20", 0, 0, 0.0, 0, 0, 0.0, 0, 0, 0.0, 0, 0, 0, 1, 0, 0, 2, 2, 0, 1.0], ["0021200013", 1610612752, "NYK", "New York", 200779, "Steve Novak", "", "", "18:22", 1, 3, 0.333, 0, 2, 0.0, 0, 0, 0.0, 0, 0, 0, 0, 0, 0, 0, 1, 2, -4.0], ["0021200013", 1610612752, "NYK", "New York", 200778, "James White", "", "", "2:06", 0, 0, 0.0, 0, 0, 0.0, 0, 0, 0.0, 0, 0, 0, 0, 1, 0, 0, 0, 0, -1.0], ["0021200013", 1610612752, "NYK", "New York", 203142, "Chris Copeland", "", "DNP - Coach's Decision", null, null, null, null, null, null, null, null, null, null, null, null, null, null, null, null, null, null, null, null], ["0021200013", 1610612752, "NYK", "New York", 467, "Jason Kidd", "", "NWT - Lower Back Spasms", null, null, null, null, null, null, null, null, null, null, null, null, null, null, null, null, null, null, null, null], ["0021200013", 1610612751, "BKN", "Brooklyn", 2222, "Gerald Wallace", "F", "", "41:52", 6, 13, 0.462, 2, 5, 0.4, 2, 4, 0.5, 1, 4, 5, 2, 2, 2, 0, 4, 16, -3.0], ["0021200013", 1610612751, "BKN", "Brooklyn", 2743, "Kris Humphries", "F", "", "18:57", 2, 3, 0.667, 0, 0, 0.0, 0, 0, 0.0, 1, 4, 5, 0, 0, 0, 0, 1, 4, -2.0], ["0021200013", 1610612751, "BKN", "Brooklyn", 201572, "Brook Lopez", "C", "", "37:44", 9, 20, 0.45, 0, 0, 0.0, 4, 5, 0.8, 7, 4, 11, 0, 0, 5, 3, 5, 22, -2.0], ["0021200013", 1610612751, "BKN", "Brooklyn", 2207, "Joe Johnson", "G", "", "43:39", 3, 12, 0.25, 1, 4, 0.25, 1, 1, 1.0, 0, 4, 4, 3, 0, 0, 2, 2, 8, 0.0], ["0021200013", 1610612751, "BKN", "Brooklyn", 101114, "Deron Williams", "G", "", "43:03", 6, 17, 0.353, 1, 6, 0.167, 3, 4, 0.75, 1, 5, 6, 14, 3, 0, 4, 4, 16, 8.0], ["0021200013", 1610612751, "BKN", "Brooklyn", 2586, "Keith Bogans", "", "", "19:34", 2, 8, 0.25, 1, 5, 0.2, 1, 3, 0.333, 2, 1, 3, 0, 0, 0, 1, 2, 6, 4.0], ["0021200013", 1610612751, "BKN", "Brooklyn", 2501, "Reggie Evans", "", "", "17:35", 2, 3, 0.667, 0, 0, 0.0, 0, 0, 0.0, 6, 8, 14, 1, 0, 0, 1, 1, 4, 9.0], ["0021200013", 1610612751, "BKN", "Brooklyn", 201228, "CJ Watson", "", "", "9:58", 2, 7, 0.286, 0, 3, 0.0, 0, 0, 0.0, 0, 0, 0, 1, 0, 0, 1, 1, 4, -1.0], ["0021200013", 1610612751, "BKN", "Brooklyn", 101154, "Andray Blatche", "", "", "7:02", 1, 2, 0.5, 0, 0, 0.0, 0, 0, 0.0, 0, 1, 1, 1, 0, 0, 0, 0, 2, 7.0], ["0021200013", 1610612751, "BKN", "Brooklyn", 711, "Jerry Stackhouse", "", "", "22:13", 4, 6, 0.667, 4, 5, 0.8, 2, 2, 1.0, 0, 1, 1, 1, 0, 0, 0, 0, 14, 13.0], ["0021200013", 1610612751, "BKN", "Brooklyn", 2735, "Josh Childress", "", "", "3:24", 0, 0, 0.0, 0, 0, 0.0, 0, 0, 0.0, 0, 0, 0, 0, 0, 0, 0, 1, 0, 2.0], ["0021200013", 1610612751, "BKN", "Brooklyn", 202705, "MarShon Brooks", "", "DNP - Coach's Decision", null, null, null, null, null, null, null, null, null, null, null, null, null, null, null, null, null, null, null, null], ["0021200013", 1610612751, "BKN", "Brooklyn", 203116, "Tyshawn Taylor", "", "DNP - Coach's Decision", null, null, null, null, null, null, null, null, null, null, null, null, null, null, null, null, null, null, null, null]], "name": "PlayerStats"}, {"headers": ["GAME_ID", "TEAM_ID", "TEAM_NAME", "TEAM_ABBREVIATION", "TEAM_CITY", "MIN", "FGM", "FGA", "FG_PCT", "FG3M", "FG3A", "FG3_PCT", "FTM", "FTA", "FT_PCT", "OREB", "DREB", "REB", "AST", "STL", "BLK", "TO", "PF", "PTS", "PLUS_MINUS"], "rowSet": [["0021200013", 1610612752, "Knicks", "NYK", "New York", "265:00", 33, 85, 0.388, 6, 21, 0.286, 17, 24, 0.708, 17, 33, 50, 14, 9, 2, 14, 24, 89, -7.0], ["0021200013", 1610612751, "Nets", "BKN", "Brooklyn", "265:00", 37, 91, 0.407, 9, 28, 0.321, 13, 19, 0.684, 18, 32, 50, 23, 5, 7, 12, 21, 96, 7.0]], "name": "TeamStats"}, {"headers": ["LEAGUE_ID", "SEASON_ID", "TEAM_ID", "TEAM_ABBREVIATION", "TEAM_CITY", "PTS_PAINT", "PTS_2ND_CHANCE", "PTS_FB", "LARGEST_LEAD", "LEAD_CHANGES", "TIMES_TIED"], "rowSet": [["00", "22012", 1610612751, "BKN", "Brooklyn", 48, 17, 12, 7, 14, 13], ["00", "22012", 1610612752, "NYK", "New York", 40, 22, 10, 7, 14, 13]], "name": "OtherStats"}, {"headers": ["OFFICIAL_ID", "FIRST_NAME", "LAST_NAME", "JERSEY_NUM"], "rowSet": [[1195, "Derrick", "Stafford", "9"], [2715, "Eric", "Lewis", "42"], [200833, "Eric", "Dalen", "75"]], "name": "Officials"}, {"headers": ["GAME_DATE", "ATTENDANCE", "GAME_TIME"], "rowSet": [["MONDAY, NOVEMBER 26, 2012", 17732, "2:51"]], "name": "GameInfo"}, {"headers": ["PLAYER_ID", "FIRST_NAME", "LAST_NAME", "JERSEY_NUM", "TEAM_ID", "TEAM_CITY", "TEAM_NAME", "TEAM_ABBREVIATION"], "rowSet": [[2405, "Amar'e", "Stoudemire", " 1", 1610612752, "New York", "Knicks", "NYK"], [202697, "Iman", "Shumpert", "21", 1610612752, "New York", "Knicks", "NYK"], [203129, "Tornike", "Shengelia", "20", 1610612751, "Brooklyn", "Nets", "BKN"], [203141, "Mirza", "Teletovic", "33", 1610612751, "Brooklyn", "Nets", "BKN"]], "name": "InactivePlayers"}, {"headers": ["VIDEO_AVAILABLE_FLAG"], "rowSet": [[1]], "name": "AvailableVideo"}], "parameters": {"GameID": "0021200013", "RangeType": 0, "StartPeriod": 0, "StartRange": 0, "EndPeriod": 0, "EndRange": 0}}