{"resource": "boxscore", "resultSets": [{"headers": ["GAME_DATE_EST", "GAME_SEQUENCE", "GAME_ID", "GAME_STATUS_ID", "GAME_STATUS_TEXT", "GAMECODE", "HOME_TEAM_ID", "VISITOR_TEAM_ID", "SEASON", "LIVE_PERIOD", "LIVE_PC_TIME", "NATL_TV_BROADCASTER_ABBREVIATION", "LIVE_PERIOD_TIME_BCAST", "WH_STATUS"], "rowSet": [["2012-11-02T00:00:00", 11, "0021200025", 3, "Final", "20121102/LACLAL", 1610612747, 1610612746, "2012", 4, "", "ESPN", "Q4  - ESPN", 1]], "name": "GameSummary"}, {"headers": ["GAME_DATE_EST", "GAME_SEQUENCE", "GAME_ID", "TEAM_ID", "TEAM_ABBREVIATION", "TEAM_CITY_NAME", "TEAM_WINS_LOSSES", "PTS_QTR1", "PTS_QTR2", "PTS_QTR3", "PTS_QTR4", "PTS_OT1", "PTS_OT2", "PTS_OT3", "PTS_OT4", "PTS_OT5", "PTS_OT6", "PTS_OT7", "PTS_OT8", "PTS_OT9", "PTS_OT10", "PTS"], "rowSet": [["2012-11-02T00:00:00", 11, "0021200025", 1610612747, "LAL", "Los Angeles", "0-3", 23, 24, 20, 28, 0, 0, 0, 0, 0, 0, 0, 0, 0, 0, 95], ["2012-11-02T00:00:00", 11, "0021200025", 1610612746, "LAC", "Los Angeles", "2-0", 28, 24, 30, 23, 0, 0, 0, 0, 0, 0, 0, 0, 0, 0, 105]], "name": "LineScore"}, {"headers": ["GAME_ID", "HOME_TEAM_ID", "VISITOR_TEAM_ID", "GAME_DATE_EST", "HOME_TEAM_WINS", "HOME_TEAM_LOSSES", "SERIES_LEADER"], "rowSet": [["0021200025", 1610612747, 1610612746, "2012-11-02T00:00:00", 0, 4, "L.A. Clippers"]], "name": "SeasonSeries"}, {"headers": ["GAME_ID", "LAST_GAME_ID", "LAST_GAME_DATE_EST", "LAST_GAME_HOME_TEAM_ID", "LAST_GAME_HOME_TEAM_CITY", "LAST_GAME_HOME_TEAM_NAME", "LAST_GAME_HOME_TEAM_ABBREVIATION", "LAST_GAME_HOME_TEAM_POINTS", "LAST_GAME_VISITOR_TEAM_ID", "LAST_GAME_VISITOR_TEAM_CITY", "LAST_GAME_VISITOR_TEAM_NAME", "LAST_GAME_VISITOR_TEAM_CITY1", "LAST_GAME_VISITOR_TEAM_POINTS"], "rowSet": [["0021200025", "0011200105", "2012-10-24T00:00:00", 1610612747, "Los Angeles", "Lakers", "LAL", 91, 1610612746, "Los Angeles", "Clippers", "LAC", 97]], "name": "LastMeeting"}, {"headers": ["GAME_ID", "TEAM_ID", "TEAM_ABBREVIATION", "TEAM_CITY", "PLAYER_ID", "PLAYER_NAME", "START_POSITION", "COMMENT", "MIN", "FGM", "FGA", "FG_PCT", "FG3M", "FG3A", "FG3_PCT", "FTM", "FTA", "FT_PCT", "OREB", "DREB", "REB", "AST", "STL", "BLK", "TO", "PF", "PTS", "PLUS_MINUS"], "rowSet": [["0021200025", 1610612746, "LAC", "Los Angeles", 2406, "Caron Butler", "F", "", "25:17", 5, 7, 0.714, 2, 3, 0.667, 2, 2, 1.0, 0, 2, 2, 0, 1, 1, 2, 1, 14, 4.0], ["0021200025", 1610612746, "LAC", "Los Angeles", 201933, "Blake Griffin", "F", "", "33:07", 6, 15, 0.4, 0, 1, 0.0, 3, 5, 0.6, 3, 5, 8, 3, 2, 0, 4, 6, 15, 15.0], ["0021200025", 1610612746, "LAC", "Los Angeles", 201599, "DeAndre Jordan", "C", "", "22:58", 2, 3, 0.667, 0, 0, 0.0, 0, 3, 0.0, 2, 3, 5, 0, 0, 2, 0, 3, 4, 7.0], ["0021200025", 1610612746, "LAC", "Los Angeles", 2584, "Willie Green", "G", "", "13:16", 3, 6, 0.5, 2, 5, 0.4, 0, 0, 0.0, 0, 1, 1, 1, 1, 0, 1, 3, 8, 3.0], ["0021200025", 1610612746, "LAC", "Los Angeles", 101108, "Chris Paul", "G", "", "34:02", 7, 15, 0.467, 1, 3, 0.333, 3, 4, 0.75, 0, 6, 6, 15, 3, 0, 1, 3, 18, 19.0], ["0021200025", 1610612746, "LAC", "Los Angeles", 2440, "Matt Barnes", "", "", "28:17", 4, 9, 0.444, 0, 2, 0.0, 0, 0, 0.0, 2, 3, 5, 1, 1, 0, 0, 1, 8, 8.0], ["0021200025", 1610612746, "LAC", "Los Angeles", 200797, "Ryan Hollins", "", "", "12:17", 0, 1, 0.0, 0, 0, 0.0, 2, 2, 1.0, 1, 1, 2, 0, 0, 0, 1, 6, 2, 2.0], ["0021200025", 1610612746, "LAC", "Los Angeles", 2037, "Jamal Crawford", "", "", "31:13", 5, 12, 0.417, 2, 4, 0.5, 9, 9, 1.0, 0, 3, 3, 1, 3, 0, 0, 1, 21, 3.0], ["0021200025", 1610612746, "LAC", "Los Angeles", 101142, "Ronny Turiaf", "", "", "6:54", 0, 0, 0.0, 0, 0, 0.0, 0, 0, 0.0, 0, 1, 1, 1, 0, 1, 1, 0, 0, 2.0], ["0021200025", 1610612746, "LAC", "Los Angeles", 202339, "Eric Bledsoe", "", "", "14:04", 4, 8, 0.5, 0, 0, 0.0, 2, 2, 1.0, 1, 1, 2, 1, 1, 0, 1, 2, 10, -7.0], ["0021200025", 1610612746, "LAC", "Los Angeles", 1885, "Lamar Odom", "", "", "18:36", 2, 8, 0.25, 1, 4, 0.25, 0, 0, 0.0, 0, 2, 2, 1, 0, 0, 0, 0, 5, -6.0], ["0021200025", 1610612747, "LAL", "Los Angeles", 1897, "Metta World Peace", "F", "", "38:18", 3, 10, 0.3, 1, 7, 0.143, 1, 2, 0.5, 0, 1, 1, 3, 2, 0, 2, 5, 8, -2.0], ["0021200025", 1610612747, "LAL", "Los Angeles", 2200, "Pau Gasol", "F", "", "38:50", 5, 9, 0.556, 0, 0, 0.0, 0, 0, 0.0, 3, 11, 14, 3, 1, 0, 1, 3, 10, -8.0], ["0021200025", 1610612747, "LAL", "Los Angeles", 2730, "Dwight Howard", "C", "", "30:28", 4, 7, 0.571, 0, 0, 0.0, 5, 10, 0.5, 1, 7, 8, 2, 0, 5, 4, 5, 13, -3.0], ["0021200025", 1610612747, "LAL", "Los Angeles", 977, "Kobe Bryant", "G", "", "42:55", 14, 23, 0.609, 2, 3, 0.667, 10, 10, 1.0, 2, 4, 6, 1, 2, 0, 6, 1, 40, -7.0], ["0021200025", 1610612747, "LAL", "Los Angeles", 2581, "Steve Blake", "G", "", "38:41", 2, 6, 0.333, 2, 3, 0.667, 2, 2, 1.0, 0, 1, 1, 2, 0, 0, 3, 6, 8, -2.0], ["0021200025", 1610612747, "LAL", "Los Angeles", 201941, "Jordan Hill", "", "", "8:48", 1, 4, 0.25, 0, 0, 0.0, 0, 0, 0.0, 0, 1, 1, 1, 0, 0, 1, 0, 2, -13.0], ["0021200025", 1610612747, "LAL", "Los Angeles", 202365, "Devin Ebanks", "", "", "9:33", 1, 2, 0.5, 1, 1, 1.0, 0, 0, 0.0, 0, 1, 1, 1, 0, 1, 0, 2, 3, -6.0], ["0021200025", 1610612747, "LAL", "Los Angeles", 202721, "Darius Morris", "", "", "12:48", 3, 5, 0.6, 1, 2, 0.5, 0, 0, 0.0, 0, 0, 0, 1, 1, 0, 2, 1, 7, -7.0], ["0021200025", 1610612747, "LAL", "Los Angeles", 1712, "Antawn Jamison", "", "", "19:39", 1, 2, 0.5, 0, 0, 0.0, 2, 4, 0.5, 1, 5, 6, 1, 1, 1, 1, 0, 4, -2.0], ["0021200025", 1610612747, "LAL", "Los Angeles", 201947, "Earl Clark", "", "DNP - Coach's Decision", null, null, null, null, null, null, null, null, null, null, null, null, null, null, null, null, null, null, null, null], ["0021200025", 1610612747, "LAL", "Los Angeles", 2768, "Chris Duhon", "", "DNP - Coach's Decision", null, null, null, null, null, null, null, null, null, null, null, null, null, null, null, null, null, null, null, null], ["0021200025", 1610612747, "LAL", "Los Angeles", 201975, "Jodie Meeks", "", "DNP - Coach's Decision", null, null, null, null, null, null, null, null, null, null, null, null, null, null, null, null, null, null, null, null], ["0021200025", 1610612747, "LAL", "Los Angeles", 203135, "Robert Sacre", "", "DNP - Coach's Decision", null, null, null, null, null, null, null, null, null, null, null, null, null, null, null, null, null, null, null, null]], "name": "PlayerStats"}, {"headers": ["GAME_ID", "TEAM_ID", "TEAM_NAME", "TEAM_ABBREVIATION", "TEAM_CITY", "MIN", "FGM", "FGA", "FG_PCT", "FG3M", "FG3A", "FG3_PCT", "FTM", "FTA", "FT_PCT", "OREB", "DREB", "REB", "AST", "STL", "BLK", "TO", "PF", "PTS", "PLUS_MINUS"], "rowSet": [["0021200025", 1610612747, "Lakers", "LAL", "Los Angeles", "240:00", 34, 68, 0.5, 7, 16, 0.438, 20, 28, 0.714, 7, 31, 38, 15, 7, 7, 20, 23, 95, -10.0], ["0021200025", 1610612746, "Clippers", "LAC", "Los Angeles", "240:00", 38, 84, 0.452, 8, 22, 0.364, 21, 27, 0.778, 9, 28, 37, 24, 12, 4, 11, 26, 105, 10.0]], "name": "TeamStats"}, {"headers": ["LEAGUE_ID", "SEASON_ID", "TEAM_ID", "TEAM_ABBREVIATION", "TEAM_CITY", "PTS_PAINT", "PTS_2ND_CHANCE", "PTS_FB", "LARGEST_LEAD", "LEAD_CHANGES", "TIMES_TIED"], "rowSet": [["00", "22012", 1610612747, "LAL", "Los Angeles", 46, 7, 10, 16, 5, 0], ["00", "22012", 1610612746, "LAC", "Los Angeles", 42, 20, 21, 15, 5, 0]], "name": "OtherStats"}, {"headers": ["OFFICIAL_ID", "FIRST_NAME", "LAST_NAME", "JERSEY_NUM"], "rowSet": [[1363, "Bennie", "Adams", "47"], [1147, "Mike", "Callahan", "24"], [201246, "Kevin", "Cutler", "34"]], "name": "Officials"}, {"headers": ["GAME_DATE", "ATTENDANCE", "GAME_TIME"], "rowSet": [["FRIDAY, NOVEMBER 2, 2012", 18997, "2:34"]], "name": "GameInfo"}, {"headers": ["PLAYER_ID", "FIRST_NAME", "LAST_NAME", "JERSEY_NUM", "TEAM_ID", "TEAM_CITY", "TEAM_NAME", "TEAM_ABBREVIATION"], "rowSet": [[1497, "Chauncey", "Billups", " 1", 1610612746, "Los Angeles", "Clippers", "LAC"], [255, "Grant", "Hill", "33", 1610612746, "Los Angeles", "Clippers", "LAC"], [202717, "Trey", "Thompkins", " 9", 1610612746, "Los Angeles", "Clippers", "LAC"], [959, "Steve", "Nash", "10", 1610612747, "Los Angeles", "Lakers", "LAL"], [203130, "Darius", "Johnson-Odom", " 7", 1610612747, "Los Angeles", "Lakers", "LAL"]], "name": "InactivePlayers"}, {"headers": ["VIDEO_AVAILABLE_FLAG"], "rowSet": [[1]], "name": "AvailableVideo"}], "parameters": {"GameID": "0021200025", "RangeType": 0, "StartPeriod": 0, "StartRange": 0, "EndPeriod": 0, "EndRange": 0}}