{"resource": "boxscore", "resultSets": [{"headers": ["GAME_DATE_EST", "GAME_SEQUENCE", "GAME_ID", "GAME_STATUS_ID", "GAME_STATUS_TEXT", "GAMECODE", "HOME_TEAM_ID", "VISITOR_TEAM_ID", "SEASON", "LIVE_PERIOD", "LIVE_PC_TIME", "NATL_TV_BROADCASTER_ABBREVIATION", "LIVE_PERIOD_TIME_BCAST", "WH_STATUS"], "rowSet": [["2012-10-31T00:00:00", 1, "0021200004", 3, "Final", "20121031/INDTOR", 1610612761, 1610612754, "2012", 4, "", null, "Q4  - ", 1]], "name": "GameSummary"}, {"headers": ["GAME_DATE_EST", "GAME_SEQUENCE", "GAME_ID", "TEAM_ID", "TEAM_ABBREVIATION", "TEAM_CITY_NAME", "TEAM_WINS_LOSSES", "PTS_QTR1", "PTS_QTR2", "PTS_QTR3", "PTS_QTR4", "PTS_OT1", "PTS_OT2", "PTS_OT3", "PTS_OT4", "PTS_OT5", "PTS_OT6", "PTS_OT7", "PTS_OT8", "PTS_OT9", "PTS_OT10", "PTS"], "rowSet": [["2012-10-31T00:00:00", 1, "0021200004", 1610612761, "TOR", "Toronto", "0-1", 25, 23, 23, 17, 0, 0, 0, 0, 0, 0, 0, 0, 0, 0, 88], ["2012-10-31T00:00:00", 1, "0021200004", 1610612754, "IND", "Indiana", "1-0", 27, 21, 15, 27, 0, 0, 0, 0, 0, 0, 0, 0, 0, 0, 90]], "name": "LineScore"}, {"headers": ["GAME_ID", "HOME_TEAM_ID", "VISITOR_TEAM_ID", "GAME_DATE_EST", "HOME_TEAM_WINS", "HOME_TEAM_LOSSES", "SERIES_LEADER"], "rowSet": [["0021200004", 1610612761, 1610612754, "2012-10-31T00:00:00", 2, 2, "Tied"]], "name": "SeasonSeries"}, {"headers": ["GAME_ID", "LAST_GAME_ID", "LAST_GAME_DATE_EST", "LAST_GAME_HOME_TEAM_ID", "LAST_GAME_HOME_TEAM_CITY", "LAST_GAME_HOME_TEAM_NAME", "LAST_GAME_HOME_TEAM_ABBREVIATION", "LAST_GAME_HOME_TEAM_POINTS", "LAST_GAME_VISITOR_TEAM_ID", "LAST_GAME_VISITOR_TEAM_CITY", "LAST_GAME_VISITOR_TEAM_NAME", "LAST_GAME_VISITOR_TEAM_CITY1", "LAST_GAME_VISITOR_TEAM_POINTS"], "rowSet": [["0021200004", "0021100844", "2012-04-09T00:00:00", 1610612761, "Toronto", "Raptors", "TOR", 98, 1610612754, "Indiana", "Pacers", "IND", 103]], "name": "LastMeeting"}, {"headers": ["GAME_ID", "TEAM_ID", "TEAM_ABBREVIATION", "TEAM_CITY", "PLAYER_ID", "PLAYER_NAME", "START_POSITION", "COMMENT", "MIN", "FGM", "FGA", "FG_PCT", "FG3M", "FG3A", "FG3_PCT", "FTM", "FTA", "FT_PCT", "OREB", "DREB", "REB", "AST", "STL", "BLK", "TO", "PF", "PTS", "PLUS_MINUS"], "rowSet": [["0021200004", 1610612754, "IND", "Indiana", 101123, "Gerald Green", "F", "", "36:41", 2, 7, 0.286, 2, 4, 0.5, 0, 0, 0.0, 0, 2, 2, 2, 0, 1, 6, 1, 6, 1.0], ["0021200004", 1610612754, "IND", "Indiana", 2561, "David West", "F", "", "27:54", 12, 19, 0.632, 0, 1, 0.0, 1, 1, 1.0, 0, 2, 2, 1, 1, 0, 0, 3, 25, 0.0], ["0021200004", 1610612754, "IND", "Indiana", 201579, "Roy Hibbert", "C", "", "29:14", 6, 13, 0.462, 0, 0, 0.0, 2, 4, 0.5, 3, 7, 10, 3, 1, 5, 0, 3, 14, 7.0], ["0021200004", 1610612754, "IND", "Indiana", 202331, "Paul George", "G", "", "35:10", 7, 15, 0.467, 0, 0, 0.0, 0, 0, 0.0, 2, 13, 15, 5, 0, 1, 5, 2, 14, 3.0], ["0021200004", 1610612754, "IND", "Indiana", 201588, "George Hill", "G", "", "32:48", 3, 9, 0.333, 1, 4, 0.25, 1, 2, 0.5, 0, 1, 1, 7, 0, 1, 1, 3, 8, 2.0], ["0021200004", 1610612754, "IND", "Indiana", 201946, "Tyler Hansbrough", "", "", "20:07", 2, 5, 0.4, 0, 0, 0.0, 4, 4, 1.0, 0, 3, 3, 1, 0, 0, 0, 0, 8, 2.0], ["0021200004", 1610612754, "IND", "Indiana", 201970, "Sam Young", "", "", "11:21", 2, 2, 1.0, 0, 0, 0.0, 0, 0, 0.0, 1, 2, 3, 1, 0, 0, 0, 0, 4, 1.0], ["0021200004", 1610612754, "IND", "Indiana", 201571, "D.J. Augustin", "", "", "15:12", 1, 4, 0.25, 1, 1, 1.0, 2, 3, 0.667, 0, 1, 1, 2, 1, 0, 2, 1, 5, 0.0], ["0021200004", 1610612754, "IND", "Indiana", 101133, "Ian Mahinmi", "", "", "18:44", 0, 1, 0.0, 0, 0, 0.0, 1, 2, 0.5, 2, 3, 5, 0, 0, 2, 4, 3, 1, -5.0], ["0021200004", 1610612754, "IND", "Indiana", 202362, "Lance Stephenson", "", "", "12:50", 2, 3, 0.667, 1, 1, 1.0, 0, 0, 0.0, 1, 3, 4, 0, 0, 0, 0, 0, 5, -1.0], ["0021200004", 1610612754, "IND", "Indiana", 201965, "Jeff Ayres", "", "DNP - Coach's Decision", null, null, null, null, null, null, null, null, null, null, null, null, null, null, null, null, null, null, null, null], ["0021200004", 1610612754, "IND", "Indiana", 203162, "Ben Hansbrough", "", "DNP - Coach's Decision", null, null, null, null, null, null, null, null, null, null, null, null, null, null, null, null, null, null, null, null], ["0021200004", 1610612754, "IND", "Indiana", 203111, "Orlando Johnson", "", "DNP - Coach's Decision", null, null, null, null, null, null, null, null, null, null, null, null, null, null, null, null, null, null, null, null], ["0021200004", 1610612761, "TOR", "Toronto", 202361, "Landry Fields", "F", "", "24:05", 0, 6, 0.0, 0, 1, 0.0, 0, 0, 0.0, 0, 2, 2, 1, 1, 0, 1, 1, 0, 6.0], ["0021200004", 1610612761, "TOR", "Toronto", 200745, "Andrea Bargnani", "F", "", "34:22", 4, 15, 0.267, 1, 4, 0.25, 7, 8, 0.875, 0, 3, 3, 1, 0, 3, 3, 2, 16, -3.0], ["0021200004", 1610612761, "TOR", "Toronto", 202685, "Jonas Valanciunas", "C", "", "23:05", 6, 15, 0.4, 0, 0, 0.0, 0, 0, 0.0, 6, 4, 10, 0, 0, 1, 0, 4, 12, -7.0], ["0021200004", 1610612761, "TOR", "Toronto", 201942, "DeMar DeRozan", "G", "", "27:29", 5, 14, 0.357, 0, 0, 0.0, 0, 0, 0.0, 3, 2, 5, 1, 0, 1, 0, 1, 10, -5.0], ["0021200004", 1610612761, "TOR", "Toronto", 200768, "Kyle Lowry", "G", "", "36:12", 6, 11, 0.545, 2, 3, 0.667, 7, 7, 1.0, 1, 6, 7, 8, 5, 0, 2, 3, 21, -1.0], ["0021200004", 1610612761, "TOR", "Toronto", 203082, "Terrence Ross", "", "", "6:24", 0, 2, 0.0, 0, 2, 0.0, 0, 0, 0.0, 0, 1, 1, 0, 0, 0, 0, 0, 0, 4.0], ["0021200004", 1610612761, "TOR", "Toronto", 202334, "Ed Davis", "", "", "13:38", 2, 4, 0.5, 0, 0, 0.0, 1, 2, 0.5, 1, 1, 2, 0, 0, 2, 2, 1, 5, 1.0], ["0021200004", 1610612761, "TOR", "Toronto", 101181, "Jose Calderon", "", "", "25:43", 6, 12, 0.5, 3, 6, 0.5, 0, 0, 0.0, 0, 1, 1, 3, 1, 0, 1, 1, 15, -8.0], ["0021200004", 1610612761, "TOR", "Toronto", 101161, "Amir Johnson", "", "", "17:05", 2, 6, 0.333, 0, 0, 0.0, 1, 2, 0.5, 3, 4, 7, 0, 2, 1, 0, 3, 5, 4.0], ["0021200004", 1610612761, "TOR", "Toronto", 101187, "Alan Anderson", "", "", "18:50", 0, 3, 0.0, 0, 1, 0.0, 0, 0, 0.0, 1, 1, 2, 4, 3, 0, 1, 0, 0, 1.0], ["0021200004", 1610612761, "TOR", "Toronto", 201189, "Aaron Gray", "", "", "7:48", 2, 2, 1.0, 0, 0, 0.0, 0, 0, 0.0, 0, 1, 1, 0, 0, 0, 0, 2, 4, 1.0], ["0021200004", 1610612761, "TOR", "Toronto", 101249, "John Lucas III", "", "", "5:19", 0, 1, 0.0, 0, 0, 0.0, 0, 0, 0.0, 0, 1, 1, 0, 0, 0, 0, 0, 0, -3.0], ["0021200004", 1610612761, "TOR", "Toronto", 101132, "Linas Kleiza", "", "DNP - Coach's Decision", null, null, null, null, null, null, null, null, null, null, null, null, null, null, null, null, null, null, null, null]], "name": "PlayerStats"}, {"headers": ["GAME_ID", "TEAM_ID", "TEAM_NAME", "TEAM_ABBREVIATION", "TEAM_CITY", "MIN", "FGM", "FGA", "FG_PCT", "FG3M", "FG3A", "FG3_PCT", "FTM", "FTA", "FT_PCT", "OREB", "DREB", "REB", "AST", "STL", "BLK", "TO", "PF", "PTS", "PLUS_MINUS"], "rowSet": [["0021200004", 1610612761, "Raptors", "TOR", "Toronto", "240:00", 33, 91, 0.363, 6, 17, 0.353, 16, 19, 0.842, 15, 27, 42, 18, 12, 8, 10, 18, 88, -2.0], ["0021200004", 1610612754, "Pacers", "IND", "Indiana", "240:00", 37, 78, 0.474, 5, 11, 0.455, 11, 16, 0.688, 9, 37, 46, 22, 3, 10, 18, 16, 90, 2.0]], "name": "TeamStats"}, {"headers": ["LEAGUE_ID", "SEASON_ID", "TEAM_ID", "TEAM_ABBREVIATION", "TEAM_CITY", "PTS_PAINT", "PTS_2ND_CHANCE", "PTS_FB", "LARGEST_LEAD", "LEAD_CHANGES", "TIMES_TIED"], "rowSet": [["00", "22012", 1610612754, "IND", "Indiana", 44, 20, 8, 11, 16, 11], ["00", "22012", 1610612761, "TOR", "Toronto", 34, 15, 7, 9, 15, 10]], "name": "OtherStats"}, {"headers": ["OFFICIAL_ID", "FIRST_NAME", "LAST_NAME", "JERSEY_NUM"], "rowSet": [[1194, "Bill", "Spooner", "22"], [2714, "David", "Guthrie", "16"], [200834, "Mark", "Lindsay", "29"]], "name": "Officials"}, {"headers": ["GAME_DATE", "ATTENDANCE", "GAME_TIME"], "rowSet": [["WEDNESDAY, OCTOBER 31, 2012", 19800, "2:22"]], "name": "GameInfo"}, {"headers": ["PLAYER_ID", "FIRST_NAME", "LAST_NAME", "JERSEY_NUM", "TEAM_ID", "TEAM_CITY", "TEAM_NAME", "TEAM_ABBREVIATION"], "rowSet": [[101122, "Danny", "Granger", "33", 1610612754, "Indiana", "Pacers", "IND"], [203101, "Miles", "Plumlee", "13", 1610612754, "Indiana", "Pacers", "IND"], [201187, "Dominic", "McGuire", " 1", 1610612761, "Toronto", "Raptors", "TOR"], [203112, "Quincy", "Acy", " 4", 1610612761, "Toronto", "Raptors", "TOR"]], "name": "InactivePlayers"}, {"headers": ["VIDEO_AVAILABLE_FLAG"], "rowSet": [[1]], "name": "AvailableVideo"}], "parameters": {"GameID": "0021200004", "RangeType": 0, "StartPeriod": 0, "StartRange": 0, "EndPeriod": 0, "EndRange": 0}}