{"resource": "boxscore", "resultSets": [{"headers": ["GAME_DATE_EST", "GAME_SEQUENCE", "GAME_ID", "GAME_STATUS_ID", "GAME_STATUS_TEXT", "GAMECODE", "HOME_TEAM_ID", "VISITOR_TEAM_ID", "SEASON", "LIVE_PERIOD", "LIVE_PC_TIME", "NATL_TV_BROADCASTER_ABBREVIATION", "LIVE_PERIOD_TIME_BCAST", "WH_STATUS"], "rowSet": [["2012-11-05T00:00:00", 8, "0021200049", 3, "Final", "20121105/CLELAC", 1610612746, 1610612739, "2012", 4, "", null, "Q4  - ", 1]], "name": "GameSummary"}, {"headers": ["GAME_DATE_EST", "GAME_SEQUENCE", "GAME_ID", "TEAM_ID", "TEAM_ABBREVIATION", "TEAM_CITY_NAME", "TEAM_WINS_LOSSES", "PTS_QTR1", "PTS_QTR2", "PTS_QTR3", "PTS_QTR4", "PTS_OT1", "PTS_OT2", "PTS_OT3", "PTS_OT4", "PTS_OT5", "PTS_OT6", "PTS_OT7", "PTS_OT8", "PTS_OT9", "PTS_OT10", "PTS"], "rowSet": [["2012-11-05T00:00:00", 8, "0021200049", 1610612746, "LAC", "Los Angeles", "2-2", 28, 22, 28, 23, 0, 0, 0, 0, 0, 0, 0, 0, 0, 0, 101], ["2012-11-05T00:00:00", 8, "0021200049", 1610612739, "CLE", "Cleveland", "2-2", 31, 26, 27, 24, 0, 0, 0, 0, 0, 0, 0, 0, 0, 0, 108]], "name": "LineScore"}, {"headers": ["GAME_ID", "HOME_TEAM_ID", "VISITOR_TEAM_ID", "GAME_DATE_EST", "HOME_TEAM_WINS", "HOME_TEAM_LOSSES", "SERIES_LEADER"], "rowSet": [["0021200049", 1610612746, 1610612739, "2012-11-05T00:00:00", 1, 1, "Tied"]], "name": "SeasonSeries"}, {"headers": ["GAME_ID", "LAST_GAME_ID", "LAST_GAME_DATE_EST", "LAST_GAME_HOME_TEAM_ID", "LAST_GAME_HOME_TEAM_CITY", "LAST_GAME_HOME_TEAM_NAME", "LAST_GAME_HOME_TEAM_ABBREVIATION", "LAST_GAME_HOME_TEAM_POINTS", "LAST_GAME_VISITOR_TEAM_ID", "LAST_GAME_VISITOR_TEAM_CITY", "LAST_GAME_VISITOR_TEAM_NAME", "LAST_GAME_VISITOR_TEAM_CITY1", "LAST_GAME_VISITOR_TEAM_POINTS"], "rowSet": [["0021200049", "0021100377", "2012-02-08T00:00:00", 1610612746, "Los Angeles", "Clippers", "LAC", 92, 1610612739, "Cleveland", "Cavaliers", "CLE", 99]], "name": "LastMeeting"}, {"headers": ["GAME_ID", "TEAM_ID", "TEAM_ABBREVIATION", "TEAM_CITY", "PLAYER_ID", "PLAYER_NAME", "START_POSITION", "COMMENT", "MIN", "FGM", "FGA", "FG_PCT", "FG3M", "FG3A", "FG3_PCT", "FTM", "FTA", "FT_PCT", "OREB", "DREB", "REB", "AST", "STL", "BLK", "TO", "PF", "PTS", "PLUS_MINUS"], "rowSet": [["0021200049", 1610612739, "CLE", "Cleveland", 202087, "Alonzo Gee", "F", "", "33:33", 2, 8, 0.25, 0, 2, 0.0, 4, 4, 1.0, 3, 0, 3, 4, 1, 0, 4, 2, 8, 8.0], ["0021200049", 1610612739, "CLE", "Cleveland", 202684, "Tristan Thompson", "F", "", "31:48", 0, 6, 0.0, 0, 0, 0.0, 1, 4, 0.25, 4, 4, 8, 1, 3, 1, 3, 5, 1, 5.0], ["0021200049", 1610612739, "CLE", "Cleveland", 2760, "Anderson Varejao", "C", "", "36:06", 7, 10, 0.7, 0, 0, 0.0, 1, 2, 0.5, 5, 10, 15, 1, 3, 1, 1, 3, 15, 5.0], ["0021200049", 1610612739, "CLE", "Cleveland", 203079, "Dion Waiters", "G", "", "32:15", 10, 17, 0.588, 7, 11, 0.636, 1, 1, 1.0, 0, 3, 3, 1, 0, 0, 1, 2, 28, 3.0], ["0021200049", 1610612739, "CLE", "Cleveland", 202681, "Kyrie Irving", "G", "", "37:20", 8, 23, 0.348, 4, 8, 0.5, 4, 5, 0.8, 1, 2, 3, 10, 1, 0, 3, 1, 24, 8.0], ["0021200049", 1610612739, "CLE", "Cleveland", 200789, "Daniel Gibson", "", "", "20:20", 1, 5, 0.2, 1, 4, 0.25, 0, 0, 0.0, 0, 3, 3, 3, 1, 0, 0, 1, 3, 4.0], ["0021200049", 1610612739, "CLE", "Cleveland", 203092, "Tyler Zeller", "", "", "24:12", 6, 10, 0.6, 0, 0, 0.0, 3, 6, 0.5, 4, 3, 7, 2, 1, 0, 3, 3, 15, 1.0], ["0021200049", 1610612739, "CLE", "Cleveland", 202388, "Donald Sloan", "", "", "6:05", 1, 4, 0.25, 0, 1, 0.0, 0, 0, 0.0, 0, 0, 0, 2, 0, 0, 0, 0, 2, -1.0], ["0021200049", 1610612739, "CLE", "Cleveland", 101139, "CJ Miles", "", "", "14:27", 4, 7, 0.571, 2, 3, 0.667, 0, 0, 0.0, 0, 0, 0, 0, 2, 0, 1, 1, 10, -1.0], ["0021200049", 1610612739, "CLE", "Cleveland", 202396, "Samardo Samuels", "", "", "3:54", 1, 2, 0.5, 0, 0, 0.0, 0, 0, 0.0, 1, 0, 1, 0, 0, 0, 1, 0, 2, 3.0], ["0021200049", 1610612739, "CLE", "Cleveland", 201956, "Omri Casspi", "", "DNP - Coach's Decision", null, null, null, null, null, null, null, null, null, null, null, null, null, null, null, null, null, null, null, null], ["0021200049", 1610612739, "CLE", "Cleveland", 202720, "Jon Leuer", "", "DNP - Coach's Decision", null, null, null, null, null, null, null, null, null, null, null, null, null, null, null, null, null, null, null, null], ["0021200049", 1610612739, "CLE", "Cleveland", 2575, "Luke Walton", "", "DNP - Coach's Decision", null, null, null, null, null, null, null, null, null, null, null, null, null, null, null, null, null, null, null, null], ["0021200049", 1610612746, "LAC", "Los Angeles", 2406, "Caron Butler", "F", "", "21:45", 4, 9, 0.444, 3, 6, 0.5, 0, 0, 0.0, 0, 1, 1, 2, 0, 0, 1, 3, 11, -3.0], ["0021200049", 1610612746, "LAC", "Los Angeles", 201933, "Blake Griffin", "F", "", "35:24", 9, 14, 0.643, 0, 1, 0.0, 2, 2, 1.0, 0, 6, 6, 5, 1, 3, 5, 2, 20, -11.0], ["0021200049", 1610612746, "LAC", "Los Angeles", 201599, "DeAndre Jordan", "C", "", "29:23", 5, 7, 0.714, 0, 0, 0.0, 0, 1, 0.0, 1, 5, 6, 0, 0, 5, 3, 2, 10, -4.0], ["0021200049", 1610612746, "LAC", "Los Angeles", 2584, "Willie Green", "G", "", "21:08", 3, 4, 0.75, 1, 2, 0.5, 2, 2, 1.0, 0, 2, 2, 0, 0, 1, 1, 3, 9, -9.0], ["0021200049", 1610612746, "LAC", "Los Angeles", 101108, "Chris Paul", "G", "", "34:18", 6, 10, 0.6, 1, 4, 0.25, 4, 4, 1.0, 1, 4, 5, 9, 1, 0, 2, 4, 17, -9.0], ["0021200049", 1610612746, "LAC", "Los Angeles", 202339, "Eric Bledsoe", "", "", "25:38", 3, 10, 0.3, 0, 2, 0.0, 5, 6, 0.833, 2, 3, 5, 5, 4, 1, 2, 0, 11, 5.0], ["0021200049", 1610612746, "LAC", "Los Angeles", 2037, "Jamal Crawford", "", "", "25:05", 7, 13, 0.538, 4, 8, 0.5, 1, 1, 1.0, 0, 0, 0, 1, 0, 0, 4, 2, 19, -4.0], ["0021200049", 1610612746, "LAC", "Los Angeles", 2440, "Matt Barnes", "", "", "16:06", 0, 4, 0.0, 0, 2, 0.0, 0, 0, 0.0, 1, 7, 8, 0, 0, 0, 3, 4, 0, -1.0], ["0021200049", 1610612746, "LAC", "Los Angeles", 200797, "Ryan Hollins", "", "", "13:29", 1, 1, 1.0, 0, 0, 0.0, 0, 0, 0.0, 4, 1, 5, 1, 1, 1, 2, 1, 2, -3.0], ["0021200049", 1610612746, "LAC", "Los Angeles", 101142, "Ronny Turiaf", "", "", "13:44", 0, 0, 0.0, 0, 0, 0.0, 0, 0, 0.0, 0, 0, 0, 0, 0, 2, 0, 1, 0, -1.0], ["0021200049", 1610612746, "LAC", "Los Angeles", 1885, "Lamar Odom", "", "", "4:00", 1, 2, 0.5, 0, 0, 0.0, 0, 0, 0.0, 0, 0, 0, 0, 0, 0, 2, 2, 2, 5.0]], "name": "PlayerStats"}, {"headers": ["GAME_ID", "TEAM_ID", "TEAM_NAME", "TEAM_ABBREVIATION", "TEAM_CITY", "MIN", "FGM", "FGA", "FG_PCT", "FG3M", "FG3A", "FG3_PCT", "FTM", "FTA", "FT_PCT", "OREB", "DREB", "REB", "AST", "STL", "BLK", "TO", "PF", "PTS", "PLUS_MINUS"], "rowSet": [["0021200049", 1610612746, "Clippers", "LAC", "Los Angeles", "240:00", 39, 74, 0.527, 9, 25, 0.36, 14, 16, 0.875, 9, 29, 38, 23, 7, 13, 25, 24, 101, -7.0], ["0021200049", 1610612739, "Cavaliers", "CLE", "Cleveland", "240:00", 40, 92, 0.435, 14, 29, 0.483, 14, 22, 0.636, 18, 25, 43, 24, 12, 2, 17, 18, 108, 7.0]], "name": "TeamStats"}, {"headers": ["LEAGUE_ID", "SEASON_ID", "TEAM_ID", "TEAM_ABBREVIATION", "TEAM_CITY", "PTS_PAINT", "PTS_2ND_CHANCE", "PTS_FB", "LARGEST_LEAD", "LEAD_CHANGES", "TIMES_TIED"], "rowSet": [["00", "22012", 1610612739, "CLE", "Cleveland", 36, 16, 20, 12, 7, 3], ["00", "22012", 1610612746, "LAC", "Los Angeles", 48, 10, 17, 13, 7, 3]], "name": "OtherStats"}, {"headers": ["OFFICIAL_ID", "FIRST_NAME", "LAST_NAME", "JERSEY_NUM"], "rowSet": [[1192, "Bennett", "Salvatore", "15"], [1168, "David", "Jones", "36"], [202037, "JT", "Orr", "72"]], "name": "Officials"}, {"headers": ["GAME_DATE", "ATTENDANCE", "GAME_TIME"], "rowSet": [["MONDAY, NOVEMBER 5, 2012", 19060, "2:14"]], "name": "GameInfo"}, {"headers": ["PLAYER_ID", "FIRST_NAME", "LAST_NAME", "JERSEY_NUM", "TEAM_ID", "TEAM_CITY", "TEAM_NAME", "TEAM_ABBREVIATION"], "rowSet": [[202951, "Jeremy", "Pargo", " 8", 1610612739, "Cleveland", "Cavaliers", "CLE"], [202376, "Luke", "Harangody", "44", 1610612739, "Cleveland", "Cavaliers", "CLE"], [202717, "Trey", "Thompkins", " 9", 1610612746, "Los Angeles", "Clippers", "LAC"], [1497, "Chauncey", "Billups", " 1", 1610612746, "Los Angeles", "Clippers", "LAC"], [255, "Grant", "Hill", "33", 1610612746, "Los Angeles", "Clippers", "LAC"]], "name": "InactivePlayers"}, {"headers": ["VIDEO_AVAILABLE_FLAG"], "rowSet": [[1]], "name": "AvailableVideo"}], "parameters": {"GameID": "0021200049", "RangeType": 0, "StartPeriod": 0, "StartRange": 0, "EndPeriod": 0, "EndRange": 0}}