{"resource": "boxscore", "resultSets": [{"headers": ["GAME_DATE_EST", "GAME_SEQUENCE", "GAME_ID", "GAME_STATUS_ID", "GAME_STATUS_TEXT", "GAMECODE", "HOME_TEAM_ID", "VISITOR_TEAM_ID", "SEASON", "LIVE_PERIOD", "LIVE_PC_TIME", "NATL_TV_BROADCASTER_ABBREVIATION", "LIVE_PERIOD_TIME_BCAST", "WH_STATUS"], "rowSet": [["2012-11-07T00:00:00", 6, "0021200058", 3, "Final", "20121107/PHINOH", 1610612740, 1610612755, "2012", 4, "", "ESPN", "Q4  - ESPN", 1]], "name": "GameSummary"}, {"headers": ["GAME_DATE_EST", "GAME_SEQUENCE", "GAME_ID", "TEAM_ID", "TEAM_ABBREVIATION", "TEAM_CITY_NAME", "TEAM_WINS_LOSSES", "PTS_QTR1", "PTS_QTR2", "PTS_QTR3", "PTS_QTR4", "PTS_OT1", "PTS_OT2", "PTS_OT3", "PTS_OT4", "PTS_OT5", "PTS_OT6", "PTS_OT7", "PTS_OT8", "PTS_OT9", "PTS_OT10", "PTS"], "rowSet": [["2012-11-07T00:00:00", 6, "0021200058", 1610612740, "NOH", "New Orleans", "2-2", 19, 18, 10, 15, 0, 0, 0, 0, 0, 0, 0, 0, 0, 0, 62], ["2012-11-07T00:00:00", 6, "0021200058", 1610612755, "PHI", "Philadelphia", "2-2", 16, 20, 21, 20, 0, 0, 0, 0, 0, 0, 0, 0, 0, 0, 77]], "name": "LineScore"}, {"headers": ["GAME_ID", "HOME_TEAM_ID", "VISITOR_TEAM_ID", "GAME_DATE_EST", "HOME_TEAM_WINS", "HOME_TEAM_LOSSES", "SERIES_LEADER"], "rowSet": [["0021200058", 1610612740, 1610612755, "2012-11-07T00:00:00", 1, 1, "Tied"]], "name": "SeasonSeries"}, {"headers": ["GAME_ID", "LAST_GAME_ID", "LAST_GAME_DATE_EST", "LAST_GAME_HOME_TEAM_ID", "LAST_GAME_HOME_TEAM_CITY", "LAST_GAME_HOME_TEAM_NAME", "LAST_GAME_HOME_TEAM_ABBREVIATION", "LAST_GAME_HOME_TEAM_POINTS", "LAST_GAME_VISITOR_TEAM_ID", "LAST_GAME_VISITOR_TEAM_CITY", "LAST_GAME_VISITOR_TEAM_NAME", "LAST_GAME_VISITOR_TEAM_CITY1", "LAST_GAME_VISITOR_TEAM_POINTS"], "rowSet": [["0021200058", "0021100088", "2012-01-04T00:00:00", 1610612740, "New Orleans", "Hornets", "NOH", 93, 1610612755, "Philadelphia", "76ers", "PHI", 101]], "name": "LastMeeting"}, {"headers": ["GAME_ID", "TEAM_ID", "TEAM_ABBREVIATION", "TEAM_CITY", "PLAYER_ID", "PLAYER_NAME", "START_POSITION", "COMMENT", "MIN", "FGM", "FGA", "FG_PCT", "FG3M", "FG3A", "FG3_PCT", "FTM", "FTA", "FT_PCT", "OREB", "DREB", "REB", "AST", "STL", "BLK", "TO", "PF", "PTS", "PLUS_MINUS"], "rowSet": [["0021200058", 1610612755, "PHI", "Philadelphia", 2748, "Dorell Wright", "F", "", "24:48", 2, 10, 0.2, 2, 7, 0.286, 1, 2, 0.5, 1, 5, 6, 2, 2, 1, 2, 0, 7, 9.0], ["0021200058", 1610612755, "PHI", "Philadelphia", 201152, "Thaddeus Young", "F", "", "36:59", 6, 8, 0.75, 0, 0, 0.0, 0, 0, 0.0, 3, 7, 10, 1, 0, 0, 2, 2, 12, 16.0], ["0021200058", 1610612755, "PHI", "Philadelphia", 202730, "Lavoy Allen", "C", "", "27:27", 6, 10, 0.6, 0, 0, 0.0, 0, 0, 0.0, 1, 3, 4, 0, 0, 1, 2, 2, 12, 20.0], ["0021200058", 1610612755, "PHI", "Philadelphia", 202323, "Evan Turner", "G", "", "35:35", 7, 15, 0.467, 0, 1, 0.0, 0, 0, 0.0, 2, 6, 8, 3, 1, 0, 1, 1, 14, 12.0], ["0021200058", 1610612755, "PHI", "Philadelphia", 201950, "Jrue Holiday", "G", "", "38:56", 6, 14, 0.429, 0, 3, 0.0, 2, 3, 0.667, 1, 4, 5, 12, 1, 1, 7, 2, 14, 18.0], ["0021200058", 1610612755, "PHI", "Philadelphia", 201156, "Nick Young", "", "", "18:23", 1, 7, 0.143, 0, 5, 0.0, 0, 0, 0.0, 0, 0, 0, 1, 1, 0, 1, 0, 2, 2.0], ["0021200058", 1610612755, "PHI", "Philadelphia", 2863, "Damien Wilkins", "", "", "10:50", 1, 3, 0.333, 0, 1, 0.0, 0, 0, 0.0, 0, 1, 1, 0, 0, 0, 0, 0, 2, -3.0], ["0021200058", 1610612755, "PHI", "Philadelphia", 201150, "Spencer Hawes", "", "", "23:18", 5, 13, 0.385, 1, 2, 0.5, 0, 0, 0.0, 1, 5, 6, 0, 0, 3, 0, 4, 11, 2.0], ["0021200058", 1610612755, "PHI", "Philadelphia", 2767, "Royal Ivey", "", "", "20:33", 1, 3, 0.333, 1, 2, 0.5, 0, 0, 0.0, 0, 2, 2, 0, 0, 0, 0, 3, 3, 7.0], ["0021200058", 1610612755, "PHI", "Philadelphia", 203102, "Arnett Moultrie", "", "", "2:05", 0, 0, 0.0, 0, 0, 0.0, 0, 0, 0.0, 0, 1, 1, 0, 0, 0, 0, 2, 0, -4.0], ["0021200058", 1610612755, "PHI", "Philadelphia", 203146, "Maalik Wayns", "", "", "1:06", 0, 1, 0.0, 0, 1, 0.0, 0, 0, 0.0, 0, 0, 0, 0, 0, 0, 0, 0, 0, -4.0], ["0021200058", 1610612755, "PHI", "Philadelphia", 2198, "Kwame Brown", "", "DND - Left Calf Strain", null, null, null, null, null, null, null, null, null, null, null, null, null, null, null, null, null, null, null, null], ["0021200058", 1610612755, "PHI", "Philadelphia", 2202, "Jason Richardson", "", "DND - Left Ankle Sprain", null, null, null, null, null, null, null, null, null, null, null, null, null, null, null, null, null, null, null, null], ["0021200058", 1610612740, "NOH", "New Orleans", 202329, "Al-Farouq Aminu", "F", "", "39:57", 3, 11, 0.273, 0, 2, 0.0, 4, 6, 0.667, 4, 12, 16, 3, 2, 0, 4, 3, 10, -14.0], ["0021200058", 1610612740, "NOH", "New Orleans", 201583, "Ryan Anderson", "F", "", "33:51", 3, 10, 0.3, 1, 6, 0.167, 2, 2, 1.0, 2, 8, 10, 2, 1, 0, 2, 2, 9, -11.0], ["0021200058", 1610612740, "NOH", "New Orleans", 201577, "Robin Lopez", "C", "", "31:36", 3, 7, 0.429, 0, 0, 0.0, 0, 0, 0.0, 1, 3, 4, 1, 2, 4, 0, 1, 6, -12.0], ["0021200058", 1610612740, "NOH", "New Orleans", 203121, "Darius Miller", "G", "", "21:57", 2, 4, 0.5, 1, 3, 0.333, 0, 0, 0.0, 0, 1, 1, 0, 2, 0, 2, 0, 5, -5.0], ["0021200058", 1610612740, "NOH", "New Orleans", 202349, "Greivis Vasquez", "G", "", "32:39", 3, 13, 0.231, 1, 4, 0.25, 0, 0, 0.0, 0, 3, 3, 7, 0, 0, 5, 1, 7, -15.0], ["0021200058", 1610612740, "NOH", "New Orleans", 201160, "Jason Smith", "", "", "14:19", 3, 5, 0.6, 0, 0, 0.0, 2, 2, 1.0, 1, 4, 5, 0, 0, 5, 4, 3, 8, -7.0], ["0021200058", 1610612740, "NOH", "New Orleans", 2427, "Roger Mason Jr.", "", "", "17:55", 0, 2, 0.0, 0, 1, 0.0, 0, 0, 0.0, 1, 1, 2, 1, 0, 0, 2, 1, 0, -7.0], ["0021200058", 1610612740, "NOH", "New Orleans", 202333, "Xavier Henry", "", "", "14:24", 2, 5, 0.4, 0, 0, 0.0, 1, 2, 0.5, 0, 2, 2, 1, 0, 0, 0, 0, 5, 9.0], ["0021200058", 1610612740, "NOH", "New Orleans", 203148, "Brian Roberts", "", "", "18:52", 3, 9, 0.333, 1, 3, 0.333, 0, 0, 0.0, 1, 0, 1, 3, 0, 0, 1, 1, 7, -7.0], ["0021200058", 1610612740, "NOH", "New Orleans", 101124, "Hakim Warrick", "", "", "7:14", 1, 2, 0.5, 0, 0, 0.0, 2, 2, 1.0, 0, 0, 0, 0, 1, 0, 0, 0, 4, -5.0], ["0021200058", 1610612740, "NOH", "New Orleans", 202498, "Lance Thomas", "", "", "7:16", 0, 1, 0.0, 0, 0, 0.0, 1, 2, 0.5, 1, 2, 3, 0, 0, 0, 0, 0, 1, -1.0], ["0021200058", 1610612740, "NOH", "New Orleans", 203076, "Anthony Davis", "", "DND - Mild Concussion", null, null, null, null, null, null, null, null, null, null, null, null, null, null, null, null, null, null, null, null], ["0021200058", 1610612740, "NOH", "New Orleans", 203085, "Austin Rivers", "", "DND - Sprained Left Index Finger", null, null, null, null, null, null, null, null, null, null, null, null, null, null, null, null, null, null, null, null]], "name": "PlayerStats"}, {"headers": ["GAME_ID", "TEAM_ID", "TEAM_NAME", "TEAM_ABBREVIATION", "TEAM_CITY", "MIN", "FGM", "FGA", "FG_PCT", "FG3M", "FG3A", "FG3_PCT", "FTM", "FTA", "FT_PCT", "OREB", "DREB", "REB", "AST", "STL", "BLK", "TO", "PF", "PTS", "PLUS_MINUS"], "rowSet": [["0021200058", 1610612755, "76ers", "PHI", "Philadelphia", "240:00", 35, 84, 0.417, 4, 22, 0.182, 3, 5, 0.6, 9, 34, 43, 19, 5, 6, 15, 16, 77, 15.0], ["0021200058", 1610612740, "Hornets", "NOH", "New Orleans", "240:00", 23, 69, 0.333, 4, 19, 0.211, 12, 16, 0.75, 11, 36, 47, 18, 8, 9, 20, 12, 62, -15.0]], "name": "TeamStats"}, {"headers": ["LEAGUE_ID", "SEASON_ID", "TEAM_ID", "TEAM_ABBREVIATION", "TEAM_CITY", "PTS_PAINT", "PTS_2ND_CHANCE", "PTS_FB", "LARGEST_LEAD", "LEAD_CHANGES", "TIMES_TIED"], "rowSet": [["00", "22012", 1610612755, "PHI", "Philadelphia", 30, 12, 8, 21, 10, 5], ["00", "22012", 1610612740, "NOH", "New Orleans", 20, 6, 9, 23, 10, 5]], "name": "OtherStats"}, {"headers": ["OFFICIAL_ID", "FIRST_NAME", "LAST_NAME", "JERSEY_NUM"], "rowSet": [[1188, "Leroy", "Richardson", "20"], [1146, "Tony", "Brothers", "25"], [1142, "Dick", "Bavetta", "27"]], "name": "Officials"}, {"headers": ["GAME_DATE", "ATTENDANCE", "GAME_TIME"], "rowSet": [["WEDNESDAY, NOVEMBER 7, 2012", 12988, "2:10"]], "name": "GameInfo"}, {"headers": ["PLAYER_ID", "FIRST_NAME", "LAST_NAME", "JERSEY_NUM", "TEAM_ID", "TEAM_CITY", "TEAM_NAME", "TEAM_ABBREVIATION"], "rowSet": [[101115, "Andrew", "Bynum", "33", 1610612755, "Philadelphia", "76ers", "PHI"], [201569, "Eric", "Gordon", "10", 1610612740, "New Orleans", "Hornets", "NOH"]], "name": "InactivePlayers"}, {"headers": ["VIDEO_AVAILABLE_FLAG"], "rowSet": [[1]], "name": "AvailableVideo"}], "parameters": {"GameID": "0021200058", "RangeType": 0, "StartPeriod": 0, "StartRange": 0, "EndPeriod": 0, "EndRange": 0}}