{"resource": "boxscore", "resultSets": [{"headers": ["GAME_DATE_EST", "GAME_SEQUENCE", "GAME_ID", "GAME_STATUS_ID", "GAME_STATUS_TEXT", "GAMECODE", "HOME_TEAM_ID", "VISITOR_TEAM_ID", "SEASON", "LIVE_PERIOD", "LIVE_PC_TIME", "NATL_TV_BROADCASTER_ABBREVIATION", "LIVE_PERIOD_TIME_BCAST", "WH_STATUS"], "rowSet": [["2012-11-07T00:00:00", 13, "0021200065", 3, "Final", "20121107/CLEGSW", 1610612744, 1610612739, "2012", 4, "", null, "Q4  - ", 1]], "name": "GameSummary"}, {"headers": ["GAME_DATE_EST", "GAME_SEQUENCE", "GAME_ID", "TEAM_ID", "TEAM_ABBREVIATION", "TEAM_CITY_NAME", "TEAM_WINS_LOSSES", "PTS_QTR1", "PTS_QTR2", "PTS_QTR3", "PTS_QTR4", "PTS_OT1", "PTS_OT2", "PTS_OT3", "PTS_OT4", "PTS_OT5", "PTS_OT6", "PTS_OT7", "PTS_OT8", "PTS_OT9", "PTS_OT10", "PTS"], "rowSet": [["2012-11-07T00:00:00", 13, "0021200065", 1610612739, "CLE", "Cleveland", "2-3", 21, 30, 23, 22, 0, 0, 0, 0, 0, 0, 0, 0, 0, 0, 96], ["2012-11-07T00:00:00", 13, "0021200065", 1610612744, "GSW", "Golden State", "3-2", 37, 22, 26, 21, 0, 0, 0, 0, 0, 0, 0, 0, 0, 0, 106]], "name": "LineScore"}, {"headers": ["GAME_ID", "HOME_TEAM_ID", "VISITOR_TEAM_ID", "GAME_DATE_EST", "HOME_TEAM_WINS", "HOME_TEAM_LOSSES", "SERIES_LEADER"], "rowSet": [["0021200065", 1610612744, 1610612739, "2012-11-07T00:00:00", 2, 0, "Golden State"]], "name": "SeasonSeries"}, {"headers": ["GAME_ID", "LAST_GAME_ID", "LAST_GAME_DATE_EST", "LAST_GAME_HOME_TEAM_ID", "LAST_GAME_HOME_TEAM_CITY", "LAST_GAME_HOME_TEAM_NAME", "LAST_GAME_HOME_TEAM_ABBREVIATION", "LAST_GAME_HOME_TEAM_POINTS", "LAST_GAME_VISITOR_TEAM_ID", "LAST_GAME_VISITOR_TEAM_CITY", "LAST_GAME_VISITOR_TEAM_NAME", "LAST_GAME_VISITOR_TEAM_CITY1", "LAST_GAME_VISITOR_TEAM_POINTS"], "rowSet": [["0021200065", "0021100196", "2012-01-17T00:00:00", 1610612744, "Golden State", "Warriors", "GSW", 105, 1610612739, "Cleveland", "Cavaliers", "CLE", 95]], "name": "LastMeeting"}, {"headers": ["GAME_ID", "TEAM_ID", "TEAM_ABBREVIATION", "TEAM_CITY", "PLAYER_ID", "PLAYER_NAME", "START_POSITION", "COMMENT", "MIN", "FGM", "FGA", "FG_PCT", "FG3M", "FG3A", "FG3_PCT", "FTM", "FTA", "FT_PCT", "OREB", "DREB", "REB", "AST", "STL", "BLK", "TO", "PF", "PTS", "PLUS_MINUS"], "rowSet": [["0021200065", 1610612739, "CLE", "Cleveland", 202087, "Alonzo Gee", "F", "", "21:13", 2, 4, 0.5, 0, 2, 0.0, 3, 3, 1.0, 0, 3, 3, 1, 3, 0, 4, 3, 7, -2.0], ["0021200065", 1610612739, "CLE", "Cleveland", 202396, "Samardo Samuels", "F", "", "37:57", 5, 9, 0.556, 0, 0, 0.0, 1, 2, 0.5, 2, 5, 7, 2, 0, 1, 1, 3, 11, -11.0], ["0021200065", 1610612739, "CLE", "Cleveland", 202684, "Tristan Thompson", "C", "", "35:47", 4, 8, 0.5, 0, 0, 0.0, 3, 8, 0.375, 4, 6, 10, 1, 0, 0, 3, 4, 11, 10.0], ["0021200065", 1610612739, "CLE", "Cleveland", 203079, "Dion Waiters", "G", "", "30:39", 5, 15, 0.333, 2, 5, 0.4, 0, 0, 0.0, 0, 0, 0, 5, 0, 0, 0, 3, 12, 1.0], ["0021200065", 1610612739, "CLE", "Cleveland", 202681, "Kyrie Irving", "G", "", "35:47", 10, 22, 0.455, 4, 8, 0.5, 4, 4, 1.0, 1, 5, 6, 7, 0, 0, 3, 3, 28, -10.0], ["0021200065", 1610612739, "CLE", "Cleveland", 101139, "CJ Miles", "", "", "17:16", 3, 11, 0.273, 1, 7, 0.143, 0, 0, 0.0, 0, 1, 1, 0, 1, 0, 1, 5, 7, -15.0], ["0021200065", 1610612739, "CLE", "Cleveland", 202720, "Jon Leuer", "", "", "21:48", 3, 5, 0.6, 0, 0, 0.0, 1, 2, 0.5, 2, 2, 4, 1, 1, 0, 2, 4, 7, -19.0], ["0021200065", 1610612739, "CLE", "Cleveland", 200789, "Daniel Gibson", "", "", "21:40", 4, 8, 0.5, 4, 8, 0.5, 0, 0, 0.0, 0, 1, 1, 1, 2, 0, 1, 1, 12, -9.0], ["0021200065", 1610612739, "CLE", "Cleveland", 202388, "Donald Sloan", "", "", "7:54", 0, 3, 0.0, 0, 1, 0.0, 1, 2, 0.5, 0, 2, 2, 2, 0, 0, 0, 0, 1, -2.0], ["0021200065", 1610612739, "CLE", "Cleveland", 201956, "Omri Casspi", "", "", "9:59", 0, 1, 0.0, 0, 1, 0.0, 0, 0, 0.0, 2, 3, 5, 0, 0, 0, 1, 0, 0, 7.0], ["0021200065", 1610612739, "CLE", "Cleveland", 202376, "Luke Harangody", "", "DNP - Coach's Decision", null, null, null, null, null, null, null, null, null, null, null, null, null, null, null, null, null, null, null, null], ["0021200065", 1610612739, "CLE", "Cleveland", 202951, "Jeremy Pargo", "", "DNP - Coach's Decision", null, null, null, null, null, null, null, null, null, null, null, null, null, null, null, null, null, null, null, null], ["0021200065", 1610612739, "CLE", "Cleveland", 2575, "Luke Walton", "", "DNP - Coach's Decision", null, null, null, null, null, null, null, null, null, null, null, null, null, null, null, null, null, null, null, null], ["0021200065", 1610612744, "GSW", "Golden State", 203084, "Harrison Barnes", "F", "", "30:24", 5, 9, 0.556, 1, 2, 0.5, 3, 5, 0.6, 1, 1, 2, 1, 1, 0, 2, 3, 14, -6.0], ["0021200065", 1610612744, "GSW", "Golden State", 101135, "David Lee", "F", "", "37:52", 10, 16, 0.625, 0, 0, 0.0, 2, 2, 1.0, 2, 12, 14, 6, 3, 0, 1, 4, 22, 7.0], ["0021200065", 1610612744, "GSW", "Golden State", 101106, "Andrew Bogut", "C", "", "17:24", 0, 2, 0.0, 0, 0, 0.0, 0, 0, 0.0, 1, 2, 3, 5, 1, 1, 1, 0, 0, 3.0], ["0021200065", 1610612744, "GSW", "Golden State", 202691, "Klay Thompson", "G", "", "22:20", 4, 10, 0.4, 1, 5, 0.2, 4, 6, 0.667, 1, 1, 2, 1, 1, 0, 4, 4, 13, 2.0], ["0021200065", 1610612744, "GSW", "Golden State", 201939, "Stephen Curry", "G", "", "36:28", 8, 14, 0.571, 2, 6, 0.333, 3, 3, 1.0, 0, 5, 5, 6, 2, 0, 3, 3, 21, 7.0], ["0021200065", 1610612744, "GSW", "Golden State", 2210, "Richard Jefferson", "", "", "23:37", 3, 7, 0.429, 1, 4, 0.25, 0, 0, 0.0, 0, 2, 2, 3, 0, 1, 1, 2, 7, 14.0], ["0021200065", 1610612744, "GSW", "Golden State", 203105, "Festus Ezeli", "", "", "12:15", 0, 0, 0.0, 0, 0, 0.0, 0, 2, 0.0, 1, 4, 5, 0, 0, 1, 1, 1, 0, 5.0], ["0021200065", 1610612744, "GSW", "Golden State", 203110, "Draymond Green", "", "", "7:34", 0, 2, 0.0, 0, 1, 0.0, 0, 0, 0.0, 0, 0, 0, 1, 1, 0, 1, 1, 0, 4.0], ["0021200065", 1610612744, "GSW", "Golden State", 101127, "Jarrett Jack", "", "", "25:42", 4, 8, 0.5, 0, 0, 0.0, 2, 2, 1.0, 0, 2, 2, 5, 2, 0, 0, 0, 10, 11.0], ["0021200065", 1610612744, "GSW", "Golden State", 201171, "Carl Landry", "", "", "26:24", 8, 10, 0.8, 0, 0, 0.0, 3, 3, 1.0, 1, 8, 9, 0, 0, 1, 2, 4, 19, 3.0], ["0021200065", 1610612744, "GSW", "Golden State", 2740, "Andris Biedrins", "", "DNP - Coach's Decision", null, null, null, null, null, null, null, null, null, null, null, null, null, null, null, null, null, null, null, null], ["0021200065", 1610612744, "GSW", "Golden State", 202724, "Charles Jenkins", "", "DNP - Coach's Decision", null, null, null, null, null, null, null, null, null, null, null, null, null, null, null, null, null, null, null, null], ["0021200065", 1610612744, "GSW", "Golden State", 202719, "Jeremy Tyler", "", "DNP - Coach's Decision", null, null, null, null, null, null, null, null, null, null, null, null, null, null, null, null, null, null, null, null]], "name": "PlayerStats"}, {"headers": ["GAME_ID", "TEAM_ID", "TEAM_NAME", "TEAM_ABBREVIATION", "TEAM_CITY", "MIN", "FGM", "FGA", "FG_PCT", "FG3M", "FG3A", "FG3_PCT", "FTM", "FTA", "FT_PCT", "OREB", "DREB", "REB", "AST", "STL", "BLK", "TO", "PF", "PTS", "PLUS_MINUS"], "rowSet": [["0021200065", 1610612744, "Warriors", "GSW", "Golden State", "240:00", 42, 78, 0.538, 5, 18, 0.278, 17, 23, 0.739, 7, 37, 44, 28, 11, 4, 16, 22, 106, 10.0], ["0021200065", 1610612739, "Cavaliers", "CLE", "Cleveland", "240:00", 36, 86, 0.419, 11, 32, 0.344, 13, 21, 0.619, 11, 28, 39, 20, 7, 1, 16, 26, 96, -10.0]], "name": "TeamStats"}, {"headers": ["LEAGUE_ID", "SEASON_ID", "TEAM_ID", "TEAM_ABBREVIATION", "TEAM_CITY", "PTS_PAINT", "PTS_2ND_CHANCE", "PTS_FB", "LARGEST_LEAD", "LEAD_CHANGES", "TIMES_TIED"], "rowSet": [["00", "22012", 1610612739, "CLE", "Cleveland", 30, 17, 10, 17, 2, 3], ["00", "22012", 1610612744, "GSW", "Golden State", 48, 11, 17, 17, 2, 3]], "name": "OtherStats"}, {"headers": ["OFFICIAL_ID", "FIRST_NAME", "LAST_NAME", "JERSEY_NUM"], "rowSet": [[1199, "Tom", "Washington", "49"], [2148, "Mark", "Ayotte", "56"], [2715, "Eric", "Lewis", "42"]], "name": "Officials"}, {"headers": ["GAME_DATE", "ATTENDANCE", "GAME_TIME"], "rowSet": [["WEDNESDAY, NOVEMBER 7, 2012", 18124, "2:10"]], "name": "GameInfo"}, {"headers": ["PLAYER_ID", "FIRST_NAME", "LAST_NAME", "JERSEY_NUM", "TEAM_ID", "TEAM_CITY", "TEAM_NAME", "TEAM_ABBREVIATION"], "rowSet": [[2760, "Anderson", "Varejao", "17", 1610612739, "Cleveland", "Cavaliers", "CLE"], [203092, "Tyler", "Zeller", "40", 1610612739, "Cleveland", "Cavaliers", "CLE"], [203145, "Kent", "Bazemore", "20", 1610612744, "Golden State", "Warriors", "GSW"], [201575, "Brandon", "Rush", " 4", 1610612744, "Golden State", "Warriors", "GSW"]], "name": "InactivePlayers"}, {"headers": ["VIDEO_AVAILABLE_FLAG"], "rowSet": [[1]], "name": "AvailableVideo"}], "parameters": {"GameID": "0021200065", "RangeType": 0, "StartPeriod": 0, "StartRange": 0, "EndPeriod": 0, "EndRange": 0}}