{"resource": "boxscore", "resultSets": [{"headers": ["GAME_DATE_EST", "GAME_SEQUENCE", "GAME_ID", "GAME_STATUS_ID", "GAME_STATUS_TEXT", "GAMECODE", "HOME_TEAM_ID", "VISITOR_TEAM_ID", "SEASON", "LIVE_PERIOD", "LIVE_PC_TIME", "NATL_TV_BROADCASTER_ABBREVIATION", "LIVE_PERIOD_TIME_BCAST", "WH_STATUS"], "rowSet": [["2012-11-04T00:00:00", 4, "0021200040", 3, "Final", "20121104/ATLOKC", 1610612760, 1610612737, "2012", 4, "", null, "Q4  - ", 1]], "name": "GameSummary"}, {"headers": ["GAME_DATE_EST", "GAME_SEQUENCE", "GAME_ID", "TEAM_ID", "TEAM_ABBREVIATION", "TEAM_CITY_NAME", "TEAM_WINS_LOSSES", "PTS_QTR1", "PTS_QTR2", "PTS_QTR3", "PTS_QTR4", "PTS_OT1", "PTS_OT2", "PTS_OT3", "PTS_OT4", "PTS_OT5", "PTS_OT6", "PTS_OT7", "PTS_OT8", "PTS_OT9", "PTS_OT10", "PTS"], "rowSet": [["2012-11-04T00:00:00", 4, "0021200040", 1610612737, "ATL", "Atlanta", "1-1", 30, 17, 28, 29, 0, 0, 0, 0, 0, 0, 0, 0, 0, 0, 104], ["2012-11-04T00:00:00", 4, "0021200040", 1610612760, "OKC", "Oklahoma City", "1-2", 22, 29, 23, 21, 0, 0, 0, 0, 0, 0, 0, 0, 0, 0, 95]], "name": "LineScore"}, {"headers": ["GAME_ID", "HOME_TEAM_ID", "VISITOR_TEAM_ID", "GAME_DATE_EST", "HOME_TEAM_WINS", "HOME_TEAM_LOSSES", "SERIES_LEADER"], "rowSet": [["0021200040", 1610612760, 1610612737, "2012-11-04T00:00:00", 1, 1, "Tied"]], "name": "SeasonSeries"}, {"headers": ["GAME_ID", "LAST_GAME_ID", "LAST_GAME_DATE_EST", "LAST_GAME_HOME_TEAM_ID", "LAST_GAME_HOME_TEAM_CITY", "LAST_GAME_HOME_TEAM_NAME", "LAST_GAME_HOME_TEAM_ABBREVIATION", "LAST_GAME_HOME_TEAM_POINTS", "LAST_GAME_VISITOR_TEAM_ID", "LAST_GAME_VISITOR_TEAM_CITY", "LAST_GAME_VISITOR_TEAM_NAME", "LAST_GAME_VISITOR_TEAM_CITY1", "LAST_GAME_VISITOR_TEAM_POINTS"], "rowSet": [["0021200040", "0021100540", "2012-03-03T00:00:00", 1610612760, "Oklahoma City", "Thunder", "OKC", 90, 1610612737, "Atlanta", "Hawks", "ATL", 97]], "name": "LastMeeting"}, {"headers": ["GAME_ID", "TEAM_ID", "TEAM_ABBREVIATION", "TEAM_CITY", "PLAYER_ID", "PLAYER_NAME", "START_POSITION", "COMMENT", "MIN", "FGM", "FGA", "FG_PCT", "FG3M", "FG3A", "FG3_PCT", "FTM", "FTA", "FT_PCT", "OREB", "DREB", "REB", "AST", "STL", "BLK", "TO", "PF", "PTS", "PLUS_MINUS"], "rowSet": [["0021200040", 1610612737, "ATL", "Atlanta", 2594, "Kyle Korver", "F", "", "19:49", 1, 5, 0.2, 1, 5, 0.2, 1, 3, 0.333, 0, 4, 4, 1, 1, 0, 0, 3, 4, 1.0], ["0021200040", 1610612737, "ATL", "Atlanta", 201229, "Anthony Tolliver", "F", "", "22:34", 2, 6, 0.333, 2, 4, 0.5, 0, 0, 0.0, 1, 2, 3, 0, 0, 0, 1, 1, 6, -1.0], ["0021200040", 1610612737, "ATL", "Atlanta", 201143, "Al Horford", "C", "", "33:14", 11, 19, 0.579, 0, 0, 0.0, 1, 2, 0.5, 6, 6, 12, 3, 1, 1, 0, 4, 23, 9.0], ["0021200040", 1610612737, "ATL", "Atlanta", 2052, "DeShawn Stevenson", "G", "", "34:10", 3, 9, 0.333, 2, 7, 0.286, 0, 0, 0.0, 1, 4, 5, 0, 0, 0, 0, 1, 8, 4.0], ["0021200040", 1610612737, "ATL", "Atlanta", 201952, "Jeff Teague", "G", "", "25:59", 7, 12, 0.583, 0, 0, 0.0, 2, 2, 1.0, 2, 1, 3, 5, 3, 0, 3, 0, 16, -3.0], ["0021200040", 1610612737, "ATL", "Atlanta", 201274, "Ivan Johnson", "", "", "12:15", 5, 6, 0.833, 0, 1, 0.0, 0, 2, 0.0, 0, 4, 4, 0, 1, 0, 2, 2, 10, 5.0], ["0021200040", 1610612737, "ATL", "Atlanta", 2734, "Devin Harris", "", "", "22:39", 2, 5, 0.4, 1, 1, 1.0, 2, 2, 1.0, 0, 0, 0, 1, 0, 0, 0, 3, 7, 14.0], ["0021200040", 1610612737, "ATL", "Atlanta", 101150, "Louis Williams", "", "", "27:33", 5, 14, 0.357, 1, 6, 0.167, 8, 9, 0.889, 0, 0, 0, 4, 2, 0, 2, 0, 19, 6.0], ["0021200040", 1610612737, "ATL", "Atlanta", 2585, "Zaza Pachulia", "", "", "27:57", 3, 5, 0.6, 0, 0, 0.0, 0, 0, 0.0, 2, 4, 6, 6, 1, 0, 2, 5, 6, 5.0], ["0021200040", 1610612737, "ATL", "Atlanta", 201627, "Anthony Morrow", "", "", "13:50", 2, 2, 1.0, 1, 1, 1.0, 0, 0, 0.0, 0, 1, 1, 0, 3, 0, 0, 1, 5, 5.0], ["0021200040", 1610612737, "ATL", "Atlanta", 203098, "John Jenkins", "", "DNP - Coach's Decision", null, null, null, null, null, null, null, null, null, null, null, null, null, null, null, null, null, null, null, null], ["0021200040", 1610612737, "ATL", "Atlanta", 203118, "Mike Scott", "", "DNP - Coach's Decision", null, null, null, null, null, null, null, null, null, null, null, null, null, null, null, null, null, null, null, null], ["0021200040", 1610612737, "ATL", "Atlanta", 2746, "Josh Smith", "", "NWT - Right Ankle Sprain", null, null, null, null, null, null, null, null, null, null, null, null, null, null, null, null, null, null, null, null], ["0021200040", 1610612760, "OKC", "Oklahoma City", 201142, "Kevin Durant", "F", "", "42:05", 7, 17, 0.412, 1, 4, 0.25, 7, 8, 0.875, 1, 11, 12, 8, 3, 2, 6, 3, 22, -8.0], ["0021200040", 1610612760, "OKC", "Oklahoma City", 201586, "Serge Ibaka", "F", "", "36:39", 6, 9, 0.667, 0, 1, 0.0, 2, 2, 1.0, 2, 3, 5, 0, 0, 3, 1, 3, 14, -4.0], ["0021200040", 1610612760, "OKC", "Oklahoma City", 2570, "Kendrick Perkins", "C", "", "29:57", 3, 5, 0.6, 0, 0, 0.0, 3, 4, 0.75, 0, 5, 5, 1, 0, 1, 2, 3, 9, -3.0], ["0021200040", 1610612760, "OKC", "Oklahoma City", 200757, "Thabo Sefolosha", "G", "", "24:30", 2, 3, 0.667, 0, 0, 0.0, 0, 0, 0.0, 2, 4, 6, 5, 0, 1, 0, 2, 4, -9.0], ["0021200040", 1610612760, "OKC", "Oklahoma City", 201566, "Russell Westbrook", "G", "", "36:09", 5, 18, 0.278, 2, 6, 0.333, 2, 2, 1.0, 1, 4, 5, 9, 0, 0, 3, 4, 14, -5.0], ["0021200040", 1610612760, "OKC", "Oklahoma City", 2755, "Kevin Martin", "", "", "29:41", 8, 11, 0.727, 6, 8, 0.75, 6, 6, 1.0, 0, 1, 1, 0, 1, 0, 4, 2, 28, -3.0], ["0021200040", 1610612760, "OKC", "Oklahoma City", 2555, "Nick Collison", "", "", "18:03", 2, 3, 0.667, 0, 0, 0.0, 0, 0, 0.0, 0, 2, 2, 1, 0, 1, 3, 2, 4, -6.0], ["0021200040", 1610612760, "OKC", "Oklahoma City", 201953, "Eric Maynor", "", "", "11:51", 0, 4, 0.0, 0, 2, 0.0, 0, 0, 0.0, 0, 0, 0, 3, 0, 0, 1, 0, 0, -4.0], ["0021200040", 1610612760, "OKC", "Oklahoma City", 201934, "Hasheem Thabeet", "", "", "6:25", 0, 0, 0.0, 0, 0, 0.0, 0, 0, 0.0, 1, 0, 1, 0, 0, 1, 0, 2, 0, -4.0], ["0021200040", 1610612760, "OKC", "Oklahoma City", 202704, "Reggie Jackson", "", "", "4:40", 0, 1, 0.0, 0, 1, 0.0, 0, 0, 0.0, 0, 0, 0, 0, 0, 0, 0, 0, 0, 1.0], ["0021200040", 1610612760, "OKC", "Oklahoma City", 203103, "Perry Jones", "", "DNP - Coach's Decision", null, null, null, null, null, null, null, null, null, null, null, null, null, null, null, null, null, null, null, null], ["0021200040", 1610612760, "OKC", "Oklahoma City", 203087, "Jeremy Lamb", "", "DNP - Coach's Decision", null, null, null, null, null, null, null, null, null, null, null, null, null, null, null, null, null, null, null, null], ["0021200040", 1610612760, "OKC", "Oklahoma City", 202732, "DeAndre Liggins", "", "DNP - Coach's Decision", null, null, null, null, null, null, null, null, null, null, null, null, null, null, null, null, null, null, null, null]], "name": "PlayerStats"}, {"headers": ["GAME_ID", "TEAM_ID", "TEAM_NAME", "TEAM_ABBREVIATION", "TEAM_CITY", "MIN", "FGM", "FGA", "FG_PCT", "FG3M", "FG3A", "FG3_PCT", "FTM", "FTA", "FT_PCT", "OREB", "DREB", "REB", "AST", "STL", "BLK", "TO", "PF", "PTS", "PLUS_MINUS"], "rowSet": [["0021200040", 1610612760, "Thunder", "OKC", "Oklahoma City", "240:00", 33, 71, 0.465, 9, 22, 0.409, 20, 22, 0.909, 7, 30, 37, 27, 4, 9, 20, 21, 95, -9.0], ["0021200040", 1610612737, "Hawks", "ATL", "Atlanta", "240:00", 41, 83, 0.494, 8, 25, 0.32, 14, 20, 0.7, 12, 26, 38, 20, 12, 1, 10, 20, 104, 9.0]], "name": "TeamStats"}, {"headers": ["LEAGUE_ID", "SEASON_ID", "TEAM_ID", "TEAM_ABBREVIATION", "TEAM_CITY", "PTS_PAINT", "PTS_2ND_CHANCE", "PTS_FB", "LARGEST_LEAD", "LEAD_CHANGES", "TIMES_TIED"], "rowSet": [["00", "22012", 1610612737, "ATL", "Atlanta", 42, 16, 7, 9, 8, 9], ["00", "22012", 1610612760, "OKC", "Oklahoma City", 38, 8, 12, 10, 8, 9]], "name": "OtherStats"}, {"headers": ["OFFICIAL_ID", "FIRST_NAME", "LAST_NAME", "JERSEY_NUM"], "rowSet": [[1198, "Scott", "Wall", "31"], [1147, "Mike", "Callahan", "24"], [203207, "Brenda", "Pantoja", "39"]], "name": "Officials"}, {"headers": ["GAME_DATE", "ATTENDANCE", "GAME_TIME"], "rowSet": [["SUNDAY, NOVEMBER 4, 2012", 18203, "2:09"]], "name": "GameInfo"}, {"headers": ["PLAYER_ID", "FIRST_NAME", "LAST_NAME", "JERSEY_NUM", "TEAM_ID", "TEAM_CITY", "TEAM_NAME", "TEAM_ABBREVIATION"], "rowSet": [[101130, "Johan", "Petro", "10", 1610612737, "Atlanta", "Hawks", "ATL"], [202350, "Daniel", "Orton", "33", 1610612760, "Oklahoma City", "Thunder", "OKC"]], "name": "InactivePlayers"}, {"headers": ["VIDEO_AVAILABLE_FLAG"], "rowSet": [[1]], "name": "AvailableVideo"}], "parameters": {"GameID": "0021200040", "RangeType": 0, "StartPeriod": 0, "StartRange": 0, "EndPeriod": 0, "EndRange": 0}}