{"resource": "boxscore", "resultSets": [{"headers": ["GAME_DATE_EST", "GAME_SEQUENCE", "GAME_ID", "GAME_STATUS_ID", "GAME_STATUS_TEXT", "GAMECODE", "HOME_TEAM_ID", "VISITOR_TEAM_ID", "SEASON", "LIVE_PERIOD", "LIVE_PC_TIME", "NATL_TV_BROADCASTER_ABBREVIATION", "LIVE_PERIOD_TIME_BCAST", "WH_STATUS"], "rowSet": [["2012-11-05T00:00:00", 2, "0021200043", 3, "Final", "20121105/MINBKN", 1610612751, 1610612750, "2012", 4, "", "NBA TV", "Q4  - NBA TV", 1]], "name": "GameSummary"}, {"headers": ["GAME_DATE_EST", "GAME_SEQUENCE", "GAME_ID", "TEAM_ID", "TEAM_ABBREVIATION", "TEAM_CITY_NAME", "TEAM_WINS_LOSSES", "PTS_QTR1", "PTS_QTR2", "PTS_QTR3", "PTS_QTR4", "PTS_OT1", "PTS_OT2", "PTS_OT3", "PTS_OT4", "PTS_OT5", "PTS_OT6", "PTS_OT7", "PTS_OT8", "PTS_OT9", "PTS_OT10", "PTS"], "rowSet": [["2012-11-05T00:00:00", 2, "0021200043", 1610612751, "BKN", "Brooklyn", "1-1", 31, 31, 24, 10, 0, 0, 0, 0, 0, 0, 0, 0, 0, 0, 96], ["2012-11-05T00:00:00", 2, "0021200043", 1610612750, "MIN", "Minnesota", "2-1", 27, 20, 28, 32, 0, 0, 0, 0, 0, 0, 0, 0, 0, 0, 107]], "name": "LineScore"}, {"headers": ["GAME_ID", "HOME_TEAM_ID", "VISITOR_TEAM_ID", "GAME_DATE_EST", "HOME_TEAM_WINS", "HOME_TEAM_LOSSES", "SERIES_LEADER"], "rowSet": [["0021200043", 1610612751, 1610612750, "2012-11-05T00:00:00", 1, 1, "Tied"]], "name": "SeasonSeries"}, {"headers": ["GAME_ID", "LAST_GAME_ID", "LAST_GAME_DATE_EST", "LAST_GAME_HOME_TEAM_ID", "LAST_GAME_HOME_TEAM_CITY", "LAST_GAME_HOME_TEAM_NAME", "LAST_GAME_HOME_TEAM_ABBREVIATION", "LAST_GAME_HOME_TEAM_POINTS", "LAST_GAME_VISITOR_TEAM_ID", "LAST_GAME_VISITOR_TEAM_CITY", "LAST_GAME_VISITOR_TEAM_NAME", "LAST_GAME_VISITOR_TEAM_CITY1", "LAST_GAME_VISITOR_TEAM_POINTS"], "rowSet": [["0021200043", "0021100335", "2012-02-03T00:00:00", 1610612751, "Brooklyn", "Nets", "BKN", 105, 1610612750, "Minnesota", "Timberwolves", "MIN", 108]], "name": "LastMeeting"}, {"headers": ["GAME_ID", "TEAM_ID", "TEAM_ABBREVIATION", "TEAM_CITY", "PLAYER_ID", "PLAYER_NAME", "START_POSITION", "COMMENT", "MIN", "FGM", "FGA", "FG_PCT", "FG3M", "FG3A", "FG3_PCT", "FTM", "FTA", "FT_PCT", "OREB", "DREB", "REB", "AST", "STL", "BLK", "TO", "PF", "PTS", "PLUS_MINUS"], "rowSet": [["0021200043", 1610612750, "MIN", "Minnesota", 1905, "Andrei Kirilenko", "F", "", "32:52", 7, 11, 0.636, 1, 2, 0.5, 1, 2, 0.5, 3, 7, 10, 6, 1, 4, 2, 0, 16, 4.0], ["0021200043", 1610612750, "MIN", "Minnesota", 202682, "Derrick Williams", "F", "", "18:18", 3, 12, 0.25, 0, 1, 0.0, 2, 2, 1.0, 1, 1, 2, 1, 0, 0, 0, 0, 8, -12.0], ["0021200043", 1610612750, "MIN", "Minnesota", 201593, "Nikola Pekovic", "C", "", "26:11", 9, 14, 0.643, 0, 0, 0.0, 3, 3, 1.0, 6, 1, 7, 1, 1, 2, 3, 4, 21, 3.0], ["0021200043", 1610612750, "MIN", "Minnesota", 200750, "Brandon Roy", "G", "", "28:56", 3, 7, 0.429, 0, 2, 0.0, 0, 0, 0.0, 0, 2, 2, 7, 0, 0, 0, 1, 6, -2.0], ["0021200043", 1610612750, "MIN", "Minnesota", 2557, "Luke Ridnour", "G", "", "19:01", 2, 4, 0.5, 2, 3, 0.667, 3, 4, 0.75, 0, 2, 2, 2, 2, 0, 1, 4, 9, -5.0], ["0021200043", 1610612750, "MIN", "Minnesota", 200826, "Jose Juan Barea", "", "", "29:35", 3, 8, 0.375, 0, 2, 0.0, 0, 0, 0.0, 1, 2, 3, 6, 0, 0, 2, 4, 6, 17.0], ["0021200043", 1610612750, "MIN", "Minnesota", 201880, "Greg Stiemsma", "", "", "9:43", 2, 3, 0.667, 0, 0, 0.0, 0, 0, 0.0, 0, 0, 0, 0, 0, 0, 0, 2, 4, 1.0], ["0021200043", 1610612750, "MIN", "Minnesota", 201978, "Chase Budinger", "", "", "25:56", 7, 10, 0.7, 2, 5, 0.4, 0, 0, 0.0, 0, 5, 5, 1, 1, 0, 1, 0, 16, 21.0], ["0021200043", 1610612750, "MIN", "Minnesota", 200811, "Lou Amundson", "", "", "5:31", 0, 0, 0.0, 0, 0, 0.0, 0, 0, 0.0, 0, 1, 1, 0, 1, 0, 1, 2, 0, -6.0], ["0021200043", 1610612750, "MIN", "Minnesota", 203144, "Alexey Shved", "", "", "17:41", 3, 8, 0.375, 2, 5, 0.4, 2, 2, 1.0, 1, 1, 2, 4, 1, 0, 1, 0, 10, 16.0], ["0021200043", 1610612750, "MIN", "Minnesota", 201967, "Dante Cunningham", "", "", "26:17", 5, 11, 0.455, 0, 0, 0.0, 1, 2, 0.5, 4, 7, 11, 2, 2, 1, 0, 1, 11, 18.0], ["0021200043", 1610612750, "MIN", "Minnesota", 101215, "Will Conroy", "", "DNP - Coach's Decision", null, null, null, null, null, null, null, null, null, null, null, null, null, null, null, null, null, null, null, null], ["0021200043", 1610612750, "MIN", "Minnesota", 202723, "Malcolm Lee", "", "DNP - Coach's Decision", null, null, null, null, null, null, null, null, null, null, null, null, null, null, null, null, null, null, null, null], ["0021200043", 1610612751, "BKN", "Brooklyn", 2586, "Keith Bogans", "F", "", "14:07", 3, 5, 0.6, 3, 4, 0.75, 0, 0, 0.0, 0, 1, 1, 1, 1, 0, 1, 2, 9, 3.0], ["0021200043", 1610612751, "BKN", "Brooklyn", 2743, "Kris Humphries", "F", "", "22:53", 1, 2, 0.5, 0, 0, 0.0, 0, 1, 0.0, 0, 4, 4, 1, 0, 1, 3, 2, 2, 7.0], ["0021200043", 1610612751, "BKN", "Brooklyn", 201572, "Brook Lopez", "C", "", "32:04", 5, 14, 0.357, 0, 0, 0.0, 3, 5, 0.6, 0, 8, 8, 0, 1, 2, 1, 0, 13, -2.0], ["0021200043", 1610612751, "BKN", "Brooklyn", 2207, "Joe Johnson", "G", "", "40:49", 8, 18, 0.444, 3, 5, 0.6, 0, 0, 0.0, 1, 0, 1, 2, 0, 0, 1, 1, 19, -7.0], ["0021200043", 1610612751, "BKN", "Brooklyn", 101114, "Deron Williams", "G", "", "37:38", 5, 12, 0.417, 3, 7, 0.429, 5, 6, 0.833, 1, 1, 2, 13, 1, 0, 4, 2, 18, -10.0], ["0021200043", 1610612751, "BKN", "Brooklyn", 201228, "CJ Watson", "", "", "26:11", 4, 8, 0.5, 2, 4, 0.5, 0, 0, 0.0, 1, 1, 2, 4, 1, 0, 2, 5, 10, -18.0], ["0021200043", 1610612751, "BKN", "Brooklyn", 101154, "Andray Blatche", "", "", "15:17", 1, 2, 0.5, 0, 0, 0.0, 2, 2, 1.0, 2, 3, 5, 1, 0, 1, 0, 1, 4, -5.0], ["0021200043", 1610612751, "BKN", "Brooklyn", 202705, "MarShon Brooks", "", "", "21:17", 4, 7, 0.571, 1, 1, 1.0, 2, 2, 1.0, 2, 2, 4, 1, 1, 0, 0, 2, 11, -14.0], ["0021200043", 1610612751, "BKN", "Brooklyn", 2501, "Reggie Evans", "", "", "15:41", 1, 1, 1.0, 0, 0, 0.0, 1, 2, 0.5, 1, 1, 2, 0, 0, 0, 0, 2, 3, -1.0], ["0021200043", 1610612751, "BKN", "Brooklyn", 203116, "Tyshawn Taylor", "", "", "6:25", 1, 1, 1.0, 0, 0, 0.0, 0, 0, 0.0, 0, 0, 0, 1, 1, 0, 1, 0, 2, 4.0], ["0021200043", 1610612751, "BKN", "Brooklyn", 203141, "Mirza Teletovic", "", "", "7:38", 2, 3, 0.667, 1, 2, 0.5, 0, 0, 0.0, 0, 0, 0, 0, 1, 0, 0, 0, 5, -12.0], ["0021200043", 1610612751, "BKN", "Brooklyn", 203129, "Tornike Shengelia", "", "DNP - Coach's Decision", null, null, null, null, null, null, null, null, null, null, null, null, null, null, null, null, null, null, null, null], ["0021200043", 1610612751, "BKN", "Brooklyn", 711, "Jerry Stackhouse", "", "DNP - Coach's Decision", null, null, null, null, null, null, null, null, null, null, null, null, null, null, null, null, null, null, null, null]], "name": "PlayerStats"}, {"headers": ["GAME_ID", "TEAM_ID", "TEAM_NAME", "TEAM_ABBREVIATION", "TEAM_CITY", "MIN", "FGM", "FGA", "FG_PCT", "FG3M", "FG3A", "FG3_PCT", "FTM", "FTA", "FT_PCT", "OREB", "DREB", "REB", "AST", "STL", "BLK", "TO", "PF", "PTS", "PLUS_MINUS"], "rowSet": [["0021200043", 1610612750, "Timberwolves", "MIN", "Minnesota", "240:00", 44, 88, 0.5, 7, 20, 0.35, 12, 15, 0.8, 16, 29, 45, 30, 9, 7, 11, 18, 107, 11.0], ["0021200043", 1610612751, "Nets", "BKN", "Brooklyn", "240:00", 35, 73, 0.479, 13, 23, 0.565, 13, 18, 0.722, 8, 21, 29, 24, 7, 4, 13, 17, 96, -11.0]], "name": "TeamStats"}, {"headers": ["LEAGUE_ID", "SEASON_ID", "TEAM_ID", "TEAM_ABBREVIATION", "TEAM_CITY", "PTS_PAINT", "PTS_2ND_CHANCE", "PTS_FB", "LARGEST_LEAD", "LEAD_CHANGES", "TIMES_TIED"], "rowSet": [["00", "22012", 1610612750, "MIN", "Minnesota", 62, 21, 9, 22, 3, 7], ["00", "22012", 1610612751, "BKN", "Brooklyn", 34, 10, 7, 22, 3, 7]], "name": "OtherStats"}, {"headers": ["OFFICIAL_ID", "FIRST_NAME", "LAST_NAME", "JERSEY_NUM"], "rowSet": [[1830, "Marc", "Davis", "8"], [1363, "Bennie", "Adams", "47"], [1204, "Derek", "Richardson", "63"]], "name": "Officials"}, {"headers": ["GAME_DATE", "ATTENDANCE", "GAME_TIME"], "rowSet": [["MONDAY, NOVEMBER 5, 2012", 14017, "2:05"]], "name": "GameInfo"}, {"headers": ["PLAYER_ID", "FIRST_NAME", "LAST_NAME", "JERSEY_NUM", "TEAM_ID", "TEAM_CITY", "TEAM_NAME", "TEAM_ABBREVIATION"], "rowSet": [[2222, "Gerald", "Wallace", "45", 1610612751, "Brooklyn", "Nets", "BKN"], [2735, "Josh", "Childress", " 2", 1610612751, "Brooklyn", "Nets", "BKN"], [201937, "Ricky", "Rubio", " 9", 1610612750, "Minnesota", "Timberwolves", "MIN"], [201567, "Kevin", "Love", "42", 1610612750, "Minnesota", "Timberwolves", "MIN"]], "name": "InactivePlayers"}, {"headers": ["VIDEO_AVAILABLE_FLAG"], "rowSet": [[1]], "name": "AvailableVideo"}], "parameters": {"GameID": "0021200043", "RangeType": 0, "StartPeriod": 0, "StartRange": 0, "EndPeriod": 0, "EndRange": 0}}