{"resource": "boxscore", "resultSets": [{"headers": ["GAME_DATE_EST", "GAME_SEQUENCE", "GAME_ID", "GAME_STATUS_ID", "GAME_STATUS_TEXT", "GAMECODE", "HOME_TEAM_ID", "VISITOR_TEAM_ID", "SEASON", "LIVE_PERIOD", "LIVE_PC_TIME", "NATL_TV_BROADCASTER_ABBREVIATION", "LIVE_PERIOD_TIME_BCAST", "WH_STATUS"], "rowSet": [["2012-11-04T00:00:00", 3, "0021200039", 3, "Final", "20121104/PHXORL", 1610612753, 1610612756, "2012", 4, "", null, "Q4  - ", 1]], "name": "GameSummary"}, {"headers": ["GAME_DATE_EST", "GAME_SEQUENCE", "GAME_ID", "TEAM_ID", "TEAM_ABBREVIATION", "TEAM_CITY_NAME", "TEAM_WINS_LOSSES", "PTS_QTR1", "PTS_QTR2", "PTS_QTR3", "PTS_QTR4", "PTS_OT1", "PTS_OT2", "PTS_OT3", "PTS_OT4", "PTS_OT5", "PTS_OT6", "PTS_OT7", "PTS_OT8", "PTS_OT9", "PTS_OT10", "PTS"], "rowSet": [["2012-11-04T00:00:00", 3, "0021200039", 1610612756, "PHX", "Phoenix", "1-2", 33, 23, 20, 18, 0, 0, 0, 0, 0, 0, 0, 0, 0, 0, 94], ["2012-11-04T00:00:00", 3, "0021200039", 1610612753, "ORL", "Orlando", "2-0", 26, 20, 40, 29, 0, 0, 0, 0, 0, 0, 0, 0, 0, 0, 115]], "name": "LineScore"}, {"headers": ["GAME_ID", "HOME_TEAM_ID", "VISITOR_TEAM_ID", "GAME_DATE_EST", "HOME_TEAM_WINS", "HOME_TEAM_LOSSES", "SERIES_LEADER"], "rowSet": [["0021200039", 1610612753, 1610612756, "2012-11-04T00:00:00", 2, 0, "Orlando"]], "name": "SeasonSeries"}, {"headers": ["GAME_ID", "LAST_GAME_ID", "LAST_GAME_DATE_EST", "LAST_GAME_HOME_TEAM_ID", "LAST_GAME_HOME_TEAM_CITY", "LAST_GAME_HOME_TEAM_NAME", "LAST_GAME_HOME_TEAM_ABBREVIATION", "LAST_GAME_HOME_TEAM_POINTS", "LAST_GAME_VISITOR_TEAM_ID", "LAST_GAME_VISITOR_TEAM_CITY", "LAST_GAME_VISITOR_TEAM_NAME", "LAST_GAME_VISITOR_TEAM_CITY1", "LAST_GAME_VISITOR_TEAM_POINTS"], "rowSet": [["0021200039", "0021100685", "2012-03-21T00:00:00", 1610612753, "Orlando", "Magic", "ORL", 103, 1610612756, "Phoenix", "Suns", "PHX", 93]], "name": "LastMeeting"}, {"headers": ["GAME_ID", "TEAM_ID", "TEAM_ABBREVIATION", "TEAM_CITY", "PLAYER_ID", "PLAYER_NAME", "START_POSITION", "COMMENT", "MIN", "FGM", "FGA", "FG_PCT", "FG3M", "FG3A", "FG3_PCT", "FTM", "FTA", "FT_PCT", "OREB", "DREB", "REB", "AST", "STL", "BLK", "TO", "PF", "PTS", "PLUS_MINUS"], "rowSet": [["0021200039", 1610612756, "PHX", "Phoenix", 201563, "Michael Beasley", "F", "", "34:25", 9, 17, 0.529, 3, 7, 0.429, 1, 1, 1.0, 2, 4, 6, 1, 0, 2, 3, 1, 22, -7.0], ["0021200039", 1610612756, "PHX", "Phoenix", 2449, "Luis Scola", "F", "", "32:15", 10, 19, 0.526, 0, 0, 0.0, 4, 5, 0.8, 2, 5, 7, 4, 1, 1, 0, 1, 24, -5.0], ["0021200039", 1610612756, "PHX", "Phoenix", 101162, "Marcin Gortat", "C", "", "35:03", 7, 12, 0.583, 0, 0, 0.0, 0, 0, 0.0, 7, 4, 11, 1, 0, 4, 3, 1, 14, -18.0], ["0021200039", 1610612756, "PHX", "Phoenix", 201162, "Jared Dudley", "G", "", "24:59", 1, 4, 0.25, 1, 2, 0.5, 0, 2, 0.0, 2, 2, 4, 1, 0, 0, 1, 1, 3, -6.0], ["0021200039", 1610612756, "PHX", "Phoenix", 201609, "Goran Dragic", "G", "", "34:32", 5, 12, 0.417, 1, 5, 0.2, 1, 2, 0.5, 2, 1, 3, 8, 1, 0, 3, 3, 12, -14.0], ["0021200039", 1610612756, "PHX", "Phoenix", 200769, "Shannon Brown", "", "", "20:11", 3, 9, 0.333, 0, 2, 0.0, 0, 0, 0.0, 0, 2, 2, 3, 0, 0, 3, 2, 6, -9.0], ["0021200039", 1610612756, "PHX", "Phoenix", 202325, "Wesley Johnson", "", "", "8:43", 1, 5, 0.2, 0, 2, 0.0, 0, 0, 0.0, 0, 3, 3, 0, 0, 0, 0, 0, 2, -6.0], ["0021200039", 1610612756, "PHX", "Phoenix", 202693, "Markieff Morris", "", "", "15:45", 2, 6, 0.333, 0, 1, 0.0, 0, 2, 0.0, 2, 1, 3, 1, 0, 1, 2, 4, 4, -16.0], ["0021200039", 1610612756, "PHX", "Phoenix", 2742, "Sebastian Telfair", "", "", "12:05", 1, 5, 0.2, 0, 0, 0.0, 0, 0, 0.0, 0, 1, 1, 0, 0, 0, 1, 2, 2, -3.0], ["0021200039", 1610612756, "PHX", "Phoenix", 979, "Jermaine O'Neal", "", "", "10:07", 0, 1, 0.0, 0, 0, 0.0, 4, 4, 1.0, 0, 4, 4, 0, 0, 2, 0, 1, 4, 3.0], ["0021200039", 1610612756, "PHX", "Phoenix", 200782, "PJ Tucker", "", "", "7:42", 0, 1, 0.0, 0, 0, 0.0, 1, 2, 0.5, 0, 1, 1, 0, 1, 0, 0, 1, 1, -14.0], ["0021200039", 1610612756, "PHX", "Phoenix", 202545, "Luke Zeller", "", "", "2:50", 0, 0, 0.0, 0, 0, 0.0, 0, 0, 0.0, 0, 0, 0, 0, 0, 0, 0, 0, 0, -6.0], ["0021200039", 1610612756, "PHX", "Phoenix", 203088, "Kendall Marshall", "", "", "1:23", 0, 0, 0.0, 0, 0, 0.0, 0, 0, 0.0, 0, 0, 0, 0, 0, 0, 0, 0, 0, -4.0], ["0021200039", 1610612753, "ORL", "Orlando", 203199, "DeQuan Jones", "F", "", "16:04", 1, 3, 0.333, 0, 0, 0.0, 0, 0, 0.0, 0, 0, 0, 0, 0, 1, 0, 0, 2, 6.0], ["0021200039", 1610612753, "ORL", "Orlando", 201175, "Glen Davis", "F", "", "32:07", 9, 22, 0.409, 0, 0, 0.0, 4, 4, 1.0, 1, 7, 8, 5, 2, 0, 0, 3, 22, 7.0], ["0021200039", 1610612753, "ORL", "Orlando", 202696, "Nikola Vucevic", "C", "", "36:42", 9, 16, 0.563, 0, 0, 0.0, 0, 0, 0.0, 6, 7, 13, 3, 1, 0, 2, 3, 18, 26.0], ["0021200039", 1610612753, "ORL", "Orlando", 201167, "Arron Afflalo", "G", "", "38:15", 8, 16, 0.5, 3, 3, 1.0, 3, 3, 1.0, 1, 3, 4, 1, 0, 0, 1, 3, 22, 7.0], ["0021200039", 1610612753, "ORL", "Orlando", 202734, "E'Twaun Moore", "G", "", "38:00", 6, 11, 0.545, 3, 3, 1.0, 0, 0, 0.0, 2, 1, 3, 6, 3, 0, 3, 2, 15, 15.0], ["0021200039", 1610612753, "ORL", "Orlando", 200755, "JJ Redick", "", "", "33:42", 9, 14, 0.643, 3, 4, 0.75, 3, 4, 0.75, 0, 1, 1, 6, 1, 0, 3, 1, 24, 15.0], ["0021200039", 1610612753, "ORL", "Orlando", 202970, "Gustavo Ayon", "", "", "8:43", 0, 1, 0.0, 0, 0, 0.0, 0, 0, 0.0, 0, 4, 4, 0, 0, 0, 0, 1, 0, -1.0], ["0021200039", 1610612753, "ORL", "Orlando", 201177, "Josh McRoberts", "", "", "18:25", 1, 4, 0.25, 0, 0, 0.0, 3, 4, 0.75, 3, 4, 7, 3, 0, 0, 0, 3, 5, 6.0], ["0021200039", 1610612753, "ORL", "Orlando", 202397, "Ish Smith", "", "", "10:00", 0, 2, 0.0, 0, 1, 0.0, 0, 0, 0.0, 0, 4, 4, 1, 0, 0, 1, 0, 0, 6.0], ["0021200039", 1610612753, "ORL", "Orlando", 203094, "Andrew Nicholson", "", "", "6:39", 2, 3, 0.667, 0, 0, 0.0, 1, 2, 0.5, 0, 1, 1, 1, 0, 0, 0, 1, 5, 14.0], ["0021200039", 1610612753, "ORL", "Orlando", 203124, "Kyle O'Quinn", "", "", "1:23", 0, 0, 0.0, 0, 0, 0.0, 2, 2, 1.0, 0, 1, 1, 0, 0, 0, 0, 0, 2, 4.0], ["0021200039", 1610612753, "ORL", "Orlando", 203090, "Maurice Harkless", "", "DNP - Coach's Decision", null, null, null, null, null, null, null, null, null, null, null, null, null, null, null, null, null, null, null, null], ["0021200039", 1610612753, "ORL", "Orlando", 2749, "Jameer Nelson", "", "DND - Strained Right Hamstring/Groin", null, null, null, null, null, null, null, null, null, null, null, null, null, null, null, null, null, null, null, null]], "name": "PlayerStats"}, {"headers": ["GAME_ID", "TEAM_ID", "TEAM_NAME", "TEAM_ABBREVIATION", "TEAM_CITY", "MIN", "FGM", "FGA", "FG_PCT", "FG3M", "FG3A", "FG3_PCT", "FTM", "FTA", "FT_PCT", "OREB", "DREB", "REB", "AST", "STL", "BLK", "TO", "PF", "PTS", "PLUS_MINUS"], "rowSet": [["0021200039", 1610612756, "Suns", "PHX", "Phoenix", "240:00", 39, 91, 0.429, 5, 19, 0.263, 11, 18, 0.611, 17, 28, 45, 19, 3, 10, 16, 17, 94, -21.0], ["0021200039", 1610612753, "Magic", "ORL", "Orlando", "240:00", 45, 92, 0.489, 9, 11, 0.818, 16, 19, 0.842, 13, 33, 46, 26, 7, 1, 10, 17, 115, 21.0]], "name": "TeamStats"}, {"headers": ["LEAGUE_ID", "SEASON_ID", "TEAM_ID", "TEAM_ABBREVIATION", "TEAM_CITY", "PTS_PAINT", "PTS_2ND_CHANCE", "PTS_FB", "LARGEST_LEAD", "LEAD_CHANGES", "TIMES_TIED"], "rowSet": [["00", "22012", 1610612753, "ORL", "Orlando", 48, 18, 13, 21, 7, 2], ["00", "22012", 1610612756, "PHX", "Phoenix", 38, 18, 9, 21, 7, 2]], "name": "OtherStats"}, {"headers": ["OFFICIAL_ID", "FIRST_NAME", "LAST_NAME", "JERSEY_NUM"], "rowSet": [[1164, "Ron", "Garretson", "10"], [2882, "Sean", "Wright", "65"], [202027, "Tre", "Maddox", "73"]], "name": "Officials"}, {"headers": ["GAME_DATE", "ATTENDANCE", "GAME_TIME"], "rowSet": [["SUNDAY, NOVEMBER 4, 2012", 17022, "2:15"]], "name": "GameInfo"}, {"headers": ["PLAYER_ID", "FIRST_NAME", "LAST_NAME", "JERSEY_NUM", "TEAM_ID", "TEAM_CITY", "TEAM_NAME", "TEAM_ABBREVIATION"], "rowSet": [[1733, "Al", "Harrington", " 3", 1610612753, "Orlando", "Magic", "ORL"], [2045, "Hedo", "Turkoglu", "15", 1610612753, "Orlando", "Magic", "ORL"], [203197, "Diante", "Garrett", "10", 1610612756, "Phoenix", "Suns", "PHX"], [101112, "Channing", "Frye", " 8", 1610612756, "Phoenix", "Suns", "PHX"]], "name": "InactivePlayers"}, {"headers": ["VIDEO_AVAILABLE_FLAG"], "rowSet": [[1]], "name": "AvailableVideo"}], "parameters": {"GameID": "0021200039", "RangeType": 0, "StartPeriod": 0, "StartRange": 0, "EndPeriod": 0, "EndRange": 0}}