{"resource": "boxscore", "resultSets": [{"headers": ["GAME_DATE_EST", "GAME_SEQUENCE", "GAME_ID", "GAME_STATUS_ID", "GAME_STATUS_TEXT", "GAMECODE", "HOME_TEAM_ID", "VISITOR_TEAM_ID", "SEASON", "LIVE_PERIOD", "LIVE_PC_TIME", "NATL_TV_BROADCASTER_ABBREVIATION", "LIVE_PERIOD_TIME_BCAST", "WH_STATUS"], "rowSet": [["2012-11-03T00:00:00", 4, "0021200030", 3, "Final", "20121103/DENMIA", 1610612748, 1610612743, "2012", 4, "", null, "Q4  - ", 1]], "name": "GameSummary"}, {"headers": ["GAME_DATE_EST", "GAME_SEQUENCE", "GAME_ID", "TEAM_ID", "TEAM_ABBREVIATION", "TEAM_CITY_NAME", "TEAM_WINS_LOSSES", "PTS_QTR1", "PTS_QTR2", "PTS_QTR3", "PTS_QTR4", "PTS_OT1", "PTS_OT2", "PTS_OT3", "PTS_OT4", "PTS_OT5", "PTS_OT6", "PTS_OT7", "PTS_OT8", "PTS_OT9", "PTS_OT10", "PTS"], "rowSet": [["2012-11-03T00:00:00", 4, "0021200030", 1610612743, "DEN", "Denver", "0-3", 34, 32, 25, 25, 0, 0, 0, 0, 0, 0, 0, 0, 0, 0, 116], ["2012-11-03T00:00:00", 4, "0021200030", 1610612748, "MIA", "Miami", "2-1", 35, 29, 23, 32, 0, 0, 0, 0, 0, 0, 0, 0, 0, 0, 119]], "name": "LineScore"}, {"headers": ["GAME_ID", "HOME_TEAM_ID", "VISITOR_TEAM_ID", "GAME_DATE_EST", "HOME_TEAM_WINS", "HOME_TEAM_LOSSES", "SERIES_LEADER"], "rowSet": [["0021200030", 1610612748, 1610612743, "2012-11-03T00:00:00", 2, 0, "Miami"]], "name": "SeasonSeries"}, {"headers": ["GAME_ID", "LAST_GAME_ID", "LAST_GAME_DATE_EST", "LAST_GAME_HOME_TEAM_ID", "LAST_GAME_HOME_TEAM_CITY", "LAST_GAME_HOME_TEAM_NAME", "LAST_GAME_HOME_TEAM_ABBREVIATION", "LAST_GAME_HOME_TEAM_POINTS", "LAST_GAME_VISITOR_TEAM_ID", "LAST_GAME_VISITOR_TEAM_CITY", "LAST_GAME_VISITOR_TEAM_NAME", "LAST_GAME_VISITOR_TEAM_CITY1", "LAST_GAME_VISITOR_TEAM_POINTS"], "rowSet": [["0021200030", "0021100168", "2012-01-13T00:00:00", 1610612748, "Miami", "Heat", "MIA", 104, 1610612743, "Denver", "Nuggets", "DEN", 117]], "name": "LastMeeting"}, {"headers": ["GAME_ID", "TEAM_ID", "TEAM_ABBREVIATION", "TEAM_CITY", "PLAYER_ID", "PLAYER_NAME", "START_POSITION", "COMMENT", "MIN", "FGM", "FGA", "FG_PCT", "FG3M", "FG3A", "FG3_PCT", "FTM", "FTA", "FT_PCT", "OREB", "DREB", "REB", "AST", "STL", "BLK", "TO", "PF", "PTS", "PLUS_MINUS"], "rowSet": [["0021200030", 1610612743, "DEN", "Denver", 202702, "Kenneth Faried", "F", "", "36:05", 11, 15, 0.733, 0, 0, 0.0, 0, 1, 0.0, 7, 5, 12, 1, 1, 0, 1, 5, 22, -10.0], ["0021200030", 1610612743, "DEN", "Denver", 201568, "Danilo Gallinari", "F", "", "36:36", 3, 17, 0.176, 1, 9, 0.111, 6, 9, 0.667, 1, 5, 6, 2, 0, 0, 0, 1, 13, -19.0], ["0021200030", 1610612743, "DEN", "Denver", 201585, "Kosta Koufos", "C", "", "13:44", 1, 4, 0.25, 0, 0, 0.0, 0, 0, 0.0, 1, 3, 4, 0, 0, 0, 0, 2, 2, -7.0], ["0021200030", 1610612743, "DEN", "Denver", 2738, "Andre Iguodala", "G", "", "39:35", 9, 15, 0.6, 2, 5, 0.4, 2, 4, 0.5, 1, 4, 5, 3, 1, 1, 5, 2, 22, -4.0], ["0021200030", 1610612743, "DEN", "Denver", 201951, "Ty Lawson", "G", "", "40:50", 7, 15, 0.467, 0, 0, 0.0, 0, 0, 0.0, 2, 2, 4, 6, 2, 1, 4, 2, 14, -2.0], ["0021200030", 1610612743, "DEN", "Denver", 201580, "JaVale McGee", "", "", "22:42", 6, 9, 0.667, 0, 0, 0.0, 4, 5, 0.8, 4, 5, 9, 0, 0, 1, 0, 4, 16, 10.0], ["0021200030", 1610612743, "DEN", "Denver", 1889, "Andre Miller", "", "", "27:39", 8, 10, 0.8, 0, 0, 0.0, 1, 1, 1.0, 1, 1, 2, 1, 0, 0, 3, 1, 17, 5.0], ["0021200030", 1610612743, "DEN", "Denver", 201147, "Corey Brewer", "", "", "22:49", 4, 10, 0.4, 2, 7, 0.286, 0, 0, 0.0, 1, 4, 5, 0, 1, 0, 0, 4, 10, 12.0], ["0021200030", 1610612743, "DEN", "Denver", 203095, "Evan Fournier", "", "DNP - Coach's Decision", null, null, null, null, null, null, null, null, null, null, null, null, null, null, null, null, null, null, null, null], ["0021200030", 1610612743, "DEN", "Denver", 202706, "Jordan Hamilton", "", "DNP - Coach's Decision", null, null, null, null, null, null, null, null, null, null, null, null, null, null, null, null, null, null, null, null], ["0021200030", 1610612743, "DEN", "Denver", 203113, "Quincy Miller", "", "DNP - Coach's Decision", null, null, null, null, null, null, null, null, null, null, null, null, null, null, null, null, null, null, null, null], ["0021200030", 1610612743, "DEN", "Denver", 202389, "Timofey Mozgov", "", "DND - Left Knee Strain", null, null, null, null, null, null, null, null, null, null, null, null, null, null, null, null, null, null, null, null], ["0021200030", 1610612743, "DEN", "Denver", 201576, "Anthony Randolph", "", "DNP - Coach's Decision", null, null, null, null, null, null, null, null, null, null, null, null, null, null, null, null, null, null, null, null], ["0021200030", 1610612748, "MIA", "Miami", 2203, "Shane Battier", "F", "", "21:01", 2, 5, 0.4, 2, 5, 0.4, 2, 2, 1.0, 1, 1, 2, 1, 0, 0, 0, 2, 8, 0.0], ["0021200030", 1610612748, "MIA", "Miami", 2544, "LeBron James", "F", "", "39:12", 8, 17, 0.471, 0, 1, 0.0, 4, 4, 1.0, 1, 8, 9, 11, 0, 2, 0, 2, 20, 7.0], ["0021200030", 1610612748, "MIA", "Miami", 2547, "Chris Bosh", "C", "", "39:23", 15, 22, 0.682, 1, 3, 0.333, 9, 10, 0.9, 3, 4, 7, 2, 1, 0, 2, 1, 40, 17.0], ["0021200030", 1610612748, "MIA", "Miami", 2548, "Dwyane Wade", "G", "", "33:48", 5, 12, 0.417, 0, 1, 0.0, 4, 6, 0.667, 1, 2, 3, 4, 2, 4, 1, 1, 14, 7.0], ["0021200030", 1610612748, "MIA", "Miami", 201596, "Mario Chalmers", "G", "", "34:02", 3, 7, 0.429, 0, 2, 0.0, 3, 4, 0.75, 0, 3, 3, 5, 3, 1, 2, 2, 9, 12.0], ["0021200030", 1610612748, "MIA", "Miami", 951, "Ray Allen", "", "", "28:40", 8, 12, 0.667, 6, 10, 0.6, 1, 1, 1.0, 1, 4, 5, 1, 2, 1, 1, 2, 23, -4.0], ["0021200030", 1610612748, "MIA", "Miami", 2034, "Mike Miller", "", "", "16:09", 1, 3, 0.333, 1, 3, 0.333, 0, 0, 0.0, 0, 3, 3, 1, 0, 0, 0, 1, 3, -6.0], ["0021200030", 1610612748, "MIA", "Miami", 2617, "Udonis Haslem", "", "", "5:16", 0, 1, 0.0, 0, 0, 0.0, 0, 0, 0.0, 0, 0, 0, 0, 0, 0, 1, 1, 0, -6.0], ["0021200030", 1610612748, "MIA", "Miami", 1740, "Rashard Lewis", "", "", "15:10", 1, 2, 0.5, 0, 0, 0.0, 0, 0, 0.0, 0, 0, 0, 1, 1, 0, 0, 3, 2, -5.0], ["0021200030", 1610612748, "MIA", "Miami", 201202, "Joel Anthony", "", "", "7:19", 0, 2, 0.0, 0, 0, 0.0, 0, 0, 0.0, 0, 0, 0, 0, 0, 0, 1, 1, 0, -7.0], ["0021200030", 1610612748, "MIA", "Miami", 202708, "Norris Cole", "", "DNP - Coach's Decision", null, null, null, null, null, null, null, null, null, null, null, null, null, null, null, null, null, null, null, null], ["0021200030", 1610612748, "MIA", "Miami", 202227, "Terrel Harris", "", "DNP - Coach's Decision", null, null, null, null, null, null, null, null, null, null, null, null, null, null, null, null, null, null, null, null], ["0021200030", 1610612748, "MIA", "Miami", 2592, "James Jones", "", "DNP - Coach's Decision", null, null, null, null, null, null, null, null, null, null, null, null, null, null, null, null, null, null, null, null]], "name": "PlayerStats"}, {"headers": ["GAME_ID", "TEAM_ID", "TEAM_NAME", "TEAM_ABBREVIATION", "TEAM_CITY", "MIN", "FGM", "FGA", "FG_PCT", "FG3M", "FG3A", "FG3_PCT", "FTM", "FTA", "FT_PCT", "OREB", "DREB", "REB", "AST", "STL", "BLK", "TO", "PF", "PTS", "PLUS_MINUS"], "rowSet": [["0021200030", 1610612748, "Heat", "MIA", "Miami", "240:00", 43, 83, 0.518, 10, 25, 0.4, 23, 27, 0.852, 7, 25, 32, 26, 9, 8, 8, 16, 119, 3.0], ["0021200030", 1610612743, "Nuggets", "DEN", "Denver", "240:00", 49, 95, 0.516, 5, 21, 0.238, 13, 20, 0.65, 18, 29, 47, 13, 5, 3, 13, 21, 116, -3.0]], "name": "TeamStats"}, {"headers": ["LEAGUE_ID", "SEASON_ID", "TEAM_ID", "TEAM_ABBREVIATION", "TEAM_CITY", "PTS_PAINT", "PTS_2ND_CHANCE", "PTS_FB", "LARGEST_LEAD", "LEAD_CHANGES", "TIMES_TIED"], "rowSet": [["00", "22012", 1610612748, "MIA", "Miami", 40, 6, 14, 8, 23, 9], ["00", "22012", 1610612743, "DEN", "Denver", 72, 30, 6, 8, 22, 9]], "name": "OtherStats"}, {"headers": ["OFFICIAL_ID", "FIRST_NAME", "LAST_NAME", "JERSEY_NUM"], "rowSet": [[1188, "Leroy", "Richardson", "20"], [2530, "Ed", "Malloy", "14"], [202041, "Kevin", "Scott", "79"]], "name": "Officials"}, {"headers": ["GAME_DATE", "ATTENDANCE", "GAME_TIME"], "rowSet": [["SATURDAY, NOVEMBER 3, 2012", 20104, "2:21"]], "name": "GameInfo"}, {"headers": ["PLAYER_ID", "FIRST_NAME", "LAST_NAME", "JERSEY_NUM", "TEAM_ID", "TEAM_CITY", "TEAM_NAME", "TEAM_ABBREVIATION"], "rowSet": [[202725, "Josh", "Harrellson", "55", 1610612748, "Miami", "Heat", "MIA"], [202354, "Dexter", "Pittman", "45", 1610612748, "Miami", "Heat", "MIA"], [201163, "Wilson", "Chandler", "21", 1610612743, "Denver", "Nuggets", "DEN"], [202933, "Julyan", "Stone", "10", 1610612743, "Denver", "Nuggets", "DEN"]], "name": "InactivePlayers"}, {"headers": ["VIDEO_AVAILABLE_FLAG"], "rowSet": [[1]], "name": "AvailableVideo"}], "parameters": {"GameID": "0021200030", "RangeType": 0, "StartPeriod": 0, "StartRange": 0, "EndPeriod": 0, "EndRange": 0}}