{"resource": "boxscore", "resultSets": [{"headers": ["GAME_DATE_EST", "GAME_SEQUENCE", "GAME_ID", "GAME_STATUS_ID", "GAME_STATUS_TEXT", "GAMECODE", "HOME_TEAM_ID", "VISITOR_TEAM_ID", "SEASON", "LIVE_PERIOD", "LIVE_PC_TIME", "NATL_TV_BROADCASTER_ABBREVIATION", "LIVE_PERIOD_TIME_BCAST", "WH_STATUS"], "rowSet": [["2013-10-30T00:00:00", 5, "0021300008", 3, "Final", "20131030/MILNYK", 1610612752, 1610612749, "2013", 4, "", null, "Q4  - ", 1]], "name": "GameSummary"}, {"headers": ["GAME_DATE_EST", "GAME_SEQUENCE", "GAME_ID", "TEAM_ID", "TEAM_ABBREVIATION", "TEAM_CITY_NAME", "TEAM_WINS_LOSSES", "PTS_QTR1", "PTS_QTR2", "PTS_QTR3", "PTS_QTR4", "PTS_OT1", "PTS_OT2", "PTS_OT3", "PTS_OT4", "PTS_OT5", "PTS_OT6", "PTS_OT7", "PTS_OT8", "PTS_OT9", "PTS_OT10", "PTS"], "rowSet": [["2013-10-30T00:00:00", 5, "0021300008", 1610612749, "MIL", "Milwaukee", "0-1", 18, 13, 33, 19, 0, 0, 0, 0, 0, 0, 0, 0, 0, 0, 83], ["2013-10-30T00:00:00", 5, "0021300008", 1610612752, "NYK", "New York", "1-0", 24, 32, 18, 16, 0, 0, 0, 0, 0, 0, 0, 0, 0, 0, 90]], "name": "LineScore"}, {"headers": ["GAME_ID", "HOME_TEAM_ID", "VISITOR_TEAM_ID", "GAME_DATE_EST", "HOME_TEAM_WINS", "HOME_TEAM_LOSSES", "SERIES_LEADER"], "rowSet": [["0021300008", 1610612752, 1610612749, "2013-10-30T00:00:00", 2, 0, "New York"]], "name": "SeasonSeries"}, {"headers": ["GAME_ID", "LAST_GAME_ID", "LAST_GAME_DATE_EST", "LAST_GAME_HOME_TEAM_ID", "LAST_GAME_HOME_TEAM_CITY", "LAST_GAME_HOME_TEAM_NAME", "LAST_GAME_HOME_TEAM_ABBREVIATION", "LAST_GAME_HOME_TEAM_POINTS", "LAST_GAME_VISITOR_TEAM_ID", "LAST_GAME_VISITOR_TEAM_CITY", "LAST_GAME_VISITOR_TEAM_NAME", "LAST_GAME_VISITOR_TEAM_CITY1", "LAST_GAME_VISITOR_TEAM_POINTS"], "rowSet": [["0021300008", "0011300097", "2013-10-23T00:00:00", 1610612752, "New York", "Knicks", "NYK", 95, 1610612749, "Milwaukee", "Bucks", "MIL", 105]], "name": "LastMeeting"}, {"headers": ["GAME_ID", "TEAM_ID", "TEAM_ABBREVIATION", "TEAM_CITY", "PLAYER_ID", "PLAYER_NAME", "START_POSITION", "COMMENT", "MIN", "FGM", "FGA", "FG_PCT", "FG3M", "FG3A", "FG3_PCT", "FTM", "FTA", "FT_PCT", "OREB", "DREB", "REB", "AST", "STL", "BLK", "TO", "PF", "PTS", "PLUS_MINUS"], "rowSet": [["0021300008", 1610612749, "MIL", "Milwaukee", 2406, "Caron Butler", "F", "", "33:26", 5, 9, 0.556, 2, 3, 0.667, 2, 2, 1.0, 1, 3, 4, 1, 1, 0, 7, 4, 14, -8.0], ["0021300008", 1610612749, "MIL", "Milwaukee", 203114, "Khris Middleton", "F", "", "19:15", 1, 4, 0.25, 0, 1, 0.0, 0, 0, 0.0, 0, 0, 0, 1, 0, 0, 3, 3, 2, -2.0], ["0021300008", 1610612749, "MIL", "Milwaukee", 202336, "Larry Sanders", "C", "", "12:21", 0, 3, 0.0, 0, 0, 0.0, 0, 0, 0.0, 1, 3, 4, 0, 0, 1, 2, 5, 0, -8.0], ["0021300008", 1610612749, "MIL", "Milwaukee", 202688, "Brandon Knight", "G", "", "1:45", 0, 0, 0.0, 0, 0, 0.0, 0, 0, 0.0, 0, 1, 1, 0, 0, 0, 1, 0, 0, -2.0], ["0021300008", 1610612749, "MIL", "Milwaukee", 201564, "O.J. Mayo", "G", "", "35:57", 6, 12, 0.5, 0, 3, 0.0, 1, 1, 1.0, 0, 5, 5, 3, 1, 0, 2, 1, 13, -10.0], ["0021300008", 1610612749, "MIL", "Milwaukee", 203489, "Nate Wolters", "", "", "29:41", 3, 12, 0.25, 1, 4, 0.25, 2, 2, 1.0, 1, 0, 1, 4, 1, 1, 2, 2, 9, -3.0], ["0021300008", 1610612749, "MIL", "Milwaukee", 101141, "Ersan Ilyasova", "", "", "19:43", 5, 6, 0.833, 0, 0, 0.0, 0, 0, 0.0, 0, 2, 2, 1, 3, 0, 2, 1, 10, 2.0], ["0021300008", 1610612749, "MIL", "Milwaukee", 202390, "Gary Neal", "", "", "31:49", 6, 16, 0.375, 2, 5, 0.4, 2, 2, 1.0, 0, 2, 2, 5, 0, 0, 0, 0, 16, 0.0], ["0021300008", 1610612749, "MIL", "Milwaukee", 2585, "Zaza Pachulia", "", "", "33:53", 6, 10, 0.6, 0, 0, 0.0, 1, 1, 1.0, 2, 9, 11, 3, 2, 0, 2, 4, 13, -3.0], ["0021300008", 1610612749, "MIL", "Milwaukee", 203507, "Giannis Antetokounmpo", "", "", "4:43", 0, 0, 0.0, 0, 0, 0.0, 1, 2, 0.5, 0, 0, 0, 0, 0, 0, 1, 2, 1, -3.0], ["0021300008", 1610612749, "MIL", "Milwaukee", 203089, "John Henson", "", "", "17:27", 2, 2, 1.0, 0, 0, 0.0, 1, 2, 0.5, 0, 1, 1, 1, 2, 2, 1, 0, 5, 2.0], ["0021300008", 1610612749, "MIL", "Milwaukee", 203545, "Miroslav Raduljica", "", "DNP - Coach's Decision", null, null, null, null, null, null, null, null, null, null, null, null, null, null, null, null, null, null, null, null], ["0021300008", 1610612749, "MIL", "Milwaukee", 2557, "Luke Ridnour", "", "DND - Sore Back", null, null, null, null, null, null, null, null, null, null, null, null, null, null, null, null, null, null, null, null], ["0021300008", 1610612752, "NYK", "New York", 2546, "Carmelo Anthony", "F", "", "37:39", 7, 16, 0.438, 0, 2, 0.0, 5, 6, 0.833, 2, 8, 10, 1, 1, 0, 3, 2, 19, 4.0], ["0021300008", 1610612752, "NYK", "New York", 202697, "Iman Shumpert", "F", "", "33:07", 5, 13, 0.385, 1, 5, 0.2, 5, 5, 1.0, 0, 4, 4, 1, 0, 1, 1, 2, 16, 4.0], ["0021300008", 1610612752, "NYK", "New York", 2199, "Tyson Chandler", "C", "", "31:47", 5, 7, 0.714, 0, 0, 0.0, 0, 0, 0.0, 2, 4, 6, 1, 3, 5, 5, 3, 10, 18.0], ["0021300008", 1610612752, "NYK", "New York", 101109, "Raymond Felton", "G", "", "34:18", 7, 12, 0.583, 0, 1, 0.0, 4, 4, 1.0, 1, 0, 1, 3, 3, 0, 3, 2, 18, 11.0], ["0021300008", 1610612752, "NYK", "New York", 203143, "Pablo Prigioni", "G", "", "37:27", 3, 3, 1.0, 1, 1, 1.0, 0, 0, 0.0, 0, 3, 3, 5, 3, 0, 4, 1, 7, 19.0], ["0021300008", 1610612752, "NYK", "New York", 1897, "Metta World Peace", "", "", "17:57", 2, 4, 0.5, 0, 0, 0.0, 0, 0, 0.0, 0, 4, 4, 0, 1, 0, 1, 0, 4, -4.0], ["0021300008", 1610612752, "NYK", "New York", 200745, "Andrea Bargnani", "", "", "17:09", 3, 9, 0.333, 0, 3, 0.0, 0, 0, 0.0, 0, 2, 2, 1, 1, 0, 3, 2, 6, -11.0], ["0021300008", 1610612752, "NYK", "New York", 2757, "Beno Udrih", "", "", "10:33", 1, 4, 0.25, 0, 0, 0.0, 0, 0, 0.0, 0, 1, 1, 2, 0, 0, 2, 2, 2, -12.0], ["0021300008", 1610612752, "NYK", "New York", 203501, "Timothy Hardaway Jr.", "", "", "15:05", 2, 2, 1.0, 1, 1, 1.0, 0, 0, 0.0, 0, 0, 0, 2, 0, 0, 0, 2, 5, 0.0], ["0021300008", 1610612752, "NYK", "New York", 2030, "Kenyon Martin", "", "", "4:58", 1, 1, 1.0, 0, 0, 0.0, 1, 2, 0.5, 1, 2, 3, 1, 0, 0, 0, 0, 3, 6.0], ["0021300008", 1610612752, "NYK", "New York", 202332, "Cole Aldrich", "", "DNP - Coach's Decision", null, null, null, null, null, null, null, null, null, null, null, null, null, null, null, null, null, null, null, null], ["0021300008", 1610612752, "NYK", "New York", 2747, "J.R. Smith", "", "NWT - NBA Suspension", null, null, null, null, null, null, null, null, null, null, null, null, null, null, null, null, null, null, null, null], ["0021300008", 1610612752, "NYK", "New York", 2405, "Amar'e Stoudemire", "", "DNP - Coach's Decision", null, null, null, null, null, null, null, null, null, null, null, null, null, null, null, null, null, null, null, null]], "name": "PlayerStats"}, {"headers": ["GAME_ID", "TEAM_ID", "TEAM_NAME", "TEAM_ABBREVIATION", "TEAM_CITY", "MIN", "FGM", "FGA", "FG_PCT", "FG3M", "FG3A", "FG3_PCT", "FTM", "FTA", "FT_PCT", "OREB", "DREB", "REB", "AST", "STL", "BLK", "TO", "PF", "PTS", "PLUS_MINUS"], "rowSet": [["0021300008", 1610612752, "Knicks", "NYK", "New York", "240:00", 36, 71, 0.507, 3, 13, 0.231, 15, 17, 0.882, 6, 28, 34, 17, 12, 6, 22, 16, 90, 7.0], ["0021300008", 1610612749, "Bucks", "MIL", "Milwaukee", "240:00", 34, 74, 0.459, 5, 16, 0.313, 10, 12, 0.833, 5, 26, 31, 19, 10, 4, 23, 22, 83, -7.0]], "name": "TeamStats"}, {"headers": ["LEAGUE_ID", "SEASON_ID", "TEAM_ID", "TEAM_ABBREVIATION", "TEAM_CITY", "PTS_PAINT", "PTS_2ND_CHANCE", "PTS_FB", "LARGEST_LEAD", "LEAD_CHANGES", "TIMES_TIED"], "rowSet": [["00", "22013", 1610612749, "MIL", "Milwaukee", 28, 10, 10, 25, 2, 3], ["00", "22013", 1610612752, "NYK", "New York", 50, 7, 24, 25, 2, 3]], "name": "OtherStats"}, {"headers": ["OFFICIAL_ID", "FIRST_NAME", "LAST_NAME", "JERSEY_NUM"], "rowSet": [[1179, "Rodney", "Mott", "71"], [2529, "Tony", "Brown", "6"], [200832, "Curtis", "Blair", "74"]], "name": "Officials"}, {"headers": ["GAME_DATE", "ATTENDANCE", "GAME_TIME"], "rowSet": [["WEDNESDAY, OCTOBER 30, 2013", 19812, "2:23"]], "name": "GameInfo"}, {"headers": ["PLAYER_ID", "FIRST_NAME", "LAST_NAME", "JERSEY_NUM", "TEAM_ID", "TEAM_CITY", "TEAM_NAME", "TEAM_ABBREVIATION"], "rowSet": [[202327, "Ekpe", "Udoh", " 5", 1610612749, "Milwaukee", "Bucks", "MIL"], [2568, "Carlos", "Delfino", "10", 1610612749, "Milwaukee", "Bucks", "MIL"], [203315, "Toure", "Murry", "23", 1610612752, "New York", "Knicks", "NYK"], [203147, "Chris", "Smith", " 0", 1610612752, "New York", "Knicks", "NYK"]], "name": "InactivePlayers"}, {"headers": ["VIDEO_AVAILABLE_FLAG"], "rowSet": [[1]], "name": "AvailableVideo"}], "parameters": {"GameID": "0021300008", "RangeType": 0, "StartPeriod": 0, "StartRange": 0, "EndPeriod": 0, "EndRange": 0}}