{"resource": "boxscore", "resultSets": [{"headers": ["GAME_DATE_EST", "GAME_SEQUENCE", "GAME_ID", "GAME_STATUS_ID", "GAME_STATUS_TEXT", "GAMECODE", "HOME_TEAM_ID", "VISITOR_TEAM_ID", "SEASON", "LIVE_PERIOD", "LIVE_PC_TIME", "NATL_TV_BROADCASTER_ABBREVIATION", "LIVE_PERIOD_TIME_BCAST", "WH_STATUS"], "rowSet": [["2013-10-30T00:00:00", 12, "0021300015", 3, "Final", "20131030/PORPHX", 1610612756, 1610612757, "2013", 4, "", null, "Q4  - ", 1]], "name": "GameSummary"}, {"headers": ["GAME_DATE_EST", "GAME_SEQUENCE", "GAME_ID", "TEAM_ID", "TEAM_ABBREVIATION", "TEAM_CITY_NAME", "TEAM_WINS_LOSSES", "PTS_QTR1", "PTS_QTR2", "PTS_QTR3", "PTS_QTR4", "PTS_OT1", "PTS_OT2", "PTS_OT3", "PTS_OT4", "PTS_OT5", "PTS_OT6", "PTS_OT7", "PTS_OT8", "PTS_OT9", "PTS_OT10", "PTS"], "rowSet": [["2013-10-30T00:00:00", 12, "0021300015", 1610612757, "POR", "Portland", "0-1", 16, 30, 23, 22, 0, 0, 0, 0, 0, 0, 0, 0, 0, 0, 91], ["2013-10-30T00:00:00", 12, "0021300015", 1610612756, "PHX", "Phoenix", "1-0", 30, 20, 31, 23, 0, 0, 0, 0, 0, 0, 0, 0, 0, 0, 104]], "name": "LineScore"}, {"headers": ["GAME_ID", "HOME_TEAM_ID", "VISITOR_TEAM_ID", "GAME_DATE_EST", "HOME_TEAM_WINS", "HOME_TEAM_LOSSES", "SERIES_LEADER"], "rowSet": [["0021300015", 1610612756, 1610612757, "2013-10-30T00:00:00", 2, 1, "Phoenix"]], "name": "SeasonSeries"}, {"headers": ["GAME_ID", "LAST_GAME_ID", "LAST_GAME_DATE_EST", "LAST_GAME_HOME_TEAM_ID", "LAST_GAME_HOME_TEAM_CITY", "LAST_GAME_HOME_TEAM_NAME", "LAST_GAME_HOME_TEAM_ABBREVIATION", "LAST_GAME_HOME_TEAM_POINTS", "LAST_GAME_VISITOR_TEAM_ID", "LAST_GAME_VISITOR_TEAM_CITY", "LAST_GAME_VISITOR_TEAM_NAME", "LAST_GAME_VISITOR_TEAM_CITY1", "LAST_GAME_VISITOR_TEAM_POINTS"], "rowSet": [["0021300015", "0011300025", "2013-10-09T00:00:00", 1610612756, "Phoenix", "Suns", "PHX", 104, 1610612757, "Portland", "Trail Blazers", "POR", 98]], "name": "LastMeeting"}, {"headers": ["GAME_ID", "TEAM_ID", "TEAM_ABBREVIATION", "TEAM_CITY", "PLAYER_ID", "PLAYER_NAME", "START_POSITION", "COMMENT", "MIN", "FGM", "FGA", "FG_PCT", "FG3M", "FG3A", "FG3_PCT", "FTM", "FTA", "FT_PCT", "OREB", "DREB", "REB", "AST", "STL", "BLK", "TO", "PF", "PTS", "PLUS_MINUS"], "rowSet": [["0021300015", 1610612757, "POR", "Portland", 201587, "Nicolas Batum", "F", "", "36:44", 3, 9, 0.333, 1, 5, 0.2, 0, 0, 0.0, 2, 11, 13, 4, 1, 1, 4, 2, 7, -15.0], ["0021300015", 1610612757, "POR", "Portland", 200746, "LaMarcus Aldridge", "F", "", "39:26", 12, 22, 0.545, 0, 0, 0.0, 4, 5, 0.8, 1, 3, 4, 2, 0, 0, 2, 2, 28, -16.0], ["0021300015", 1610612757, "POR", "Portland", 201577, "Robin Lopez", "C", "", "33:34", 1, 4, 0.25, 0, 0, 0.0, 1, 4, 0.25, 1, 1, 2, 2, 2, 2, 1, 3, 3, -2.0], ["0021300015", 1610612757, "POR", "Portland", 202083, "Wesley Matthews", "G", "", "33:09", 3, 9, 0.333, 1, 4, 0.25, 2, 2, 1.0, 2, 5, 7, 4, 0, 0, 1, 1, 9, -10.0], ["0021300015", 1610612757, "POR", "Portland", 203081, "Damian Lillard", "G", "", "42:12", 10, 20, 0.5, 6, 12, 0.5, 6, 8, 0.75, 2, 2, 4, 2, 1, 1, 0, 2, 32, -11.0], ["0021300015", 1610612757, "POR", "Portland", 200777, "Joel Freeland", "", "", "12:12", 1, 3, 0.333, 0, 0, 0.0, 1, 2, 0.5, 3, 1, 4, 1, 0, 0, 1, 2, 3, -5.0], ["0021300015", 1610612757, "POR", "Portland", 2590, "Mo Williams", "", "", "21:53", 1, 9, 0.111, 0, 4, 0.0, 0, 0, 0.0, 0, 2, 2, 3, 1, 1, 3, 2, 2, -6.0], ["0021300015", 1610612757, "POR", "Portland", 2748, "Dorell Wright", "", "", "12:16", 0, 2, 0.0, 0, 1, 0.0, 3, 3, 1.0, 0, 1, 1, 1, 0, 0, 1, 0, 3, -3.0], ["0021300015", 1610612757, "POR", "Portland", 203080, "Thomas Robinson", "", "", "8:34", 2, 3, 0.667, 0, 0, 0.0, 0, 0, 0.0, 0, 2, 2, 0, 0, 0, 0, 0, 4, 3.0], ["0021300015", 1610612757, "POR", "Portland", 203115, "Will Barton", "", "DNP - Coach's Decision", null, null, null, null, null, null, null, null, null, null, null, null, null, null, null, null, null, null, null, null], ["0021300015", 1610612757, "POR", "Portland", 201964, "Victor Claver", "", "DNP - Coach's Decision", null, null, null, null, null, null, null, null, null, null, null, null, null, null, null, null, null, null, null, null], ["0021300015", 1610612757, "POR", "Portland", 203459, "Allen Crabbe", "", "DNP - Coach's Decision", null, null, null, null, null, null, null, null, null, null, null, null, null, null, null, null, null, null, null, null], ["0021300015", 1610612757, "POR", "Portland", 203086, "Meyers Leonard", "", "DNP - Coach's Decision", null, null, null, null, null, null, null, null, null, null, null, null, null, null, null, null, null, null, null, null], ["0021300015", 1610612756, "PHX", "Phoenix", 200782, "PJ Tucker", "F", "", "38:36", 7, 13, 0.538, 2, 2, 1.0, 2, 2, 1.0, 4, 1, 5, 2, 2, 0, 1, 1, 18, 19.0], ["0021300015", 1610612756, "PHX", "Phoenix", 101112, "Channing Frye", "F", "", "22:22", 3, 7, 0.429, 1, 5, 0.2, 0, 0, 0.0, 0, 3, 3, 0, 1, 0, 1, 4, 7, 4.0], ["0021300015", 1610612756, "PHX", "Phoenix", 203101, "Miles Plumlee", "C", "", "39:56", 8, 14, 0.571, 0, 0, 0.0, 2, 2, 1.0, 5, 10, 15, 0, 0, 3, 2, 1, 18, 18.0], ["0021300015", 1610612756, "PHX", "Phoenix", 201609, "Goran Dragic", "G", "", "41:06", 12, 21, 0.571, 1, 4, 0.25, 1, 1, 1.0, 0, 6, 6, 9, 1, 0, 3, 4, 26, 16.0], ["0021300015", 1610612756, "PHX", "Phoenix", 202339, "Eric Bledsoe", "G", "", "38:52", 7, 12, 0.583, 0, 3, 0.0, 8, 11, 0.727, 0, 7, 7, 6, 1, 0, 4, 2, 22, 8.0], ["0021300015", 1610612756, "PHX", "Phoenix", 202694, "Marcus Morris", "", "", "25:38", 3, 9, 0.333, 0, 4, 0.0, 0, 0, 0.0, 0, 7, 7, 1, 3, 1, 3, 2, 6, 9.0], ["0021300015", 1610612756, "PHX", "Phoenix", 101123, "Gerald Green", "", "", "16:58", 2, 3, 0.667, 0, 1, 0.0, 1, 2, 0.5, 0, 1, 1, 0, 0, 0, 0, 0, 5, -7.0], ["0021300015", 1610612756, "PHX", "Phoenix", 203458, "Alex Len", "", "", "8:04", 1, 1, 1.0, 0, 0, 0.0, 0, 0, 0.0, 1, 1, 2, 0, 0, 1, 1, 3, 2, -5.0], ["0021300015", 1610612756, "PHX", "Phoenix", 203462, "Archie Goodwin", "", "", "8:28", 0, 3, 0.0, 0, 0, 0.0, 0, 0, 0.0, 1, 0, 1, 0, 0, 0, 0, 0, 0, 3.0], ["0021300015", 1610612756, "PHX", "Phoenix", 202091, "Dionte Christmas", "", "DNP - Coach's Decision", null, null, null, null, null, null, null, null, null, null, null, null, null, null, null, null, null, null, null, null], ["0021300015", 1610612756, "PHX", "Phoenix", 203139, "Viacheslav Kravtsov", "", "DNP - Coach's Decision", null, null, null, null, null, null, null, null, null, null, null, null, null, null, null, null, null, null, null, null], ["0021300015", 1610612756, "PHX", "Phoenix", 202693, "Markieff Morris", "", "NWT - One-Game Suspension", null, null, null, null, null, null, null, null, null, null, null, null, null, null, null, null, null, null, null, null], ["0021300015", 1610612756, "PHX", "Phoenix", 202397, "Ish Smith", "", "DNP - Coach's Decision", null, null, null, null, null, null, null, null, null, null, null, null, null, null, null, null, null, null, null, null]], "name": "PlayerStats"}, {"headers": ["GAME_ID", "TEAM_ID", "TEAM_NAME", "TEAM_ABBREVIATION", "TEAM_CITY", "MIN", "FGM", "FGA", "FG_PCT", "FG3M", "FG3A", "FG3_PCT", "FTM", "FTA", "FT_PCT", "OREB", "DREB", "REB", "AST", "STL", "BLK", "TO", "PF", "PTS", "PLUS_MINUS"], "rowSet": [["0021300015", 1610612757, "Trail Blazers", "POR", "Portland", "240:00", 33, 81, 0.407, 8, 26, 0.308, 17, 24, 0.708, 11, 28, 39, 19, 5, 5, 13, 14, 91, -13.0], ["0021300015", 1610612756, "Suns", "PHX", "Phoenix", "240:00", 43, 83, 0.518, 4, 19, 0.211, 14, 18, 0.778, 11, 36, 47, 18, 8, 5, 15, 17, 104, 13.0]], "name": "TeamStats"}, {"headers": ["LEAGUE_ID", "SEASON_ID", "TEAM_ID", "TEAM_ABBREVIATION", "TEAM_CITY", "PTS_PAINT", "PTS_2ND_CHANCE", "PTS_FB", "LARGEST_LEAD", "LEAD_CHANGES", "TIMES_TIED"], "rowSet": [["00", "22013", 1610612756, "PHX", "Phoenix", 52, 12, 31, 15, 3, 3], ["00", "22013", 1610612757, "POR", "Portland", 24, 5, 19, 17, 3, 3]], "name": "OtherStats"}, {"headers": ["OFFICIAL_ID", "FIRST_NAME", "LAST_NAME", "JERSEY_NUM"], "rowSet": [[2004, "Courtney", "Kirkland", "61"], [1830, "Marc", "Davis", "8"], [202053, "Scott", "Twardoski", "52"]], "name": "Officials"}, {"headers": ["GAME_DATE", "ATTENDANCE", "GAME_TIME"], "rowSet": [["WEDNESDAY, OCTOBER 30, 2013", 17208, "2:08"]], "name": "GameInfo"}, {"headers": ["PLAYER_ID", "FIRST_NAME", "LAST_NAME", "JERSEY_NUM", "TEAM_ID", "TEAM_CITY", "TEAM_NAME", "TEAM_ABBREVIATION"], "rowSet": [[2731, "Emeka", "Okafor", "50", 1610612756, "Phoenix", "Suns", "PHX"], [2248, "Earl", "Watson", "17", 1610612757, "Portland", "Trail Blazers", "POR"], [203468, "CJ", "McCollum", " 3", 1610612757, "Portland", "Trail Blazers", "POR"]], "name": "InactivePlayers"}, {"headers": ["VIDEO_AVAILABLE_FLAG"], "rowSet": [[1]], "name": "AvailableVideo"}], "parameters": {"GameID": "0021300015", "RangeType": 0, "StartPeriod": 0, "StartRange": 0, "EndPeriod": 0, "EndRange": 0}}