{"resource": "boxscore", "resultSets": [{"headers": ["GAME_DATE_EST", "GAME_SEQUENCE", "GAME_ID", "GAME_STATUS_ID", "GAME_STATUS_TEXT", "GAMECODE", "HOME_TEAM_ID", "VISITOR_TEAM_ID", "SEASON", "LIVE_PERIOD", "LIVE_PC_TIME", "NATL_TV_BROADCASTER_ABBREVIATION", "LIVE_PERIOD_TIME_BCAST", "WH_STATUS"], "rowSet": [["2013-11-05T00:00:00", 1, "0021300051", 3, "Final", "20131105/MIATOR", 1610612761, 1610612748, "2013", 4, "", null, "Q4  - ", 1]], "name": "GameSummary"}, {"headers": ["GAME_DATE_EST", "GAME_SEQUENCE", "GAME_ID", "TEAM_ID", "TEAM_ABBREVIATION", "TEAM_CITY_NAME", "TEAM_WINS_LOSSES", "PTS_QTR1", "PTS_QTR2", "PTS_QTR3", "PTS_QTR4", "PTS_OT1", "PTS_OT2", "PTS_OT3", "PTS_OT4", "PTS_OT5", "PTS_OT6", "PTS_OT7", "PTS_OT8", "PTS_OT9", "PTS_OT10", "PTS"], "rowSet": [["2013-11-05T00:00:00", 1, "0021300051", 1610612761, "TOR", "Toronto", "2-2", 25, 25, 24, 21, 0, 0, 0, 0, 0, 0, 0, 0, 0, 0, 95], ["2013-11-05T00:00:00", 1, "0021300051", 1610612748, "MIA", "Miami", "3-2", 23, 29, 26, 26, 0, 0, 0, 0, 0, 0, 0, 0, 0, 0, 104]], "name": "LineScore"}, {"headers": ["GAME_ID", "HOME_TEAM_ID", "VISITOR_TEAM_ID", "GAME_DATE_EST", "HOME_TEAM_WINS", "HOME_TEAM_LOSSES", "SERIES_LEADER"], "rowSet": [["0021300051", 1610612761, 1610612748, "2013-11-05T00:00:00", 0, 3, "Miami"]], "name": "SeasonSeries"}, {"headers": ["GAME_ID", "LAST_GAME_ID", "LAST_GAME_DATE_EST", "LAST_GAME_HOME_TEAM_ID", "LAST_GAME_HOME_TEAM_CITY", "LAST_GAME_HOME_TEAM_NAME", "LAST_GAME_HOME_TEAM_ABBREVIATION", "LAST_GAME_HOME_TEAM_POINTS", "LAST_GAME_VISITOR_TEAM_ID", "LAST_GAME_VISITOR_TEAM_CITY", "LAST_GAME_VISITOR_TEAM_NAME", "LAST_GAME_VISITOR_TEAM_CITY1", "LAST_GAME_VISITOR_TEAM_POINTS"], "rowSet": [["0021300051", "0021200985", "2013-03-17T00:00:00", 1610612761, "Toronto", "Raptors", "TOR", 91, 1610612748, "Miami", "Heat", "MIA", 108]], "name": "LastMeeting"}, {"headers": ["GAME_ID", "TEAM_ID", "TEAM_ABBREVIATION", "TEAM_CITY", "PLAYER_ID", "PLAYER_NAME", "START_POSITION", "COMMENT", "MIN", "FGM", "FGA", "FG_PCT", "FG3M", "FG3A", "FG3_PCT", "FTM", "FTA", "FT_PCT", "OREB", "DREB", "REB", "AST", "STL", "BLK", "TO", "PF", "PTS", "PLUS_MINUS"], "rowSet": [["0021300051", 1610612748, "MIA", "Miami", 2544, "LeBron James", "F", "", "36:01", 13, 20, 0.65, 1, 3, 0.333, 8, 8, 1.0, 2, 6, 8, 8, 0, 1, 1, 2, 35, 3.0], ["0021300051", 1610612748, "MIA", "Miami", 2203, "Shane Battier", "F", "", "19:37", 3, 4, 0.75, 2, 3, 0.667, 0, 0, 0.0, 0, 2, 2, 2, 1, 1, 0, 4, 8, -2.0], ["0021300051", 1610612748, "MIA", "Miami", 2617, "Udonis Haslem", "C", "", "21:47", 0, 4, 0.0, 0, 0, 0.0, 0, 0, 0.0, 4, 1, 5, 0, 0, 0, 0, 3, 0, -2.0], ["0021300051", 1610612748, "MIA", "Miami", 2548, "Dwyane Wade", "G", "", "33:31", 9, 19, 0.474, 0, 1, 0.0, 2, 2, 1.0, 1, 5, 6, 5, 2, 0, 2, 1, 20, 1.0], ["0021300051", 1610612748, "MIA", "Miami", 201596, "Mario Chalmers", "G", "", "27:52", 2, 6, 0.333, 1, 3, 0.333, 0, 0, 0.0, 2, 2, 4, 7, 2, 0, 2, 3, 5, 3.0], ["0021300051", 1610612748, "MIA", "Miami", 951, "Ray Allen", "", "", "29:34", 5, 11, 0.455, 3, 7, 0.429, 1, 1, 1.0, 0, 4, 4, 2, 1, 0, 2, 3, 14, 21.0], ["0021300051", 1610612748, "MIA", "Miami", 2365, "Chris Andersen", "", "", "17:19", 3, 4, 0.75, 0, 0, 0.0, 0, 0, 0.0, 1, 2, 3, 0, 0, 0, 2, 4, 6, 10.0], ["0021300051", 1610612748, "MIA", "Miami", 1740, "Rashard Lewis", "", "", "21:18", 1, 4, 0.25, 1, 2, 0.5, 1, 2, 0.5, 0, 1, 1, 5, 0, 0, 1, 3, 4, 6.0], ["0021300051", 1610612748, "MIA", "Miami", 202708, "Norris Cole", "", "", "20:08", 3, 7, 0.429, 0, 1, 0.0, 0, 1, 0.0, 0, 3, 3, 2, 1, 0, 0, 1, 6, 6.0], ["0021300051", 1610612748, "MIA", "Miami", 201202, "Joel Anthony", "", "", "8:54", 0, 0, 0.0, 0, 0, 0.0, 0, 0, 0.0, 0, 2, 2, 0, 0, 1, 0, 2, 0, 1.0], ["0021300051", 1610612748, "MIA", "Miami", 201563, "Michael Beasley", "", "", "3:59", 2, 4, 0.5, 2, 3, 0.667, 0, 0, 0.0, 0, 0, 0, 0, 0, 1, 1, 1, 6, -2.0], ["0021300051", 1610612748, "MIA", "Miami", 2592, "James Jones", "", "DNP - Coach's Decision", null, null, null, null, null, null, null, null, null, null, null, null, null, null, null, null, null, null, null, null], ["0021300051", 1610612748, "MIA", "Miami", 2427, "Roger Mason Jr.", "", "DNP - Coach's Decision", null, null, null, null, null, null, null, null, null, null, null, null, null, null, null, null, null, null, null, null], ["0021300051", 1610612761, "TOR", "Toronto", 200752, "Rudy Gay", "F", "", "33:34", 3, 10, 0.3, 1, 3, 0.333, 6, 7, 0.857, 3, 7, 10, 2, 1, 0, 4, 4, 13, -4.0], ["0021300051", 1610612761, "TOR", "Toronto", 101161, "Amir Johnson", "F", "", "23:42", 3, 7, 0.429, 0, 0, 0.0, 0, 0, 0.0, 1, 5, 6, 2, 0, 0, 2, 2, 6, 6.0], ["0021300051", 1610612761, "TOR", "Toronto", 202685, "Jonas Valanciunas", "C", "", "27:10", 7, 13, 0.538, 0, 0, 0.0, 4, 6, 0.667, 4, 5, 9, 0, 0, 1, 0, 3, 18, -9.0], ["0021300051", 1610612761, "TOR", "Toronto", 201942, "DeMar DeRozan", "G", "", "39:46", 8, 15, 0.533, 0, 3, 0.0, 5, 5, 1.0, 0, 0, 0, 3, 1, 0, 2, 3, 21, -7.0], ["0021300051", 1610612761, "TOR", "Toronto", 200768, "Kyle Lowry", "G", "", "35:27", 4, 11, 0.364, 2, 8, 0.25, 3, 3, 1.0, 2, 1, 3, 5, 1, 0, 1, 4, 13, 0.0], ["0021300051", 1610612761, "TOR", "Toronto", 202361, "Landry Fields", "", "", "28:18", 2, 6, 0.333, 0, 0, 0.0, 1, 3, 0.333, 2, 1, 3, 1, 0, 0, 1, 2, 5, -17.0], ["0021300051", 1610612761, "TOR", "Toronto", 201571, "D.J. Augustin", "", "", "12:33", 0, 0, 0.0, 0, 0, 0.0, 0, 0, 0.0, 0, 0, 0, 0, 0, 0, 3, 2, 0, -9.0], ["0021300051", 1610612761, "TOR", "Toronto", 201946, "Tyler Hansbrough", "", "", "15:33", 1, 2, 0.5, 0, 0, 0.0, 6, 7, 0.857, 1, 6, 7, 0, 0, 0, 1, 1, 8, -2.0], ["0021300051", 1610612761, "TOR", "Toronto", 203082, "Terrence Ross", "", "", "23:57", 3, 8, 0.375, 3, 7, 0.429, 2, 2, 1.0, 0, 2, 2, 2, 1, 0, 1, 0, 11, -3.0], ["0021300051", 1610612761, "TOR", "Toronto", 203112, "Quincy Acy", "", "DNP - Coach's Decision", null, null, null, null, null, null, null, null, null, null, null, null, null, null, null, null, null, null, null, null], ["0021300051", 1610612761, "TOR", "Toronto", 201948, "Austin Daye", "", "DNP - Coach's Decision", null, null, null, null, null, null, null, null, null, null, null, null, null, null, null, null, null, null, null, null], ["0021300051", 1610612761, "TOR", "Toronto", 201189, "Aaron Gray", "", "DNP - Coach's Decision", null, null, null, null, null, null, null, null, null, null, null, null, null, null, null, null, null, null, null, null], ["0021300051", 1610612761, "TOR", "Toronto", 202933, "Julyan Stone", "", "DNP - Coach's Decision", null, null, null, null, null, null, null, null, null, null, null, null, null, null, null, null, null, null, null, null]], "name": "PlayerStats"}, {"headers": ["GAME_ID", "TEAM_ID", "TEAM_NAME", "TEAM_ABBREVIATION", "TEAM_CITY", "MIN", "FGM", "FGA", "FG_PCT", "FG3M", "FG3A", "FG3_PCT", "FTM", "FTA", "FT_PCT", "OREB", "DREB", "REB", "AST", "STL", "BLK", "TO", "PF", "PTS", "PLUS_MINUS"], "rowSet": [["0021300051", 1610612761, "Raptors", "TOR", "Toronto", "240:00", 31, 72, 0.431, 6, 21, 0.286, 27, 33, 0.818, 13, 27, 40, 15, 4, 1, 15, 21, 95, -9.0], ["0021300051", 1610612748, "Heat", "MIA", "Miami", "240:00", 41, 83, 0.494, 10, 23, 0.435, 12, 14, 0.857, 10, 28, 38, 31, 7, 4, 11, 27, 104, 9.0]], "name": "TeamStats"}, {"headers": ["LEAGUE_ID", "SEASON_ID", "TEAM_ID", "TEAM_ABBREVIATION", "TEAM_CITY", "PTS_PAINT", "PTS_2ND_CHANCE", "PTS_FB", "LARGEST_LEAD", "LEAD_CHANGES", "TIMES_TIED"], "rowSet": [["00", "22013", 1610612748, "MIA", "Miami", 48, 16, 11, 14, 1, 3], ["00", "22013", 1610612761, "TOR", "Toronto", 42, 23, 2, 16, 1, 3]], "name": "OtherStats"}, {"headers": ["OFFICIAL_ID", "FIRST_NAME", "LAST_NAME", "JERSEY_NUM"], "rowSet": [[1174, "Ken", "Mauer", "41"], [1142, "Dick", "Bavetta", "27"], [2715, "Eric", "Lewis", "42"]], "name": "Officials"}, {"headers": ["GAME_DATE", "ATTENDANCE", "GAME_TIME"], "rowSet": [["TUESDAY, NOVEMBER 5, 2013", 18470, "2:22"]], "name": "GameInfo"}, {"headers": ["PLAYER_ID", "FIRST_NAME", "LAST_NAME", "JERSEY_NUM", "TEAM_ID", "TEAM_CITY", "TEAM_NAME", "TEAM_ABBREVIATION"], "rowSet": [[201141, "Greg", "Oden", "20", 1610612748, "Miami", "Heat", "MIA"], [2547, "Chris", "Bosh", " 1", 1610612748, "Miami", "Heat", "MIA"], [200779, "Steve", "Novak", "16", 1610612761, "Toronto", "Raptors", "TOR"], [202779, "Dwight", "Buycks", "13", 1610612761, "Toronto", "Raptors", "TOR"]], "name": "InactivePlayers"}, {"headers": ["VIDEO_AVAILABLE_FLAG"], "rowSet": [[1]], "name": "AvailableVideo"}], "parameters": {"GameID": "0021300051", "RangeType": 0, "StartPeriod": 0, "StartRange": 0, "EndPeriod": 0, "EndRange": 0}}