{"resource": "boxscore", "resultSets": [{"headers": ["GAME_DATE_EST", "GAME_SEQUENCE", "GAME_ID", "GAME_STATUS_ID", "GAME_STATUS_TEXT", "GAMECODE", "HOME_TEAM_ID", "VISITOR_TEAM_ID", "SEASON", "LIVE_PERIOD", "LIVE_PC_TIME", "NATL_TV_BROADCASTER_ABBREVIATION", "LIVE_PERIOD_TIME_BCAST", "WH_STATUS"], "rowSet": [["2013-11-05T00:00:00", 9, "0021300059", 3, "Final", "20131105/ATLSAC", 1610612758, 1610612737, "2013", 4, "", null, "Q4  - ", 1]], "name": "GameSummary"}, {"headers": ["GAME_DATE_EST", "GAME_SEQUENCE", "GAME_ID", "TEAM_ID", "TEAM_ABBREVIATION", "TEAM_CITY_NAME", "TEAM_WINS_LOSSES", "PTS_QTR1", "PTS_QTR2", "PTS_QTR3", "PTS_QTR4", "PTS_OT1", "PTS_OT2", "PTS_OT3", "PTS_OT4", "PTS_OT5", "PTS_OT6", "PTS_OT7", "PTS_OT8", "PTS_OT9", "PTS_OT10", "PTS"], "rowSet": [["2013-11-05T00:00:00", 9, "0021300059", 1610612758, "SAC", "Sacramento", "1-3", 32, 13, 20, 35, 0, 0, 0, 0, 0, 0, 0, 0, 0, 0, 100], ["2013-11-05T00:00:00", 9, "0021300059", 1610612737, "ATL", "Atlanta", "2-2", 25, 29, 28, 23, 0, 0, 0, 0, 0, 0, 0, 0, 0, 0, 105]], "name": "LineScore"}, {"headers": ["GAME_ID", "HOME_TEAM_ID", "VISITOR_TEAM_ID", "GAME_DATE_EST", "HOME_TEAM_WINS", "HOME_TEAM_LOSSES", "SERIES_LEADER"], "rowSet": [["0021300059", 1610612758, 1610612737, "2013-11-05T00:00:00", 0, 2, "Atlanta"]], "name": "SeasonSeries"}, {"headers": ["GAME_ID", "LAST_GAME_ID", "LAST_GAME_DATE_EST", "LAST_GAME_HOME_TEAM_ID", "LAST_GAME_HOME_TEAM_CITY", "LAST_GAME_HOME_TEAM_NAME", "LAST_GAME_HOME_TEAM_ABBREVIATION", "LAST_GAME_HOME_TEAM_POINTS", "LAST_GAME_VISITOR_TEAM_ID", "LAST_GAME_VISITOR_TEAM_CITY", "LAST_GAME_VISITOR_TEAM_NAME", "LAST_GAME_VISITOR_TEAM_CITY1", "LAST_GAME_VISITOR_TEAM_POINTS"], "rowSet": [["0021300059", "0021200816", "2013-02-22T00:00:00", 1610612758, "Sacramento", "Kings", "SAC", 108, 1610612737, "Atlanta", "Hawks", "ATL", 122]], "name": "LastMeeting"}, {"headers": ["GAME_ID", "TEAM_ID", "TEAM_ABBREVIATION", "TEAM_CITY", "PLAYER_ID", "PLAYER_NAME", "START_POSITION", "COMMENT", "MIN", "FGM", "FGA", "FG_PCT", "FG3M", "FG3A", "FG3_PCT", "FTM", "FTA", "FT_PCT", "OREB", "DREB", "REB", "AST", "STL", "BLK", "TO", "PF", "PTS", "PLUS_MINUS"], "rowSet": [["0021300059", 1610612737, "ATL", "Atlanta", 201960, "DeMarre Carroll", "F", "", "34:42", 3, 11, 0.273, 0, 4, 0.0, 0, 0, 0.0, 0, 2, 2, 0, 1, 0, 2, 2, 6, 6.0], ["0021300059", 1610612737, "ATL", "Atlanta", 200794, "Paul Millsap", "F", "", "33:40", 9, 15, 0.6, 2, 3, 0.667, 5, 6, 0.833, 3, 8, 11, 4, 4, 1, 2, 0, 25, 5.0], ["0021300059", 1610612737, "ATL", "Atlanta", 201143, "Al Horford", "C", "", "35:16", 11, 19, 0.579, 1, 1, 1.0, 4, 6, 0.667, 5, 5, 10, 1, 3, 2, 2, 3, 27, 1.0], ["0021300059", 1610612737, "ATL", "Atlanta", 2594, "Kyle Korver", "G", "", "31:42", 3, 4, 0.75, 1, 2, 0.5, 2, 2, 1.0, 0, 1, 1, 1, 0, 1, 3, 3, 9, 2.0], ["0021300059", 1610612737, "ATL", "Atlanta", 201952, "Jeff Teague", "G", "", "33:40", 6, 12, 0.5, 2, 5, 0.4, 4, 8, 0.5, 0, 3, 3, 10, 1, 0, 4, 2, 18, 6.0], ["0021300059", 1610612737, "ATL", "Atlanta", 203471, "Dennis Schroeder", "", "", "19:05", 3, 7, 0.429, 0, 1, 0.0, 0, 0, 0.0, 0, 2, 2, 7, 0, 0, 0, 4, 6, 1.0], ["0021300059", 1610612737, "ATL", "Atlanta", 1882, "Elton Brand", "", "", "11:31", 0, 2, 0.0, 0, 0, 0.0, 0, 0, 0.0, 0, 3, 3, 1, 0, 2, 0, 0, 0, 4.0], ["0021300059", 1610612737, "ATL", "Atlanta", 201858, "Cartier Martin", "", "", "24:51", 2, 7, 0.286, 1, 3, 0.333, 4, 4, 1.0, 0, 3, 3, 2, 2, 0, 1, 0, 9, 0.0], ["0021300059", 1610612737, "ATL", "Atlanta", 203544, "Pero Antic", "", "", "15:33", 2, 4, 0.5, 1, 3, 0.333, 0, 0, 0.0, 1, 0, 1, 0, 0, 1, 0, 1, 5, 0.0], ["0021300059", 1610612737, "ATL", "Atlanta", 203099, "Jared Cunningham", "", "DNP - Coach's Decision", null, null, null, null, null, null, null, null, null, null, null, null, null, null, null, null, null, null, null, null], ["0021300059", 1610612737, "ATL", "Atlanta", 203098, "John Jenkins", "", "DNP - Coach's Decision", null, null, null, null, null, null, null, null, null, null, null, null, null, null, null, null, null, null, null, null], ["0021300059", 1610612737, "ATL", "Atlanta", 202714, "Shelvin Mack", "", "DNP - Coach's Decision", null, null, null, null, null, null, null, null, null, null, null, null, null, null, null, null, null, null, null, null], ["0021300059", 1610612737, "ATL", "Atlanta", 203118, "Mike Scott", "", "DNP - Coach's Decision", null, null, null, null, null, null, null, null, null, null, null, null, null, null, null, null, null, null, null, null], ["0021300059", 1610612758, "SAC", "Sacramento", 2422, "John Salmons", "F", "", "34:02", 5, 11, 0.455, 1, 4, 0.25, 2, 2, 1.0, 1, 3, 4, 5, 0, 2, 3, 2, 13, -5.0], ["0021300059", 1610612758, "SAC", "Sacramento", 202335, "Patrick Patterson", "F", "", "30:58", 3, 6, 0.5, 1, 3, 0.333, 0, 0, 0.0, 1, 8, 9, 1, 2, 0, 3, 4, 7, -3.0], ["0021300059", 1610612758, "SAC", "Sacramento", 202326, "DeMarcus Cousins", "C", "", "29:09", 5, 12, 0.417, 0, 1, 0.0, 1, 2, 0.5, 2, 4, 6, 2, 0, 1, 1, 5, 11, -5.0], ["0021300059", 1610612758, "SAC", "Sacramento", 201977, "Marcus Thornton", "G", "", "25:14", 5, 10, 0.5, 3, 7, 0.429, 2, 2, 1.0, 0, 0, 0, 1, 3, 0, 1, 2, 15, -8.0], ["0021300059", 1610612758, "SAC", "Sacramento", 202349, "Greivis Vasquez", "G", "", "19:48", 2, 5, 0.4, 1, 4, 0.25, 4, 4, 1.0, 0, 3, 3, 4, 0, 0, 4, 4, 9, -7.0], ["0021300059", 1610612758, "SAC", "Sacramento", 203463, "Ben McLemore", "", "", "22:46", 6, 12, 0.5, 3, 7, 0.429, 0, 0, 0.0, 2, 4, 6, 1, 2, 0, 0, 1, 15, 3.0], ["0021300059", 1610612758, "SAC", "Sacramento", 201574, "Jason Thompson", "", "", "23:10", 1, 4, 0.25, 0, 0, 0.0, 0, 0, 0.0, 1, 5, 6, 1, 0, 0, 1, 3, 2, -6.0], ["0021300059", 1610612758, "SAC", "Sacramento", 202738, "Isaiah Thomas", "", "", "28:12", 8, 17, 0.471, 1, 4, 0.25, 9, 9, 1.0, 2, 0, 2, 5, 1, 0, 4, 2, 26, 2.0], ["0021300059", 1610612758, "SAC", "Sacramento", 101236, "Charles Hayes", "", "", "12:43", 0, 1, 0.0, 0, 0, 0.0, 0, 0, 0.0, 0, 0, 0, 1, 2, 0, 0, 2, 0, 4.0], ["0021300059", 1610612758, "SAC", "Sacramento", 2566, "Travis Outlaw", "", "", "13:58", 0, 2, 0.0, 0, 1, 0.0, 2, 2, 1.0, 1, 2, 3, 1, 0, 1, 1, 1, 2, 0.0], ["0021300059", 1610612758, "SAC", "Sacramento", 202690, "Jimmer Fredette", "", "DNP - Coach's Decision", null, null, null, null, null, null, null, null, null, null, null, null, null, null, null, null, null, null, null, null], ["0021300059", 1610612758, "SAC", "Sacramento", 201601, "Luc Mbah a Moute", "", "DNP - Coach's Decision", null, null, null, null, null, null, null, null, null, null, null, null, null, null, null, null, null, null, null, null], ["0021300059", 1610612758, "SAC", "Sacramento", 203492, "Ray McCallum", "", "DNP - Coach's Decision", null, null, null, null, null, null, null, null, null, null, null, null, null, null, null, null, null, null, null, null]], "name": "PlayerStats"}, {"headers": ["GAME_ID", "TEAM_ID", "TEAM_NAME", "TEAM_ABBREVIATION", "TEAM_CITY", "MIN", "FGM", "FGA", "FG_PCT", "FG3M", "FG3A", "FG3_PCT", "FTM", "FTA", "FT_PCT", "OREB", "DREB", "REB", "AST", "STL", "BLK", "TO", "PF", "PTS", "PLUS_MINUS"], "rowSet": [["0021300059", 1610612758, "Kings", "SAC", "Sacramento", "240:00", 35, 80, 0.438, 10, 31, 0.323, 20, 21, 0.952, 10, 29, 39, 22, 10, 4, 18, 26, 100, -5.0], ["0021300059", 1610612737, "Hawks", "ATL", "Atlanta", "240:00", 39, 81, 0.481, 8, 22, 0.364, 19, 26, 0.731, 9, 27, 36, 26, 11, 7, 14, 15, 105, 5.0]], "name": "TeamStats"}, {"headers": ["LEAGUE_ID", "SEASON_ID", "TEAM_ID", "TEAM_ABBREVIATION", "TEAM_CITY", "PTS_PAINT", "PTS_2ND_CHANCE", "PTS_FB", "LARGEST_LEAD", "LEAD_CHANGES", "TIMES_TIED"], "rowSet": [["00", "22013", 1610612737, "ATL", "Atlanta", 48, 13, 11, 17, 1, 2], ["00", "22013", 1610612758, "SAC", "Sacramento", 40, 16, 29, 19, 1, 2]], "name": "OtherStats"}, {"headers": ["OFFICIAL_ID", "FIRST_NAME", "LAST_NAME", "JERSEY_NUM"], "rowSet": [[2148, "Mark", "Ayotte", "56"], [2003, "Pat", "Fraher", "26"], [2530, "Ed", "Malloy", "14"]], "name": "Officials"}, {"headers": ["GAME_DATE", "ATTENDANCE", "GAME_TIME"], "rowSet": [["TUESDAY, NOVEMBER 5, 2013", 13506, "2:16"]], "name": "GameInfo"}, {"headers": ["PLAYER_ID", "FIRST_NAME", "LAST_NAME", "JERSEY_NUM", "TEAM_ID", "TEAM_CITY", "TEAM_NAME", "TEAM_ABBREVIATION"], "rowSet": [[202970, "Gustavo", "Ayon", "14", 1610612737, "Atlanta", "Hawks", "ATL"], [101150, "Louis", "Williams", " 3", 1610612737, "Atlanta", "Hawks", "ATL"], [202380, "Hamady", "Ndiaye", "55", 1610612758, "Sacramento", "Kings", "SAC"], [201171, "Carl", "Landry", "24", 1610612758, "Sacramento", "Kings", "SAC"]], "name": "InactivePlayers"}, {"headers": ["VIDEO_AVAILABLE_FLAG"], "rowSet": [[0]], "name": "AvailableVideo"}], "parameters": {"GameID": "0021300059", "RangeType": 0, "StartPeriod": 0, "StartRange": 0, "EndPeriod": 0, "EndRange": 0}}