{"resource": "boxscore", "resultSets": [{"headers": ["GAME_DATE_EST", "GAME_SEQUENCE", "GAME_ID", "GAME_STATUS_ID", "GAME_STATUS_TEXT", "GAMECODE", "HOME_TEAM_ID", "VISITOR_TEAM_ID", "SEASON", "LIVE_PERIOD", "LIVE_PC_TIME", "NATL_TV_BROADCASTER_ABBREVIATION", "LIVE_PERIOD_TIME_BCAST", "WH_STATUS"], "rowSet": [["2013-10-30T00:00:00", 3, "0021300006", 3, "Final", "20131030/BOSTOR", 1610612761, 1610612738, "2013", 4, "", null, "Q4  - ", 1]], "name": "GameSummary"}, {"headers": ["GAME_DATE_EST", "GAME_SEQUENCE", "GAME_ID", "TEAM_ID", "TEAM_ABBREVIATION", "TEAM_CITY_NAME", "TEAM_WINS_LOSSES", "PTS_QTR1", "PTS_QTR2", "PTS_QTR3", "PTS_QTR4", "PTS_OT1", "PTS_OT2", "PTS_OT3", "PTS_OT4", "PTS_OT5", "PTS_OT6", "PTS_OT7", "PTS_OT8", "PTS_OT9", "PTS_OT10", "PTS"], "rowSet": [["2013-10-30T00:00:00", 3, "0021300006", 1610612738, "BOS", "Boston", "0-1", 26, 11, 34, 16, 0, 0, 0, 0, 0, 0, 0, 0, 0, 0, 87], ["2013-10-30T00:00:00", 3, "0021300006", 1610612761, "TOR", "Toronto", "1-0", 21, 28, 22, 22, 0, 0, 0, 0, 0, 0, 0, 0, 0, 0, 93]], "name": "LineScore"}, {"headers": ["GAME_ID", "HOME_TEAM_ID", "VISITOR_TEAM_ID", "GAME_DATE_EST", "HOME_TEAM_WINS", "HOME_TEAM_LOSSES", "SERIES_LEADER"], "rowSet": [["0021300006", 1610612761, 1610612738, "2013-10-30T00:00:00", 1, 1, "Tied"]], "name": "SeasonSeries"}, {"headers": ["GAME_ID", "LAST_GAME_ID", "LAST_GAME_DATE_EST", "LAST_GAME_HOME_TEAM_ID", "LAST_GAME_HOME_TEAM_CITY", "LAST_GAME_HOME_TEAM_NAME", "LAST_GAME_HOME_TEAM_ABBREVIATION", "LAST_GAME_HOME_TEAM_POINTS", "LAST_GAME_VISITOR_TEAM_ID", "LAST_GAME_VISITOR_TEAM_CITY", "LAST_GAME_VISITOR_TEAM_NAME", "LAST_GAME_VISITOR_TEAM_CITY1", "LAST_GAME_VISITOR_TEAM_POINTS"], "rowSet": [["0021300006", "0011300058", "2013-10-16T00:00:00", 1610612761, "Toronto", "Raptors", "TOR", 99, 1610612738, "Boston", "Celtics", "BOS", 97]], "name": "LastMeeting"}, {"headers": ["GAME_ID", "TEAM_ID", "TEAM_ABBREVIATION", "TEAM_CITY", "PLAYER_ID", "PLAYER_NAME", "START_POSITION", "COMMENT", "MIN", "FGM", "FGA", "FG_PCT", "FG3M", "FG3A", "FG3_PCT", "FTM", "FTA", "FT_PCT", "OREB", "DREB", "REB", "AST", "STL", "BLK", "TO", "PF", "PTS", "PLUS_MINUS"], "rowSet": [["0021300006", 1610612738, "BOS", "Boston", 2222, "Gerald Wallace", "F", "", "39:52", 1, 1, 1.0, 0, 0, 0.0, 1, 4, 0.25, 0, 3, 3, 2, 4, 0, 5, 2, 3, -1.0], ["0021300006", 1610612738, "BOS", "Boston", 101138, "Brandon Bass", "F", "", "32:13", 6, 7, 0.857, 0, 0, 0.0, 5, 5, 1.0, 1, 1, 2, 2, 2, 0, 1, 2, 17, 12.0], ["0021300006", 1610612738, "BOS", "Boston", 203543, "Vitor Faverani", "C", "", "26:41", 4, 9, 0.444, 0, 1, 0.0, 5, 8, 0.625, 1, 2, 3, 0, 0, 3, 3, 5, 13, -19.0], ["0021300006", 1610612738, "BOS", "Boston", 201145, "Jeff Green", "G", "", "37:03", 8, 16, 0.5, 2, 3, 0.667, 7, 9, 0.778, 0, 5, 5, 2, 1, 1, 1, 4, 25, 8.0], ["0021300006", 1610612738, "BOS", "Boston", 202340, "Avery Bradley", "G", "", "31:18", 4, 13, 0.308, 0, 3, 0.0, 0, 0, 0.0, 1, 4, 5, 4, 2, 1, 4, 6, 8, -3.0], ["0021300006", 1610612738, "BOS", "Boston", 202348, "Jordan Crawford", "", "", "17:38", 3, 5, 0.6, 1, 1, 1.0, 0, 0, 0.0, 2, 1, 3, 5, 0, 0, 1, 2, 7, -2.0], ["0021300006", 1610612738, "BOS", "Boston", 203482, "Kelly Olynyk", "", "", "16:18", 2, 5, 0.4, 0, 2, 0.0, 0, 0, 0.0, 0, 0, 0, 0, 0, 0, 3, 2, 4, -19.0], ["0021300006", 1610612738, "BOS", "Boston", 2743, "Kris Humphries", "", "", "20:48", 3, 4, 0.75, 0, 0, 0.0, 2, 3, 0.667, 2, 7, 9, 0, 0, 2, 2, 2, 8, 14.0], ["0021300006", 1610612738, "BOS", "Boston", 201584, "Courtney Lee", "", "", "14:28", 1, 4, 0.25, 0, 2, 0.0, 0, 0, 0.0, 0, 2, 2, 0, 1, 0, 2, 0, 2, -16.0], ["0021300006", 1610612738, "BOS", "Boston", 203515, "Phil Pressey", "", "", "3:41", 0, 2, 0.0, 0, 1, 0.0, 0, 0, 0.0, 0, 1, 1, 0, 0, 0, 0, 2, 0, -4.0], ["0021300006", 1610612738, "BOS", "Boston", 2586, "Keith Bogans", "", "DNP - Coach's Decision", null, null, null, null, null, null, null, null, null, null, null, null, null, null, null, null, null, null, null, null], ["0021300006", 1610612738, "BOS", "Boston", 202705, "MarShon Brooks", "", "DNP - Coach's Decision", null, null, null, null, null, null, null, null, null, null, null, null, null, null, null, null, null, null, null, null], ["0021300006", 1610612738, "BOS", "Boston", 203096, "Jared Sullinger", "", "NWT - 1 game team suspension", null, null, null, null, null, null, null, null, null, null, null, null, null, null, null, null, null, null, null, null], ["0021300006", 1610612761, "TOR", "Toronto", 200752, "Rudy Gay", "F", "", "34:10", 8, 18, 0.444, 1, 2, 0.5, 2, 3, 0.667, 2, 6, 8, 1, 2, 0, 5, 3, 19, -1.0], ["0021300006", 1610612761, "TOR", "Toronto", 101161, "Amir Johnson", "F", "", "24:18", 6, 8, 0.75, 1, 3, 0.333, 0, 0, 0.0, 2, 1, 3, 2, 0, 1, 0, 4, 13, 10.0], ["0021300006", 1610612761, "TOR", "Toronto", 202685, "Jonas Valanciunas", "C", "", "31:23", 4, 9, 0.444, 0, 0, 0.0, 0, 0, 0.0, 5, 6, 11, 0, 1, 2, 3, 4, 8, 7.0], ["0021300006", 1610612761, "TOR", "Toronto", 201942, "DeMar DeRozan", "G", "", "40:24", 6, 19, 0.316, 1, 3, 0.333, 0, 2, 0.0, 0, 2, 2, 2, 2, 0, 5, 3, 13, 6.0], ["0021300006", 1610612761, "TOR", "Toronto", 200768, "Kyle Lowry", "G", "", "34:45", 2, 8, 0.25, 0, 3, 0.0, 7, 12, 0.583, 2, 1, 3, 8, 2, 0, 2, 2, 11, 2.0], ["0021300006", 1610612761, "TOR", "Toronto", 201946, "Tyler Hansbrough", "", "", "24:40", 3, 4, 0.75, 0, 0, 0.0, 1, 2, 0.5, 5, 7, 12, 0, 0, 3, 0, 1, 7, -3.0], ["0021300006", 1610612761, "TOR", "Toronto", 202361, "Landry Fields", "", "", "18:14", 4, 7, 0.571, 0, 0, 0.0, 0, 1, 0.0, 3, 3, 6, 0, 0, 0, 0, 4, 8, 2.0], ["0021300006", 1610612761, "TOR", "Toronto", 200779, "Steve Novak", "", "", "6:39", 1, 3, 0.333, 1, 2, 0.5, 0, 0, 0.0, 0, 1, 1, 0, 0, 0, 0, 1, 3, 2.0], ["0021300006", 1610612761, "TOR", "Toronto", 201571, "D.J. Augustin", "", "", "13:15", 2, 7, 0.286, 0, 3, 0.0, 1, 1, 1.0, 0, 0, 0, 2, 0, 0, 1, 1, 5, 4.0], ["0021300006", 1610612761, "TOR", "Toronto", 203082, "Terrence Ross", "", "", "12:12", 2, 3, 0.667, 1, 1, 1.0, 1, 2, 0.5, 0, 2, 2, 0, 2, 0, 1, 2, 6, 1.0], ["0021300006", 1610612761, "TOR", "Toronto", 202779, "Dwight Buycks", "", "DNP - Coach's Decision", null, null, null, null, null, null, null, null, null, null, null, null, null, null, null, null, null, null, null, null], ["0021300006", 1610612761, "TOR", "Toronto", 201948, "Austin Daye", "", "DNP - Coach's Decision", null, null, null, null, null, null, null, null, null, null, null, null, null, null, null, null, null, null, null, null], ["0021300006", 1610612761, "TOR", "Toronto", 202933, "Julyan Stone", "", "DNP - Coach's Decision", null, null, null, null, null, null, null, null, null, null, null, null, null, null, null, null, null, null, null, null]], "name": "PlayerStats"}, {"headers": ["GAME_ID", "TEAM_ID", "TEAM_NAME", "TEAM_ABBREVIATION", "TEAM_CITY", "MIN", "FGM", "FGA", "FG_PCT", "FG3M", "FG3A", "FG3_PCT", "FTM", "FTA", "FT_PCT", "OREB", "DREB", "REB", "AST", "STL", "BLK", "TO", "PF", "PTS", "PLUS_MINUS"], "rowSet": [["0021300006", 1610612761, "Raptors", "TOR", "Toronto", "240:00", 38, 86, 0.442, 5, 17, 0.294, 12, 23, 0.522, 19, 29, 48, 15, 9, 6, 17, 25, 93, 6.0], ["0021300006", 1610612738, "Celtics", "BOS", "Boston", "240:00", 32, 66, 0.485, 3, 13, 0.231, 20, 29, 0.69, 7, 26, 33, 15, 10, 7, 22, 27, 87, -6.0]], "name": "TeamStats"}, {"headers": ["LEAGUE_ID", "SEASON_ID", "TEAM_ID", "TEAM_ABBREVIATION", "TEAM_CITY", "PTS_PAINT", "PTS_2ND_CHANCE", "PTS_FB", "LARGEST_LEAD", "LEAD_CHANGES", "TIMES_TIED"], "rowSet": [["00", "22013", 1610612761, "TOR", "Toronto", 44, 28, 11, 16, 5, 10], ["00", "22013", 1610612738, "BOS", "Boston", 40, 12, 12, 16, 5, 10]], "name": "OtherStats"}, {"headers": ["OFFICIAL_ID", "FIRST_NAME", "LAST_NAME", "JERSEY_NUM"], "rowSet": [[1188, "Leroy", "Richardson", "20"], [1146, "Tony", "Brothers", "25"], [202000, "Steven", "Anderson", "76"]], "name": "Officials"}, {"headers": ["GAME_DATE", "ATTENDANCE", "GAME_TIME"], "rowSet": [["WEDNESDAY, OCTOBER 30, 2013", 20155, "2:23"]], "name": "GameInfo"}, {"headers": ["PLAYER_ID", "FIRST_NAME", "LAST_NAME", "JERSEY_NUM", "TEAM_ID", "TEAM_CITY", "TEAM_NAME", "TEAM_ABBREVIATION"], "rowSet": [[200765, "Rajon", "Rondo", " 9", 1610612738, "Boston", "Celtics", "BOS"], [201189, "Aaron", "Gray", "34", 1610612761, "Toronto", "Raptors", "TOR"], [203112, "Quincy", "Acy", " 4", 1610612761, "Toronto", "Raptors", "TOR"]], "name": "InactivePlayers"}, {"headers": ["VIDEO_AVAILABLE_FLAG"], "rowSet": [[1]], "name": "AvailableVideo"}], "parameters": {"GameID": "0021300006", "RangeType": 0, "StartPeriod": 0, "StartRange": 0, "EndPeriod": 0, "EndRange": 0}}