{"resource": "boxscore", "resultSets": [{"headers": ["GAME_DATE_EST", "GAME_SEQUENCE", "GAME_ID", "GAME_STATUS_ID", "GAME_STATUS_TEXT", "GAMECODE", "HOME_TEAM_ID", "VISITOR_TEAM_ID", "SEASON", "LIVE_PERIOD", "LIVE_PC_TIME", "NATL_TV_BROADCASTER_ABBREVIATION", "LIVE_PERIOD_TIME_BCAST", "WH_STATUS"], "rowSet": [["2013-11-03T00:00:00", 2, "0021300042", 3, "Final", "20131103/WASMIA", 1610612748, 1610612764, "2013", 4, "", null, "Q4  - ", 1]], "name": "GameSummary"}, {"headers": ["GAME_DATE_EST", "GAME_SEQUENCE", "GAME_ID", "TEAM_ID", "TEAM_ABBREVIATION", "TEAM_CITY_NAME", "TEAM_WINS_LOSSES", "PTS_QTR1", "PTS_QTR2", "PTS_QTR3", "PTS_QTR4", "PTS_OT1", "PTS_OT2", "PTS_OT3", "PTS_OT4", "PTS_OT5", "PTS_OT6", "PTS_OT7", "PTS_OT8", "PTS_OT9", "PTS_OT10", "PTS"], "rowSet": [["2013-11-03T00:00:00", 2, "0021300042", 1610612764, "WAS", "Washington", "0-3", 27, 21, 16, 29, 0, 0, 0, 0, 0, 0, 0, 0, 0, 0, 93], ["2013-11-03T00:00:00", 2, "0021300042", 1610612748, "MIA", "Miami", "2-2", 33, 28, 26, 16, 0, 0, 0, 0, 0, 0, 0, 0, 0, 0, 103]], "name": "LineScore"}, {"headers": ["GAME_ID", "HOME_TEAM_ID", "VISITOR_TEAM_ID", "GAME_DATE_EST", "HOME_TEAM_WINS", "HOME_TEAM_LOSSES", "SERIES_LEADER"], "rowSet": [["0021300042", 1610612748, 1610612764, "2013-11-03T00:00:00", 1, 1, "Tied"]], "name": "SeasonSeries"}, {"headers": ["GAME_ID", "LAST_GAME_ID", "LAST_GAME_DATE_EST", "LAST_GAME_HOME_TEAM_ID", "LAST_GAME_HOME_TEAM_CITY", "LAST_GAME_HOME_TEAM_NAME", "LAST_GAME_HOME_TEAM_ABBREVIATION", "LAST_GAME_HOME_TEAM_POINTS", "LAST_GAME_VISITOR_TEAM_ID", "LAST_GAME_VISITOR_TEAM_CITY", "LAST_GAME_VISITOR_TEAM_NAME", "LAST_GAME_VISITOR_TEAM_CITY1", "LAST_GAME_VISITOR_TEAM_POINTS"], "rowSet": [["0021300042", "0011300051", "2013-10-15T00:00:00", 1610612748, "Miami", "Heat", "MIA", 82, 1610612764, "Washington", "Wizards", "WAS", 100]], "name": "LastMeeting"}, {"headers": ["GAME_ID", "TEAM_ID", "TEAM_ABBREVIATION", "TEAM_CITY", "PLAYER_ID", "PLAYER_NAME", "START_POSITION", "COMMENT", "MIN", "FGM", "FGA", "FG_PCT", "FG3M", "FG3A", "FG3_PCT", "FTM", "FTA", "FT_PCT", "OREB", "DREB", "REB", "AST", "STL", "BLK", "TO", "PF", "PTS", "PLUS_MINUS"], "rowSet": [["0021300042", 1610612764, "WAS", "Washington", 2772, "Trevor Ariza", "F", "", "30:27", 4, 16, 0.25, 3, 9, 0.333, 2, 2, 1.0, 4, 3, 7, 0, 2, 0, 3, 4, 13, 0.0], ["0021300042", 1610612764, "WAS", "Washington", 202344, "Trevor Booker", "F", "", "22:03", 4, 6, 0.667, 0, 0, 0.0, 0, 1, 0.0, 3, 3, 6, 0, 2, 0, 2, 3, 8, -10.0], ["0021300042", 1610612764, "WAS", "Washington", 101162, "Marcin Gortat", "C", "", "31:46", 7, 14, 0.5, 1, 1, 1.0, 0, 0, 0.0, 5, 6, 11, 1, 0, 0, 3, 2, 15, -11.0], ["0021300042", 1610612764, "WAS", "Washington", 203078, "Bradley Beal", "G", "", "40:53", 6, 14, 0.429, 4, 8, 0.5, 3, 6, 0.5, 1, 2, 3, 3, 0, 0, 5, 4, 19, -16.0], ["0021300042", 1610612764, "WAS", "Washington", 202322, "John Wall", "G", "", "39:02", 4, 12, 0.333, 1, 4, 0.25, 2, 2, 1.0, 2, 2, 4, 9, 1, 0, 5, 5, 11, -12.0], ["0021300042", 1610612764, "WAS", "Washington", 101110, "Martell Webster", "", "", "33:53", 4, 7, 0.571, 2, 4, 0.5, 3, 4, 0.75, 1, 6, 7, 4, 2, 0, 0, 2, 13, -3.0], ["0021300042", 1610612764, "WAS", "Washington", 1733, "Al Harrington", "", "", "12:18", 0, 6, 0.0, 0, 3, 0.0, 0, 0, 0.0, 0, 0, 0, 1, 0, 0, 0, 2, 0, -11.0], ["0021300042", 1610612764, "WAS", "Washington", 202338, "Kevin Seraphin", "", "", "15:00", 4, 5, 0.8, 0, 0, 0.0, 1, 1, 1.0, 0, 1, 1, 0, 0, 2, 2, 4, 9, 4.0], ["0021300042", 1610612764, "WAS", "Washington", 201953, "Eric Maynor", "", "", "14:13", 2, 2, 1.0, 1, 1, 1.0, 0, 0, 0.0, 1, 1, 2, 4, 1, 0, 0, 0, 5, 8.0], ["0021300042", 1610612764, "WAS", "Washington", 202066, "Garrett Temple", "", "", "0:27", 0, 0, 0.0, 0, 0, 0.0, 0, 0, 0.0, 0, 0, 0, 0, 0, 0, 0, 0, 0, 1.0], ["0021300042", 1610612764, "WAS", "Washington", 2403, "Nene", "", "DND - Left Calf Strain", null, null, null, null, null, null, null, null, null, null, null, null, null, null, null, null, null, null, null, null], ["0021300042", 1610612764, "WAS", "Washington", 203318, "Glen Rice Jr.", "", "DNP - Coach's Decision", null, null, null, null, null, null, null, null, null, null, null, null, null, null, null, null, null, null, null, null], ["0021300042", 1610612764, "WAS", "Washington", 202686, "Jan Vesely", "", "DNP - Coach's Decision", null, null, null, null, null, null, null, null, null, null, null, null, null, null, null, null, null, null, null, null], ["0021300042", 1610612748, "MIA", "Miami", 2544, "LeBron James", "F", "", "34:41", 9, 14, 0.643, 3, 5, 0.6, 4, 5, 0.8, 0, 3, 3, 5, 1, 0, 6, 2, 25, 16.0], ["0021300042", 1610612748, "MIA", "Miami", 2617, "Udonis Haslem", "F", "", "16:37", 2, 4, 0.5, 0, 0, 0.0, 0, 0, 0.0, 0, 4, 4, 1, 0, 1, 0, 1, 4, 6.0], ["0021300042", 1610612748, "MIA", "Miami", 2547, "Chris Bosh", "C", "", "31:23", 8, 12, 0.667, 2, 3, 0.667, 6, 8, 0.75, 3, 4, 7, 2, 0, 2, 2, 1, 24, 11.0], ["0021300042", 1610612748, "MIA", "Miami", 2548, "Dwyane Wade", "G", "", "34:52", 8, 15, 0.533, 0, 2, 0.0, 4, 8, 0.5, 1, 4, 5, 5, 2, 2, 5, 1, 20, -1.0], ["0021300042", 1610612748, "MIA", "Miami", 201596, "Mario Chalmers", "G", "", "27:56", 2, 4, 0.5, 2, 4, 0.5, 0, 0, 0.0, 0, 2, 2, 8, 3, 0, 2, 3, 6, 7.0], ["0021300042", 1610612748, "MIA", "Miami", 951, "Ray Allen", "", "", "30:40", 2, 5, 0.4, 0, 2, 0.0, 0, 0, 0.0, 1, 2, 3, 6, 0, 0, 0, 2, 4, 3.0], ["0021300042", 1610612748, "MIA", "Miami", 202708, "Norris Cole", "", "", "21:40", 3, 6, 0.5, 3, 4, 0.75, 0, 0, 0.0, 0, 1, 1, 2, 2, 0, 0, 2, 9, 3.0], ["0021300042", 1610612748, "MIA", "Miami", 2365, "Chris Andersen", "", "", "16:37", 2, 3, 0.667, 0, 0, 0.0, 4, 6, 0.667, 3, 2, 5, 0, 0, 1, 1, 2, 8, -1.0], ["0021300042", 1610612748, "MIA", "Miami", 2203, "Shane Battier", "", "", "20:26", 0, 4, 0.0, 0, 4, 0.0, 0, 0, 0.0, 0, 1, 1, 2, 0, 0, 0, 3, 0, 0.0], ["0021300042", 1610612748, "MIA", "Miami", 1740, "Rashard Lewis", "", "", "5:08", 1, 3, 0.333, 1, 3, 0.333, 0, 0, 0.0, 0, 1, 1, 1, 1, 0, 0, 1, 3, 6.0], ["0021300042", 1610612748, "MIA", "Miami", 201202, "Joel Anthony", "", "DNP - Coach's Decision", null, null, null, null, null, null, null, null, null, null, null, null, null, null, null, null, null, null, null, null], ["0021300042", 1610612748, "MIA", "Miami", 201563, "Michael Beasley", "", "DNP - Coach's Decision", null, null, null, null, null, null, null, null, null, null, null, null, null, null, null, null, null, null, null, null], ["0021300042", 1610612748, "MIA", "Miami", 2592, "James Jones", "", "DNP - Coach's Decision", null, null, null, null, null, null, null, null, null, null, null, null, null, null, null, null, null, null, null, null]], "name": "PlayerStats"}, {"headers": ["GAME_ID", "TEAM_ID", "TEAM_NAME", "TEAM_ABBREVIATION", "TEAM_CITY", "MIN", "FGM", "FGA", "FG_PCT", "FG3M", "FG3A", "FG3_PCT", "FTM", "FTA", "FT_PCT", "OREB", "DREB", "REB", "AST", "STL", "BLK", "TO", "PF", "PTS", "PLUS_MINUS"], "rowSet": [["0021300042", 1610612764, "Wizards", "WAS", "Washington", "240:00", 35, 82, 0.427, 12, 30, 0.4, 11, 16, 0.688, 17, 24, 41, 22, 8, 2, 20, 26, 93, -10.0], ["0021300042", 1610612748, "Heat", "MIA", "Miami", "240:00", 37, 70, 0.529, 11, 27, 0.407, 18, 27, 0.667, 8, 24, 32, 32, 9, 6, 16, 18, 103, 10.0]], "name": "TeamStats"}, {"headers": ["LEAGUE_ID", "SEASON_ID", "TEAM_ID", "TEAM_ABBREVIATION", "TEAM_CITY", "PTS_PAINT", "PTS_2ND_CHANCE", "PTS_FB", "LARGEST_LEAD", "LEAD_CHANGES", "TIMES_TIED"], "rowSet": [["00", "22013", 1610612748, "MIA", "Miami", 36, 10, 10, 23, 1, 1], ["00", "22013", 1610612764, "WAS", "Washington", 34, 21, 8, 23, 1, 1]], "name": "OtherStats"}, {"headers": ["OFFICIAL_ID", "FIRST_NAME", "LAST_NAME", "JERSEY_NUM"], "rowSet": [[1179, "Rodney", "Mott", "71"], [101283, "Brian", "Forte", "45"], [200833, "Eric", "Dalen", "37"]], "name": "Officials"}, {"headers": ["GAME_DATE", "ATTENDANCE", "GAME_TIME"], "rowSet": [["SUNDAY, NOVEMBER 3, 2013", 19600, "2:18"]], "name": "GameInfo"}, {"headers": ["PLAYER_ID", "FIRST_NAME", "LAST_NAME", "JERSEY_NUM", "TEAM_ID", "TEAM_CITY", "TEAM_NAME", "TEAM_ABBREVIATION"], "rowSet": [[201141, "Greg", "Oden", "20", 1610612748, "Miami", "Heat", "MIA"], [2427, "Roger", "Mason Jr.", "21", 1610612748, "Miami", "Heat", "MIA"], [203490, "Otto", "Porter", "22", 1610612764, "Washington", "Wizards", "WAS"], [202698, "Chris", "Singleton", "31", 1610612764, "Washington", "Wizards", "WAS"]], "name": "InactivePlayers"}, {"headers": ["VIDEO_AVAILABLE_FLAG"], "rowSet": [[1]], "name": "AvailableVideo"}], "parameters": {"GameID": "0021300042", "RangeType": 0, "StartPeriod": 0, "StartRange": 0, "EndPeriod": 0, "EndRange": 0}}