{"resource": "boxscore", "resultSets": [{"headers": ["GAME_DATE_EST", "GAME_SEQUENCE", "GAME_ID", "GAME_STATUS_ID", "GAME_STATUS_TEXT", "GAMECODE", "HOME_TEAM_ID", "VISITOR_TEAM_ID", "SEASON", "LIVE_PERIOD", "LIVE_PC_TIME", "NATL_TV_BROADCASTER_ABBREVIATION", "LIVE_PERIOD_TIME_BCAST", "WH_STATUS"], "rowSet": [["2013-10-30T00:00:00", 2, "0021300005", 3, "Final", "20131030/MIAPHI", 1610612755, 1610612748, "2013", 4, "", null, "Q4  - ", 1]], "name": "GameSummary"}, {"headers": ["GAME_DATE_EST", "GAME_SEQUENCE", "GAME_ID", "TEAM_ID", "TEAM_ABBREVIATION", "TEAM_CITY_NAME", "TEAM_WINS_LOSSES", "PTS_QTR1", "PTS_QTR2", "PTS_QTR3", "PTS_QTR4", "PTS_OT1", "PTS_OT2", "PTS_OT3", "PTS_OT4", "PTS_OT5", "PTS_OT6", "PTS_OT7", "PTS_OT8", "PTS_OT9", "PTS_OT10", "PTS"], "rowSet": [["2013-10-30T00:00:00", 2, "0021300005", 1610612755, "PHI", "Philadelphia", "1-0", 33, 18, 34, 29, 0, 0, 0, 0, 0, 0, 0, 0, 0, 0, 114], ["2013-10-30T00:00:00", 2, "0021300005", 1610612748, "MIA", "Miami", "1-1", 14, 35, 45, 16, 0, 0, 0, 0, 0, 0, 0, 0, 0, 0, 110]], "name": "LineScore"}, {"headers": ["GAME_ID", "HOME_TEAM_ID", "VISITOR_TEAM_ID", "GAME_DATE_EST", "HOME_TEAM_WINS", "HOME_TEAM_LOSSES", "SERIES_LEADER"], "rowSet": [["0021300005", 1610612755, 1610612748, "2013-10-30T00:00:00", 1, 1, "Tied"]], "name": "SeasonSeries"}, {"headers": ["GAME_ID", "LAST_GAME_ID", "LAST_GAME_DATE_EST", "LAST_GAME_HOME_TEAM_ID", "LAST_GAME_HOME_TEAM_CITY", "LAST_GAME_HOME_TEAM_NAME", "LAST_GAME_HOME_TEAM_ABBREVIATION", "LAST_GAME_HOME_TEAM_POINTS", "LAST_GAME_VISITOR_TEAM_ID", "LAST_GAME_VISITOR_TEAM_CITY", "LAST_GAME_VISITOR_TEAM_NAME", "LAST_GAME_VISITOR_TEAM_CITY1", "LAST_GAME_VISITOR_TEAM_POINTS"], "rowSet": [["0021300005", "0021201140", "2013-04-06T00:00:00", 1610612755, "Philadelphia", "76ers", "PHI", 87, 1610612748, "Miami", "Heat", "MIA", 106]], "name": "LastMeeting"}, {"headers": ["GAME_ID", "TEAM_ID", "TEAM_ABBREVIATION", "TEAM_CITY", "PLAYER_ID", "PLAYER_NAME", "START_POSITION", "COMMENT", "MIN", "FGM", "FGA", "FG_PCT", "FG3M", "FG3A", "FG3_PCT", "FTM", "FTA", "FT_PCT", "OREB", "DREB", "REB", "AST", "STL", "BLK", "TO", "PF", "PTS", "PLUS_MINUS"], "rowSet": [["0021300005", 1610612748, "MIA", "Miami", 2544, "LeBron James", "F", "", "36:38", 9, 17, 0.529, 4, 7, 0.571, 3, 4, 0.75, 0, 4, 4, 13, 0, 0, 4, 3, 25, -8.0], ["0021300005", 1610612748, "MIA", "Miami", 2617, "Udonis Haslem", "F", "", "11:32", 1, 1, 1.0, 0, 0, 0.0, 0, 1, 0.0, 0, 0, 0, 0, 0, 0, 1, 0, 2, -12.0], ["0021300005", 1610612748, "MIA", "Miami", 2547, "Chris Bosh", "C", "", "34:15", 8, 13, 0.615, 2, 3, 0.667, 4, 4, 1.0, 3, 7, 10, 1, 1, 0, 4, 4, 22, -5.0], ["0021300005", 1610612748, "MIA", "Miami", 2427, "Roger Mason Jr.", "G", "", "14:38", 1, 3, 0.333, 1, 2, 0.5, 0, 0, 0.0, 0, 0, 0, 2, 0, 0, 2, 1, 3, -6.0], ["0021300005", 1610612748, "MIA", "Miami", 201596, "Mario Chalmers", "G", "", "30:35", 6, 13, 0.462, 4, 6, 0.667, 0, 0, 0.0, 2, 3, 5, 4, 3, 0, 2, 4, 16, -14.0], ["0021300005", 1610612748, "MIA", "Miami", 2203, "Shane Battier", "", "", "23:41", 1, 8, 0.125, 0, 7, 0.0, 0, 0, 0.0, 1, 1, 2, 0, 0, 0, 0, 4, 2, 5.0], ["0021300005", 1610612748, "MIA", "Miami", 202708, "Norris Cole", "", "", "26:57", 5, 8, 0.625, 0, 2, 0.0, 0, 0, 0.0, 0, 3, 3, 3, 0, 0, 2, 4, 10, 9.0], ["0021300005", 1610612748, "MIA", "Miami", 951, "Ray Allen", "", "", "27:51", 7, 13, 0.538, 4, 9, 0.444, 1, 1, 1.0, 1, 5, 6, 1, 2, 0, 0, 0, 19, 1.0], ["0021300005", 1610612748, "MIA", "Miami", 2365, "Chris Andersen", "", "", "13:45", 0, 1, 0.0, 0, 0, 0.0, 0, 0, 0.0, 0, 0, 0, 1, 0, 0, 3, 3, 0, 1.0], ["0021300005", 1610612748, "MIA", "Miami", 1740, "Rashard Lewis", "", "", "20:08", 4, 8, 0.5, 1, 4, 0.25, 2, 3, 0.667, 0, 1, 1, 5, 1, 0, 1, 2, 11, 9.0], ["0021300005", 1610612748, "MIA", "Miami", 201202, "Joel Anthony", "", "DNP - Coach's Decision", null, null, null, null, null, null, null, null, null, null, null, null, null, null, null, null, null, null, null, null], ["0021300005", 1610612748, "MIA", "Miami", 201563, "Michael Beasley", "", "DNP - Coach's Decision", null, null, null, null, null, null, null, null, null, null, null, null, null, null, null, null, null, null, null, null], ["0021300005", 1610612748, "MIA", "Miami", 2592, "James Jones", "", "DNP - Coach's Decision", null, null, null, null, null, null, null, null, null, null, null, null, null, null, null, null, null, null, null, null], ["0021300005", 1610612755, "PHI", "Philadelphia", 202323, "Evan Turner", "F", "", "37:13", 10, 19, 0.526, 0, 4, 0.0, 6, 6, 1.0, 0, 4, 4, 5, 1, 0, 3, 3, 26, 3.0], ["0021300005", 1610612755, "PHI", "Philadelphia", 201152, "Thaddeus Young", "F", "", "34:20", 5, 15, 0.333, 0, 1, 0.0, 0, 0, 0.0, 4, 2, 6, 2, 2, 0, 5, 2, 10, 11.0], ["0021300005", 1610612755, "PHI", "Philadelphia", 201150, "Spencer Hawes", "C", "", "29:23", 10, 14, 0.714, 1, 2, 0.5, 3, 4, 0.75, 3, 6, 9, 2, 0, 0, 2, 4, 24, 5.0], ["0021300005", 1610612755, "PHI", "Philadelphia", 202341, "James Anderson", "G", "", "35:24", 3, 8, 0.375, 2, 5, 0.4, 0, 0, 0.0, 0, 6, 6, 1, 2, 0, 3, 3, 8, 2.0], ["0021300005", 1610612755, "PHI", "Philadelphia", 203487, "Michael Carter-Williams", "G", "", "36:10", 6, 10, 0.6, 4, 6, 0.667, 6, 8, 0.75, 0, 7, 7, 12, 9, 0, 1, 1, 22, 12.0], ["0021300005", 1610612755, "PHI", "Philadelphia", 203100, "Tony Wroten", "", "", "23:23", 6, 9, 0.667, 1, 3, 0.333, 1, 2, 0.5, 1, 3, 4, 2, 1, 0, 2, 1, 14, 3.0], ["0021300005", 1610612755, "PHI", "Philadelphia", 202730, "Lavoy Allen", "", "", "17:25", 1, 3, 0.333, 0, 0, 0.0, 2, 2, 1.0, 0, 3, 3, 0, 0, 0, 0, 2, 4, -2.0], ["0021300005", 1610612755, "PHI", "Philadelphia", 202350, "Daniel Orton", "", "", "14:52", 1, 1, 1.0, 0, 0, 0.0, 2, 2, 1.0, 0, 1, 1, 0, 1, 1, 1, 4, 4, -6.0], ["0021300005", 1610612755, "PHI", "Philadelphia", 202721, "Darius Morris", "", "", "11:50", 1, 1, 1.0, 0, 0, 0.0, 0, 0, 0.0, 0, 0, 0, 0, 0, 0, 1, 1, 2, -8.0], ["0021300005", 1610612755, "PHI", "Philadelphia", 2198, "Kwame Brown", "", "DNP - Coach's Decision", null, null, null, null, null, null, null, null, null, null, null, null, null, null, null, null, null, null, null, null], ["0021300005", 1610612755, "PHI", "Philadelphia", 203561, "Brandon Davies", "", "DNP - Coach's Decision", null, null, null, null, null, null, null, null, null, null, null, null, null, null, null, null, null, null, null, null], ["0021300005", 1610612755, "PHI", "Philadelphia", 203138, "Hollis Thompson", "", "DNP - Coach's Decision", null, null, null, null, null, null, null, null, null, null, null, null, null, null, null, null, null, null, null, null]], "name": "PlayerStats"}, {"headers": ["GAME_ID", "TEAM_ID", "TEAM_NAME", "TEAM_ABBREVIATION", "TEAM_CITY", "MIN", "FGM", "FGA", "FG_PCT", "FG3M", "FG3A", "FG3_PCT", "FTM", "FTA", "FT_PCT", "OREB", "DREB", "REB", "AST", "STL", "BLK", "TO", "PF", "PTS", "PLUS_MINUS"], "rowSet": [["0021300005", 1610612755, "76ers", "PHI", "Philadelphia", "240:00", 43, 80, 0.538, 8, 21, 0.381, 20, 24, 0.833, 8, 32, 40, 24, 16, 1, 18, 21, 114, 4.0], ["0021300005", 1610612748, "Heat", "MIA", "Miami", "240:00", 42, 85, 0.494, 16, 40, 0.4, 10, 13, 0.769, 7, 24, 31, 30, 7, 0, 19, 25, 110, -4.0]], "name": "TeamStats"}, {"headers": ["LEAGUE_ID", "SEASON_ID", "TEAM_ID", "TEAM_ABBREVIATION", "TEAM_CITY", "PTS_PAINT", "PTS_2ND_CHANCE", "PTS_FB", "LARGEST_LEAD", "LEAD_CHANGES", "TIMES_TIED"], "rowSet": [["00", "22013", 1610612755, "PHI", "Philadelphia", 50, 8, 26, 20, 2, 0], ["00", "22013", 1610612748, "MIA", "Miami", 36, 4, 11, 22, 2, 0]], "name": "OtherStats"}, {"headers": ["OFFICIAL_ID", "FIRST_NAME", "LAST_NAME", "JERSEY_NUM"], "rowSet": [[1201, "Leon", "Wood", "40"], [1192, "Bennett", "Salvatore", "15"], [202037, "JT", "Orr", "72"]], "name": "Officials"}, {"headers": ["GAME_DATE", "ATTENDANCE", "GAME_TIME"], "rowSet": [["WEDNESDAY, OCTOBER 30, 2013", 19523, "2:15"]], "name": "GameInfo"}, {"headers": ["PLAYER_ID", "FIRST_NAME", "LAST_NAME", "JERSEY_NUM", "TEAM_ID", "TEAM_CITY", "TEAM_NAME", "TEAM_ABBREVIATION"], "rowSet": [[203457, "Nerlens", "Noel", " 4", 1610612755, "Philadelphia", "76ers", "PHI"], [203102, "Arnett", "Moultrie", " 5", 1610612755, "Philadelphia", "76ers", "PHI"], [2202, "Jason", "Richardson", "23", 1610612755, "Philadelphia", "76ers", "PHI"], [201141, "Greg", "Oden", "20", 1610612748, "Miami", "Heat", "MIA"], [2548, "Dwyane", "Wade", " 3", 1610612748, "Miami", "Heat", "MIA"]], "name": "InactivePlayers"}, {"headers": ["VIDEO_AVAILABLE_FLAG"], "rowSet": [[1]], "name": "AvailableVideo"}], "parameters": {"GameID": "0021300005", "RangeType": 0, "StartPeriod": 0, "StartRange": 0, "EndPeriod": 0, "EndRange": 0}}