{"resource": "boxscore", "resultSets": [{"headers": ["GAME_DATE_EST", "GAME_SEQUENCE", "GAME_ID", "GAME_STATUS_ID", "GAME_STATUS_TEXT", "GAMECODE", "HOME_TEAM_ID", "VISITOR_TEAM_ID", "SEASON", "LIVE_PERIOD", "LIVE_PC_TIME", "NATL_TV_BROADCASTER_ABBREVIATION", "LIVE_PERIOD_TIME_BCAST", "WH_STATUS"], "rowSet": [["2013-11-04T00:00:00", 4, "0021300050", 3, "Final", "20131104/HOULAC", 1610612746, 1610612745, "2013", 4, "", "NBA TV", "Q4  - NBA TV", 1]], "name": "GameSummary"}, {"headers": ["GAME_DATE_EST", "GAME_SEQUENCE", "GAME_ID", "TEAM_ID", "TEAM_ABBREVIATION", "TEAM_CITY_NAME", "TEAM_WINS_LOSSES", "PTS_QTR1", "PTS_QTR2", "PTS_QTR3", "PTS_QTR4", "PTS_OT1", "PTS_OT2", "PTS_OT3", "PTS_OT4", "PTS_OT5", "PTS_OT6", "PTS_OT7", "PTS_OT8", "PTS_OT9", "PTS_OT10", "PTS"], "rowSet": [["2013-11-04T00:00:00", 4, "0021300050", 1610612746, "LAC", "Los Angeles", "3-1", 42, 36, 26, 33, 0, 0, 0, 0, 0, 0, 0, 0, 0, 0, 137], ["2013-11-04T00:00:00", 4, "0021300050", 1610612745, "HOU", "Houston", "3-1", 25, 41, 23, 29, 0, 0, 0, 0, 0, 0, 0, 0, 0, 0, 118]], "name": "LineScore"}, {"headers": ["GAME_ID", "HOME_TEAM_ID", "VISITOR_TEAM_ID", "GAME_DATE_EST", "HOME_TEAM_WINS", "HOME_TEAM_LOSSES", "SERIES_LEADER"], "rowSet": [["0021300050", 1610612746, 1610612745, "2013-11-04T00:00:00", 2, 0, "L.A. Clippers"]], "name": "SeasonSeries"}, {"headers": ["GAME_ID", "LAST_GAME_ID", "LAST_GAME_DATE_EST", "LAST_GAME_HOME_TEAM_ID", "LAST_GAME_HOME_TEAM_CITY", "LAST_GAME_HOME_TEAM_NAME", "LAST_GAME_HOME_TEAM_ABBREVIATION", "LAST_GAME_HOME_TEAM_POINTS", "LAST_GAME_VISITOR_TEAM_ID", "LAST_GAME_VISITOR_TEAM_CITY", "LAST_GAME_VISITOR_TEAM_NAME", "LAST_GAME_VISITOR_TEAM_CITY1", "LAST_GAME_VISITOR_TEAM_POINTS"], "rowSet": [["0021300050", "0021201088", "2013-03-30T00:00:00", 1610612746, "Los Angeles", "Clippers", "LAC", 81, 1610612745, "Houston", "Rockets", "HOU", 98]], "name": "LastMeeting"}, {"headers": ["GAME_ID", "TEAM_ID", "TEAM_ABBREVIATION", "TEAM_CITY", "PLAYER_ID", "PLAYER_NAME", "START_POSITION", "COMMENT", "MIN", "FGM", "FGA", "FG_PCT", "FG3M", "FG3A", "FG3_PCT", "FTM", "FTA", "FT_PCT", "OREB", "DREB", "REB", "AST", "STL", "BLK", "TO", "PF", "PTS", "PLUS_MINUS"], "rowSet": [["0021300050", 1610612745, "HOU", "Houston", 202718, "Chandler Parsons", "F", "", "35:51", 6, 13, 0.462, 1, 3, 0.333, 1, 2, 0.5, 0, 2, 2, 4, 2, 1, 3, 1, 14, -25.0], ["0021300050", 1610612745, "HOU", "Houston", 2730, "Dwight Howard", "F", "", "25:49", 4, 9, 0.444, 0, 0, 0.0, 5, 10, 0.5, 2, 7, 9, 0, 0, 1, 2, 4, 13, -24.0], ["0021300050", 1610612745, "HOU", "Houston", 201600, "Omer Asik", "C", "", "23:42", 1, 1, 1.0, 0, 0, 0.0, 4, 4, 1.0, 2, 5, 7, 0, 0, 0, 2, 3, 6, -18.0], ["0021300050", 1610612745, "HOU", "Houston", 201935, "James Harden", "G", "", "32:48", 6, 16, 0.375, 0, 7, 0.0, 3, 5, 0.6, 1, 1, 2, 5, 0, 0, 2, 2, 15, -11.0], ["0021300050", 1610612745, "HOU", "Houston", 202391, "Jeremy Lin", "G", "", "30:29", 4, 8, 0.5, 1, 2, 0.5, 5, 6, 0.833, 0, 2, 2, 8, 1, 0, 1, 5, 14, -27.0], ["0021300050", 1610612745, "HOU", "Houston", 201956, "Omri Casspi", "", "", "28:06", 6, 12, 0.5, 3, 6, 0.5, 4, 5, 0.8, 2, 7, 9, 4, 2, 0, 4, 3, 19, 4.0], ["0021300050", 1610612745, "HOU", "Houston", 101128, "Francisco Garcia", "", "", "21:18", 5, 9, 0.556, 2, 6, 0.333, 2, 2, 1.0, 1, 1, 2, 0, 0, 0, 0, 1, 14, -8.0], ["0021300050", 1610612745, "HOU", "Houston", 201166, "Aaron Brooks", "", "", "17:31", 3, 5, 0.6, 0, 0, 0.0, 3, 4, 0.75, 0, 4, 4, 0, 1, 1, 0, 2, 9, 8.0], ["0021300050", 1610612745, "HOU", "Houston", 202962, "Greg Smith", "", "", "11:03", 6, 6, 1.0, 0, 0, 0.0, 0, 1, 0.0, 5, 2, 7, 0, 0, 0, 1, 1, 12, 6.0], ["0021300050", 1610612745, "HOU", "Houston", 202700, "Donatas Motiejunas", "", "", "4:38", 0, 1, 0.0, 0, 1, 0.0, 0, 0, 0.0, 0, 0, 0, 0, 0, 0, 0, 0, 0, 0.0], ["0021300050", 1610612745, "HOU", "Houston", 200758, "Ronnie Brewer", "", "", "4:38", 0, 0, 0.0, 0, 0, 0.0, 0, 2, 0.0, 0, 2, 2, 0, 1, 0, 0, 0, 0, 0.0], ["0021300050", 1610612745, "HOU", "Houston", 203093, "Terrence Jones", "", "", "4:07", 0, 2, 0.0, 0, 0, 0.0, 2, 2, 1.0, 0, 0, 0, 0, 0, 0, 0, 0, 2, 0.0], ["0021300050", 1610612745, "HOU", "Houston", 201976, "Patrick Beverley", "", "DNP - Coach's Decision", null, null, null, null, null, null, null, null, null, null, null, null, null, null, null, null, null, null, null, null], ["0021300050", 1610612746, "LAC", "Los Angeles", 201162, "Jared Dudley", "F", "", "33:51", 6, 11, 0.545, 3, 6, 0.5, 0, 0, 0.0, 0, 3, 3, 0, 0, 0, 1, 2, 15, 7.0], ["0021300050", 1610612746, "LAC", "Los Angeles", 201933, "Blake Griffin", "F", "", "31:45", 8, 13, 0.615, 0, 0, 0.0, 2, 4, 0.5, 2, 5, 7, 2, 1, 1, 2, 5, 18, 30.0], ["0021300050", 1610612746, "LAC", "Los Angeles", 201599, "DeAndre Jordan", "C", "", "29:33", 4, 5, 0.8, 0, 0, 0.0, 3, 5, 0.6, 1, 8, 9, 0, 0, 1, 0, 5, 11, 24.0], ["0021300050", 1610612746, "LAC", "Los Angeles", 200755, "JJ Redick", "G", "", "27:50", 8, 15, 0.533, 2, 7, 0.286, 8, 8, 1.0, 3, 0, 3, 3, 2, 1, 0, 5, 26, 25.0], ["0021300050", 1610612746, "LAC", "Los Angeles", 101108, "Chris Paul", "G", "", "33:17", 7, 13, 0.538, 1, 3, 0.333, 8, 8, 1.0, 0, 3, 3, 17, 2, 0, 2, 2, 23, 27.0], ["0021300050", 1610612746, "LAC", "Los Angeles", 2037, "Jamal Crawford", "", "", "30:12", 7, 15, 0.467, 6, 11, 0.545, 1, 1, 1.0, 1, 2, 3, 4, 0, 0, 0, 2, 21, 6.0], ["0021300050", 1610612746, "LAC", "Los Angeles", 2440, "Matt Barnes", "", "", "14:57", 1, 3, 0.333, 0, 2, 0.0, 0, 0, 0.0, 1, 2, 3, 2, 0, 0, 2, 2, 2, -11.0], ["0021300050", 1610612746, "LAC", "Los Angeles", 201954, "Darren Collison", "", "", "14:43", 2, 10, 0.2, 1, 5, 0.2, 2, 2, 1.0, 1, 2, 3, 4, 0, 3, 2, 1, 7, -8.0], ["0021300050", 1610612746, "LAC", "Los Angeles", 201957, "Byron Mullens", "", "", "15:00", 5, 6, 0.833, 2, 3, 0.667, 0, 0, 0.0, 0, 4, 4, 0, 2, 1, 1, 5, 12, -3.0], ["0021300050", 1610612746, "LAC", "Los Angeles", 200797, "Ryan Hollins", "", "", "4:45", 1, 1, 1.0, 0, 0, 0.0, 0, 0, 0.0, 0, 0, 0, 0, 0, 0, 0, 0, 2, -2.0], ["0021300050", 1610612746, "LAC", "Los Angeles", 203493, "Reggie Bullock", "", "", "4:07", 0, 2, 0.0, 0, 1, 0.0, 0, 0, 0.0, 0, 0, 0, 1, 0, 0, 0, 0, 0, 0.0], ["0021300050", 1610612746, "LAC", "Los Angeles", 2584, "Willie Green", "", "DNP - Coach's Decision", null, null, null, null, null, null, null, null, null, null, null, null, null, null, null, null, null, null, null, null], ["0021300050", 1610612746, "LAC", "Los Angeles", 1712, "Antawn Jamison", "", "DNP - Coach's Decision", null, null, null, null, null, null, null, null, null, null, null, null, null, null, null, null, null, null, null, null]], "name": "PlayerStats"}, {"headers": ["GAME_ID", "TEAM_ID", "TEAM_NAME", "TEAM_ABBREVIATION", "TEAM_CITY", "MIN", "FGM", "FGA", "FG_PCT", "FG3M", "FG3A", "FG3_PCT", "FTM", "FTA", "FT_PCT", "OREB", "DREB", "REB", "AST", "STL", "BLK", "TO", "PF", "PTS", "PLUS_MINUS"], "rowSet": [["0021300050", 1610612746, "Clippers", "LAC", "Los Angeles", "240:00", 49, 94, 0.521, 15, 38, 0.395, 24, 28, 0.857, 9, 29, 38, 33, 7, 7, 10, 29, 137, 19.0], ["0021300050", 1610612745, "Rockets", "HOU", "Houston", "240:00", 41, 82, 0.5, 7, 25, 0.28, 29, 43, 0.674, 13, 33, 46, 21, 7, 3, 15, 22, 118, -19.0]], "name": "TeamStats"}, {"headers": ["LEAGUE_ID", "SEASON_ID", "TEAM_ID", "TEAM_ABBREVIATION", "TEAM_CITY", "PTS_PAINT", "PTS_2ND_CHANCE", "PTS_FB", "LARGEST_LEAD", "LEAD_CHANGES", "TIMES_TIED"], "rowSet": [["00", "22013", 1610612746, "LAC", "Los Angeles", 50, 18, 7, 19, 0, 0], ["00", "22013", 1610612745, "HOU", "Houston", 62, 16, 9, 21, 0, 0]], "name": "OtherStats"}, {"headers": ["OFFICIAL_ID", "FIRST_NAME", "LAST_NAME", "JERSEY_NUM"], "rowSet": [[1662, "Bill", "Kennedy", "55"], [2004, "Courtney", "Kirkland", "61"], [202053, "Scott", "Twardoski", "52"]], "name": "Officials"}, {"headers": ["GAME_DATE", "ATTENDANCE", "GAME_TIME"], "rowSet": [["MONDAY, NOVEMBER 4, 2013", 19404, "2:23"]], "name": "GameInfo"}, {"headers": ["PLAYER_ID", "FIRST_NAME", "LAST_NAME", "JERSEY_NUM", "TEAM_ID", "TEAM_CITY", "TEAM_NAME", "TEAM_ABBREVIATION"], "rowSet": [[203146, "Maalik", "Wayns", " 5", 1610612746, "Los Angeles", "Clippers", "LAC"], [203477, "Isaiah", "Canaan", " 1", 1610612745, "Houston", "Rockets", "HOU"], [203496, "Robert", "Covington", "33", 1610612745, "Houston", "Rockets", "HOU"]], "name": "InactivePlayers"}, {"headers": ["VIDEO_AVAILABLE_FLAG"], "rowSet": [[1]], "name": "AvailableVideo"}], "parameters": {"GameID": "0021300050", "RangeType": 0, "StartPeriod": 0, "StartRange": 0, "EndPeriod": 0, "EndRange": 0}}