{"resource": "boxscore", "resultSets": [{"headers": ["GAME_DATE_EST", "GAME_SEQUENCE", "GAME_ID", "GAME_STATUS_ID", "GAME_STATUS_TEXT", "GAMECODE", "HOME_TEAM_ID", "VISITOR_TEAM_ID", "SEASON", "LIVE_PERIOD", "LIVE_PC_TIME", "NATL_TV_BROADCASTER_ABBREVIATION", "LIVE_PERIOD_TIME_BCAST", "WH_STATUS"], "rowSet": [["2013-11-02T00:00:00", 6, "0021300038", 3, "Final", "20131102/HOUUTA", 1610612762, 1610612745, "2013", 4, "", null, "Q4  - ", 1]], "name": "GameSummary"}, {"headers": ["GAME_DATE_EST", "GAME_SEQUENCE", "GAME_ID", "TEAM_ID", "TEAM_ABBREVIATION", "TEAM_CITY_NAME", "TEAM_WINS_LOSSES", "PTS_QTR1", "PTS_QTR2", "PTS_QTR3", "PTS_QTR4", "PTS_OT1", "PTS_OT2", "PTS_OT3", "PTS_OT4", "PTS_OT5", "PTS_OT6", "PTS_OT7", "PTS_OT8", "PTS_OT9", "PTS_OT10", "PTS"], "rowSet": [["2013-11-02T00:00:00", 6, "0021300038", 1610612762, "UTA", "Utah", "0-3", 24, 32, 17, 20, 0, 0, 0, 0, 0, 0, 0, 0, 0, 0, 93], ["2013-11-02T00:00:00", 6, "0021300038", 1610612745, "HOU", "Houston", "3-0", 16, 24, 33, 31, 0, 0, 0, 0, 0, 0, 0, 0, 0, 0, 104]], "name": "LineScore"}, {"headers": ["GAME_ID", "HOME_TEAM_ID", "VISITOR_TEAM_ID", "GAME_DATE_EST", "HOME_TEAM_WINS", "HOME_TEAM_LOSSES", "SERIES_LEADER"], "rowSet": [["0021300038", 1610612762, 1610612745, "2013-11-02T00:00:00", 1, 1, "Tied"]], "name": "SeasonSeries"}, {"headers": ["GAME_ID", "LAST_GAME_ID", "LAST_GAME_DATE_EST", "LAST_GAME_HOME_TEAM_ID", "LAST_GAME_HOME_TEAM_CITY", "LAST_GAME_HOME_TEAM_NAME", "LAST_GAME_HOME_TEAM_ABBREVIATION", "LAST_GAME_HOME_TEAM_POINTS", "LAST_GAME_VISITOR_TEAM_ID", "LAST_GAME_VISITOR_TEAM_CITY", "LAST_GAME_VISITOR_TEAM_NAME", "LAST_GAME_VISITOR_TEAM_CITY1", "LAST_GAME_VISITOR_TEAM_POINTS"], "rowSet": [["0021300038", "0021201014", "2013-03-20T00:00:00", 1610612762, "Utah", "Jazz", "UTA", 93, 1610612745, "Houston", "Rockets", "HOU", 100]], "name": "LastMeeting"}, {"headers": ["GAME_ID", "TEAM_ID", "TEAM_ABBREVIATION", "TEAM_CITY", "PLAYER_ID", "PLAYER_NAME", "START_POSITION", "COMMENT", "MIN", "FGM", "FGA", "FG_PCT", "FG3M", "FG3A", "FG3_PCT", "FTM", "FTA", "FT_PCT", "OREB", "DREB", "REB", "AST", "STL", "BLK", "TO", "PF", "PTS", "PLUS_MINUS"], "rowSet": [["0021300038", 1610612745, "HOU", "Houston", 202718, "Chandler Parsons", "F", "", "42:17", 8, 14, 0.571, 2, 4, 0.5, 6, 6, 1.0, 2, 10, 12, 6, 0, 1, 4, 5, 24, 11.0], ["0021300038", 1610612745, "HOU", "Houston", 2730, "Dwight Howard", "F", "", "37:13", 4, 8, 0.5, 0, 0, 0.0, 7, 10, 0.7, 2, 7, 9, 1, 1, 2, 2, 3, 15, 5.0], ["0021300038", 1610612745, "HOU", "Houston", 201600, "Omer Asik", "C", "", "28:10", 2, 4, 0.5, 0, 0, 0.0, 0, 0, 0.0, 2, 7, 9, 0, 1, 2, 2, 2, 4, 12.0], ["0021300038", 1610612745, "HOU", "Houston", 201935, "James Harden", "G", "", "43:01", 7, 15, 0.467, 2, 6, 0.333, 7, 10, 0.7, 1, 3, 4, 5, 3, 1, 5, 4, 23, 10.0], ["0021300038", 1610612745, "HOU", "Houston", 202391, "Jeremy Lin", "G", "", "36:23", 7, 13, 0.538, 2, 5, 0.4, 4, 5, 0.8, 1, 2, 3, 4, 1, 1, 3, 3, 20, 21.0], ["0021300038", 1610612745, "HOU", "Houston", 203093, "Terrence Jones", "", "", "6:37", 1, 1, 1.0, 0, 0, 0.0, 2, 2, 1.0, 0, 0, 0, 0, 0, 0, 0, 2, 4, 2.0], ["0021300038", 1610612745, "HOU", "Houston", 201166, "Aaron Brooks", "", "", "20:34", 1, 4, 0.25, 0, 1, 0.0, 0, 0, 0.0, 1, 1, 2, 0, 0, 0, 2, 1, 2, -8.0], ["0021300038", 1610612745, "HOU", "Houston", 101128, "Francisco Garcia", "", "", "25:45", 4, 8, 0.5, 3, 6, 0.5, 1, 2, 0.5, 0, 1, 1, 0, 0, 0, 0, 3, 12, 2.0], ["0021300038", 1610612745, "HOU", "Houston", 201976, "Patrick Beverley", "", "DND - Partially torn muscle in midsectio", null, null, null, null, null, null, null, null, null, null, null, null, null, null, null, null, null, null, null, null], ["0021300038", 1610612745, "HOU", "Houston", 200758, "Ronnie Brewer", "", "DNP - Coach's Decision", null, null, null, null, null, null, null, null, null, null, null, null, null, null, null, null, null, null, null, null], ["0021300038", 1610612745, "HOU", "Houston", 201956, "Omri Casspi", "", "DND - Left ankle sprain", null, null, null, null, null, null, null, null, null, null, null, null, null, null, null, null, null, null, null, null], ["0021300038", 1610612745, "HOU", "Houston", 202700, "Donatas Motiejunas", "", "DNP - Coach's Decision", null, null, null, null, null, null, null, null, null, null, null, null, null, null, null, null, null, null, null, null], ["0021300038", 1610612745, "HOU", "Houston", 202962, "Greg Smith", "", "DNP - Coach's Decision", null, null, null, null, null, null, null, null, null, null, null, null, null, null, null, null, null, null, null, null], ["0021300038", 1610612762, "UTA", "Utah", 2210, "Richard Jefferson", "F", "", "27:06", 5, 11, 0.455, 2, 5, 0.4, 6, 6, 1.0, 1, 4, 5, 0, 0, 0, 3, 3, 18, -11.0], ["0021300038", 1610612762, "UTA", "Utah", 202324, "Derrick Favors", "F", "", "33:00", 3, 7, 0.429, 0, 0, 0.0, 6, 8, 0.75, 2, 4, 6, 0, 2, 2, 2, 2, 12, -8.0], ["0021300038", 1610612762, "UTA", "Utah", 202683, "Enes Kanter", "C", "", "33:43", 7, 13, 0.538, 0, 0, 0.0, 2, 2, 1.0, 5, 3, 8, 1, 0, 1, 2, 3, 16, -18.0], ["0021300038", 1610612762, "UTA", "Utah", 202330, "Gordon Hayward", "G", "", "38:10", 7, 16, 0.438, 1, 5, 0.2, 0, 2, 0.0, 2, 3, 5, 2, 0, 0, 1, 3, 15, -19.0], ["0021300038", 1610612762, "UTA", "Utah", 2224, "Jamaal Tinsley", "G", "", "14:15", 0, 2, 0.0, 0, 2, 0.0, 0, 0, 0.0, 0, 1, 1, 2, 1, 0, 2, 3, 0, 1.0], ["0021300038", 1610612762, "UTA", "Utah", 203497, "Rudy Gobert", "", "", "8:49", 0, 0, 0.0, 0, 0, 0.0, 2, 2, 1.0, 0, 2, 2, 0, 1, 1, 2, 4, 2, 2.0], ["0021300038", 1610612762, "UTA", "Utah", 101249, "John Lucas III", "", "", "30:50", 5, 11, 0.455, 0, 5, 0.0, 1, 1, 1.0, 3, 2, 5, 4, 0, 0, 0, 2, 11, -7.0], ["0021300038", 1610612762, "UTA", "Utah", 202692, "Alec Burks", "", "", "34:09", 6, 16, 0.375, 1, 4, 0.25, 2, 4, 0.5, 1, 2, 3, 2, 3, 1, 1, 2, 15, -2.0], ["0021300038", 1610612762, "UTA", "Utah", 200839, "Michael Harris", "", "", "19:58", 1, 5, 0.2, 0, 1, 0.0, 2, 2, 1.0, 1, 3, 4, 1, 2, 1, 2, 3, 4, 7.0], ["0021300038", 1610612762, "UTA", "Utah", 203546, "Ian Clark", "", "DNP - Coach's Decision", null, null, null, null, null, null, null, null, null, null, null, null, null, null, null, null, null, null, null, null], ["0021300038", 1610612762, "UTA", "Utah", 201575, "Brandon Rush", "", "DNP - Coach's Decision", null, null, null, null, null, null, null, null, null, null, null, null, null, null, null, null, null, null, null, null], ["0021300038", 1610612762, "UTA", "Utah", 101107, "Marvin Williams", "", "DNP - Coach's Decision", null, null, null, null, null, null, null, null, null, null, null, null, null, null, null, null, null, null, null, null]], "name": "PlayerStats"}, {"headers": ["GAME_ID", "TEAM_ID", "TEAM_NAME", "TEAM_ABBREVIATION", "TEAM_CITY", "MIN", "FGM", "FGA", "FG_PCT", "FG3M", "FG3A", "FG3_PCT", "FTM", "FTA", "FT_PCT", "OREB", "DREB", "REB", "AST", "STL", "BLK", "TO", "PF", "PTS", "PLUS_MINUS"], "rowSet": [["0021300038", 1610612762, "Jazz", "UTA", "Utah", "240:00", 34, 81, 0.42, 4, 22, 0.182, 21, 27, 0.778, 15, 24, 39, 12, 9, 6, 15, 25, 93, -11.0], ["0021300038", 1610612745, "Rockets", "HOU", "Houston", "240:00", 34, 67, 0.507, 9, 22, 0.409, 27, 35, 0.771, 9, 31, 40, 16, 6, 7, 18, 23, 104, 11.0]], "name": "TeamStats"}, {"headers": ["LEAGUE_ID", "SEASON_ID", "TEAM_ID", "TEAM_ABBREVIATION", "TEAM_CITY", "PTS_PAINT", "PTS_2ND_CHANCE", "PTS_FB", "LARGEST_LEAD", "LEAD_CHANGES", "TIMES_TIED"], "rowSet": [["00", "22013", 1610612745, "HOU", "Houston", 48, 11, 21, 19, 6, 6], ["00", "22013", 1610612762, "UTA", "Utah", 38, 21, 8, 18, 6, 6]], "name": "OtherStats"}, {"headers": ["OFFICIAL_ID", "FIRST_NAME", "LAST_NAME", "JERSEY_NUM"], "rowSet": [[1162, "Scott", "Foster", "48"], [2002, "Derrick", "Collins", "11"], [201637, "Haywoode", "Workman", "66"]], "name": "Officials"}, {"headers": ["GAME_DATE", "ATTENDANCE", "GAME_TIME"], "rowSet": [["SATURDAY, NOVEMBER 2, 2013", 19498, "2:21"]], "name": "GameInfo"}, {"headers": ["PLAYER_ID", "FIRST_NAME", "LAST_NAME", "JERSEY_NUM", "TEAM_ID", "TEAM_CITY", "TEAM_NAME", "TEAM_ABBREVIATION"], "rowSet": [[203504, "Trey", "Burke", " 3", 1610612762, "Utah", "Jazz", "UTA"], [2740, "Andris", "Biedrins", "11", 1610612762, "Utah", "Jazz", "UTA"], [202379, "Jeremy", "Evans", "40", 1610612762, "Utah", "Jazz", "UTA"], [203477, "Isaiah", "Canaan", " 1", 1610612745, "Houston", "Rockets", "HOU"], [203496, "Robert", "Covington", "33", 1610612745, "Houston", "Rockets", "HOU"]], "name": "InactivePlayers"}, {"headers": ["VIDEO_AVAILABLE_FLAG"], "rowSet": [[1]], "name": "AvailableVideo"}], "parameters": {"GameID": "0021300038", "RangeType": 0, "StartPeriod": 0, "StartRange": 0, "EndPeriod": 0, "EndRange": 0}}