{"resource": "boxscore", "resultSets": [{"headers": ["GAME_DATE_EST", "GAME_SEQUENCE", "GAME_ID", "GAME_STATUS_ID", "GAME_STATUS_TEXT", "GAMECODE", "HOME_TEAM_ID", "VISITOR_TEAM_ID", "SEASON", "LIVE_PERIOD", "LIVE_PC_TIME", "NATL_TV_BROADCASTER_ABBREVIATION", "LIVE_PERIOD_TIME_BCAST", "WH_STATUS"], "rowSet": [["2013-10-29T00:00:00", 3, "0021300003", 3, "Final", "20131029/LACLAL", 1610612747, 1610612746, "2013", 4, "", "TNT", "Q4  - TNT", 1]], "name": "GameSummary"}, {"headers": ["GAME_DATE_EST", "GAME_SEQUENCE", "GAME_ID", "TEAM_ID", "TEAM_ABBREVIATION", "TEAM_CITY_NAME", "TEAM_WINS_LOSSES", "PTS_QTR1", "PTS_QTR2", "PTS_QTR3", "PTS_QTR4", "PTS_OT1", "PTS_OT2", "PTS_OT3", "PTS_OT4", "PTS_OT5", "PTS_OT6", "PTS_OT7", "PTS_OT8", "PTS_OT9", "PTS_OT10", "PTS"], "rowSet": [["2013-10-29T00:00:00", 3, "0021300003", 1610612746, "LAC", "Los Angeles", "0-1", 30, 27, 22, 24, 0, 0, 0, 0, 0, 0, 0, 0, 0, 0, 103], ["2013-10-29T00:00:00", 3, "0021300003", 1610612747, "LAL", "Los Angeles", "1-0", 28, 27, 20, 41, 0, 0, 0, 0, 0, 0, 0, 0, 0, 0, 116]], "name": "LineScore"}, {"headers": ["GAME_ID", "HOME_TEAM_ID", "VISITOR_TEAM_ID", "GAME_DATE_EST", "HOME_TEAM_WINS", "HOME_TEAM_LOSSES", "SERIES_LEADER"], "rowSet": [["0021300003", 1610612747, 1610612746, "2013-10-29T00:00:00", 1, 1, "Tied"]], "name": "SeasonSeries"}, {"headers": ["GAME_ID", "LAST_GAME_ID", "LAST_GAME_DATE_EST", "LAST_GAME_HOME_TEAM_ID", "LAST_GAME_HOME_TEAM_CITY", "LAST_GAME_HOME_TEAM_NAME", "LAST_GAME_HOME_TEAM_ABBREVIATION", "LAST_GAME_HOME_TEAM_POINTS", "LAST_GAME_VISITOR_TEAM_ID", "LAST_GAME_VISITOR_TEAM_CITY", "LAST_GAME_VISITOR_TEAM_NAME", "LAST_GAME_VISITOR_TEAM_CITY1", "LAST_GAME_VISITOR_TEAM_POINTS"], "rowSet": [["0021300003", "0021201146", "2013-04-07T00:00:00", 1610612747, "Los Angeles", "Lakers", "LAL", 95, 1610612746, "Los Angeles", "Clippers", "LAC", 109]], "name": "LastMeeting"}, {"headers": ["GAME_ID", "TEAM_ID", "TEAM_ABBREVIATION", "TEAM_CITY", "PLAYER_ID", "PLAYER_NAME", "START_POSITION", "COMMENT", "MIN", "FGM", "FGA", "FG_PCT", "FG3M", "FG3A", "FG3_PCT", "FTM", "FTA", "FT_PCT", "OREB", "DREB", "REB", "AST", "STL", "BLK", "TO", "PF", "PTS", "PLUS_MINUS"], "rowSet": [["0021300003", 1610612746, "LAC", "Los Angeles", 201162, "Jared Dudley", "F", "", "22:43", 2, 6, 0.333, 1, 4, 0.25, 0, 0, 0.0, 0, 3, 3, 2, 0, 0, 1, 4, 5, 0.0], ["0021300003", 1610612746, "LAC", "Los Angeles", 201933, "Blake Griffin", "F", "", "40:09", 8, 15, 0.533, 0, 0, 0.0, 3, 10, 0.3, 2, 5, 7, 3, 1, 0, 4, 1, 19, -6.0], ["0021300003", 1610612746, "LAC", "Los Angeles", 201599, "DeAndre Jordan", "C", "", "35:28", 8, 10, 0.8, 0, 0, 0.0, 1, 2, 0.5, 4, 7, 11, 1, 3, 3, 1, 5, 17, -13.0], ["0021300003", 1610612746, "LAC", "Los Angeles", 200755, "JJ Redick", "G", "", "33:49", 5, 12, 0.417, 2, 5, 0.4, 1, 1, 1.0, 1, 1, 2, 3, 0, 0, 1, 0, 13, -19.0], ["0021300003", 1610612746, "LAC", "Los Angeles", 101108, "Chris Paul", "G", "", "35:58", 5, 13, 0.385, 0, 2, 0.0, 5, 5, 1.0, 0, 6, 6, 11, 5, 0, 1, 4, 15, -13.0], ["0021300003", 1610612746, "LAC", "Los Angeles", 2440, "Matt Barnes", "", "", "28:28", 3, 6, 0.5, 1, 3, 0.333, 1, 1, 1.0, 2, 4, 6, 3, 2, 0, 3, 4, 8, -15.0], ["0021300003", 1610612746, "LAC", "Los Angeles", 2037, "Jamal Crawford", "", "", "25:54", 5, 13, 0.385, 3, 6, 0.5, 2, 2, 1.0, 1, 2, 3, 3, 0, 0, 3, 0, 15, -1.0], ["0021300003", 1610612746, "LAC", "Los Angeles", 201954, "Darren Collison", "", "", "12:29", 4, 5, 0.8, 1, 1, 1.0, 0, 0, 0.0, 0, 1, 1, 1, 0, 0, 2, 2, 9, 2.0], ["0021300003", 1610612746, "LAC", "Los Angeles", 200797, "Ryan Hollins", "", "", "3:58", 0, 2, 0.0, 0, 0, 0.0, 0, 2, 0.0, 0, 1, 1, 0, 0, 1, 0, 1, 0, -2.0], ["0021300003", 1610612746, "LAC", "Los Angeles", 203493, "Reggie Bullock", "", "", "1:05", 1, 1, 1.0, 0, 0, 0.0, 0, 0, 0.0, 0, 0, 0, 0, 0, 0, 0, 0, 2, 2.0], ["0021300003", 1610612746, "LAC", "Los Angeles", 2584, "Willie Green", "", "DNP - Coach's Decision", null, null, null, null, null, null, null, null, null, null, null, null, null, null, null, null, null, null, null, null], ["0021300003", 1610612746, "LAC", "Los Angeles", 1712, "Antawn Jamison", "", "DNP - Coach's Decision", null, null, null, null, null, null, null, null, null, null, null, null, null, null, null, null, null, null, null, null], ["0021300003", 1610612746, "LAC", "Los Angeles", 201957, "Byron Mullens", "", "DNP - Coach's Decision", null, null, null, null, null, null, null, null, null, null, null, null, null, null, null, null, null, null, null, null], ["0021300003", 1610612747, "LAL", "Los Angeles", 201156, "Nick Young", "F", "", "22:03", 3, 10, 0.3, 1, 4, 0.25, 6, 8, 0.75, 0, 1, 1, 0, 1, 0, 2, 1, 13, -4.0], ["0021300003", 1610612747, "LAL", "Los Angeles", 200761, "Shawne Williams", "F", "", "12:50", 1, 5, 0.2, 0, 3, 0.0, 1, 2, 0.5, 1, 2, 3, 0, 1, 2, 1, 3, 3, -2.0], ["0021300003", 1610612747, "LAL", "Los Angeles", 2200, "Pau Gasol", "C", "", "24:29", 5, 12, 0.417, 1, 2, 0.5, 4, 4, 1.0, 1, 12, 13, 4, 0, 0, 5, 0, 15, -2.0], ["0021300003", 1610612747, "LAL", "Los Angeles", 2581, "Steve Blake", "G", "", "22:25", 2, 3, 0.667, 2, 2, 1.0, 0, 0, 0.0, 1, 1, 2, 1, 1, 0, 0, 1, 6, -6.0], ["0021300003", 1610612747, "LAL", "Los Angeles", 959, "Steve Nash", "G", "", "20:44", 1, 3, 0.333, 1, 1, 1.0, 0, 0, 0.0, 0, 1, 1, 5, 0, 0, 3, 3, 3, -2.0], ["0021300003", 1610612747, "LAL", "Los Angeles", 2549, "Chris Kaman", "", "", "19:40", 5, 10, 0.5, 0, 0, 0.0, 0, 0, 0.0, 4, 4, 8, 0, 1, 2, 1, 1, 10, 0.0], ["0021300003", 1610612747, "LAL", "Los Angeles", 201975, "Jodie Meeks", "", "", "25:35", 4, 8, 0.5, 3, 6, 0.5, 2, 2, 1.0, 0, 3, 3, 2, 1, 0, 2, 2, 13, 19.0], ["0021300003", 1610612747, "LAL", "Los Angeles", 200770, "Jordan Farmar", "", "", "27:16", 6, 10, 0.6, 2, 3, 0.667, 2, 4, 0.5, 2, 2, 4, 6, 1, 0, 3, 5, 16, 15.0], ["0021300003", 1610612747, "LAL", "Los Angeles", 202333, "Xavier Henry", "", "", "26:24", 8, 13, 0.615, 3, 4, 0.75, 3, 8, 0.375, 2, 4, 6, 2, 1, 0, 1, 1, 22, 15.0], ["0021300003", 1610612747, "LAL", "Los Angeles", 202325, "Wesley Johnson", "", "", "20:32", 1, 11, 0.091, 1, 4, 0.25, 0, 0, 0.0, 0, 3, 3, 1, 0, 1, 0, 4, 3, 15.0], ["0021300003", 1610612747, "LAL", "Los Angeles", 201941, "Jordan Hill", "", "", "18:02", 6, 8, 0.75, 0, 0, 0.0, 0, 0, 0.0, 7, 1, 8, 2, 1, 1, 1, 2, 12, 17.0], ["0021300003", 1610612747, "LAL", "Los Angeles", 203527, "Ryan Kelly", "", "DNP - Coach's Decision", null, null, null, null, null, null, null, null, null, null, null, null, null, null, null, null, null, null, null, null], ["0021300003", 1610612747, "LAL", "Los Angeles", 203135, "Robert Sacre", "", "DNP - Coach's Decision", null, null, null, null, null, null, null, null, null, null, null, null, null, null, null, null, null, null, null, null]], "name": "PlayerStats"}, {"headers": ["GAME_ID", "TEAM_ID", "TEAM_NAME", "TEAM_ABBREVIATION", "TEAM_CITY", "MIN", "FGM", "FGA", "FG_PCT", "FG3M", "FG3A", "FG3_PCT", "FTM", "FTA", "FT_PCT", "OREB", "DREB", "REB", "AST", "STL", "BLK", "TO", "PF", "PTS", "PLUS_MINUS"], "rowSet": [["0021300003", 1610612747, "Lakers", "LAL", "Los Angeles", "240:00", 42, 93, 0.452, 14, 29, 0.483, 18, 28, 0.643, 18, 34, 52, 23, 8, 6, 19, 23, 116, 13.0], ["0021300003", 1610612746, "Clippers", "LAC", "Los Angeles", "240:00", 41, 83, 0.494, 8, 21, 0.381, 13, 23, 0.565, 10, 30, 40, 27, 11, 4, 16, 21, 103, -13.0]], "name": "TeamStats"}, {"headers": ["LEAGUE_ID", "SEASON_ID", "TEAM_ID", "TEAM_ABBREVIATION", "TEAM_CITY", "PTS_PAINT", "PTS_2ND_CHANCE", "PTS_FB", "LARGEST_LEAD", "LEAD_CHANGES", "TIMES_TIED"], "rowSet": [["00", "22013", 1610612746, "LAC", "Los Angeles", 48, 16, 19, 17, 14, 9], ["00", "22013", 1610612747, "LAL", "Los Angeles", 42, 30, 13, 15, 14, 9]], "name": "OtherStats"}, {"headers": ["OFFICIAL_ID", "FIRST_NAME", "LAST_NAME", "JERSEY_NUM"], "rowSet": [[1152, "Dan", "Crawford", "43"], [2715, "Eric", "Lewis", "42"], [202041, "Kevin", "Scott", "79"]], "name": "Officials"}, {"headers": ["GAME_DATE", "ATTENDANCE", "GAME_TIME"], "rowSet": [["TUESDAY, OCTOBER 29, 2013", 18997, "2:28"]], "name": "GameInfo"}, {"headers": ["PLAYER_ID", "FIRST_NAME", "LAST_NAME", "JERSEY_NUM", "TEAM_ID", "TEAM_CITY", "TEAM_NAME", "TEAM_ABBREVIATION"], "rowSet": [[203146, "Maalik", "Wayns", " 5", 1610612746, "Los Angeles", "Clippers", "LAC"], [203548, "Elias", "Harris", " 2", 1610612747, "Los Angeles", "Lakers", "LAL"], [977, "Kobe", "Bryant", "24", 1610612747, "Los Angeles", "Lakers", "LAL"]], "name": "InactivePlayers"}, {"headers": ["VIDEO_AVAILABLE_FLAG"], "rowSet": [[1]], "name": "AvailableVideo"}], "parameters": {"GameID": "0021300003", "RangeType": 0, "StartPeriod": 0, "StartRange": 0, "EndPeriod": 0, "EndRange": 0}}