{"resource": "boxscore", "resultSets": [{"headers": ["GAME_DATE_EST", "GAME_SEQUENCE", "GAME_ID", "GAME_STATUS_ID", "GAME_STATUS_TEXT", "GAMECODE", "HOME_TEAM_ID", "VISITOR_TEAM_ID", "SEASON", "LIVE_PERIOD", "LIVE_PC_TIME", "NATL_TV_BROADCASTER_ABBREVIATION", "LIVE_PERIOD_TIME_BCAST", "WH_STATUS"], "rowSet": [["2013-10-30T00:00:00", 14, "0021300017", 3, "Final", "20131030/LALGSW", 1610612744, 1610612747, "2013", 4, "", "NBA TV", "Q4  - NBA TV", 1]], "name": "GameSummary"}, {"headers": ["GAME_DATE_EST", "GAME_SEQUENCE", "GAME_ID", "TEAM_ID", "TEAM_ABBREVIATION", "TEAM_CITY_NAME", "TEAM_WINS_LOSSES", "PTS_QTR1", "PTS_QTR2", "PTS_QTR3", "PTS_QTR4", "PTS_OT1", "PTS_OT2", "PTS_OT3", "PTS_OT4", "PTS_OT5", "PTS_OT6", "PTS_OT7", "PTS_OT8", "PTS_OT9", "PTS_OT10", "PTS"], "rowSet": [["2013-10-30T00:00:00", 14, "0021300017", 1610612744, "GSW", "Golden State", "1-0", 26, 33, 37, 29, 0, 0, 0, 0, 0, 0, 0, 0, 0, 0, 125], ["2013-10-30T00:00:00", 14, "0021300017", 1610612747, "LAL", "Los Angeles", "1-1", 16, 24, 23, 31, 0, 0, 0, 0, 0, 0, 0, 0, 0, 0, 94]], "name": "LineScore"}, {"headers": ["GAME_ID", "HOME_TEAM_ID", "VISITOR_TEAM_ID", "GAME_DATE_EST", "HOME_TEAM_WINS", "HOME_TEAM_LOSSES", "SERIES_LEADER"], "rowSet": [["0021300017", 1610612744, 1610612747, "2013-10-30T00:00:00", 2, 1, "Golden State"]], "name": "SeasonSeries"}, {"headers": ["GAME_ID", "LAST_GAME_ID", "LAST_GAME_DATE_EST", "LAST_GAME_HOME_TEAM_ID", "LAST_GAME_HOME_TEAM_CITY", "LAST_GAME_HOME_TEAM_NAME", "LAST_GAME_HOME_TEAM_ABBREVIATION", "LAST_GAME_HOME_TEAM_POINTS", "LAST_GAME_VISITOR_TEAM_ID", "LAST_GAME_VISITOR_TEAM_CITY", "LAST_GAME_VISITOR_TEAM_NAME", "LAST_GAME_VISITOR_TEAM_CITY1", "LAST_GAME_VISITOR_TEAM_POINTS"], "rowSet": [["0021300017", "0011300072", "2013-10-18T00:00:00", 1610612744, "Golden State", "Warriors", "GSW", 115, 1610612747, "Los Angeles", "Lakers", "LAL", 89]], "name": "LastMeeting"}, {"headers": ["GAME_ID", "TEAM_ID", "TEAM_ABBREVIATION", "TEAM_CITY", "PLAYER_ID", "PLAYER_NAME", "START_POSITION", "COMMENT", "MIN", "FGM", "FGA", "FG_PCT", "FG3M", "FG3A", "FG3_PCT", "FTM", "FTA", "FT_PCT", "OREB", "DREB", "REB", "AST", "STL", "BLK", "TO", "PF", "PTS", "PLUS_MINUS"], "rowSet": [["0021300017", 1610612747, "LAL", "Los Angeles", 201156, "Nick Young", "F", "", "19:43", 2, 9, 0.222, 1, 2, 0.5, 1, 1, 1.0, 0, 2, 2, 1, 0, 0, 0, 4, 6, -16.0], ["0021300017", 1610612747, "LAL", "Los Angeles", 200761, "Shawne Williams", "F", "", "11:31", 0, 1, 0.0, 0, 0, 0.0, 0, 0, 0.0, 2, 0, 2, 0, 0, 0, 0, 2, 0, -11.0], ["0021300017", 1610612747, "LAL", "Los Angeles", 2200, "Pau Gasol", "C", "", "23:03", 5, 10, 0.5, 0, 0, 0.0, 2, 2, 1.0, 2, 5, 7, 3, 0, 1, 3, 1, 12, -24.0], ["0021300017", 1610612747, "LAL", "Los Angeles", 201975, "Jodie Meeks", "G", "", "22:16", 4, 8, 0.5, 1, 3, 0.333, 5, 6, 0.833, 1, 2, 3, 0, 0, 0, 2, 0, 14, -28.0], ["0021300017", 1610612747, "LAL", "Los Angeles", 2581, "Steve Blake", "G", "", "31:40", 4, 13, 0.308, 2, 3, 0.667, 0, 0, 0.0, 0, 3, 3, 4, 2, 0, 2, 1, 10, -14.0], ["0021300017", 1610612747, "LAL", "Los Angeles", 2549, "Chris Kaman", "", "", "17:43", 5, 9, 0.556, 0, 0, 0.0, 1, 2, 0.5, 2, 2, 4, 0, 0, 0, 0, 1, 11, -13.0], ["0021300017", 1610612747, "LAL", "Los Angeles", 202325, "Wesley Johnson", "", "", "24:57", 4, 11, 0.364, 3, 6, 0.5, 0, 0, 0.0, 0, 3, 3, 3, 2, 2, 1, 5, 11, -7.0], ["0021300017", 1610612747, "LAL", "Los Angeles", 202333, "Xavier Henry", "", "", "35:31", 4, 11, 0.364, 0, 1, 0.0, 6, 9, 0.667, 0, 4, 4, 1, 0, 0, 4, 5, 14, -20.0], ["0021300017", 1610612747, "LAL", "Los Angeles", 200770, "Jordan Farmar", "", "", "25:35", 5, 13, 0.385, 1, 3, 0.333, 1, 1, 1.0, 0, 3, 3, 5, 0, 0, 3, 1, 12, -12.0], ["0021300017", 1610612747, "LAL", "Los Angeles", 201941, "Jordan Hill", "", "", "12:49", 1, 2, 0.5, 0, 0, 0.0, 0, 0, 0.0, 2, 5, 7, 1, 0, 0, 0, 2, 2, -6.0], ["0021300017", 1610612747, "LAL", "Los Angeles", 203548, "Elias Harris", "", "", "7:36", 0, 1, 0.0, 0, 0, 0.0, 0, 0, 0.0, 0, 0, 0, 1, 1, 0, 0, 0, 0, -2.0], ["0021300017", 1610612747, "LAL", "Los Angeles", 203135, "Robert Sacre", "", "", "7:36", 1, 1, 1.0, 0, 0, 0.0, 0, 0, 0.0, 0, 1, 1, 0, 0, 1, 1, 0, 2, -2.0], ["0021300017", 1610612747, "LAL", "Los Angeles", 959, "Steve Nash", "", "DNP - Coach's Decision", null, null, null, null, null, null, null, null, null, null, null, null, null, null, null, null, null, null, null, null], ["0021300017", 1610612744, "GSW", "Golden State", 2738, "Andre Iguodala", "F", "", "27:49", 3, 7, 0.429, 1, 3, 0.333, 0, 0, 0.0, 0, 4, 4, 4, 2, 1, 2, 1, 7, 28.0], ["0021300017", 1610612744, "GSW", "Golden State", 101135, "David Lee", "F", "", "26:34", 8, 13, 0.615, 0, 0, 0.0, 8, 9, 0.889, 3, 5, 8, 5, 0, 1, 4, 3, 24, 27.0], ["0021300017", 1610612744, "GSW", "Golden State", 101106, "Andrew Bogut", "C", "", "17:59", 1, 2, 0.5, 0, 0, 0.0, 0, 0, 0.0, 1, 7, 8, 4, 2, 2, 0, 4, 2, 17.0], ["0021300017", 1610612744, "GSW", "Golden State", 202691, "Klay Thompson", "G", "", "31:04", 15, 19, 0.789, 5, 7, 0.714, 3, 4, 0.75, 1, 2, 3, 1, 0, 0, 1, 3, 38, 30.0], ["0021300017", 1610612744, "GSW", "Golden State", 201939, "Stephen Curry", "G", "", "23:57", 4, 10, 0.4, 2, 5, 0.4, 0, 0, 0.0, 0, 4, 4, 6, 1, 0, 1, 4, 10, 28.0], ["0021300017", 1610612744, "GSW", "Golden State", 979, "Jermaine O'Neal", "", "", "19:50", 2, 5, 0.4, 0, 0, 0.0, 3, 4, 0.75, 0, 1, 1, 1, 1, 2, 1, 1, 7, 17.0], ["0021300017", 1610612744, "GSW", "Golden State", 203110, "Draymond Green", "", "", "18:59", 3, 4, 0.75, 1, 1, 1.0, 0, 0, 0.0, 0, 7, 7, 2, 0, 2, 0, 1, 7, 6.0], ["0021300017", 1610612744, "GSW", "Golden State", 201578, "Marreese Speights", "", "", "19:45", 2, 10, 0.2, 1, 2, 0.5, 2, 2, 1.0, 1, 7, 8, 3, 1, 0, 0, 2, 7, 3.0], ["0021300017", 1610612744, "GSW", "Golden State", 201962, "Toney Douglas", "", "", "24:29", 5, 8, 0.625, 3, 6, 0.5, 0, 0, 0.0, 1, 3, 4, 4, 0, 0, 2, 1, 13, 3.0], ["0021300017", 1610612744, "GSW", "Golden State", 203145, "Kent Bazemore", "", "", "12:13", 2, 5, 0.4, 2, 2, 1.0, 1, 2, 0.5, 0, 1, 1, 4, 1, 0, 1, 0, 7, -3.0], ["0021300017", 1610612744, "GSW", "Golden State", 203136, "Ognjen Kuzmic", "", "", "9:45", 1, 2, 0.5, 0, 0, 0.0, 1, 2, 0.5, 0, 0, 0, 0, 0, 1, 3, 2, 3, -3.0], ["0021300017", 1610612744, "GSW", "Golden State", 203517, "Nemanja Nedovic", "", "", "7:36", 0, 1, 0.0, 0, 1, 0.0, 0, 0, 0.0, 0, 0, 0, 0, 0, 0, 0, 0, 0, 2.0], ["0021300017", 1610612744, "GSW", "Golden State", 203084, "Harrison Barnes", "", "DNP - Coach's Decision", null, null, null, null, null, null, null, null, null, null, null, null, null, null, null, null, null, null, null, null]], "name": "PlayerStats"}, {"headers": ["GAME_ID", "TEAM_ID", "TEAM_NAME", "TEAM_ABBREVIATION", "TEAM_CITY", "MIN", "FGM", "FGA", "FG_PCT", "FG3M", "FG3A", "FG3_PCT", "FTM", "FTA", "FT_PCT", "OREB", "DREB", "REB", "AST", "STL", "BLK", "TO", "PF", "PTS", "PLUS_MINUS"], "rowSet": [["0021300017", 1610612747, "Lakers", "LAL", "Los Angeles", "240:00", 35, 89, 0.393, 8, 18, 0.444, 16, 21, 0.762, 9, 30, 39, 19, 5, 4, 16, 22, 94, -31.0], ["0021300017", 1610612744, "Warriors", "GSW", "Golden State", "240:00", 46, 86, 0.535, 15, 27, 0.556, 18, 23, 0.783, 7, 41, 48, 34, 8, 9, 15, 22, 125, 31.0]], "name": "TeamStats"}, {"headers": ["LEAGUE_ID", "SEASON_ID", "TEAM_ID", "TEAM_ABBREVIATION", "TEAM_CITY", "PTS_PAINT", "PTS_2ND_CHANCE", "PTS_FB", "LARGEST_LEAD", "LEAD_CHANGES", "TIMES_TIED"], "rowSet": [["00", "22013", 1610612744, "GSW", "Golden State", 40, 7, 22, 35, 0, 0], ["00", "22013", 1610612747, "LAL", "Los Angeles", 40, 10, 17, 35, 0, 0]], "name": "OtherStats"}, {"headers": ["OFFICIAL_ID", "FIRST_NAME", "LAST_NAME", "JERSEY_NUM"], "rowSet": [[1162, "Scott", "Foster", "48"], [1664, "Gary", "Zielinski", "59"], [201637, "Haywoode", "Workman", "66"]], "name": "Officials"}, {"headers": ["GAME_DATE", "ATTENDANCE", "GAME_TIME"], "rowSet": [["WEDNESDAY, OCTOBER 30, 2013", 19596, "2:10"]], "name": "GameInfo"}, {"headers": ["PLAYER_ID", "FIRST_NAME", "LAST_NAME", "JERSEY_NUM", "TEAM_ID", "TEAM_CITY", "TEAM_NAME", "TEAM_ABBREVIATION"], "rowSet": [[203527, "Ryan", "Kelly", " 4", 1610612747, "Los Angeles", "Lakers", "LAL"], [977, "Kobe", "Bryant", "24", 1610612747, "Los Angeles", "Lakers", "LAL"], [203105, "Festus", "Ezeli", "31", 1610612744, "Golden State", "Warriors", "GSW"]], "name": "InactivePlayers"}, {"headers": ["VIDEO_AVAILABLE_FLAG"], "rowSet": [[1]], "name": "AvailableVideo"}], "parameters": {"GameID": "0021300017", "RangeType": 0, "StartPeriod": 0, "StartRange": 0, "EndPeriod": 0, "EndRange": 0}}