{"resource": "boxscore", "resultSets": [{"headers": ["GAME_DATE_EST", "GAME_SEQUENCE", "GAME_ID", "GAME_STATUS_ID", "GAME_STATUS_TEXT", "GAMECODE", "HOME_TEAM_ID", "VISITOR_TEAM_ID", "SEASON", "LIVE_PERIOD", "LIVE_PC_TIME", "NATL_TV_BROADCASTER_ABBREVIATION", "LIVE_PERIOD_TIME_BCAST", "WH_STATUS"], "rowSet": [["2013-11-01T00:00:00", 11, "0021300030", 3, "Final", "20131101/UTAPHX", 1610612756, 1610612762, "2013", 4, "", null, "Q4  - ", 1]], "name": "GameSummary"}, {"headers": ["GAME_DATE_EST", "GAME_SEQUENCE", "GAME_ID", "TEAM_ID", "TEAM_ABBREVIATION", "TEAM_CITY_NAME", "TEAM_WINS_LOSSES", "PTS_QTR1", "PTS_QTR2", "PTS_QTR3", "PTS_QTR4", "PTS_OT1", "PTS_OT2", "PTS_OT3", "PTS_OT4", "PTS_OT5", "PTS_OT6", "PTS_OT7", "PTS_OT8", "PTS_OT9", "PTS_OT10", "PTS"], "rowSet": [["2013-11-01T00:00:00", 11, "0021300030", 1610612762, "UTA", "Utah", "0-2", 23, 23, 16, 22, 0, 0, 0, 0, 0, 0, 0, 0, 0, 0, 84], ["2013-11-01T00:00:00", 11, "0021300030", 1610612756, "PHX", "Phoenix", "2-0", 29, 14, 20, 24, 0, 0, 0, 0, 0, 0, 0, 0, 0, 0, 87]], "name": "LineScore"}, {"headers": ["GAME_ID", "HOME_TEAM_ID", "VISITOR_TEAM_ID", "GAME_DATE_EST", "HOME_TEAM_WINS", "HOME_TEAM_LOSSES", "SERIES_LEADER"], "rowSet": [["0021300030", 1610612756, 1610612762, "2013-11-01T00:00:00", 2, 1, "Phoenix"]], "name": "SeasonSeries"}, {"headers": ["GAME_ID", "LAST_GAME_ID", "LAST_GAME_DATE_EST", "LAST_GAME_HOME_TEAM_ID", "LAST_GAME_HOME_TEAM_CITY", "LAST_GAME_HOME_TEAM_NAME", "LAST_GAME_HOME_TEAM_ABBREVIATION", "LAST_GAME_HOME_TEAM_POINTS", "LAST_GAME_VISITOR_TEAM_ID", "LAST_GAME_VISITOR_TEAM_CITY", "LAST_GAME_VISITOR_TEAM_NAME", "LAST_GAME_VISITOR_TEAM_CITY1", "LAST_GAME_VISITOR_TEAM_POINTS"], "rowSet": [["0021300030", "0021201068", "2013-03-27T00:00:00", 1610612756, "Phoenix", "Suns", "PHX", 88, 1610612762, "Utah", "Jazz", "UTA", 103]], "name": "LastMeeting"}, {"headers": ["GAME_ID", "TEAM_ID", "TEAM_ABBREVIATION", "TEAM_CITY", "PLAYER_ID", "PLAYER_NAME", "START_POSITION", "COMMENT", "MIN", "FGM", "FGA", "FG_PCT", "FG3M", "FG3A", "FG3_PCT", "FTM", "FTA", "FT_PCT", "OREB", "DREB", "REB", "AST", "STL", "BLK", "TO", "PF", "PTS", "PLUS_MINUS"], "rowSet": [["0021300030", 1610612762, "UTA", "Utah", 2210, "Richard Jefferson", "F", "", "21:31", 1, 6, 0.167, 1, 4, 0.25, 4, 6, 0.667, 2, 2, 4, 2, 0, 0, 0, 2, 7, -3.0], ["0021300030", 1610612762, "UTA", "Utah", 202324, "Derrick Favors", "F", "", "37:19", 6, 12, 0.5, 0, 0, 0.0, 2, 2, 1.0, 4, 13, 17, 4, 0, 0, 4, 3, 14, -6.0], ["0021300030", 1610612762, "UTA", "Utah", 202683, "Enes Kanter", "C", "", "38:20", 8, 22, 0.364, 0, 0, 0.0, 4, 4, 1.0, 10, 2, 12, 1, 0, 0, 3, 4, 20, 4.0], ["0021300030", 1610612762, "UTA", "Utah", 202330, "Gordon Hayward", "G", "", "39:28", 6, 17, 0.353, 3, 5, 0.6, 3, 4, 0.75, 3, 7, 10, 8, 1, 0, 3, 1, 18, -8.0], ["0021300030", 1610612762, "UTA", "Utah", 101249, "John Lucas III", "G", "", "31:04", 2, 10, 0.2, 1, 6, 0.167, 0, 1, 0.0, 0, 0, 0, 1, 0, 0, 1, 3, 5, -4.0], ["0021300030", 1610612762, "UTA", "Utah", 203497, "Rudy Gobert", "", "", "7:57", 0, 0, 0.0, 0, 0, 0.0, 1, 2, 0.5, 0, 0, 0, 0, 0, 0, 4, 1, 1, -5.0], ["0021300030", 1610612762, "UTA", "Utah", 2224, "Jamaal Tinsley", "", "", "16:35", 2, 4, 0.5, 0, 1, 0.0, 0, 0, 0.0, 1, 2, 3, 3, 1, 0, 1, 1, 4, 5.0], ["0021300030", 1610612762, "UTA", "Utah", 202692, "Alec Burks", "", "", "26:46", 6, 9, 0.667, 0, 1, 0.0, 3, 7, 0.429, 0, 2, 2, 1, 0, 0, 3, 2, 15, -3.0], ["0021300030", 1610612762, "UTA", "Utah", 200839, "Michael Harris", "", "", "12:28", 0, 2, 0.0, 0, 0, 0.0, 0, 0, 0.0, 1, 1, 2, 0, 0, 0, 0, 2, 0, 0.0], ["0021300030", 1610612762, "UTA", "Utah", 203546, "Ian Clark", "", "", "8:32", 0, 3, 0.0, 0, 0, 0.0, 0, 1, 0.0, 1, 2, 3, 0, 1, 1, 1, 1, 0, 5.0], ["0021300030", 1610612762, "UTA", "Utah", 201575, "Brandon Rush", "", "DND - Left Knee Rehab", null, null, null, null, null, null, null, null, null, null, null, null, null, null, null, null, null, null, null, null], ["0021300030", 1610612762, "UTA", "Utah", 101107, "Marvin Williams", "", "DND - Right Achilles Rehab", null, null, null, null, null, null, null, null, null, null, null, null, null, null, null, null, null, null, null, null], ["0021300030", 1610612756, "PHX", "Phoenix", 200782, "PJ Tucker", "F", "", "32:47", 5, 8, 0.625, 2, 4, 0.5, 0, 0, 0.0, 2, 2, 4, 1, 2, 1, 2, 3, 12, 1.0], ["0021300030", 1610612756, "PHX", "Phoenix", 101112, "Channing Frye", "F", "", "22:15", 2, 7, 0.286, 0, 1, 0.0, 0, 0, 0.0, 1, 3, 4, 1, 1, 2, 1, 2, 4, 2.0], ["0021300030", 1610612756, "PHX", "Phoenix", 203101, "Miles Plumlee", "C", "", "34:51", 6, 11, 0.545, 0, 0, 0.0, 1, 2, 0.5, 5, 8, 13, 1, 0, 3, 0, 1, 13, 1.0], ["0021300030", 1610612756, "PHX", "Phoenix", 201609, "Goran Dragic", "G", "", "24:40", 2, 11, 0.182, 0, 3, 0.0, 1, 2, 0.5, 0, 2, 2, 5, 1, 1, 2, 2, 5, -1.0], ["0021300030", 1610612756, "PHX", "Phoenix", 202339, "Eric Bledsoe", "G", "", "27:37", 4, 15, 0.267, 2, 7, 0.286, 8, 10, 0.8, 1, 4, 5, 6, 2, 0, 5, 4, 18, 3.0], ["0021300030", 1610612756, "PHX", "Phoenix", 101123, "Gerald Green", "", "", "12:08", 2, 4, 0.5, 1, 2, 0.5, 2, 2, 1.0, 1, 0, 1, 0, 0, 0, 1, 3, 7, 4.0], ["0021300030", 1610612756, "PHX", "Phoenix", 202693, "Markieff Morris", "", "", "25:51", 3, 6, 0.5, 0, 0, 0.0, 0, 0, 0.0, 2, 4, 6, 0, 2, 0, 1, 1, 6, 2.0], ["0021300030", 1610612756, "PHX", "Phoenix", 203458, "Alex Len", "", "", "13:03", 1, 3, 0.333, 0, 0, 0.0, 1, 2, 0.5, 1, 0, 1, 0, 1, 1, 1, 4, 3, 1.0], ["0021300030", 1610612756, "PHX", "Phoenix", 202694, "Marcus Morris", "", "", "9:07", 0, 2, 0.0, 0, 1, 0.0, 4, 4, 1.0, 1, 0, 1, 0, 0, 0, 1, 2, 4, 0.0], ["0021300030", 1610612756, "PHX", "Phoenix", 203462, "Archie Goodwin", "", "", "10:52", 2, 5, 0.4, 0, 1, 0.0, 0, 0, 0.0, 0, 0, 0, 0, 0, 2, 1, 1, 4, -10.0], ["0021300030", 1610612756, "PHX", "Phoenix", 202397, "Ish Smith", "", "", "11:59", 1, 5, 0.2, 0, 1, 0.0, 0, 0, 0.0, 1, 4, 5, 1, 1, 0, 0, 0, 2, -5.0], ["0021300030", 1610612756, "PHX", "Phoenix", 202091, "Dionte Christmas", "", "", "14:50", 3, 6, 0.5, 1, 2, 0.5, 2, 2, 1.0, 1, 3, 4, 0, 0, 0, 1, 1, 9, 17.0], ["0021300030", 1610612756, "PHX", "Phoenix", 203139, "Viacheslav Kravtsov", "", "DNP - Coach's Decision", null, null, null, null, null, null, null, null, null, null, null, null, null, null, null, null, null, null, null, null]], "name": "PlayerStats"}, {"headers": ["GAME_ID", "TEAM_ID", "TEAM_NAME", "TEAM_ABBREVIATION", "TEAM_CITY", "MIN", "FGM", "FGA", "FG_PCT", "FG3M", "FG3A", "FG3_PCT", "FTM", "FTA", "FT_PCT", "OREB", "DREB", "REB", "AST", "STL", "BLK", "TO", "PF", "PTS", "PLUS_MINUS"], "rowSet": [["0021300030", 1610612762, "Jazz", "UTA", "Utah", "240:00", 31, 85, 0.365, 5, 17, 0.294, 17, 27, 0.63, 22, 31, 53, 20, 3, 1, 20, 20, 84, -3.0], ["0021300030", 1610612756, "Suns", "PHX", "Phoenix", "240:00", 31, 83, 0.373, 6, 22, 0.273, 19, 24, 0.792, 16, 30, 46, 15, 10, 10, 16, 24, 87, 3.0]], "name": "TeamStats"}, {"headers": ["LEAGUE_ID", "SEASON_ID", "TEAM_ID", "TEAM_ABBREVIATION", "TEAM_CITY", "PTS_PAINT", "PTS_2ND_CHANCE", "PTS_FB", "LARGEST_LEAD", "LEAD_CHANGES", "TIMES_TIED"], "rowSet": [["00", "22013", 1610612762, "UTA", "Utah", 36, 19, 14, 7, 12, 7], ["00", "22013", 1610612756, "PHX", "Phoenix", 40, 12, 24, 8, 12, 7]], "name": "OtherStats"}, {"headers": ["OFFICIAL_ID", "FIRST_NAME", "LAST_NAME", "JERSEY_NUM"], "rowSet": [[1147, "Mike", "Callahan", "24"], [2532, "Eli", "Roe", "44"], [201640, "Kane", "Fitzgerald", "35"]], "name": "Officials"}, {"headers": ["GAME_DATE", "ATTENDANCE", "GAME_TIME"], "rowSet": [["FRIDAY, NOVEMBER 1, 2013", 14662, "2:20"]], "name": "GameInfo"}, {"headers": ["PLAYER_ID", "FIRST_NAME", "LAST_NAME", "JERSEY_NUM", "TEAM_ID", "TEAM_CITY", "TEAM_NAME", "TEAM_ABBREVIATION"], "rowSet": [[203504, "Trey", "Burke", " 3", 1610612762, "Utah", "Jazz", "UTA"], [2740, "Andris", "Biedrins", "11", 1610612762, "Utah", "Jazz", "UTA"], [202379, "Jeremy", "Evans", "40", 1610612762, "Utah", "Jazz", "UTA"], [2731, "Emeka", "Okafor", "50", 1610612756, "Phoenix", "Suns", "PHX"]], "name": "InactivePlayers"}, {"headers": ["VIDEO_AVAILABLE_FLAG"], "rowSet": [[1]], "name": "AvailableVideo"}], "parameters": {"GameID": "0021300030", "RangeType": 0, "StartPeriod": 0, "StartRange": 0, "EndPeriod": 0, "EndRange": 0}}