{"resource": "boxscore", "resultSets": [{"headers": ["GAME_DATE_EST", "GAME_SEQUENCE", "GAME_ID", "GAME_STATUS_ID", "GAME_STATUS_TEXT", "GAMECODE", "HOME_TEAM_ID", "VISITOR_TEAM_ID", "SEASON", "LIVE_PERIOD", "LIVE_PC_TIME", "NATL_TV_BROADCASTER_ABBREVIATION", "LIVE_PERIOD_TIME_BCAST", "WH_STATUS"], "rowSet": [["2013-11-04T00:00:00", 3, "0021300049", 3, "Final", "20131104/BOSMEM", 1610612763, 1610612738, "2013", 4, "", null, "Q4  - ", 1]], "name": "GameSummary"}, {"headers": ["GAME_DATE_EST", "GAME_SEQUENCE", "GAME_ID", "TEAM_ID", "TEAM_ABBREVIATION", "TEAM_CITY_NAME", "TEAM_WINS_LOSSES", "PTS_QTR1", "PTS_QTR2", "PTS_QTR3", "PTS_QTR4", "PTS_OT1", "PTS_OT2", "PTS_OT3", "PTS_OT4", "PTS_OT5", "PTS_OT6", "PTS_OT7", "PTS_OT8", "PTS_OT9", "PTS_OT10", "PTS"], "rowSet": [["2013-11-04T00:00:00", 3, "0021300049", 1610612738, "BOS", "Boston", "0-4", 24, 26, 22, 16, 0, 0, 0, 0, 0, 0, 0, 0, 0, 0, 88], ["2013-11-04T00:00:00", 3, "0021300049", 1610612763, "MEM", "Memphis", "2-2", 27, 19, 20, 29, 0, 0, 0, 0, 0, 0, 0, 0, 0, 0, 95]], "name": "LineScore"}, {"headers": ["GAME_ID", "HOME_TEAM_ID", "VISITOR_TEAM_ID", "GAME_DATE_EST", "HOME_TEAM_WINS", "HOME_TEAM_LOSSES", "SERIES_LEADER"], "rowSet": [["0021300049", 1610612763, 1610612738, "2013-11-04T00:00:00", 2, 0, "Memphis"]], "name": "SeasonSeries"}, {"headers": ["GAME_ID", "LAST_GAME_ID", "LAST_GAME_DATE_EST", "LAST_GAME_HOME_TEAM_ID", "LAST_GAME_HOME_TEAM_CITY", "LAST_GAME_HOME_TEAM_NAME", "LAST_GAME_HOME_TEAM_ABBREVIATION", "LAST_GAME_HOME_TEAM_POINTS", "LAST_GAME_VISITOR_TEAM_ID", "LAST_GAME_VISITOR_TEAM_CITY", "LAST_GAME_VISITOR_TEAM_NAME", "LAST_GAME_VISITOR_TEAM_CITY1", "LAST_GAME_VISITOR_TEAM_POINTS"], "rowSet": [["0021300049", "0021201036", "2013-03-23T00:00:00", 1610612763, "Memphis", "Grizzlies", "MEM", 110, 1610612738, "Boston", "Celtics", "BOS", 106]], "name": "LastMeeting"}, {"headers": ["GAME_ID", "TEAM_ID", "TEAM_ABBREVIATION", "TEAM_CITY", "PLAYER_ID", "PLAYER_NAME", "START_POSITION", "COMMENT", "MIN", "FGM", "FGA", "FG_PCT", "FG3M", "FG3A", "FG3_PCT", "FTM", "FTA", "FT_PCT", "OREB", "DREB", "REB", "AST", "STL", "BLK", "TO", "PF", "PTS", "PLUS_MINUS"], "rowSet": [["0021300049", 1610612738, "BOS", "Boston", 2222, "Gerald Wallace", "F", "", "27:34", 0, 0, 0.0, 0, 0, 0.0, 0, 0, 0.0, 0, 3, 3, 3, 2, 0, 3, 2, 0, -11.0], ["0021300049", 1610612738, "BOS", "Boston", 101138, "Brandon Bass", "F", "", "23:00", 3, 11, 0.273, 0, 1, 0.0, 0, 0, 0.0, 1, 3, 4, 1, 1, 3, 1, 2, 6, -14.0], ["0021300049", 1610612738, "BOS", "Boston", 203543, "Vitor Faverani", "C", "", "27:38", 2, 4, 0.5, 1, 3, 0.333, 0, 0, 0.0, 2, 4, 6, 0, 1, 1, 3, 4, 5, -19.0], ["0021300049", 1610612738, "BOS", "Boston", 201145, "Jeff Green", "G", "", "40:27", 6, 12, 0.5, 1, 4, 0.25, 9, 12, 0.75, 0, 5, 5, 1, 0, 1, 2, 2, 22, -13.0], ["0021300049", 1610612738, "BOS", "Boston", 202340, "Avery Bradley", "G", "", "32:29", 6, 12, 0.5, 0, 2, 0.0, 2, 2, 1.0, 0, 0, 0, 3, 1, 0, 1, 3, 14, -13.0], ["0021300049", 1610612738, "BOS", "Boston", 202348, "Jordan Crawford", "", "", "24:37", 4, 7, 0.571, 2, 4, 0.5, 2, 2, 1.0, 0, 2, 2, 4, 3, 1, 1, 1, 12, -1.0], ["0021300049", 1610612738, "BOS", "Boston", 203482, "Kelly Olynyk", "", "", "24:40", 1, 8, 0.125, 0, 1, 0.0, 2, 2, 1.0, 0, 4, 4, 0, 0, 0, 4, 3, 4, 7.0], ["0021300049", 1610612738, "BOS", "Boston", 201584, "Courtney Lee", "", "", "18:53", 4, 5, 0.8, 1, 2, 0.5, 0, 0, 0.0, 0, 3, 3, 2, 1, 0, 2, 0, 9, 17.0], ["0021300049", 1610612738, "BOS", "Boston", 203096, "Jared Sullinger", "", "", "20:42", 7, 11, 0.636, 2, 3, 0.667, 0, 0, 0.0, 1, 4, 5, 0, 0, 0, 0, 4, 16, 12.0], ["0021300049", 1610612738, "BOS", "Boston", 2586, "Keith Bogans", "", "DNP - Coach's Decision", null, null, null, null, null, null, null, null, null, null, null, null, null, null, null, null, null, null, null, null], ["0021300049", 1610612738, "BOS", "Boston", 202705, "MarShon Brooks", "", "DNP - Coach's Decision", null, null, null, null, null, null, null, null, null, null, null, null, null, null, null, null, null, null, null, null], ["0021300049", 1610612738, "BOS", "Boston", 2743, "Kris Humphries", "", "DNP - Coach's Decision", null, null, null, null, null, null, null, null, null, null, null, null, null, null, null, null, null, null, null, null], ["0021300049", 1610612738, "BOS", "Boston", 203515, "Phil Pressey", "", "DNP - Coach's Decision", null, null, null, null, null, null, null, null, null, null, null, null, null, null, null, null, null, null, null, null], ["0021300049", 1610612763, "MEM", "Memphis", 2419, "Tayshaun Prince", "F", "", "19:49", 2, 4, 0.5, 0, 0, 0.0, 0, 0, 0.0, 1, 2, 3, 3, 0, 0, 1, 0, 4, 7.0], ["0021300049", 1610612763, "MEM", "Memphis", 2216, "Zach Randolph", "F", "", "32:01", 6, 11, 0.545, 0, 0, 0.0, 3, 3, 1.0, 4, 3, 7, 1, 0, 0, 5, 3, 15, 17.0], ["0021300049", 1610612763, "MEM", "Memphis", 201188, "Marc Gasol", "C", "", "35:03", 6, 10, 0.6, 0, 0, 0.0, 2, 2, 1.0, 0, 8, 8, 2, 0, 0, 1, 3, 14, 5.0], ["0021300049", 1610612763, "MEM", "Memphis", 2754, "Tony Allen", "G", "", "29:41", 3, 5, 0.6, 0, 2, 0.0, 2, 4, 0.5, 1, 3, 4, 3, 4, 0, 4, 2, 8, 17.0], ["0021300049", 1610612763, "MEM", "Memphis", 201144, "Mike Conley", "G", "", "32:33", 5, 14, 0.357, 1, 3, 0.333, 4, 4, 1.0, 0, 2, 2, 8, 0, 0, 2, 2, 15, 7.0], ["0021300049", 1610612763, "MEM", "Memphis", 202347, "Quincy Pondexter", "", "", "19:19", 2, 6, 0.333, 2, 3, 0.667, 2, 2, 1.0, 0, 1, 1, 0, 0, 0, 2, 2, 8, -14.0], ["0021300049", 1610612763, "MEM", "Memphis", 2034, "Mike Miller", "", "", "23:23", 2, 4, 0.5, 1, 3, 0.333, 0, 0, 0.0, 1, 4, 5, 2, 0, 0, 1, 1, 5, -1.0], ["0021300049", 1610612763, "MEM", "Memphis", 202334, "Ed Davis", "", "", "7:42", 2, 6, 0.333, 0, 0, 0.0, 0, 0, 0.0, 2, 1, 3, 0, 0, 0, 2, 2, 4, -13.0], ["0021300049", 1610612763, "MEM", "Memphis", 201585, "Kosta Koufos", "", "", "12:37", 1, 1, 1.0, 0, 0, 0.0, 1, 3, 0.333, 0, 2, 2, 2, 0, 1, 0, 2, 3, 0.0], ["0021300049", 1610612763, "MEM", "Memphis", 201573, "Jerryd Bayless", "", "", "21:01", 6, 11, 0.545, 1, 3, 0.333, 2, 2, 1.0, 0, 1, 1, 1, 2, 1, 0, 1, 15, 6.0], ["0021300049", 1610612763, "MEM", "Memphis", 202720, "Jon Leuer", "", "", "6:52", 1, 2, 0.5, 0, 1, 0.0, 2, 2, 1.0, 0, 0, 0, 1, 0, 0, 0, 1, 4, 4.0], ["0021300049", 1610612763, "MEM", "Memphis", 201979, "Nick Calathes", "", "DNP - Coach's Decision", null, null, null, null, null, null, null, null, null, null, null, null, null, null, null, null, null, null, null, null], ["0021300049", 1610612763, "MEM", "Memphis", 203479, "Jamaal Franklin", "", "DNP - Coach's Decision", null, null, null, null, null, null, null, null, null, null, null, null, null, null, null, null, null, null, null, null]], "name": "PlayerStats"}, {"headers": ["GAME_ID", "TEAM_ID", "TEAM_NAME", "TEAM_ABBREVIATION", "TEAM_CITY", "MIN", "FGM", "FGA", "FG_PCT", "FG3M", "FG3A", "FG3_PCT", "FTM", "FTA", "FT_PCT", "OREB", "DREB", "REB", "AST", "STL", "BLK", "TO", "PF", "PTS", "PLUS_MINUS"], "rowSet": [["0021300049", 1610612763, "Grizzlies", "MEM", "Memphis", "240:00", 36, 74, 0.486, 5, 15, 0.333, 18, 22, 0.818, 9, 27, 36, 23, 6, 2, 18, 19, 95, 7.0], ["0021300049", 1610612738, "Celtics", "BOS", "Boston", "240:00", 33, 70, 0.471, 7, 20, 0.35, 15, 18, 0.833, 4, 28, 32, 14, 9, 6, 17, 21, 88, -7.0]], "name": "TeamStats"}, {"headers": ["LEAGUE_ID", "SEASON_ID", "TEAM_ID", "TEAM_ABBREVIATION", "TEAM_CITY", "PTS_PAINT", "PTS_2ND_CHANCE", "PTS_FB", "LARGEST_LEAD", "LEAD_CHANGES", "TIMES_TIED"], "rowSet": [["00", "22013", 1610612763, "MEM", "Memphis", 34, 14, 10, 9, 11, 6], ["00", "22013", 1610612738, "BOS", "Boston", 30, 4, 14, 9, 11, 6]], "name": "OtherStats"}, {"headers": ["OFFICIAL_ID", "FIRST_NAME", "LAST_NAME", "JERSEY_NUM"], "rowSet": [[1168, "David", "Jones", "36"], [2529, "Tony", "Brown", "6"], [202037, "JT", "Orr", "72"]], "name": "Officials"}, {"headers": ["GAME_DATE", "ATTENDANCE", "GAME_TIME"], "rowSet": [["MONDAY, NOVEMBER 4, 2013", 15872, "2:17"]], "name": "GameInfo"}, {"headers": ["PLAYER_ID", "FIRST_NAME", "LAST_NAME", "JERSEY_NUM", "TEAM_ID", "TEAM_CITY", "TEAM_NAME", "TEAM_ABBREVIATION"], "rowSet": [[200765, "Rajon", "Rondo", " 9", 1610612738, "Boston", "Celtics", "BOS"]], "name": "InactivePlayers"}, {"headers": ["VIDEO_AVAILABLE_FLAG"], "rowSet": [[1]], "name": "AvailableVideo"}], "parameters": {"GameID": "0021300049", "RangeType": 0, "StartPeriod": 0, "StartRange": 0, "EndPeriod": 0, "EndRange": 0}}