{"resource": "boxscore", "resultSets": [{"headers": ["GAME_DATE_EST", "GAME_SEQUENCE", "GAME_ID", "GAME_STATUS_ID", "GAME_STATUS_TEXT", "GAMECODE", "HOME_TEAM_ID", "VISITOR_TEAM_ID", "SEASON", "LIVE_PERIOD", "LIVE_PC_TIME", "NATL_TV_BROADCASTER_ABBREVIATION", "LIVE_PERIOD_TIME_BCAST", "WH_STATUS"], "rowSet": [["2013-10-30T00:00:00", 8, "0021300011", 3, "Final", "20131030/INDNOP", 1610612740, 1610612754, "2013", 4, "", null, "Q4  - ", 1]], "name": "GameSummary"}, {"headers": ["GAME_DATE_EST", "GAME_SEQUENCE", "GAME_ID", "TEAM_ID", "TEAM_ABBREVIATION", "TEAM_CITY_NAME", "TEAM_WINS_LOSSES", "PTS_QTR1", "PTS_QTR2", "PTS_QTR3", "PTS_QTR4", "PTS_OT1", "PTS_OT2", "PTS_OT3", "PTS_OT4", "PTS_OT5", "PTS_OT6", "PTS_OT7", "PTS_OT8", "PTS_OT9", "PTS_OT10", "PTS"], "rowSet": [["2013-10-30T00:00:00", 8, "0021300011", 1610612740, "NOP", "New Orleans", "0-1", 24, 26, 16, 24, 0, 0, 0, 0, 0, 0, 0, 0, 0, 0, 90], ["2013-10-30T00:00:00", 8, "0021300011", 1610612754, "IND", "Indiana", "2-0", 14, 22, 23, 36, 0, 0, 0, 0, 0, 0, 0, 0, 0, 0, 95]], "name": "LineScore"}, {"headers": ["GAME_ID", "HOME_TEAM_ID", "VISITOR_TEAM_ID", "GAME_DATE_EST", "HOME_TEAM_WINS", "HOME_TEAM_LOSSES", "SERIES_LEADER"], "rowSet": [["0021300011", 1610612740, 1610612754, "2013-10-30T00:00:00", 0, 2, "Indiana"]], "name": "SeasonSeries"}, {"headers": ["GAME_ID", "LAST_GAME_ID", "LAST_GAME_DATE_EST", "LAST_GAME_HOME_TEAM_ID", "LAST_GAME_HOME_TEAM_CITY", "LAST_GAME_HOME_TEAM_NAME", "LAST_GAME_HOME_TEAM_ABBREVIATION", "LAST_GAME_HOME_TEAM_POINTS", "LAST_GAME_VISITOR_TEAM_ID", "LAST_GAME_VISITOR_TEAM_CITY", "LAST_GAME_VISITOR_TEAM_NAME", "LAST_GAME_VISITOR_TEAM_CITY1", "LAST_GAME_VISITOR_TEAM_POINTS"], "rowSet": [["0021300011", "0021200393", "2012-12-22T00:00:00", 1610612740, "New Orleans", "Pelicans", "NOP", 75, 1610612754, "Indiana", "Pacers", "IND", 81]], "name": "LastMeeting"}, {"headers": ["GAME_ID", "TEAM_ID", "TEAM_ABBREVIATION", "TEAM_CITY", "PLAYER_ID", "PLAYER_NAME", "START_POSITION", "COMMENT", "MIN", "FGM", "FGA", "FG_PCT", "FG3M", "FG3A", "FG3_PCT", "FTM", "FTA", "FT_PCT", "OREB", "DREB", "REB", "AST", "STL", "BLK", "TO", "PF", "PTS", "PLUS_MINUS"], "rowSet": [["0021300011", 1610612754, "IND", "Indiana", 202331, "Paul George", "F", "", "39:26", 9, 19, 0.474, 4, 11, 0.364, 10, 13, 0.769, 0, 6, 6, 5, 2, 0, 2, 2, 32, 9.0], ["0021300011", 1610612754, "IND", "Indiana", 2561, "David West", "F", "", "33:21", 3, 11, 0.273, 0, 0, 0.0, 6, 6, 1.0, 0, 7, 7, 5, 1, 2, 3, 3, 12, 3.0], ["0021300011", 1610612754, "IND", "Indiana", 201579, "Roy Hibbert", "C", "", "21:37", 2, 5, 0.4, 0, 0, 0.0, 2, 3, 0.667, 2, 2, 4, 1, 0, 5, 2, 5, 6, 7.0], ["0021300011", 1610612754, "IND", "Indiana", 202362, "Lance Stephenson", "G", "", "41:20", 7, 12, 0.583, 2, 4, 0.5, 0, 0, 0.0, 2, 6, 8, 4, 0, 0, 2, 1, 16, 3.0], ["0021300011", 1610612754, "IND", "Indiana", 201588, "George Hill", "G", "", "35:43", 6, 13, 0.462, 4, 7, 0.571, 3, 4, 0.75, 0, 1, 1, 4, 1, 0, 3, 4, 19, 1.0], ["0021300011", 1610612754, "IND", "Indiana", 101133, "Ian Mahinmi", "", "", "24:14", 0, 3, 0.0, 0, 0, 0.0, 0, 0, 0.0, 1, 6, 7, 0, 1, 4, 1, 1, 0, -4.0], ["0021300011", 1610612754, "IND", "Indiana", 203111, "Orlando Johnson", "", "", "12:36", 0, 2, 0.0, 0, 1, 0.0, 2, 2, 1.0, 0, 0, 0, 0, 0, 0, 0, 0, 2, 1.0], ["0021300011", 1610612754, "IND", "Indiana", 201228, "CJ Watson", "", "", "15:08", 0, 1, 0.0, 0, 0, 0.0, 2, 2, 1.0, 0, 2, 2, 0, 0, 0, 0, 0, 2, 0.0], ["0021300011", 1610612754, "IND", "Indiana", 2449, "Luis Scola", "", "", "16:35", 3, 4, 0.75, 0, 0, 0.0, 0, 0, 0.0, 1, 1, 2, 0, 0, 1, 3, 2, 6, 5.0], ["0021300011", 1610612754, "IND", "Indiana", 2446, "Rasual Butler", "", "DNP - Coach's Decision", null, null, null, null, null, null, null, null, null, null, null, null, null, null, null, null, null, null, null, null], ["0021300011", 1610612754, "IND", "Indiana", 203142, "Chris Copeland", "", "DNP - Coach's Decision", null, null, null, null, null, null, null, null, null, null, null, null, null, null, null, null, null, null, null, null], ["0021300011", 1610612754, "IND", "Indiana", 203524, "Solomon Hill", "", "DNP - Coach's Decision", null, null, null, null, null, null, null, null, null, null, null, null, null, null, null, null, null, null, null, null], ["0021300011", 1610612754, "IND", "Indiana", 202388, "Donald Sloan", "", "DNP - Coach's Decision", null, null, null, null, null, null, null, null, null, null, null, null, null, null, null, null, null, null, null, null], ["0021300011", 1610612740, "NOP", "New Orleans", 202329, "Al-Farouq Aminu", "F", "", "23:13", 0, 2, 0.0, 0, 1, 0.0, 1, 2, 0.5, 0, 4, 4, 2, 2, 0, 1, 5, 1, -6.0], ["0021300011", 1610612740, "NOP", "New Orleans", 203076, "Anthony Davis", "F", "", "37:44", 8, 20, 0.4, 0, 0, 0.0, 4, 4, 1.0, 7, 5, 12, 0, 1, 3, 4, 4, 20, -2.0], ["0021300011", 1610612740, "NOP", "New Orleans", 201160, "Jason Smith", "C", "", "20:27", 4, 6, 0.667, 0, 0, 0.0, 0, 0, 0.0, 1, 1, 2, 1, 0, 1, 0, 6, 8, 8.0], ["0021300011", 1610612740, "NOP", "New Orleans", 201569, "Eric Gordon", "G", "", "33:29", 8, 19, 0.421, 3, 5, 0.6, 6, 9, 0.667, 1, 2, 3, 1, 2, 0, 1, 0, 25, -2.0], ["0021300011", 1610612740, "NOP", "New Orleans", 201950, "Jrue Holiday", "G", "", "36:08", 8, 18, 0.444, 2, 4, 0.5, 6, 6, 1.0, 0, 7, 7, 5, 1, 0, 2, 3, 24, -6.0], ["0021300011", 1610612740, "NOP", "New Orleans", 201936, "Tyreke Evans", "", "", "22:40", 2, 8, 0.25, 0, 0, 0.0, 0, 0, 0.0, 0, 2, 2, 3, 0, 0, 3, 2, 4, -7.0], ["0021300011", 1610612740, "NOP", "New Orleans", 201880, "Greg Stiemsma", "", "", "14:58", 1, 2, 0.5, 0, 0, 0.0, 0, 0, 0.0, 4, 1, 5, 0, 1, 1, 2, 4, 2, -5.0], ["0021300011", 1610612740, "NOP", "New Orleans", 201627, "Anthony Morrow", "", "", "14:04", 1, 3, 0.333, 0, 1, 0.0, 0, 0, 0.0, 0, 1, 1, 0, 0, 0, 0, 0, 2, 1.0], ["0021300011", 1610612740, "NOP", "New Orleans", 203148, "Brian Roberts", "", "", "14:43", 1, 2, 0.5, 0, 0, 0.0, 0, 0, 0.0, 0, 1, 1, 2, 0, 0, 0, 1, 2, 4.0], ["0021300011", 1610612740, "NOP", "New Orleans", 202498, "Lance Thomas", "", "", "7:09", 0, 2, 0.0, 0, 0, 0.0, 0, 0, 0.0, 1, 0, 1, 0, 0, 0, 1, 1, 0, -10.0], ["0021300011", 1610612740, "NOP", "New Orleans", 202620, "Arinze Onuaku", "", "", "15:25", 1, 3, 0.333, 0, 0, 0.0, 0, 0, 0.0, 1, 4, 5, 3, 0, 0, 1, 3, 2, 0.0], ["0021300011", 1610612740, "NOP", "New Orleans", 203085, "Austin Rivers", "", "DNP - Coach's Decision", null, null, null, null, null, null, null, null, null, null, null, null, null, null, null, null, null, null, null, null], ["0021300011", 1610612740, "NOP", "New Orleans", 203481, "Jeff Withey", "", "DNP - Coach's Decision", null, null, null, null, null, null, null, null, null, null, null, null, null, null, null, null, null, null, null, null]], "name": "PlayerStats"}, {"headers": ["GAME_ID", "TEAM_ID", "TEAM_NAME", "TEAM_ABBREVIATION", "TEAM_CITY", "MIN", "FGM", "FGA", "FG_PCT", "FG3M", "FG3A", "FG3_PCT", "FTM", "FTA", "FT_PCT", "OREB", "DREB", "REB", "AST", "STL", "BLK", "TO", "PF", "PTS", "PLUS_MINUS"], "rowSet": [["0021300011", 1610612740, "Pelicans", "NOP", "New Orleans", "240:00", 34, 85, 0.4, 5, 11, 0.455, 17, 21, 0.81, 15, 28, 43, 17, 7, 5, 15, 29, 90, -5.0], ["0021300011", 1610612754, "Pacers", "IND", "Indiana", "240:00", 30, 70, 0.429, 10, 23, 0.435, 25, 30, 0.833, 6, 31, 37, 19, 5, 12, 16, 18, 95, 5.0]], "name": "TeamStats"}, {"headers": ["LEAGUE_ID", "SEASON_ID", "TEAM_ID", "TEAM_ABBREVIATION", "TEAM_CITY", "PTS_PAINT", "PTS_2ND_CHANCE", "PTS_FB", "LARGEST_LEAD", "LEAD_CHANGES", "TIMES_TIED"], "rowSet": [["00", "22013", 1610612754, "IND", "Indiana", 32, 7, 5, 16, 5, 4], ["00", "22013", 1610612740, "NOP", "New Orleans", 32, 10, 13, 14, 5, 4]], "name": "OtherStats"}, {"headers": ["OFFICIAL_ID", "FIRST_NAME", "LAST_NAME", "JERSEY_NUM"], "rowSet": [[1190, "Eddie", "Rush", "32"], [1194, "Bill", "Spooner", "22"], [2002, "Derrick", "Collins", "11"]], "name": "Officials"}, {"headers": ["GAME_DATE", "ATTENDANCE", "GAME_TIME"], "rowSet": [["WEDNESDAY, OCTOBER 30, 2013", 17803, "2:27"]], "name": "GameInfo"}, {"headers": ["PLAYER_ID", "FIRST_NAME", "LAST_NAME", "JERSEY_NUM", "TEAM_ID", "TEAM_CITY", "TEAM_NAME", "TEAM_ABBREVIATION"], "rowSet": [[101122, "Danny", "Granger", "33", 1610612754, "Indiana", "Pacers", "IND"], [203121, "Darius", "Miller", " 2", 1610612740, "New Orleans", "Pelicans", "NOP"], [201583, "Ryan", "Anderson", "33", 1610612740, "New Orleans", "Pelicans", "NOP"]], "name": "InactivePlayers"}, {"headers": ["VIDEO_AVAILABLE_FLAG"], "rowSet": [[1]], "name": "AvailableVideo"}], "parameters": {"GameID": "0021300011", "RangeType": 0, "StartPeriod": 0, "StartRange": 0, "EndPeriod": 0, "EndRange": 0}}