{"resource": "boxscore", "resultSets": [{"headers": ["GAME_DATE_EST", "GAME_SEQUENCE", "GAME_ID", "GAME_STATUS_ID", "GAME_STATUS_TEXT", "GAMECODE", "HOME_TEAM_ID", "VISITOR_TEAM_ID", "SEASON", "LIVE_PERIOD", "LIVE_PC_TIME", "NATL_TV_BROADCASTER_ABBREVIATION", "LIVE_PERIOD_TIME_BCAST", "WH_STATUS"], "rowSet": [["2013-11-05T00:00:00", 5, "0021300055", 3, "Final", "20131105/PHXNOP", 1610612740, 1610612756, "2013", 4, "", null, "Q4  - ", 1]], "name": "GameSummary"}, {"headers": ["GAME_DATE_EST", "GAME_SEQUENCE", "GAME_ID", "TEAM_ID", "TEAM_ABBREVIATION", "TEAM_CITY_NAME", "TEAM_WINS_LOSSES", "PTS_QTR1", "PTS_QTR2", "PTS_QTR3", "PTS_QTR4", "PTS_OT1", "PTS_OT2", "PTS_OT3", "PTS_OT4", "PTS_OT5", "PTS_OT6", "PTS_OT7", "PTS_OT8", "PTS_OT9", "PTS_OT10", "PTS"], "rowSet": [["2013-11-05T00:00:00", 5, "0021300055", 1610612740, "NOP", "New Orleans", "1-3", 28, 17, 24, 29, 0, 0, 0, 0, 0, 0, 0, 0, 0, 0, 98], ["2013-11-05T00:00:00", 5, "0021300055", 1610612756, "PHX", "Phoenix", "3-1", 17, 24, 37, 26, 0, 0, 0, 0, 0, 0, 0, 0, 0, 0, 104]], "name": "LineScore"}, {"headers": ["GAME_ID", "HOME_TEAM_ID", "VISITOR_TEAM_ID", "GAME_DATE_EST", "HOME_TEAM_WINS", "HOME_TEAM_LOSSES", "SERIES_LEADER"], "rowSet": [["0021300055", 1610612740, 1610612756, "2013-11-05T00:00:00", 0, 2, "Phoenix"]], "name": "SeasonSeries"}, {"headers": ["GAME_ID", "LAST_GAME_ID", "LAST_GAME_DATE_EST", "LAST_GAME_HOME_TEAM_ID", "LAST_GAME_HOME_TEAM_CITY", "LAST_GAME_HOME_TEAM_NAME", "LAST_GAME_HOME_TEAM_ABBREVIATION", "LAST_GAME_HOME_TEAM_POINTS", "LAST_GAME_VISITOR_TEAM_ID", "LAST_GAME_VISITOR_TEAM_CITY", "LAST_GAME_VISITOR_TEAM_NAME", "LAST_GAME_VISITOR_TEAM_CITY1", "LAST_GAME_VISITOR_TEAM_POINTS"], "rowSet": [["0021300055", "0021201152", "2013-04-07T00:00:00", 1610612740, "New Orleans", "Pelicans", "NOP", 95, 1610612756, "Phoenix", "Suns", "PHX", 92]], "name": "LastMeeting"}, {"headers": ["GAME_ID", "TEAM_ID", "TEAM_ABBREVIATION", "TEAM_CITY", "PLAYER_ID", "PLAYER_NAME", "START_POSITION", "COMMENT", "MIN", "FGM", "FGA", "FG_PCT", "FG3M", "FG3A", "FG3_PCT", "FTM", "FTA", "FT_PCT", "OREB", "DREB", "REB", "AST", "STL", "BLK", "TO", "PF", "PTS", "PLUS_MINUS"], "rowSet": [["0021300055", 1610612756, "PHX", "Phoenix", 200782, "PJ Tucker", "F", "", "35:16", 3, 6, 0.5, 1, 2, 0.5, 0, 0, 0.0, 0, 6, 6, 3, 1, 0, 1, 2, 7, 0.0], ["0021300055", 1610612756, "PHX", "Phoenix", 101112, "Channing Frye", "F", "", "18:53", 2, 6, 0.333, 0, 2, 0.0, 0, 0, 0.0, 0, 3, 3, 0, 1, 0, 1, 3, 4, 4.0], ["0021300055", 1610612756, "PHX", "Phoenix", 203101, "Miles Plumlee", "C", "", "29:27", 4, 10, 0.4, 0, 0, 0.0, 2, 6, 0.333, 1, 4, 5, 0, 1, 0, 1, 2, 10, -4.0], ["0021300055", 1610612756, "PHX", "Phoenix", 101123, "Gerald Green", "G", "", "30:55", 6, 12, 0.5, 6, 10, 0.6, 0, 0, 0.0, 0, 3, 3, 3, 0, 3, 2, 2, 18, 14.0], ["0021300055", 1610612756, "PHX", "Phoenix", 202339, "Eric Bledsoe", "G", "", "31:51", 10, 12, 0.833, 1, 2, 0.5, 4, 4, 1.0, 0, 4, 4, 5, 3, 0, 5, 2, 25, 0.0], ["0021300055", 1610612756, "PHX", "Phoenix", 202693, "Markieff Morris", "", "", "29:10", 7, 15, 0.467, 1, 2, 0.5, 2, 4, 0.5, 1, 4, 5, 4, 2, 0, 0, 2, 17, 14.0], ["0021300055", 1610612756, "PHX", "Phoenix", 203462, "Archie Goodwin", "", "", "17:05", 1, 4, 0.25, 1, 3, 0.333, 0, 0, 0.0, 0, 2, 2, 1, 1, 0, 1, 2, 3, -8.0], ["0021300055", 1610612756, "PHX", "Phoenix", 203139, "Viacheslav Kravtsov", "", "", "4:49", 1, 1, 1.0, 0, 0, 0.0, 0, 0, 0.0, 1, 1, 2, 0, 0, 0, 2, 1, 2, -3.0], ["0021300055", 1610612756, "PHX", "Phoenix", 202694, "Marcus Morris", "", "", "26:25", 4, 8, 0.5, 2, 3, 0.667, 6, 8, 0.75, 4, 5, 9, 1, 1, 0, 1, 4, 16, 7.0], ["0021300055", 1610612756, "PHX", "Phoenix", 202397, "Ish Smith", "", "", "16:09", 1, 4, 0.25, 0, 1, 0.0, 0, 0, 0.0, 0, 2, 2, 8, 0, 1, 1, 0, 2, 6.0], ["0021300055", 1610612756, "PHX", "Phoenix", 202091, "Dionte Christmas", "", "DNP - Coach's Decision", null, null, null, null, null, null, null, null, null, null, null, null, null, null, null, null, null, null, null, null], ["0021300055", 1610612756, "PHX", "Phoenix", 201609, "Goran Dragic", "", "DNP - Coach's Decision", null, null, null, null, null, null, null, null, null, null, null, null, null, null, null, null, null, null, null, null], ["0021300055", 1610612756, "PHX", "Phoenix", 203458, "Alex Len", "", "DNP - Coach's Decision", null, null, null, null, null, null, null, null, null, null, null, null, null, null, null, null, null, null, null, null], ["0021300055", 1610612740, "NOP", "New Orleans", 202329, "Al-Farouq Aminu", "F", "", "27:17", 4, 6, 0.667, 0, 0, 0.0, 0, 0, 0.0, 2, 4, 6, 2, 2, 1, 0, 1, 8, 0.0], ["0021300055", 1610612740, "NOP", "New Orleans", 203076, "Anthony Davis", "F", "", "39:42", 5, 14, 0.357, 0, 0, 0.0, 7, 8, 0.875, 1, 10, 11, 0, 0, 5, 1, 4, 17, -3.0], ["0021300055", 1610612740, "NOP", "New Orleans", 201160, "Jason Smith", "C", "", "26:26", 5, 7, 0.714, 0, 0, 0.0, 3, 4, 0.75, 1, 4, 5, 3, 0, 1, 1, 2, 13, 2.0], ["0021300055", 1610612740, "NOP", "New Orleans", 201569, "Eric Gordon", "G", "", "34:13", 7, 17, 0.412, 3, 5, 0.6, 3, 3, 1.0, 1, 2, 3, 5, 3, 0, 2, 3, 20, -4.0], ["0021300055", 1610612740, "NOP", "New Orleans", 201950, "Jrue Holiday", "G", "", "24:55", 1, 7, 0.143, 1, 2, 0.5, 0, 0, 0.0, 1, 4, 5, 9, 2, 2, 6, 2, 3, -6.0], ["0021300055", 1610612740, "NOP", "New Orleans", 203148, "Brian Roberts", "", "", "29:35", 7, 14, 0.5, 3, 6, 0.5, 0, 0, 0.0, 0, 1, 1, 5, 3, 0, 0, 4, 17, -1.0], ["0021300055", 1610612740, "NOP", "New Orleans", 201880, "Greg Stiemsma", "", "", "15:49", 0, 1, 0.0, 0, 0, 0.0, 1, 2, 0.5, 0, 3, 3, 0, 0, 1, 0, 1, 1, -7.0], ["0021300055", 1610612740, "NOP", "New Orleans", 201936, "Tyreke Evans", "", "", "21:23", 4, 10, 0.4, 1, 1, 1.0, 0, 2, 0.0, 1, 3, 4, 2, 1, 1, 3, 3, 9, -11.0], ["0021300055", 1610612740, "NOP", "New Orleans", 201627, "Anthony Morrow", "", "", "20:40", 4, 9, 0.444, 2, 4, 0.5, 0, 0, 0.0, 1, 1, 2, 0, 1, 0, 0, 0, 10, 0.0], ["0021300055", 1610612740, "NOP", "New Orleans", 202620, "Arinze Onuaku", "", "DNP - Coach's Decision", null, null, null, null, null, null, null, null, null, null, null, null, null, null, null, null, null, null, null, null], ["0021300055", 1610612740, "NOP", "New Orleans", 203085, "Austin Rivers", "", "DNP - Coach's Decision", null, null, null, null, null, null, null, null, null, null, null, null, null, null, null, null, null, null, null, null], ["0021300055", 1610612740, "NOP", "New Orleans", 202498, "Lance Thomas", "", "DNP - Coach's Decision", null, null, null, null, null, null, null, null, null, null, null, null, null, null, null, null, null, null, null, null], ["0021300055", 1610612740, "NOP", "New Orleans", 203481, "Jeff Withey", "", "DNP - Coach's Decision", null, null, null, null, null, null, null, null, null, null, null, null, null, null, null, null, null, null, null, null]], "name": "PlayerStats"}, {"headers": ["GAME_ID", "TEAM_ID", "TEAM_NAME", "TEAM_ABBREVIATION", "TEAM_CITY", "MIN", "FGM", "FGA", "FG_PCT", "FG3M", "FG3A", "FG3_PCT", "FTM", "FTA", "FT_PCT", "OREB", "DREB", "REB", "AST", "STL", "BLK", "TO", "PF", "PTS", "PLUS_MINUS"], "rowSet": [["0021300055", 1610612756, "Suns", "PHX", "Phoenix", "240:00", 39, 78, 0.5, 12, 25, 0.48, 14, 22, 0.636, 7, 34, 41, 25, 10, 4, 15, 20, 104, 6.0], ["0021300055", 1610612740, "Pelicans", "NOP", "New Orleans", "240:00", 37, 85, 0.435, 10, 18, 0.556, 14, 19, 0.737, 8, 32, 40, 26, 12, 11, 13, 20, 98, -6.0]], "name": "TeamStats"}, {"headers": ["LEAGUE_ID", "SEASON_ID", "TEAM_ID", "TEAM_ABBREVIATION", "TEAM_CITY", "PTS_PAINT", "PTS_2ND_CHANCE", "PTS_FB", "LARGEST_LEAD", "LEAD_CHANGES", "TIMES_TIED"], "rowSet": [["00", "22013", 1610612740, "NOP", "New Orleans", 30, 12, 24, 14, 4, 3], ["00", "22013", 1610612756, "PHX", "Phoenix", 38, 4, 20, 14, 4, 3]], "name": "OtherStats"}, {"headers": ["OFFICIAL_ID", "FIRST_NAME", "LAST_NAME", "JERSEY_NUM"], "rowSet": [[2001, "Jason", "Phillips", "23"], [201638, "Brent", "Barnaky", "70"], [202027, "Tre", "Maddox", "73"]], "name": "Officials"}, {"headers": ["GAME_DATE", "ATTENDANCE", "GAME_TIME"], "rowSet": [["TUESDAY, NOVEMBER 5, 2013", 13404, "2:13"]], "name": "GameInfo"}, {"headers": ["PLAYER_ID", "FIRST_NAME", "LAST_NAME", "JERSEY_NUM", "TEAM_ID", "TEAM_CITY", "TEAM_NAME", "TEAM_ABBREVIATION"], "rowSet": [[203121, "Darius", "Miller", " 2", 1610612740, "New Orleans", "Pelicans", "NOP"], [201583, "Ryan", "Anderson", "33", 1610612740, "New Orleans", "Pelicans", "NOP"], [2731, "Emeka", "Okafor", "50", 1610612756, "Phoenix", "Suns", "PHX"]], "name": "InactivePlayers"}, {"headers": ["VIDEO_AVAILABLE_FLAG"], "rowSet": [[1]], "name": "AvailableVideo"}], "parameters": {"GameID": "0021300055", "RangeType": 0, "StartPeriod": 0, "StartRange": 0, "EndPeriod": 0, "EndRange": 0}}