{"resource": "boxscore", "resultSets": [{"headers": ["GAME_DATE_EST", "GAME_SEQUENCE", "GAME_ID", "GAME_STATUS_ID", "GAME_STATUS_TEXT", "GAMECODE", "HOME_TEAM_ID", "VISITOR_TEAM_ID", "SEASON", "LIVE_PERIOD", "LIVE_PC_TIME", "NATL_TV_BROADCASTER_ABBREVIATION", "LIVE_PERIOD_TIME_BCAST", "WH_STATUS"], "rowSet": [["2013-10-29T00:00:00", 1, "0021300001", 3, "Final", "20131029/ORLIND", 1610612754, 1610612753, "2013", 4, "", null, "Q4  - ", 1]], "name": "GameSummary"}, {"headers": ["GAME_DATE_EST", "GAME_SEQUENCE", "GAME_ID", "TEAM_ID", "TEAM_ABBREVIATION", "TEAM_CITY_NAME", "TEAM_WINS_LOSSES", "PTS_QTR1", "PTS_QTR2", "PTS_QTR3", "PTS_QTR4", "PTS_OT1", "PTS_OT2", "PTS_OT3", "PTS_OT4", "PTS_OT5", "PTS_OT6", "PTS_OT7", "PTS_OT8", "PTS_OT9", "PTS_OT10", "PTS"], "rowSet": [["2013-10-29T00:00:00", 1, "0021300001", 1610612753, "ORL", "Orlando", "0-1", 18, 26, 20, 23, 0, 0, 0, 0, 0, 0, 0, 0, 0, 0, 87], ["2013-10-29T00:00:00", 1, "0021300001", 1610612754, "IND", "Indiana", "1-0", 23, 17, 29, 28, 0, 0, 0, 0, 0, 0, 0, 0, 0, 0, 97]], "name": "LineScore"}, {"headers": ["GAME_ID", "HOME_TEAM_ID", "VISITOR_TEAM_ID", "GAME_DATE_EST", "HOME_TEAM_WINS", "HOME_TEAM_LOSSES", "SERIES_LEADER"], "rowSet": [["0021300001", 1610612754, 1610612753, "2013-10-29T00:00:00", 1, 0, "Indiana"]], "name": "SeasonSeries"}, {"headers": ["GAME_ID", "LAST_GAME_ID", "LAST_GAME_DATE_EST", "LAST_GAME_HOME_TEAM_ID", "LAST_GAME_HOME_TEAM_CITY", "LAST_GAME_HOME_TEAM_NAME", "LAST_GAME_HOME_TEAM_ABBREVIATION", "LAST_GAME_HOME_TEAM_POINTS", "LAST_GAME_VISITOR_TEAM_ID", "LAST_GAME_VISITOR_TEAM_CITY", "LAST_GAME_VISITOR_TEAM_NAME", "LAST_GAME_VISITOR_TEAM_CITY1", "LAST_GAME_VISITOR_TEAM_POINTS"], "rowSet": [["0021300001", "0021201004", "2013-03-19T00:00:00", 1610612754, "Indiana", "Pacers", "IND", 95, 1610612753, "Orlando", "Magic", "ORL", 73]], "name": "LastMeeting"}, {"headers": ["GAME_ID", "TEAM_ID", "TEAM_ABBREVIATION", "TEAM_CITY", "PLAYER_ID", "PLAYER_NAME", "START_POSITION", "COMMENT", "MIN", "FGM", "FGA", "FG_PCT", "FG3M", "FG3A", "FG3_PCT", "FTM", "FTA", "FT_PCT", "OREB", "DREB", "REB", "AST", "STL", "BLK", "TO", "PF", "PTS", "PLUS_MINUS"], "rowSet": [["0021300001", 1610612753, "ORL", "Orlando", 101131, "Jason Maxiell", "F", "", "26:19", 0, 5, 0.0, 0, 0, 0.0, 0, 0, 0.0, 1, 4, 5, 0, 1, 2, 2, 2, 0, -15.0], ["0021300001", 1610612753, "ORL", "Orlando", 203090, "Maurice Harkless", "F", "", "23:30", 6, 13, 0.462, 2, 2, 1.0, 0, 1, 0.0, 1, 0, 1, 0, 1, 0, 0, 4, 14, -3.0], ["0021300001", 1610612753, "ORL", "Orlando", 202696, "Nikola Vucevic", "C", "", "30:39", 4, 11, 0.364, 0, 0, 0.0, 0, 0, 0.0, 5, 5, 10, 3, 2, 1, 5, 4, 8, -22.0], ["0021300001", 1610612753, "ORL", "Orlando", 201167, "Arron Afflalo", "G", "", "32:59", 3, 14, 0.214, 1, 5, 0.2, 2, 3, 0.667, 1, 2, 3, 1, 0, 0, 1, 1, 9, -14.0], ["0021300001", 1610612753, "ORL", "Orlando", 2749, "Jameer Nelson", "G", "", "30:34", 4, 13, 0.308, 3, 7, 0.429, 1, 1, 1.0, 1, 4, 5, 7, 2, 0, 2, 1, 12, -11.0], ["0021300001", 1610612753, "ORL", "Orlando", 203506, "Victor Oladipo", "", "", "22:35", 4, 11, 0.364, 1, 2, 0.5, 3, 5, 0.6, 1, 2, 3, 2, 1, 0, 3, 2, 12, -11.0], ["0021300001", 1610612753, "ORL", "Orlando", 203094, "Andrew Nicholson", "", "", "19:17", 8, 10, 0.8, 2, 2, 1.0, 0, 0, 0.0, 1, 3, 4, 0, 1, 0, 1, 4, 18, 0.0], ["0021300001", 1610612753, "ORL", "Orlando", 202734, "E'Twaun Moore", "", "", "25:45", 3, 6, 0.5, 0, 1, 0.0, 0, 0, 0.0, 1, 0, 1, 1, 2, 0, 2, 2, 6, 3.0], ["0021300001", 1610612753, "ORL", "Orlando", 203124, "Kyle O'Quinn", "", "", "14:23", 3, 7, 0.429, 0, 0, 0.0, 0, 0, 0.0, 0, 4, 4, 0, 0, 3, 1, 2, 6, 10.0], ["0021300001", 1610612753, "ORL", "Orlando", 101179, "Ronnie Price", "", "", "8:37", 1, 2, 0.5, 0, 0, 0.0, 0, 0, 0.0, 0, 1, 1, 3, 0, 0, 0, 2, 2, 6.0], ["0021300001", 1610612753, "ORL", "Orlando", 200780, "Solomon Jones", "", "", "5:22", 0, 1, 0.0, 0, 0, 0.0, 0, 0, 0.0, 1, 1, 2, 0, 0, 0, 0, 2, 0, 7.0], ["0021300001", 1610612753, "ORL", "Orlando", 202699, "Tobias Harris", "", "NWT - Sprained Left Ankle", null, null, null, null, null, null, null, null, null, null, null, null, null, null, null, null, null, null, null, null], ["0021300001", 1610612753, "ORL", "Orlando", 203117, "Doron Lamb", "", "DND - Sprained Right Ankle", null, null, null, null, null, null, null, null, null, null, null, null, null, null, null, null, null, null, null, null], ["0021300001", 1610612754, "IND", "Indiana", 202331, "Paul George", "F", "", "36:05", 8, 16, 0.5, 3, 6, 0.5, 5, 7, 0.714, 1, 5, 6, 5, 1, 3, 4, 0, 24, 11.0], ["0021300001", 1610612754, "IND", "Indiana", 2561, "David West", "F", "", "30:43", 4, 11, 0.364, 0, 0, 0.0, 5, 5, 1.0, 0, 5, 5, 3, 2, 5, 5, 2, 13, 11.0], ["0021300001", 1610612754, "IND", "Indiana", 201579, "Roy Hibbert", "C", "", "26:54", 3, 6, 0.5, 0, 0, 0.0, 2, 4, 0.5, 6, 10, 16, 0, 1, 7, 3, 0, 8, 14.0], ["0021300001", 1610612754, "IND", "Indiana", 202362, "Lance Stephenson", "G", "", "35:38", 8, 12, 0.667, 2, 3, 0.667, 1, 2, 0.5, 2, 5, 7, 5, 0, 1, 1, 2, 19, 11.0], ["0021300001", 1610612754, "IND", "Indiana", 201588, "George Hill", "G", "", "29:04", 2, 8, 0.25, 0, 2, 0.0, 3, 4, 0.75, 0, 2, 2, 0, 0, 0, 1, 0, 7, 5.0], ["0021300001", 1610612754, "IND", "Indiana", 203111, "Orlando Johnson", "", "", "15:12", 3, 4, 0.75, 1, 2, 0.5, 2, 2, 1.0, 0, 1, 1, 0, 0, 0, 1, 1, 9, 11.0], ["0021300001", 1610612754, "IND", "Indiana", 2449, "Luis Scola", "", "", "20:43", 4, 7, 0.571, 0, 0, 0.0, 0, 0, 0.0, 0, 1, 1, 1, 0, 0, 1, 2, 8, -2.0], ["0021300001", 1610612754, "IND", "Indiana", 201228, "CJ Watson", "", "", "19:54", 2, 5, 0.4, 1, 4, 0.25, 0, 2, 0.0, 0, 2, 2, 3, 0, 0, 1, 0, 5, 2.0], ["0021300001", 1610612754, "IND", "Indiana", 203524, "Solomon Hill", "", "", "8:07", 0, 1, 0.0, 0, 0, 0.0, 0, 0, 0.0, 0, 1, 1, 0, 0, 0, 1, 1, 0, -10.0], ["0021300001", 1610612754, "IND", "Indiana", 101133, "Ian Mahinmi", "", "", "16:42", 0, 1, 0.0, 0, 0, 0.0, 4, 6, 0.667, 1, 2, 3, 0, 0, 2, 2, 5, 4, 0.0], ["0021300001", 1610612754, "IND", "Indiana", 2446, "Rasual Butler", "", "", "0:58", 0, 0, 0.0, 0, 0, 0.0, 0, 0, 0.0, 0, 0, 0, 0, 0, 0, 0, 0, 0, -3.0], ["0021300001", 1610612754, "IND", "Indiana", 203142, "Chris Copeland", "", "DNP - Coach's Decision", null, null, null, null, null, null, null, null, null, null, null, null, null, null, null, null, null, null, null, null], ["0021300001", 1610612754, "IND", "Indiana", 202388, "Donald Sloan", "", "DNP - Coach's Decision", null, null, null, null, null, null, null, null, null, null, null, null, null, null, null, null, null, null, null, null]], "name": "PlayerStats"}, {"headers": ["GAME_ID", "TEAM_ID", "TEAM_NAME", "TEAM_ABBREVIATION", "TEAM_CITY", "MIN", "FGM", "FGA", "FG_PCT", "FG3M", "FG3A", "FG3_PCT", "FTM", "FTA", "FT_PCT", "OREB", "DREB", "REB", "AST", "STL", "BLK", "TO", "PF", "PTS", "PLUS_MINUS"], "rowSet": [["0021300001", 1610612753, "Magic", "ORL", "Orlando", "240:00", 36, 93, 0.387, 9, 19, 0.474, 6, 10, 0.6, 13, 26, 39, 17, 10, 6, 17, 26, 87, -10.0], ["0021300001", 1610612754, "Pacers", "IND", "Indiana", "240:00", 34, 71, 0.479, 7, 17, 0.412, 22, 32, 0.688, 10, 34, 44, 17, 4, 18, 20, 13, 97, 10.0]], "name": "TeamStats"}, {"headers": ["LEAGUE_ID", "SEASON_ID", "TEAM_ID", "TEAM_ABBREVIATION", "TEAM_CITY", "PTS_PAINT", "PTS_2ND_CHANCE", "PTS_FB", "LARGEST_LEAD", "LEAD_CHANGES", "TIMES_TIED"], "rowSet": [["00", "22013", 1610612754, "IND", "Indiana", 36, 11, 13, 19, 12, 3], ["00", "22013", 1610612753, "ORL", "Orlando", 34, 18, 10, 19, 12, 3]], "name": "OtherStats"}, {"headers": ["OFFICIAL_ID", "FIRST_NAME", "LAST_NAME", "JERSEY_NUM"], "rowSet": [[1179, "Rodney", "Mott", "71"], [2005, "Matt", "Boland", "18"], [2003, "Pat", "Fraher", "26"]], "name": "Officials"}, {"headers": ["GAME_DATE", "ATTENDANCE", "GAME_TIME"], "rowSet": [["TUESDAY, OCTOBER 29, 2013", 18165, "2:18"]], "name": "GameInfo"}, {"headers": ["PLAYER_ID", "FIRST_NAME", "LAST_NAME", "JERSEY_NUM", "TEAM_ID", "TEAM_CITY", "TEAM_NAME", "TEAM_ABBREVIATION"], "rowSet": [[2045, "Hedo", "Turkoglu", "15", 1610612753, "Orlando", "Magic", "ORL"], [201175, "Glen", "Davis", "11", 1610612753, "Orlando", "Magic", "ORL"], [101122, "Danny", "Granger", "33", 1610612754, "Indiana", "Pacers", "IND"]], "name": "InactivePlayers"}, {"headers": ["VIDEO_AVAILABLE_FLAG"], "rowSet": [[1]], "name": "AvailableVideo"}], "parameters": {"GameID": "0021300001", "RangeType": 0, "StartPeriod": 0, "StartRange": 0, "EndPeriod": 0, "EndRange": 0}}