{"resource": "boxscore", "resultSets": [{"headers": ["GAME_DATE_EST", "GAME_SEQUENCE", "GAME_ID", "GAME_STATUS_ID", "GAME_STATUS_TEXT", "GAMECODE", "HOME_TEAM_ID", "VISITOR_TEAM_ID", "SEASON", "LIVE_PERIOD", "LIVE_PC_TIME", "NATL_TV_BROADCASTER_ABBREVIATION", "LIVE_PERIOD_TIME_BCAST", "WH_STATUS"], "rowSet": [["2013-11-06T00:00:00", 1, "0021300060", 3, "Final", "20131106/TORCHA", 1610612766, 1610612761, "2013", 4, "", null, "Q4  - ", 1]], "name": "GameSummary"}, {"headers": ["GAME_DATE_EST", "GAME_SEQUENCE", "GAME_ID", "TEAM_ID", "TEAM_ABBREVIATION", "TEAM_CITY_NAME", "TEAM_WINS_LOSSES", "PTS_QTR1", "PTS_QTR2", "PTS_QTR3", "PTS_QTR4", "PTS_OT1", "PTS_OT2", "PTS_OT3", "PTS_OT4", "PTS_OT5", "PTS_OT6", "PTS_OT7", "PTS_OT8", "PTS_OT9", "PTS_OT10", "PTS"], "rowSet": [["2013-11-06T00:00:00", 1, "0021300060", 1610612761, "TOR", "Toronto", "2-3", 18, 35, 17, 20, 0, 0, 0, 0, 0, 0, 0, 0, 0, 0, 90], ["2013-11-06T00:00:00", 1, "0021300060", 1610612766, "CHA", "Charlotte", "3-2", 32, 21, 23, 16, 0, 0, 0, 0, 0, 0, 0, 0, 0, 0, 92]], "name": "LineScore"}, {"headers": ["GAME_ID", "HOME_TEAM_ID", "VISITOR_TEAM_ID", "GAME_DATE_EST", "HOME_TEAM_WINS", "HOME_TEAM_LOSSES", "SERIES_LEADER"], "rowSet": [["0021300060", 1610612766, 1610612761, "2013-11-06T00:00:00", 3, 0, "Charlotte"]], "name": "SeasonSeries"}, {"headers": ["GAME_ID", "LAST_GAME_ID", "LAST_GAME_DATE_EST", "LAST_GAME_HOME_TEAM_ID", "LAST_GAME_HOME_TEAM_CITY", "LAST_GAME_HOME_TEAM_NAME", "LAST_GAME_HOME_TEAM_ABBREVIATION", "LAST_GAME_HOME_TEAM_POINTS", "LAST_GAME_VISITOR_TEAM_ID", "LAST_GAME_VISITOR_TEAM_CITY", "LAST_GAME_VISITOR_TEAM_NAME", "LAST_GAME_VISITOR_TEAM_CITY1", "LAST_GAME_VISITOR_TEAM_POINTS"], "rowSet": [["0021300060", "0021201008", "2013-03-20T00:00:00", 1610612766, "Charlotte", "Bobcats", "CHA", 107, 1610612761, "Toronto", "Raptors", "TOR", 101]], "name": "LastMeeting"}, {"headers": ["GAME_ID", "TEAM_ID", "TEAM_ABBREVIATION", "TEAM_CITY", "PLAYER_ID", "PLAYER_NAME", "START_POSITION", "COMMENT", "MIN", "FGM", "FGA", "FG_PCT", "FG3M", "FG3A", "FG3_PCT", "FTM", "FTA", "FT_PCT", "OREB", "DREB", "REB", "AST", "STL", "BLK", "TO", "PF", "PTS", "PLUS_MINUS"], "rowSet": [["0021300060", 1610612761, "TOR", "Toronto", 200752, "Rudy Gay", "F", "", "36:31", 8, 21, 0.381, 0, 1, 0.0, 4, 5, 0.8, 3, 2, 5, 2, 0, 1, 3, 3, 20, -9.0], ["0021300060", 1610612761, "TOR", "Toronto", 101161, "Amir Johnson", "F", "", "36:30", 6, 9, 0.667, 1, 2, 0.5, 0, 0, 0.0, 1, 6, 7, 1, 1, 0, 2, 4, 13, -1.0], ["0021300060", 1610612761, "TOR", "Toronto", 202685, "Jonas Valanciunas", "C", "", "27:34", 5, 8, 0.625, 0, 0, 0.0, 2, 2, 1.0, 3, 7, 10, 1, 0, 0, 1, 2, 12, -13.0], ["0021300060", 1610612761, "TOR", "Toronto", 201942, "DeMar DeRozan", "G", "", "37:57", 5, 16, 0.313, 2, 5, 0.4, 2, 2, 1.0, 0, 3, 3, 3, 0, 0, 1, 4, 14, -1.0], ["0021300060", 1610612761, "TOR", "Toronto", 200768, "Kyle Lowry", "G", "", "33:11", 3, 7, 0.429, 2, 3, 0.667, 0, 0, 0.0, 1, 2, 3, 6, 1, 1, 2, 5, 8, -9.0], ["0021300060", 1610612761, "TOR", "Toronto", 202361, "Landry Fields", "", "", "16:55", 2, 3, 0.667, 0, 0, 0.0, 0, 0, 0.0, 1, 4, 5, 2, 0, 1, 0, 3, 4, 3.0], ["0021300060", 1610612761, "TOR", "Toronto", 201946, "Tyler Hansbrough", "", "", "21:41", 4, 6, 0.667, 0, 0, 0.0, 1, 1, 1.0, 2, 2, 4, 0, 0, 0, 3, 3, 9, 2.0], ["0021300060", 1610612761, "TOR", "Toronto", 201948, "Austin Daye", "", "", "3:01", 0, 1, 0.0, 0, 1, 0.0, 0, 0, 0.0, 0, 1, 1, 1, 0, 0, 0, 2, 0, 4.0], ["0021300060", 1610612761, "TOR", "Toronto", 201571, "D.J. Augustin", "", "", "6:12", 0, 1, 0.0, 0, 0, 0.0, 3, 3, 1.0, 0, 0, 0, 0, 0, 0, 0, 0, 3, 5.0], ["0021300060", 1610612761, "TOR", "Toronto", 203082, "Terrence Ross", "", "", "11:51", 2, 6, 0.333, 2, 3, 0.667, 1, 2, 0.5, 0, 0, 0, 0, 0, 0, 0, 0, 7, 7.0], ["0021300060", 1610612761, "TOR", "Toronto", 202933, "Julyan Stone", "", "", "8:37", 0, 1, 0.0, 0, 1, 0.0, 0, 0, 0.0, 0, 0, 0, 2, 0, 0, 0, 1, 0, 2.0], ["0021300060", 1610612761, "TOR", "Toronto", 202779, "Dwight Buycks", "", "DNP - Coach's Decision", null, null, null, null, null, null, null, null, null, null, null, null, null, null, null, null, null, null, null, null], ["0021300060", 1610612761, "TOR", "Toronto", 201189, "Aaron Gray", "", "DNP - Coach's Decision", null, null, null, null, null, null, null, null, null, null, null, null, null, null, null, null, null, null, null, null], ["0021300060", 1610612766, "CHA", "Charlotte", 203077, "Michael Kidd-Gilchrist", "F", "", "28:37", 6, 7, 0.857, 0, 0, 0.0, 2, 2, 1.0, 0, 4, 4, 2, 1, 1, 1, 5, 14, -1.0], ["0021300060", 1610612766, "CHA", "Charlotte", 201177, "Josh McRoberts", "F", "", "30:07", 5, 14, 0.357, 1, 4, 0.25, 2, 4, 0.5, 0, 6, 6, 5, 1, 1, 1, 1, 13, 3.0], ["0021300060", 1610612766, "CHA", "Charlotte", 202687, "Bismack Biyombo", "C", "", "39:49", 3, 4, 0.75, 0, 0, 0.0, 2, 6, 0.333, 4, 7, 11, 0, 0, 3, 0, 2, 8, 0.0], ["0021300060", 1610612766, "CHA", "Charlotte", 201945, "Gerald Henderson", "G", "", "34:14", 10, 17, 0.588, 0, 2, 0.0, 3, 4, 0.75, 1, 2, 3, 4, 2, 0, 2, 4, 23, 1.0], ["0021300060", 1610612766, "CHA", "Charlotte", 202689, "Kemba Walker", "G", "", "38:31", 2, 13, 0.154, 1, 5, 0.2, 0, 0, 0.0, 0, 4, 4, 7, 1, 1, 0, 0, 5, 9.0], ["0021300060", 1610612766, "CHA", "Charlotte", 203106, "Jeff Taylor", "", "", "28:04", 5, 10, 0.5, 1, 4, 0.25, 2, 4, 0.5, 1, 2, 3, 1, 0, 0, 2, 3, 13, 0.0], ["0021300060", 1610612766, "CHA", "Charlotte", 203469, "Cody Zeller", "", "", "17:53", 3, 3, 1.0, 0, 0, 0.0, 0, 2, 0.0, 2, 1, 3, 2, 0, 0, 0, 1, 6, -1.0], ["0021300060", 1610612766, "CHA", "Charlotte", 201196, "Ramon Sessions", "", "", "14:34", 1, 4, 0.25, 0, 0, 0.0, 6, 8, 0.75, 0, 1, 1, 3, 0, 0, 2, 2, 8, -3.0], ["0021300060", 1610612766, "CHA", "Charlotte", 202399, "Jeff Adrien", "", "", "8:11", 1, 1, 1.0, 0, 0, 0.0, 0, 0, 0.0, 2, 0, 2, 0, 0, 2, 0, 1, 2, 2.0], ["0021300060", 1610612766, "CHA", "Charlotte", 2732, "Ben Gordon", "", "DNP - Coach's Decision", null, null, null, null, null, null, null, null, null, null, null, null, null, null, null, null, null, null, null, null], ["0021300060", 1610612766, "CHA", "Charlotte", 2457, "Jannero Pargo", "", "DNP - Coach's Decision", null, null, null, null, null, null, null, null, null, null, null, null, null, null, null, null, null, null, null, null], ["0021300060", 1610612766, "CHA", "Charlotte", 203480, "James Southerland", "", "DNP - Coach's Decision", null, null, null, null, null, null, null, null, null, null, null, null, null, null, null, null, null, null, null, null], ["0021300060", 1610612766, "CHA", "Charlotte", 201229, "Anthony Tolliver", "", "DNP - Coach's Decision", null, null, null, null, null, null, null, null, null, null, null, null, null, null, null, null, null, null, null, null]], "name": "PlayerStats"}, {"headers": ["GAME_ID", "TEAM_ID", "TEAM_NAME", "TEAM_ABBREVIATION", "TEAM_CITY", "MIN", "FGM", "FGA", "FG_PCT", "FG3M", "FG3A", "FG3_PCT", "FTM", "FTA", "FT_PCT", "OREB", "DREB", "REB", "AST", "STL", "BLK", "TO", "PF", "PTS", "PLUS_MINUS"], "rowSet": [["0021300060", 1610612761, "Raptors", "TOR", "Toronto", "240:00", 35, 79, 0.443, 7, 16, 0.438, 13, 15, 0.867, 11, 27, 38, 18, 2, 3, 12, 27, 90, -2.0], ["0021300060", 1610612766, "Bobcats", "CHA", "Charlotte", "240:00", 36, 73, 0.493, 3, 15, 0.2, 17, 30, 0.567, 10, 27, 37, 24, 5, 8, 8, 19, 92, 2.0]], "name": "TeamStats"}, {"headers": ["LEAGUE_ID", "SEASON_ID", "TEAM_ID", "TEAM_ABBREVIATION", "TEAM_CITY", "PTS_PAINT", "PTS_2ND_CHANCE", "PTS_FB", "LARGEST_LEAD", "LEAD_CHANGES", "TIMES_TIED"], "rowSet": [["00", "22013", 1610612766, "CHA", "Charlotte", 42, 13, 16, 14, 4, 4], ["00", "22013", 1610612761, "TOR", "Toronto", 44, 19, 9, 16, 4, 4]], "name": "OtherStats"}, {"headers": ["OFFICIAL_ID", "FIRST_NAME", "LAST_NAME", "JERSEY_NUM"], "rowSet": [[1176, "Monty", "McCutchen", "13"], [2882, "Sean", "Wright", "65"], [203592, "Dedric", "Taylor", "62"]], "name": "Officials"}, {"headers": ["GAME_DATE", "ATTENDANCE", "GAME_TIME"], "rowSet": [["WEDNESDAY, NOVEMBER 6, 2013", 11118, "2:14"]], "name": "GameInfo"}, {"headers": ["PLAYER_ID", "FIRST_NAME", "LAST_NAME", "JERSEY_NUM", "TEAM_ID", "TEAM_CITY", "TEAM_NAME", "TEAM_ABBREVIATION"], "rowSet": [[2217, "Brendan", "Haywood", "33", 1610612766, "Charlotte", "Bobcats", "CHA"], [2744, "Al", "Jefferson", "25", 1610612766, "Charlotte", "Bobcats", "CHA"], [200779, "Steve", "Novak", "16", 1610612761, "Toronto", "Raptors", "TOR"], [203112, "Quincy", "Acy", " 4", 1610612761, "Toronto", "Raptors", "TOR"]], "name": "InactivePlayers"}, {"headers": ["VIDEO_AVAILABLE_FLAG"], "rowSet": [[1]], "name": "AvailableVideo"}], "parameters": {"GameID": "0021300060", "RangeType": 0, "StartPeriod": 0, "StartRange": 0, "EndPeriod": 0, "EndRange": 0}}