{"resource": "boxscore", "resultSets": [{"headers": ["GAME_DATE_EST", "GAME_SEQUENCE", "GAME_ID", "GAME_STATUS_ID", "GAME_STATUS_TEXT", "GAMECODE", "HOME_TEAM_ID", "VISITOR_TEAM_ID", "SEASON", "LIVE_PERIOD", "LIVE_PC_TIME", "NATL_TV_BROADCASTER_ABBREVIATION", "LIVE_PERIOD_TIME_BCAST", "WH_STATUS"], "rowSet": [["2013-10-30T00:00:00", 13, "0021300016", 3, "Final", "20131030/DENSAC", 1610612758, 1610612743, "2013", 4, "", null, "Q4  - ", 1]], "name": "GameSummary"}, {"headers": ["GAME_DATE_EST", "GAME_SEQUENCE", "GAME_ID", "TEAM_ID", "TEAM_ABBREVIATION", "TEAM_CITY_NAME", "TEAM_WINS_LOSSES", "PTS_QTR1", "PTS_QTR2", "PTS_QTR3", "PTS_QTR4", "PTS_OT1", "PTS_OT2", "PTS_OT3", "PTS_OT4", "PTS_OT5", "PTS_OT6", "PTS_OT7", "PTS_OT8", "PTS_OT9", "PTS_OT10", "PTS"], "rowSet": [["2013-10-30T00:00:00", 13, "0021300016", 1610612743, "DEN", "Denver", "0-1", 22, 23, 27, 16, 0, 0, 0, 0, 0, 0, 0, 0, 0, 0, 88], ["2013-10-30T00:00:00", 13, "0021300016", 1610612758, "SAC", "Sacramento", "1-0", 25, 23, 22, 20, 0, 0, 0, 0, 0, 0, 0, 0, 0, 0, 90]], "name": "LineScore"}, {"headers": ["GAME_ID", "HOME_TEAM_ID", "VISITOR_TEAM_ID", "GAME_DATE_EST", "HOME_TEAM_WINS", "HOME_TEAM_LOSSES", "SERIES_LEADER"], "rowSet": [["0021300016", 1610612758, 1610612743, "2013-10-30T00:00:00", 1, 0, "Sacramento"]], "name": "SeasonSeries"}, {"headers": ["GAME_ID", "LAST_GAME_ID", "LAST_GAME_DATE_EST", "LAST_GAME_HOME_TEAM_ID", "LAST_GAME_HOME_TEAM_CITY", "LAST_GAME_HOME_TEAM_NAME", "LAST_GAME_HOME_TEAM_ABBREVIATION", "LAST_GAME_HOME_TEAM_POINTS", "LAST_GAME_VISITOR_TEAM_ID", "LAST_GAME_VISITOR_TEAM_CITY", "LAST_GAME_VISITOR_TEAM_NAME", "LAST_GAME_VISITOR_TEAM_CITY1", "LAST_GAME_VISITOR_TEAM_POINTS"], "rowSet": [["0021300016", "0021201037", "2013-03-23T00:00:00", 1610612758, "Sacramento", "Kings", "SAC", 95, 1610612743, "Denver", "Nuggets", "DEN", 101]], "name": "LastMeeting"}, {"headers": ["GAME_ID", "TEAM_ID", "TEAM_ABBREVIATION", "TEAM_CITY", "PLAYER_ID", "PLAYER_NAME", "START_POSITION", "COMMENT", "MIN", "FGM", "FGA", "FG_PCT", "FG3M", "FG3A", "FG3_PCT", "FTM", "FTA", "FT_PCT", "OREB", "DREB", "REB", "AST", "STL", "BLK", "TO", "PF", "PTS", "PLUS_MINUS"], "rowSet": [["0021300016", 1610612743, "DEN", "Denver", 201576, "Anthony Randolph", "F", "", "15:11", 1, 2, 0.5, 0, 1, 0.0, 0, 0, 0.0, 0, 2, 2, 0, 0, 1, 2, 1, 2, -6.0], ["0021300016", 1610612743, "DEN", "Denver", 201581, "JJ Hickson", "F", "", "33:02", 6, 10, 0.6, 0, 0, 0.0, 0, 0, 0.0, 2, 7, 9, 0, 0, 4, 3, 3, 12, 1.0], ["0021300016", 1610612743, "DEN", "Denver", 201580, "JaVale McGee", "C", "", "10:06", 2, 5, 0.4, 0, 0, 0.0, 0, 0, 0.0, 1, 0, 1, 0, 0, 2, 1, 4, 4, 2.0], ["0021300016", 1610612743, "DEN", "Denver", 200751, "Randy Foye", "G", "", "32:38", 4, 8, 0.5, 2, 5, 0.4, 2, 3, 0.667, 0, 5, 5, 1, 1, 0, 3, 2, 12, 7.0], ["0021300016", 1610612743, "DEN", "Denver", 201951, "Ty Lawson", "G", "", "35:47", 5, 15, 0.333, 2, 4, 0.5, 8, 8, 1.0, 0, 5, 5, 8, 2, 0, 4, 1, 20, 12.0], ["0021300016", 1610612743, "DEN", "Denver", 202389, "Timofey Mozgov", "", "", "19:31", 4, 6, 0.667, 0, 0, 0.0, 2, 2, 1.0, 0, 2, 2, 0, 0, 3, 1, 2, 10, 4.0], ["0021300016", 1610612743, "DEN", "Denver", 203095, "Evan Fournier", "", "", "21:13", 2, 8, 0.25, 1, 3, 0.333, 0, 0, 0.0, 2, 3, 5, 2, 0, 0, 2, 2, 5, 0.0], ["0021300016", 1610612743, "DEN", "Denver", 202702, "Kenneth Faried", "", "", "14:58", 1, 4, 0.25, 0, 1, 0.0, 3, 4, 0.75, 2, 3, 5, 0, 0, 0, 0, 1, 5, -3.0], ["0021300016", 1610612743, "DEN", "Denver", 1889, "Andre Miller", "", "", "21:17", 6, 9, 0.667, 0, 0, 0.0, 0, 0, 0.0, 0, 3, 3, 3, 0, 0, 1, 0, 12, -13.0], ["0021300016", 1610612743, "DEN", "Denver", 201589, "Darrell Arthur", "", "", "18:23", 3, 7, 0.429, 0, 0, 0.0, 0, 0, 0.0, 1, 1, 2, 1, 0, 1, 1, 4, 6, -8.0], ["0021300016", 1610612743, "DEN", "Denver", 101126, "Nate Robinson", "", "", "17:54", 0, 5, 0.0, 0, 1, 0.0, 0, 0, 0.0, 0, 2, 2, 4, 0, 0, 0, 1, 0, -6.0], ["0021300016", 1610612743, "DEN", "Denver", 202706, "Jordan Hamilton", "", "DNP - Coach's Decision", null, null, null, null, null, null, null, null, null, null, null, null, null, null, null, null, null, null, null, null], ["0021300016", 1610612743, "DEN", "Denver", 203113, "Quincy Miller", "", "DNP - Coach's Decision", null, null, null, null, null, null, null, null, null, null, null, null, null, null, null, null, null, null, null, null], ["0021300016", 1610612758, "SAC", "Sacramento", 2422, "John Salmons", "F", "", "26:37", 3, 9, 0.333, 1, 3, 0.333, 2, 2, 1.0, 0, 4, 4, 2, 2, 0, 0, 1, 9, 9.0], ["0021300016", 1610612758, "SAC", "Sacramento", 202335, "Patrick Patterson", "F", "", "26:44", 1, 6, 0.167, 1, 3, 0.333, 0, 0, 0.0, 1, 5, 6, 0, 3, 0, 0, 5, 3, 3.0], ["0021300016", 1610612758, "SAC", "Sacramento", 202326, "DeMarcus Cousins", "C", "", "39:10", 13, 26, 0.5, 0, 0, 0.0, 4, 7, 0.571, 5, 9, 14, 1, 2, 2, 4, 4, 30, 4.0], ["0021300016", 1610612758, "SAC", "Sacramento", 201977, "Marcus Thornton", "G", "", "31:04", 1, 6, 0.167, 0, 3, 0.0, 2, 3, 0.667, 0, 2, 2, 1, 0, 0, 0, 3, 4, -9.0], ["0021300016", 1610612758, "SAC", "Sacramento", 202349, "Greivis Vasquez", "G", "", "36:18", 6, 9, 0.667, 1, 2, 0.5, 4, 5, 0.8, 0, 2, 2, 4, 0, 0, 2, 2, 17, 2.0], ["0021300016", 1610612758, "SAC", "Sacramento", 203463, "Ben McLemore", "", "", "16:56", 1, 7, 0.143, 1, 5, 0.2, 1, 2, 0.5, 0, 1, 1, 0, 0, 1, 1, 1, 4, 11.0], ["0021300016", 1610612758, "SAC", "Sacramento", 201574, "Jason Thompson", "", "", "16:32", 1, 5, 0.2, 0, 0, 0.0, 0, 0, 0.0, 1, 2, 3, 0, 0, 2, 2, 5, 2, -7.0], ["0021300016", 1610612758, "SAC", "Sacramento", 202738, "Isaiah Thomas", "", "", "29:16", 5, 9, 0.556, 3, 4, 0.75, 3, 4, 0.75, 1, 3, 4, 5, 0, 0, 2, 3, 16, 1.0], ["0021300016", 1610612758, "SAC", "Sacramento", 2566, "Travis Outlaw", "", "", "6:27", 2, 4, 0.5, 1, 1, 1.0, 0, 0, 0.0, 1, 0, 1, 0, 0, 1, 1, 2, 5, -8.0], ["0021300016", 1610612758, "SAC", "Sacramento", 101236, "Charles Hayes", "", "", "10:56", 0, 0, 0.0, 0, 0, 0.0, 0, 0, 0.0, 2, 2, 4, 0, 1, 1, 2, 0, 0, 4.0], ["0021300016", 1610612758, "SAC", "Sacramento", 202690, "Jimmer Fredette", "", "DNP - Coach's Decision", null, null, null, null, null, null, null, null, null, null, null, null, null, null, null, null, null, null, null, null], ["0021300016", 1610612758, "SAC", "Sacramento", 201601, "Luc Mbah a Moute", "", "DNP - Coach's Decision", null, null, null, null, null, null, null, null, null, null, null, null, null, null, null, null, null, null, null, null], ["0021300016", 1610612758, "SAC", "Sacramento", 202380, "Hamady Ndiaye", "", "DNP - Coach's Decision", null, null, null, null, null, null, null, null, null, null, null, null, null, null, null, null, null, null, null, null]], "name": "PlayerStats"}, {"headers": ["GAME_ID", "TEAM_ID", "TEAM_NAME", "TEAM_ABBREVIATION", "TEAM_CITY", "MIN", "FGM", "FGA", "FG_PCT", "FG3M", "FG3A", "FG3_PCT", "FTM", "FTA", "FT_PCT", "OREB", "DREB", "REB", "AST", "STL", "BLK", "TO", "PF", "PTS", "PLUS_MINUS"], "rowSet": [["0021300016", 1610612758, "Kings", "SAC", "Sacramento", "240:00", 33, 81, 0.407, 8, 21, 0.381, 16, 23, 0.696, 11, 30, 41, 13, 8, 7, 14, 26, 90, 2.0], ["0021300016", 1610612743, "Nuggets", "DEN", "Denver", "240:00", 34, 79, 0.43, 5, 15, 0.333, 15, 17, 0.882, 8, 33, 41, 19, 3, 11, 18, 21, 88, -2.0]], "name": "TeamStats"}, {"headers": ["LEAGUE_ID", "SEASON_ID", "TEAM_ID", "TEAM_ABBREVIATION", "TEAM_CITY", "PTS_PAINT", "PTS_2ND_CHANCE", "PTS_FB", "LARGEST_LEAD", "LEAD_CHANGES", "TIMES_TIED"], "rowSet": [["00", "22013", 1610612743, "DEN", "Denver", 38, 14, 23, 13, 7, 10], ["00", "22013", 1610612758, "SAC", "Sacramento", 40, 19, 11, 12, 7, 10]], "name": "OtherStats"}, {"headers": ["OFFICIAL_ID", "FIRST_NAME", "LAST_NAME", "JERSEY_NUM"], "rowSet": [[1185, "Violet", "Palmer", "12"], [1147, "Mike", "Callahan", "24"], [201640, "Kane", "Fitzgerald", "35"]], "name": "Officials"}, {"headers": ["GAME_DATE", "ATTENDANCE", "GAME_TIME"], "rowSet": [["WEDNESDAY, OCTOBER 30, 2013", 17317, "2:27"]], "name": "GameInfo"}, {"headers": ["PLAYER_ID", "FIRST_NAME", "LAST_NAME", "JERSEY_NUM", "TEAM_ID", "TEAM_CITY", "TEAM_NAME", "TEAM_ABBREVIATION"], "rowSet": [[201171, "Carl", "Landry", "24", 1610612758, "Sacramento", "Kings", "SAC"], [203492, "Ray", "McCallum", " 3", 1610612758, "Sacramento", "Kings", "SAC"], [201163, "Wilson", "Chandler", "21", 1610612743, "Denver", "Nuggets", "DEN"], [201568, "Danilo", "Gallinari", " 8", 1610612743, "Denver", "Nuggets", "DEN"]], "name": "InactivePlayers"}, {"headers": ["VIDEO_AVAILABLE_FLAG"], "rowSet": [[1]], "name": "AvailableVideo"}], "parameters": {"GameID": "0021300016", "RangeType": 0, "StartPeriod": 0, "StartRange": 0, "EndPeriod": 0, "EndRange": 0}}