{"resource": "boxscore", "resultSets": [{"headers": ["GAME_DATE_EST", "GAME_SEQUENCE", "GAME_ID", "GAME_STATUS_ID", "GAME_STATUS_TEXT", "GAMECODE", "HOME_TEAM_ID", "VISITOR_TEAM_ID", "SEASON", "LIVE_PERIOD", "LIVE_PC_TIME", "NATL_TV_BROADCASTER_ABBREVIATION", "LIVE_PERIOD_TIME_BCAST", "WH_STATUS"], "rowSet": [["2013-10-30T00:00:00", 1, "0021300004", 3, "Final", "20131030/BKNCLE", 1610612739, 1610612751, "2013", 4, "", "NBA TV", "Q4  - NBA TV", 1]], "name": "GameSummary"}, {"headers": ["GAME_DATE_EST", "GAME_SEQUENCE", "GAME_ID", "TEAM_ID", "TEAM_ABBREVIATION", "TEAM_CITY_NAME", "TEAM_WINS_LOSSES", "PTS_QTR1", "PTS_QTR2", "PTS_QTR3", "PTS_QTR4", "PTS_OT1", "PTS_OT2", "PTS_OT3", "PTS_OT4", "PTS_OT5", "PTS_OT6", "PTS_OT7", "PTS_OT8", "PTS_OT9", "PTS_OT10", "PTS"], "rowSet": [["2013-10-30T00:00:00", 1, "0021300004", 1610612751, "BKN", "Brooklyn", "0-1", 26, 22, 22, 24, 0, 0, 0, 0, 0, 0, 0, 0, 0, 0, 94], ["2013-10-30T00:00:00", 1, "0021300004", 1610612739, "CLE", "Cleveland", "1-0", 27, 22, 30, 19, 0, 0, 0, 0, 0, 0, 0, 0, 0, 0, 98]], "name": "LineScore"}, {"headers": ["GAME_ID", "HOME_TEAM_ID", "VISITOR_TEAM_ID", "GAME_DATE_EST", "HOME_TEAM_WINS", "HOME_TEAM_LOSSES", "SERIES_LEADER"], "rowSet": [["0021300004", 1610612739, 1610612751, "2013-10-30T00:00:00", 1, 1, "Tied"]], "name": "SeasonSeries"}, {"headers": ["GAME_ID", "LAST_GAME_ID", "LAST_GAME_DATE_EST", "LAST_GAME_HOME_TEAM_ID", "LAST_GAME_HOME_TEAM_CITY", "LAST_GAME_HOME_TEAM_NAME", "LAST_GAME_HOME_TEAM_ABBREVIATION", "LAST_GAME_HOME_TEAM_POINTS", "LAST_GAME_VISITOR_TEAM_ID", "LAST_GAME_VISITOR_TEAM_CITY", "LAST_GAME_VISITOR_TEAM_NAME", "LAST_GAME_VISITOR_TEAM_CITY1", "LAST_GAME_VISITOR_TEAM_POINTS"], "rowSet": [["0021300004", "0021201114", "2013-04-03T00:00:00", 1610612739, "Cleveland", "Cavaliers", "CLE", 95, 1610612751, "Brooklyn", "Nets", "BKN", 113]], "name": "LastMeeting"}, {"headers": ["GAME_ID", "TEAM_ID", "TEAM_ABBREVIATION", "TEAM_CITY", "PLAYER_ID", "PLAYER_NAME", "START_POSITION", "COMMENT", "MIN", "FGM", "FGA", "FG_PCT", "FG3M", "FG3A", "FG3_PCT", "FTM", "FTA", "FT_PCT", "OREB", "DREB", "REB", "AST", "STL", "BLK", "TO", "PF", "PTS", "PLUS_MINUS"], "rowSet": [["0021300004", 1610612751, "BKN", "Brooklyn", 1718, "Paul Pierce", "F", "", "29:51", 5, 8, 0.625, 3, 4, 0.75, 4, 4, 1.0, 0, 4, 4, 2, 0, 0, 1, 2, 17, -5.0], ["0021300004", 1610612751, "BKN", "Brooklyn", 708, "Kevin Garnett", "F", "", "26:17", 4, 8, 0.5, 0, 0, 0.0, 0, 0, 0.0, 2, 8, 10, 3, 2, 1, 2, 4, 8, 6.0], ["0021300004", 1610612751, "BKN", "Brooklyn", 201572, "Brook Lopez", "C", "", "33:37", 9, 18, 0.5, 0, 0, 0.0, 3, 5, 0.6, 2, 3, 5, 1, 0, 4, 1, 3, 21, -4.0], ["0021300004", 1610612751, "BKN", "Brooklyn", 2207, "Joe Johnson", "G", "", "34:23", 3, 10, 0.3, 0, 3, 0.0, 7, 8, 0.875, 0, 0, 0, 5, 1, 0, 1, 1, 13, -3.0], ["0021300004", 1610612751, "BKN", "Brooklyn", 101114, "Deron Williams", "G", "", "21:44", 2, 6, 0.333, 1, 2, 0.5, 2, 2, 1.0, 0, 3, 3, 9, 0, 1, 4, 3, 7, 2.0], ["0021300004", 1610612751, "BKN", "Brooklyn", 101154, "Andray Blatche", "", "", "20:17", 0, 5, 0.0, 0, 0, 0.0, 0, 0, 0.0, 0, 3, 3, 0, 1, 1, 3, 2, 0, -10.0], ["0021300004", 1610612751, "BKN", "Brooklyn", 2501, "Reggie Evans", "", "", "15:49", 1, 5, 0.2, 0, 0, 0.0, 2, 3, 0.667, 4, 4, 8, 0, 0, 1, 1, 3, 4, 0.0], ["0021300004", 1610612751, "BKN", "Brooklyn", 101187, "Alan Anderson", "", "", "23:26", 4, 11, 0.364, 1, 6, 0.167, 0, 0, 0.0, 0, 3, 3, 0, 1, 0, 1, 3, 9, -12.0], ["0021300004", 1610612751, "BKN", "Brooklyn", 2733, "Shaun Livingston", "", "", "15:33", 0, 1, 0.0, 0, 0, 0.0, 1, 2, 0.5, 1, 0, 1, 3, 2, 0, 0, 3, 1, 3.0], ["0021300004", 1610612751, "BKN", "Brooklyn", 1891, "Jason Terry", "", "", "19:03", 5, 10, 0.5, 4, 9, 0.444, 0, 0, 0.0, 0, 0, 0, 1, 1, 0, 1, 3, 14, 3.0], ["0021300004", 1610612751, "BKN", "Brooklyn", 203486, "Mason Plumlee", "", "DNP - Coach's Decision", null, null, null, null, null, null, null, null, null, null, null, null, null, null, null, null, null, null, null, null], ["0021300004", 1610612751, "BKN", "Brooklyn", 203116, "Tyshawn Taylor", "", "DNP - Coach's Decision", null, null, null, null, null, null, null, null, null, null, null, null, null, null, null, null, null, null, null, null], ["0021300004", 1610612751, "BKN", "Brooklyn", 203141, "Mirza Teletovic", "", "DNP - Coach's Decision", null, null, null, null, null, null, null, null, null, null, null, null, null, null, null, null, null, null, null, null], ["0021300004", 1610612739, "CLE", "Cleveland", 201947, "Earl Clark", "F", "", "27:06", 4, 10, 0.4, 0, 1, 0.0, 1, 2, 0.5, 3, 5, 8, 1, 0, 0, 1, 2, 9, 2.0], ["0021300004", 1610612739, "CLE", "Cleveland", 202684, "Tristan Thompson", "F", "", "34:51", 8, 13, 0.615, 0, 0, 0.0, 2, 4, 0.5, 3, 6, 9, 0, 0, 0, 1, 2, 18, -3.0], ["0021300004", 1610612739, "CLE", "Cleveland", 2760, "Anderson Varejao", "C", "", "34:36", 5, 9, 0.556, 0, 0, 0.0, 1, 4, 0.25, 3, 5, 8, 3, 0, 1, 0, 3, 11, -5.0], ["0021300004", 1610612739, "CLE", "Cleveland", 203079, "Dion Waiters", "G", "", "29:21", 5, 12, 0.417, 1, 3, 0.333, 0, 0, 0.0, 1, 0, 1, 2, 3, 0, 2, 2, 11, 3.0], ["0021300004", 1610612739, "CLE", "Cleveland", 202681, "Kyrie Irving", "G", "", "30:55", 4, 16, 0.25, 0, 2, 0.0, 7, 9, 0.778, 0, 7, 7, 9, 2, 0, 2, 4, 15, -1.0], ["0021300004", 1610612739, "CLE", "Cleveland", 101127, "Jarrett Jack", "", "", "22:30", 3, 6, 0.5, 1, 1, 1.0, 5, 6, 0.833, 0, 3, 3, 3, 1, 0, 1, 1, 12, 1.0], ["0021300004", 1610612739, "CLE", "Cleveland", 202087, "Alonzo Gee", "", "", "18:48", 1, 2, 0.5, 1, 1, 1.0, 4, 4, 1.0, 3, 1, 4, 1, 1, 0, 0, 2, 7, 5.0], ["0021300004", 1610612739, "CLE", "Cleveland", 203461, "Anthony Bennett", "", "", "14:59", 0, 5, 0.0, 0, 3, 0.0, 2, 4, 0.5, 1, 4, 5, 0, 0, 0, 0, 1, 2, 10.0], ["0021300004", 1610612739, "CLE", "Cleveland", 101115, "Andrew Bynum", "", "", "7:34", 1, 5, 0.2, 0, 0, 0.0, 1, 1, 1.0, 2, 1, 3, 2, 0, 2, 1, 1, 3, 8.0], ["0021300004", 1610612739, "CLE", "Cleveland", 101139, "CJ Miles", "", "", "15:20", 4, 6, 0.667, 2, 4, 0.5, 0, 0, 0.0, 0, 0, 0, 0, 0, 0, 2, 1, 10, 2.0], ["0021300004", 1610612739, "CLE", "Cleveland", 203092, "Tyler Zeller", "", "", "4:00", 0, 0, 0.0, 0, 0, 0.0, 0, 0, 0.0, 0, 0, 0, 0, 0, 0, 1, 1, 0, -2.0], ["0021300004", 1610612739, "CLE", "Cleveland", 203521, "Matthew Dellavedova", "", "DNP - Coach's Decision", null, null, null, null, null, null, null, null, null, null, null, null, null, null, null, null, null, null, null, null], ["0021300004", 1610612739, "CLE", "Cleveland", 203156, "Henry Sims", "", "DNP - Coach's Decision", null, null, null, null, null, null, null, null, null, null, null, null, null, null, null, null, null, null, null, null]], "name": "PlayerStats"}, {"headers": ["GAME_ID", "TEAM_ID", "TEAM_NAME", "TEAM_ABBREVIATION", "TEAM_CITY", "MIN", "FGM", "FGA", "FG_PCT", "FG3M", "FG3A", "FG3_PCT", "FTM", "FTA", "FT_PCT", "OREB", "DREB", "REB", "AST", "STL", "BLK", "TO", "PF", "PTS", "PLUS_MINUS"], "rowSet": [["0021300004", 1610612739, "Cavaliers", "CLE", "Cleveland", "240:00", 35, 84, 0.417, 5, 15, 0.333, 23, 34, 0.676, 16, 32, 48, 21, 7, 3, 11, 20, 98, 4.0], ["0021300004", 1610612751, "Nets", "BKN", "Brooklyn", "240:00", 33, 82, 0.402, 9, 24, 0.375, 19, 24, 0.792, 9, 28, 37, 24, 8, 8, 15, 27, 94, -4.0]], "name": "TeamStats"}, {"headers": ["LEAGUE_ID", "SEASON_ID", "TEAM_ID", "TEAM_ABBREVIATION", "TEAM_CITY", "PTS_PAINT", "PTS_2ND_CHANCE", "PTS_FB", "LARGEST_LEAD", "LEAD_CHANGES", "TIMES_TIED"], "rowSet": [["00", "22013", 1610612751, "BKN", "Brooklyn", 30, 14, 12, 10, 13, 7], ["00", "22013", 1610612739, "CLE", "Cleveland", 34, 16, 11, 10, 13, 7]], "name": "OtherStats"}, {"headers": ["OFFICIAL_ID", "FIRST_NAME", "LAST_NAME", "JERSEY_NUM"], "rowSet": [[1164, "Ron", "Garretson", "10"], [2716, "Olandis", "Poole", "50"], [2534, "Zach", "Zarba", "28"]], "name": "Officials"}, {"headers": ["GAME_DATE", "ATTENDANCE", "GAME_TIME"], "rowSet": [["WEDNESDAY, OCTOBER 30, 2013", 20562, "2:23"]], "name": "GameInfo"}, {"headers": ["PLAYER_ID", "FIRST_NAME", "LAST_NAME", "JERSEY_NUM", "TEAM_ID", "TEAM_CITY", "TEAM_NAME", "TEAM_ABBREVIATION"], "rowSet": [[203467, "Carrick", "Felix", "30", 1610612739, "Cleveland", "Cavaliers", "CLE"], [203508, "Sergey", "Karasev", "10", 1610612739, "Cleveland", "Cavaliers", "CLE"], [1905, "Andrei", "Kirilenko", "47", 1610612751, "Brooklyn", "Nets", "BKN"], [203129, "Tornike", "Shengelia", "20", 1610612751, "Brooklyn", "Nets", "BKN"]], "name": "InactivePlayers"}, {"headers": ["VIDEO_AVAILABLE_FLAG"], "rowSet": [[1]], "name": "AvailableVideo"}], "parameters": {"GameID": "0021300004", "RangeType": 0, "StartPeriod": 0, "StartRange": 0, "EndPeriod": 0, "EndRange": 0}}