{"resource": "boxscore", "resultSets": [{"headers": ["GAME_DATE_EST", "GAME_SEQUENCE", "GAME_ID", "GAME_STATUS_ID", "GAME_STATUS_TEXT", "GAMECODE", "HOME_TEAM_ID", "VISITOR_TEAM_ID", "SEASON", "LIVE_PERIOD", "LIVE_PC_TIME", "NATL_TV_BROADCASTER_ABBREVIATION", "LIVE_PERIOD_TIME_BCAST", "WH_STATUS"], "rowSet": [["2013-11-03T00:00:00", 4, "0021300044", 3, "Final", "20131103/PHXOKC", 1610612760, 1610612756, "2013", 4, "", "NBA TV", "Q4  - NBA TV", 1]], "name": "GameSummary"}, {"headers": ["GAME_DATE_EST", "GAME_SEQUENCE", "GAME_ID", "TEAM_ID", "TEAM_ABBREVIATION", "TEAM_CITY_NAME", "TEAM_WINS_LOSSES", "PTS_QTR1", "PTS_QTR2", "PTS_QTR3", "PTS_QTR4", "PTS_OT1", "PTS_OT2", "PTS_OT3", "PTS_OT4", "PTS_OT5", "PTS_OT6", "PTS_OT7", "PTS_OT8", "PTS_OT9", "PTS_OT10", "PTS"], "rowSet": [["2013-11-03T00:00:00", 4, "0021300044", 1610612760, "OKC", "Oklahoma City", "2-1", 21, 23, 23, 36, 0, 0, 0, 0, 0, 0, 0, 0, 0, 0, 103], ["2013-11-03T00:00:00", 4, "0021300044", 1610612756, "PHX", "Phoenix", "2-1", 24, 21, 25, 26, 0, 0, 0, 0, 0, 0, 0, 0, 0, 0, 96]], "name": "LineScore"}, {"headers": ["GAME_ID", "HOME_TEAM_ID", "VISITOR_TEAM_ID", "GAME_DATE_EST", "HOME_TEAM_WINS", "HOME_TEAM_LOSSES", "SERIES_LEADER"], "rowSet": [["0021300044", 1610612760, 1610612756, "2013-11-03T00:00:00", 1, 0, "Oklahoma City"]], "name": "SeasonSeries"}, {"headers": ["GAME_ID", "LAST_GAME_ID", "LAST_GAME_DATE_EST", "LAST_GAME_HOME_TEAM_ID", "LAST_GAME_HOME_TEAM_CITY", "LAST_GAME_HOME_TEAM_NAME", "LAST_GAME_HOME_TEAM_ABBREVIATION", "LAST_GAME_HOME_TEAM_POINTS", "LAST_GAME_VISITOR_TEAM_ID", "LAST_GAME_VISITOR_TEAM_CITY", "LAST_GAME_VISITOR_TEAM_NAME", "LAST_GAME_VISITOR_TEAM_CITY1", "LAST_GAME_VISITOR_TEAM_POINTS"], "rowSet": [["0021300044", "0011300088", "2013-10-22T00:00:00", 1610612760, "Oklahoma City", "Thunder", "OKC", 76, 1610612756, "Phoenix", "Suns", "PHX", 88]], "name": "LastMeeting"}, {"headers": ["GAME_ID", "TEAM_ID", "TEAM_ABBREVIATION", "TEAM_CITY", "PLAYER_ID", "PLAYER_NAME", "START_POSITION", "COMMENT", "MIN", "FGM", "FGA", "FG_PCT", "FG3M", "FG3A", "FG3_PCT", "FTM", "FTA", "FT_PCT", "OREB", "DREB", "REB", "AST", "STL", "BLK", "TO", "PF", "PTS", "PLUS_MINUS"], "rowSet": [["0021300044", 1610612756, "PHX", "Phoenix", 200782, "PJ Tucker", "F", "", "39:14", 2, 5, 0.4, 2, 4, 0.5, 0, 0, 0.0, 1, 4, 5, 2, 0, 0, 2, 4, 6, -3.0], ["0021300044", 1610612756, "PHX", "Phoenix", 101112, "Channing Frye", "F", "", "33:44", 7, 14, 0.5, 3, 8, 0.375, 2, 2, 1.0, 0, 5, 5, 0, 1, 2, 2, 4, 19, 8.0], ["0021300044", 1610612756, "PHX", "Phoenix", 203101, "Miles Plumlee", "C", "", "23:45", 0, 2, 0.0, 0, 0, 0.0, 0, 0, 0.0, 3, 2, 5, 0, 0, 1, 3, 3, 0, -5.0], ["0021300044", 1610612756, "PHX", "Phoenix", 201609, "Goran Dragic", "G", "", "19:54", 5, 9, 0.556, 0, 1, 0.0, 0, 0, 0.0, 0, 3, 3, 2, 1, 0, 1, 1, 10, -2.0], ["0021300044", 1610612756, "PHX", "Phoenix", 202339, "Eric Bledsoe", "G", "", "40:02", 7, 17, 0.412, 2, 8, 0.25, 10, 12, 0.833, 2, 5, 7, 14, 3, 0, 8, 3, 26, -1.0], ["0021300044", 1610612756, "PHX", "Phoenix", 202693, "Markieff Morris", "", "", "18:55", 2, 8, 0.25, 0, 1, 0.0, 2, 2, 1.0, 2, 1, 3, 1, 0, 0, 0, 1, 6, -2.0], ["0021300044", 1610612756, "PHX", "Phoenix", 202694, "Marcus Morris", "", "", "17:58", 1, 6, 0.167, 1, 3, 0.333, 0, 0, 0.0, 1, 3, 4, 0, 2, 0, 3, 3, 3, -10.0], ["0021300044", 1610612756, "PHX", "Phoenix", 101123, "Gerald Green", "", "", "33:14", 7, 14, 0.5, 5, 10, 0.5, 2, 2, 1.0, 1, 7, 8, 2, 1, 0, 4, 4, 21, -9.0], ["0021300044", 1610612756, "PHX", "Phoenix", 203139, "Viacheslav Kravtsov", "", "", "4:34", 0, 1, 0.0, 0, 0, 0.0, 1, 2, 0.5, 1, 0, 1, 0, 0, 0, 0, 0, 1, -4.0], ["0021300044", 1610612756, "PHX", "Phoenix", 202397, "Ish Smith", "", "", "2:50", 0, 2, 0.0, 0, 0, 0.0, 0, 0, 0.0, 0, 0, 0, 0, 2, 0, 0, 0, 0, -2.0], ["0021300044", 1610612756, "PHX", "Phoenix", 202091, "Dionte Christmas", "", "", "5:50", 1, 2, 0.5, 1, 2, 0.5, 1, 2, 0.5, 1, 1, 2, 0, 1, 0, 0, 0, 4, -5.0], ["0021300044", 1610612756, "PHX", "Phoenix", 203462, "Archie Goodwin", "", "DNP - Coach's Decision", null, null, null, null, null, null, null, null, null, null, null, null, null, null, null, null, null, null, null, null], ["0021300044", 1610612756, "PHX", "Phoenix", 203458, "Alex Len", "", "DNP - Coach's Decision", null, null, null, null, null, null, null, null, null, null, null, null, null, null, null, null, null, null, null, null], ["0021300044", 1610612760, "OKC", "Oklahoma City", 201142, "Kevin Durant", "F", "", "39:42", 10, 19, 0.526, 2, 5, 0.4, 11, 13, 0.846, 1, 9, 10, 1, 2, 0, 3, 1, 33, 3.0], ["0021300044", 1610612760, "OKC", "Oklahoma City", 201586, "Serge Ibaka", "F", "", "24:52", 4, 12, 0.333, 0, 1, 0.0, 1, 1, 1.0, 4, 6, 10, 0, 0, 0, 1, 3, 9, 4.0], ["0021300044", 1610612760, "OKC", "Oklahoma City", 2570, "Kendrick Perkins", "C", "", "16:03", 1, 3, 0.333, 0, 0, 0.0, 1, 2, 0.5, 0, 1, 1, 1, 1, 0, 1, 2, 3, 0.0], ["0021300044", 1610612760, "OKC", "Oklahoma City", 200757, "Thabo Sefolosha", "G", "", "23:32", 1, 5, 0.2, 0, 3, 0.0, 0, 0, 0.0, 0, 1, 1, 1, 0, 0, 0, 2, 2, -6.0], ["0021300044", 1610612760, "OKC", "Oklahoma City", 201566, "Russell Westbrook", "G", "", "32:45", 5, 16, 0.313, 0, 2, 0.0, 11, 14, 0.786, 1, 3, 4, 7, 1, 0, 4, 3, 21, 1.0], ["0021300044", 1610612760, "OKC", "Oklahoma City", 203087, "Jeremy Lamb", "", "", "15:53", 3, 5, 0.6, 0, 2, 0.0, 2, 2, 1.0, 0, 2, 2, 1, 0, 1, 0, 3, 8, 4.0], ["0021300044", 1610612760, "OKC", "Oklahoma City", 202704, "Reggie Jackson", "", "", "27:46", 5, 12, 0.417, 0, 4, 0.0, 0, 0, 0.0, 0, 4, 4, 5, 1, 1, 2, 1, 10, 12.0], ["0021300044", 1610612760, "OKC", "Oklahoma City", 2555, "Nick Collison", "", "", "20:34", 1, 2, 0.5, 0, 0, 0.0, 2, 2, 1.0, 0, 1, 1, 2, 1, 0, 3, 3, 4, 4.0], ["0021300044", 1610612760, "OKC", "Oklahoma City", 965, "Derek Fisher", "", "", "20:04", 3, 4, 0.75, 0, 1, 0.0, 3, 3, 1.0, 0, 2, 2, 1, 2, 0, 0, 2, 9, 14.0], ["0021300044", 1610612760, "OKC", "Oklahoma City", 203103, "Perry Jones", "", "", "10:02", 1, 1, 1.0, 0, 0, 0.0, 0, 0, 0.0, 0, 2, 2, 1, 0, 1, 0, 0, 2, 6.0], ["0021300044", 1610612760, "OKC", "Oklahoma City", 203500, "Steven Adams", "", "", "8:47", 1, 3, 0.333, 0, 0, 0.0, 0, 0, 0.0, 4, 0, 4, 0, 0, 1, 1, 2, 2, -7.0], ["0021300044", 1610612760, "OKC", "Oklahoma City", 203460, "Andre Roberson", "", "DNP - Coach's Decision", null, null, null, null, null, null, null, null, null, null, null, null, null, null, null, null, null, null, null, null], ["0021300044", 1610612760, "OKC", "Oklahoma City", 201934, "Hasheem Thabeet", "", "DNP - Coach's Decision", null, null, null, null, null, null, null, null, null, null, null, null, null, null, null, null, null, null, null, null]], "name": "PlayerStats"}, {"headers": ["GAME_ID", "TEAM_ID", "TEAM_NAME", "TEAM_ABBREVIATION", "TEAM_CITY", "MIN", "FGM", "FGA", "FG_PCT", "FG3M", "FG3A", "FG3_PCT", "FTM", "FTA", "FT_PCT", "OREB", "DREB", "REB", "AST", "STL", "BLK", "TO", "PF", "PTS", "PLUS_MINUS"], "rowSet": [["0021300044", 1610612756, "Suns", "PHX", "Phoenix", "240:00", 32, 80, 0.4, 14, 37, 0.378, 18, 22, 0.818, 12, 31, 43, 21, 11, 3, 23, 23, 96, -7.0], ["0021300044", 1610612760, "Thunder", "OKC", "Oklahoma City", "240:00", 35, 82, 0.427, 2, 18, 0.111, 31, 37, 0.838, 10, 31, 41, 20, 8, 4, 15, 22, 103, 7.0]], "name": "TeamStats"}, {"headers": ["LEAGUE_ID", "SEASON_ID", "TEAM_ID", "TEAM_ABBREVIATION", "TEAM_CITY", "PTS_PAINT", "PTS_2ND_CHANCE", "PTS_FB", "LARGEST_LEAD", "LEAD_CHANGES", "TIMES_TIED"], "rowSet": [["00", "22013", 1610612756, "PHX", "Phoenix", 18, 11, 24, 8, 20, 13], ["00", "22013", 1610612760, "OKC", "Oklahoma City", 46, 13, 14, 7, 20, 13]], "name": "OtherStats"}, {"headers": ["OFFICIAL_ID", "FIRST_NAME", "LAST_NAME", "JERSEY_NUM"], "rowSet": [[1194, "Bill", "Spooner", "22"], [2882, "Sean", "Wright", "65"], [202007, "Nick", "Buchert", "54"]], "name": "Officials"}, {"headers": ["GAME_DATE", "ATTENDANCE", "GAME_TIME"], "rowSet": [["SUNDAY, NOVEMBER 3, 2013", 18203, "2:23"]], "name": "GameInfo"}, {"headers": ["PLAYER_ID", "FIRST_NAME", "LAST_NAME", "JERSEY_NUM", "TEAM_ID", "TEAM_CITY", "TEAM_NAME", "TEAM_ABBREVIATION"], "rowSet": [[2731, "Emeka", "Okafor", "50", 1610612756, "Phoenix", "Suns", "PHX"], [101155, "Ryan", "Gomes", " 8", 1610612760, "Oklahoma City", "Thunder", "OKC"]], "name": "InactivePlayers"}, {"headers": ["VIDEO_AVAILABLE_FLAG"], "rowSet": [[1]], "name": "AvailableVideo"}], "parameters": {"GameID": "0021300044", "RangeType": 0, "StartPeriod": 0, "StartRange": 0, "EndPeriod": 0, "EndRange": 0}}