{"resource": "boxscore", "resultSets": [{"headers": ["GAME_DATE_EST", "GAME_SEQUENCE", "GAME_ID", "GAME_STATUS_ID", "GAME_STATUS_TEXT", "GAMECODE", "HOME_TEAM_ID", "VISITOR_TEAM_ID", "SEASON", "LIVE_PERIOD", "LIVE_PC_TIME", "NATL_TV_BROADCASTER_ABBREVIATION", "LIVE_PERIOD_TIME_BCAST", "WH_STATUS"], "rowSet": [["2013-11-02T00:00:00", 8, "0021300040", 3, "Final", "20131102/SACGSW", 1610612744, 1610612758, "2013", 4, "", null, "Q4  - ", 1]], "name": "GameSummary"}, {"headers": ["GAME_DATE_EST", "GAME_SEQUENCE", "GAME_ID", "TEAM_ID", "TEAM_ABBREVIATION", "TEAM_CITY_NAME", "TEAM_WINS_LOSSES", "PTS_QTR1", "PTS_QTR2", "PTS_QTR3", "PTS_QTR4", "PTS_OT1", "PTS_OT2", "PTS_OT3", "PTS_OT4", "PTS_OT5", "PTS_OT6", "PTS_OT7", "PTS_OT8", "PTS_OT9", "PTS_OT10", "PTS"], "rowSet": [["2013-11-02T00:00:00", 8, "0021300040", 1610612758, "SAC", "Sacramento", "1-2", 17, 19, 23, 28, 0, 0, 0, 0, 0, 0, 0, 0, 0, 0, 87], ["2013-11-02T00:00:00", 8, "0021300040", 1610612744, "GSW", "Golden State", "2-1", 27, 29, 23, 19, 0, 0, 0, 0, 0, 0, 0, 0, 0, 0, 98]], "name": "LineScore"}, {"headers": ["GAME_ID", "HOME_TEAM_ID", "VISITOR_TEAM_ID", "GAME_DATE_EST", "HOME_TEAM_WINS", "HOME_TEAM_LOSSES", "SERIES_LEADER"], "rowSet": [["0021300040", 1610612744, 1610612758, "2013-11-02T00:00:00", 2, 0, "Golden State"]], "name": "SeasonSeries"}, {"headers": ["GAME_ID", "LAST_GAME_ID", "LAST_GAME_DATE_EST", "LAST_GAME_HOME_TEAM_ID", "LAST_GAME_HOME_TEAM_CITY", "LAST_GAME_HOME_TEAM_NAME", "LAST_GAME_HOME_TEAM_ABBREVIATION", "LAST_GAME_HOME_TEAM_POINTS", "LAST_GAME_VISITOR_TEAM_ID", "LAST_GAME_VISITOR_TEAM_CITY", "LAST_GAME_VISITOR_TEAM_NAME", "LAST_GAME_VISITOR_TEAM_CITY1", "LAST_GAME_VISITOR_TEAM_POINTS"], "rowSet": [["0021300040", "0011300100", "2013-10-23T00:00:00", 1610612744, "Golden State", "Warriors", "GSW", 90, 1610612758, "Sacramento", "Kings", "SAC", 91]], "name": "LastMeeting"}, {"headers": ["GAME_ID", "TEAM_ID", "TEAM_ABBREVIATION", "TEAM_CITY", "PLAYER_ID", "PLAYER_NAME", "START_POSITION", "COMMENT", "MIN", "FGM", "FGA", "FG_PCT", "FG3M", "FG3A", "FG3_PCT", "FTM", "FTA", "FT_PCT", "OREB", "DREB", "REB", "AST", "STL", "BLK", "TO", "PF", "PTS", "PLUS_MINUS"], "rowSet": [["0021300040", 1610612758, "SAC", "Sacramento", 2422, "John Salmons", "F", "", "19:01", 1, 6, 0.167, 1, 3, 0.333, 0, 0, 0.0, 0, 1, 1, 2, 0, 0, 0, 0, 3, -26.0], ["0021300040", 1610612758, "SAC", "Sacramento", 202335, "Patrick Patterson", "F", "", "20:49", 1, 6, 0.167, 0, 2, 0.0, 0, 0, 0.0, 1, 3, 4, 0, 0, 0, 2, 2, 2, -25.0], ["0021300040", 1610612758, "SAC", "Sacramento", 202326, "DeMarcus Cousins", "C", "", "18:13", 3, 8, 0.375, 0, 0, 0.0, 2, 3, 0.667, 2, 5, 7, 0, 3, 0, 2, 3, 8, -13.0], ["0021300040", 1610612758, "SAC", "Sacramento", 201977, "Marcus Thornton", "G", "", "20:01", 3, 9, 0.333, 1, 3, 0.333, 0, 0, 0.0, 1, 0, 1, 0, 1, 0, 0, 1, 7, -25.0], ["0021300040", 1610612758, "SAC", "Sacramento", 202349, "Greivis Vasquez", "G", "", "23:46", 1, 7, 0.143, 0, 3, 0.0, 0, 0, 0.0, 0, 1, 1, 3, 0, 0, 0, 3, 2, -14.0], ["0021300040", 1610612758, "SAC", "Sacramento", 202738, "Isaiah Thomas", "", "", "30:23", 2, 10, 0.2, 0, 4, 0.0, 8, 9, 0.889, 1, 2, 3, 5, 1, 0, 3, 3, 12, -4.0], ["0021300040", 1610612758, "SAC", "Sacramento", 203463, "Ben McLemore", "", "", "30:04", 8, 17, 0.471, 3, 9, 0.333, 0, 0, 0.0, 3, 1, 4, 1, 1, 0, 2, 2, 19, 15.0], ["0021300040", 1610612758, "SAC", "Sacramento", 2566, "Travis Outlaw", "", "", "26:54", 4, 7, 0.571, 1, 2, 0.5, 6, 6, 1.0, 2, 10, 12, 1, 2, 1, 0, 1, 15, 14.0], ["0021300040", 1610612758, "SAC", "Sacramento", 101236, "Charles Hayes", "", "", "16:25", 1, 4, 0.25, 0, 0, 0.0, 1, 2, 0.5, 0, 1, 1, 0, 1, 0, 0, 0, 3, -6.0], ["0021300040", 1610612758, "SAC", "Sacramento", 201574, "Jason Thompson", "", "", "21:49", 5, 8, 0.625, 0, 0, 0.0, 2, 2, 1.0, 3, 7, 10, 2, 0, 0, 5, 3, 12, 4.0], ["0021300040", 1610612758, "SAC", "Sacramento", 201601, "Luc Mbah a Moute", "", "", "6:21", 0, 1, 0.0, 0, 0, 0.0, 2, 2, 1.0, 2, 0, 2, 1, 0, 0, 0, 0, 2, 9.0], ["0021300040", 1610612758, "SAC", "Sacramento", 202690, "Jimmer Fredette", "", "", "3:07", 1, 2, 0.5, 0, 0, 0.0, 0, 0, 0.0, 1, 0, 1, 1, 0, 0, 0, 0, 2, 8.0], ["0021300040", 1610612758, "SAC", "Sacramento", 202380, "Hamady Ndiaye", "", "", "3:07", 0, 2, 0.0, 0, 0, 0.0, 0, 0, 0.0, 0, 1, 1, 0, 0, 0, 0, 0, 0, 8.0], ["0021300040", 1610612744, "GSW", "Golden State", 2738, "Andre Iguodala", "F", "", "39:20", 2, 5, 0.4, 1, 3, 0.333, 0, 0, 0.0, 1, 5, 6, 5, 0, 1, 2, 2, 5, 19.0], ["0021300040", 1610612744, "GSW", "Golden State", 101135, "David Lee", "F", "", "31:18", 6, 11, 0.545, 0, 1, 0.0, 3, 3, 1.0, 1, 11, 12, 3, 1, 0, 3, 4, 15, 22.0], ["0021300040", 1610612744, "GSW", "Golden State", 101106, "Andrew Bogut", "C", "", "20:28", 3, 6, 0.5, 0, 0, 0.0, 0, 2, 0.0, 0, 6, 6, 1, 1, 4, 1, 1, 6, 10.0], ["0021300040", 1610612744, "GSW", "Golden State", 202691, "Klay Thompson", "G", "", "40:14", 10, 17, 0.588, 3, 8, 0.375, 4, 4, 1.0, 1, 6, 7, 2, 1, 0, 1, 3, 27, 19.0], ["0021300040", 1610612744, "GSW", "Golden State", 201939, "Stephen Curry", "G", "", "32:30", 8, 13, 0.615, 5, 8, 0.625, 1, 1, 1.0, 0, 1, 1, 12, 1, 0, 7, 4, 22, 18.0], ["0021300040", 1610612744, "GSW", "Golden State", 203110, "Draymond Green", "", "", "23:58", 2, 4, 0.5, 1, 2, 0.5, 1, 2, 0.5, 0, 3, 3, 0, 3, 0, 1, 1, 6, 7.0], ["0021300040", 1610612744, "GSW", "Golden State", 201578, "Marreese Speights", "", "", "16:31", 3, 7, 0.429, 0, 1, 0.0, 0, 0, 0.0, 1, 5, 6, 1, 0, 1, 1, 3, 6, -11.0], ["0021300040", 1610612744, "GSW", "Golden State", 201962, "Toney Douglas", "", "", "15:42", 2, 6, 0.333, 1, 3, 0.333, 0, 0, 0.0, 0, 0, 0, 3, 1, 0, 0, 2, 5, -5.0], ["0021300040", 1610612744, "GSW", "Golden State", 203145, "Kent Bazemore", "", "", "13:20", 3, 5, 0.6, 0, 1, 0.0, 0, 0, 0.0, 1, 1, 2, 0, 0, 0, 1, 2, 6, -8.0], ["0021300040", 1610612744, "GSW", "Golden State", 203517, "Nemanja Nedovic", "", "", "3:33", 0, 2, 0.0, 0, 0, 0.0, 0, 0, 0.0, 0, 1, 1, 1, 0, 0, 1, 0, 0, -8.0], ["0021300040", 1610612744, "GSW", "Golden State", 203136, "Ognjen Kuzmic", "", "", "3:07", 0, 0, 0.0, 0, 0, 0.0, 0, 0, 0.0, 0, 0, 0, 0, 0, 1, 0, 0, 0, -8.0], ["0021300040", 1610612744, "GSW", "Golden State", 203084, "Harrison Barnes", "", "DNP - Coach's Decision", null, null, null, null, null, null, null, null, null, null, null, null, null, null, null, null, null, null, null, null], ["0021300040", 1610612744, "GSW", "Golden State", 979, "Jermaine O'Neal", "", "DNP - Coach's Decision", null, null, null, null, null, null, null, null, null, null, null, null, null, null, null, null, null, null, null, null]], "name": "PlayerStats"}, {"headers": ["GAME_ID", "TEAM_ID", "TEAM_NAME", "TEAM_ABBREVIATION", "TEAM_CITY", "MIN", "FGM", "FGA", "FG_PCT", "FG3M", "FG3A", "FG3_PCT", "FTM", "FTA", "FT_PCT", "OREB", "DREB", "REB", "AST", "STL", "BLK", "TO", "PF", "PTS", "PLUS_MINUS"], "rowSet": [["0021300040", 1610612758, "Kings", "SAC", "Sacramento", "240:00", 30, 87, 0.345, 6, 26, 0.231, 21, 24, 0.875, 16, 32, 48, 16, 9, 1, 14, 18, 87, -11.0], ["0021300040", 1610612744, "Warriors", "GSW", "Golden State", "240:00", 39, 76, 0.513, 11, 27, 0.407, 9, 12, 0.75, 5, 39, 44, 28, 8, 7, 18, 22, 98, 11.0]], "name": "TeamStats"}, {"headers": ["LEAGUE_ID", "SEASON_ID", "TEAM_ID", "TEAM_ABBREVIATION", "TEAM_CITY", "PTS_PAINT", "PTS_2ND_CHANCE", "PTS_FB", "LARGEST_LEAD", "LEAD_CHANGES", "TIMES_TIED"], "rowSet": [["00", "22013", 1610612758, "SAC", "Sacramento", 38, 19, 17, 27, 2, 0], ["00", "22013", 1610612744, "GSW", "Golden State", 36, 6, 16, 27, 2, 0]], "name": "OtherStats"}, {"headers": ["OFFICIAL_ID", "FIRST_NAME", "LAST_NAME", "JERSEY_NUM"], "rowSet": [[2004, "Courtney", "Kirkland", "61"], [1830, "Marc", "Davis", "8"], [202053, "Scott", "Twardoski", "52"]], "name": "Officials"}, {"headers": ["GAME_DATE", "ATTENDANCE", "GAME_TIME"], "rowSet": [["SATURDAY, NOVEMBER 2, 2013", 19596, "2:07"]], "name": "GameInfo"}, {"headers": ["PLAYER_ID", "FIRST_NAME", "LAST_NAME", "JERSEY_NUM", "TEAM_ID", "TEAM_CITY", "TEAM_NAME", "TEAM_ABBREVIATION"], "rowSet": [[203492, "Ray", "McCallum", " 3", 1610612758, "Sacramento", "Kings", "SAC"], [201171, "Carl", "Landry", "24", 1610612758, "Sacramento", "Kings", "SAC"], [203105, "Festus", "Ezeli", "31", 1610612744, "Golden State", "Warriors", "GSW"]], "name": "InactivePlayers"}, {"headers": ["VIDEO_AVAILABLE_FLAG"], "rowSet": [[1]], "name": "AvailableVideo"}], "parameters": {"GameID": "0021300040", "RangeType": 0, "StartPeriod": 0, "StartRange": 0, "EndPeriod": 0, "EndRange": 0}}