{"resource": "boxscore", "resultSets": [{"headers": ["GAME_DATE_EST", "GAME_SEQUENCE", "GAME_ID", "GAME_STATUS_ID", "GAME_STATUS_TEXT", "GAMECODE", "HOME_TEAM_ID", "VISITOR_TEAM_ID", "SEASON", "LIVE_PERIOD", "LIVE_PC_TIME", "NATL_TV_BROADCASTER_ABBREVIATION", "LIVE_PERIOD_TIME_BCAST", "WH_STATUS"], "rowSet": [["2013-11-02T00:00:00", 4, "0021300036", 3, "Final", "20131102/MEMDAL", 1610612742, 1610612763, "2013", 4, "", null, "Q4  - ", 1]], "name": "GameSummary"}, {"headers": ["GAME_DATE_EST", "GAME_SEQUENCE", "GAME_ID", "TEAM_ID", "TEAM_ABBREVIATION", "TEAM_CITY_NAME", "TEAM_WINS_LOSSES", "PTS_QTR1", "PTS_QTR2", "PTS_QTR3", "PTS_QTR4", "PTS_OT1", "PTS_OT2", "PTS_OT3", "PTS_OT4", "PTS_OT5", "PTS_OT6", "PTS_OT7", "PTS_OT8", "PTS_OT9", "PTS_OT10", "PTS"], "rowSet": [["2013-11-02T00:00:00", 4, "0021300036", 1610612763, "MEM", "Memphis", "1-2", 16, 27, 20, 36, 0, 0, 0, 0, 0, 0, 0, 0, 0, 0, 99], ["2013-11-02T00:00:00", 4, "0021300036", 1610612742, "DAL", "Dallas", "2-1", 32, 17, 24, 38, 0, 0, 0, 0, 0, 0, 0, 0, 0, 0, 111]], "name": "LineScore"}, {"headers": ["GAME_ID", "HOME_TEAM_ID", "VISITOR_TEAM_ID", "GAME_DATE_EST", "HOME_TEAM_WINS", "HOME_TEAM_LOSSES", "SERIES_LEADER"], "rowSet": [["0021300036", 1610612742, 1610612763, "2013-11-02T00:00:00", 2, 0, "Dallas"]], "name": "SeasonSeries"}, {"headers": ["GAME_ID", "LAST_GAME_ID", "LAST_GAME_DATE_EST", "LAST_GAME_HOME_TEAM_ID", "LAST_GAME_HOME_TEAM_CITY", "LAST_GAME_HOME_TEAM_NAME", "LAST_GAME_HOME_TEAM_ABBREVIATION", "LAST_GAME_HOME_TEAM_POINTS", "LAST_GAME_VISITOR_TEAM_ID", "LAST_GAME_VISITOR_TEAM_CITY", "LAST_GAME_VISITOR_TEAM_NAME", "LAST_GAME_VISITOR_TEAM_CITY1", "LAST_GAME_VISITOR_TEAM_POINTS"], "rowSet": [["0021300036", "0011300024", "2013-10-09T00:00:00", 1610612742, "Dallas", "Mavericks", "DAL", 95, 1610612763, "Memphis", "Grizzlies", "MEM", 90]], "name": "LastMeeting"}, {"headers": ["GAME_ID", "TEAM_ID", "TEAM_ABBREVIATION", "TEAM_CITY", "PLAYER_ID", "PLAYER_NAME", "START_POSITION", "COMMENT", "MIN", "FGM", "FGA", "FG_PCT", "FG3M", "FG3A", "FG3_PCT", "FTM", "FTA", "FT_PCT", "OREB", "DREB", "REB", "AST", "STL", "BLK", "TO", "PF", "PTS", "PLUS_MINUS"], "rowSet": [["0021300036", 1610612763, "MEM", "Memphis", 2419, "Tayshaun Prince", "F", "", "17:17", 1, 2, 0.5, 0, 0, 0.0, 1, 2, 0.5, 0, 2, 2, 1, 1, 0, 3, 1, 3, 1.0], ["0021300036", 1610612763, "MEM", "Memphis", 2216, "Zach Randolph", "F", "", "34:42", 9, 17, 0.529, 0, 1, 0.0, 3, 4, 0.75, 5, 9, 14, 2, 1, 0, 2, 4, 21, 1.0], ["0021300036", 1610612763, "MEM", "Memphis", 201188, "Marc Gasol", "C", "", "35:39", 8, 14, 0.571, 0, 1, 0.0, 7, 7, 1.0, 1, 4, 5, 1, 0, 0, 1, 5, 23, 1.0], ["0021300036", 1610612763, "MEM", "Memphis", 2754, "Tony Allen", "G", "", "20:11", 0, 6, 0.0, 0, 1, 0.0, 0, 0, 0.0, 2, 1, 3, 0, 1, 0, 1, 2, 0, -8.0], ["0021300036", 1610612763, "MEM", "Memphis", 201144, "Mike Conley", "G", "", "38:02", 7, 16, 0.438, 1, 4, 0.25, 9, 10, 0.9, 2, 2, 4, 8, 3, 1, 1, 2, 24, 1.0], ["0021300036", 1610612763, "MEM", "Memphis", 202347, "Quincy Pondexter", "", "", "13:32", 1, 4, 0.25, 0, 2, 0.0, 0, 0, 0.0, 0, 2, 2, 2, 0, 0, 2, 3, 2, -12.0], ["0021300036", 1610612763, "MEM", "Memphis", 2034, "Mike Miller", "", "", "17:58", 2, 5, 0.4, 0, 2, 0.0, 0, 0, 0.0, 1, 3, 4, 3, 0, 0, 3, 3, 4, -15.0], ["0021300036", 1610612763, "MEM", "Memphis", 201573, "Jerryd Bayless", "", "", "30:57", 4, 11, 0.364, 2, 5, 0.4, 1, 1, 1.0, 0, 7, 7, 2, 0, 0, 3, 6, 11, 1.0], ["0021300036", 1610612763, "MEM", "Memphis", 202334, "Ed Davis", "", "", "5:55", 1, 1, 1.0, 0, 0, 0.0, 0, 0, 0.0, 0, 1, 1, 1, 0, 1, 0, 2, 2, -10.0], ["0021300036", 1610612763, "MEM", "Memphis", 201585, "Kosta Koufos", "", "", "17:23", 3, 9, 0.333, 0, 0, 0.0, 1, 2, 0.5, 6, 2, 8, 0, 0, 0, 1, 4, 7, -16.0], ["0021300036", 1610612763, "MEM", "Memphis", 201979, "Nick Calathes", "", "", "6:04", 1, 1, 1.0, 0, 0, 0.0, 0, 0, 0.0, 0, 1, 1, 0, 0, 0, 0, 1, 2, -4.0], ["0021300036", 1610612763, "MEM", "Memphis", 202720, "Jon Leuer", "", "", "2:21", 0, 1, 0.0, 0, 0, 0.0, 0, 0, 0.0, 0, 0, 0, 0, 0, 0, 0, 1, 0, 0.0], ["0021300036", 1610612763, "MEM", "Memphis", 203479, "Jamaal Franklin", "", "DNP - Coach's Decision", null, null, null, null, null, null, null, null, null, null, null, null, null, null, null, null, null, null, null, null], ["0021300036", 1610612742, "DAL", "Dallas", 1890, "Shawn Marion", "F", "", "34:02", 6, 17, 0.353, 0, 2, 0.0, 9, 10, 0.9, 6, 8, 14, 4, 0, 2, 1, 2, 21, 3.0], ["0021300036", 1610612742, "DAL", "Dallas", 1717, "Dirk Nowitzki", "F", "", "32:22", 7, 16, 0.438, 3, 4, 0.75, 7, 8, 0.875, 0, 6, 6, 1, 2, 0, 2, 3, 24, 11.0], ["0021300036", 1610612742, "DAL", "Dallas", 2223, "Samuel Dalembert", "C", "", "25:50", 4, 4, 1.0, 0, 0, 0.0, 6, 6, 1.0, 2, 7, 9, 2, 2, 0, 2, 5, 14, 4.0], ["0021300036", 1610612742, "DAL", "Dallas", 101145, "Monta Ellis", "G", "", "38:00", 5, 14, 0.357, 0, 1, 0.0, 8, 10, 0.8, 1, 2, 3, 2, 3, 0, 2, 3, 18, 11.0], ["0021300036", 1610612742, "DAL", "Dallas", 101181, "Jose Calderon", "G", "", "38:44", 4, 11, 0.364, 3, 7, 0.429, 4, 4, 1.0, 2, 0, 2, 5, 1, 0, 0, 2, 15, 6.0], ["0021300036", 1610612742, "DAL", "Dallas", 1713, "Vince Carter", "", "", "25:47", 3, 8, 0.375, 1, 4, 0.25, 4, 5, 0.8, 0, 1, 1, 2, 0, 0, 0, 1, 11, 8.0], ["0021300036", 1610612742, "DAL", "Dallas", 201971, "DeJuan Blair", "", "", "22:10", 3, 6, 0.5, 0, 0, 0.0, 2, 3, 0.667, 2, 4, 6, 0, 4, 0, 1, 4, 8, 8.0], ["0021300036", 1610612742, "DAL", "Dallas", 203109, "Jae Crowder", "", "", "16:01", 0, 2, 0.0, 0, 0, 0.0, 0, 0, 0.0, 1, 2, 3, 1, 0, 1, 1, 0, 0, 4.0], ["0021300036", 1610612742, "DAL", "Dallas", 203539, "Gal Mekel", "", "", "7:06", 0, 2, 0.0, 0, 1, 0.0, 0, 0, 0.0, 0, 1, 1, 1, 0, 1, 2, 0, 0, 5.0], ["0021300036", 1610612742, "DAL", "Dallas", 201961, "Wayne Ellington", "", "DNP - Coach's Decision", null, null, null, null, null, null, null, null, null, null, null, null, null, null, null, null, null, null, null, null], ["0021300036", 1610612742, "DAL", "Dallas", 203108, "Bernard James", "", "DNP - Coach's Decision", null, null, null, null, null, null, null, null, null, null, null, null, null, null, null, null, null, null, null, null], ["0021300036", 1610612742, "DAL", "Dallas", 203495, "Ricky Ledo", "", "DNP - Coach's Decision", null, null, null, null, null, null, null, null, null, null, null, null, null, null, null, null, null, null, null, null]], "name": "PlayerStats"}, {"headers": ["GAME_ID", "TEAM_ID", "TEAM_NAME", "TEAM_ABBREVIATION", "TEAM_CITY", "MIN", "FGM", "FGA", "FG_PCT", "FG3M", "FG3A", "FG3_PCT", "FTM", "FTA", "FT_PCT", "OREB", "DREB", "REB", "AST", "STL", "BLK", "TO", "PF", "PTS", "PLUS_MINUS"], "rowSet": [["0021300036", 1610612763, "Grizzlies", "MEM", "Memphis", "240:00", 37, 87, 0.425, 3, 16, 0.188, 22, 26, 0.846, 17, 34, 51, 20, 6, 2, 17, 34, 99, -12.0], ["0021300036", 1610612742, "Mavericks", "DAL", "Dallas", "240:00", 32, 80, 0.4, 7, 19, 0.368, 40, 46, 0.87, 14, 31, 45, 18, 12, 4, 11, 20, 111, 12.0]], "name": "TeamStats"}, {"headers": ["LEAGUE_ID", "SEASON_ID", "TEAM_ID", "TEAM_ABBREVIATION", "TEAM_CITY", "PTS_PAINT", "PTS_2ND_CHANCE", "PTS_FB", "LARGEST_LEAD", "LEAD_CHANGES", "TIMES_TIED"], "rowSet": [["00", "22013", 1610612742, "DAL", "Dallas", 40, 18, 20, 20, 1, 1], ["00", "22013", 1610612763, "MEM", "Memphis", 48, 17, 23, 21, 1, 1]], "name": "OtherStats"}, {"headers": ["OFFICIAL_ID", "FIRST_NAME", "LAST_NAME", "JERSEY_NUM"], "rowSet": [[1190, "Eddie", "Rush", "32"], [1199, "Tom", "Washington", "49"], [101284, "John", "Goble", "30"]], "name": "Officials"}, {"headers": ["GAME_DATE", "ATTENDANCE", "GAME_TIME"], "rowSet": [["SATURDAY, NOVEMBER 2, 2013", 20262, "2:24"]], "name": "GameInfo"}, {"headers": ["PLAYER_ID", "FIRST_NAME", "LAST_NAME", "JERSEY_NUM", "TEAM_ID", "TEAM_CITY", "TEAM_NAME", "TEAM_ABBREVIATION"], "rowSet": [[203499, "Shane", "Larkin", " 3", 1610612742, "Dallas", "Mavericks", "DAL"], [2734, "Devin", "Harris", "20", 1610612742, "Dallas", "Mavericks", "DAL"], [201148, "Brandan", "Wright", "34", 1610612742, "Dallas", "Mavericks", "DAL"]], "name": "InactivePlayers"}, {"headers": ["VIDEO_AVAILABLE_FLAG"], "rowSet": [[1]], "name": "AvailableVideo"}], "parameters": {"GameID": "0021300036", "RangeType": 0, "StartPeriod": 0, "StartRange": 0, "EndPeriod": 0, "EndRange": 0}}