{"resource": "boxscore", "resultSets": [{"headers": ["GAME_DATE_EST", "GAME_SEQUENCE", "GAME_ID", "GAME_STATUS_ID", "GAME_STATUS_TEXT", "GAMECODE", "HOME_TEAM_ID", "VISITOR_TEAM_ID", "SEASON", "LIVE_PERIOD", "LIVE_PC_TIME", "NATL_TV_BROADCASTER_ABBREVIATION", "LIVE_PERIOD_TIME_BCAST", "WH_STATUS"], "rowSet": [["2013-11-01T00:00:00", 8, "0021300027", 3, "Final", "20131101/OKCMIN", 1610612750, 1610612760, "2013", 4, "", null, "Q4  - ", 1]], "name": "GameSummary"}, {"headers": ["GAME_DATE_EST", "GAME_SEQUENCE", "GAME_ID", "TEAM_ID", "TEAM_ABBREVIATION", "TEAM_CITY_NAME", "TEAM_WINS_LOSSES", "PTS_QTR1", "PTS_QTR2", "PTS_QTR3", "PTS_QTR4", "PTS_OT1", "PTS_OT2", "PTS_OT3", "PTS_OT4", "PTS_OT5", "PTS_OT6", "PTS_OT7", "PTS_OT8", "PTS_OT9", "PTS_OT10", "PTS"], "rowSet": [["2013-11-01T00:00:00", 8, "0021300027", 1610612760, "OKC", "Oklahoma City", "1-1", 19, 20, 21, 21, 0, 0, 0, 0, 0, 0, 0, 0, 0, 0, 81], ["2013-11-01T00:00:00", 8, "0021300027", 1610612750, "MIN", "Minnesota", "2-0", 34, 25, 29, 12, 0, 0, 0, 0, 0, 0, 0, 0, 0, 0, 100]], "name": "LineScore"}, {"headers": ["GAME_ID", "HOME_TEAM_ID", "VISITOR_TEAM_ID", "GAME_DATE_EST", "HOME_TEAM_WINS", "HOME_TEAM_LOSSES", "SERIES_LEADER"], "rowSet": [["0021300027", 1610612750, 1610612760, "2013-11-01T00:00:00", 1, 2, "Oklahoma City"]], "name": "SeasonSeries"}, {"headers": ["GAME_ID", "LAST_GAME_ID", "LAST_GAME_DATE_EST", "LAST_GAME_HOME_TEAM_ID", "LAST_GAME_HOME_TEAM_CITY", "LAST_GAME_HOME_TEAM_NAME", "LAST_GAME_HOME_TEAM_ABBREVIATION", "LAST_GAME_HOME_TEAM_POINTS", "LAST_GAME_VISITOR_TEAM_ID", "LAST_GAME_VISITOR_TEAM_CITY", "LAST_GAME_VISITOR_TEAM_NAME", "LAST_GAME_VISITOR_TEAM_CITY1", "LAST_GAME_VISITOR_TEAM_POINTS"], "rowSet": [["0021300027", "0021201081", "2013-03-29T00:00:00", 1610612750, "Minnesota", "Timberwolves", "MIN", 101, 1610612760, "Oklahoma City", "Thunder", "OKC", 93]], "name": "LastMeeting"}, {"headers": ["GAME_ID", "TEAM_ID", "TEAM_ABBREVIATION", "TEAM_CITY", "PLAYER_ID", "PLAYER_NAME", "START_POSITION", "COMMENT", "MIN", "FGM", "FGA", "FG_PCT", "FG3M", "FG3A", "FG3_PCT", "FTM", "FTA", "FT_PCT", "OREB", "DREB", "REB", "AST", "STL", "BLK", "TO", "PF", "PTS", "PLUS_MINUS"], "rowSet": [["0021300027", 1610612760, "OKC", "Oklahoma City", 201142, "Kevin Durant", "F", "", "27:07", 4, 11, 0.364, 1, 5, 0.2, 4, 5, 0.8, 0, 4, 4, 1, 0, 2, 4, 3, 13, -20.0], ["0021300027", 1610612760, "OKC", "Oklahoma City", 201586, "Serge Ibaka", "F", "", "30:42", 3, 13, 0.231, 1, 4, 0.25, 2, 2, 1.0, 2, 7, 9, 1, 0, 0, 1, 3, 9, -13.0], ["0021300027", 1610612760, "OKC", "Oklahoma City", 2570, "Kendrick Perkins", "C", "", "16:41", 3, 3, 1.0, 0, 0, 0.0, 0, 0, 0.0, 0, 1, 1, 1, 1, 1, 2, 3, 6, -3.0], ["0021300027", 1610612760, "OKC", "Oklahoma City", 200757, "Thabo Sefolosha", "G", "", "22:31", 1, 8, 0.125, 0, 2, 0.0, 2, 2, 1.0, 3, 1, 4, 1, 2, 0, 0, 3, 4, -19.0], ["0021300027", 1610612760, "OKC", "Oklahoma City", 202704, "Reggie Jackson", "G", "", "23:49", 3, 9, 0.333, 0, 5, 0.0, 2, 2, 1.0, 0, 3, 3, 4, 1, 0, 7, 2, 8, -20.0], ["0021300027", 1610612760, "OKC", "Oklahoma City", 203500, "Steven Adams", "", "", "22:53", 2, 5, 0.4, 0, 0, 0.0, 4, 6, 0.667, 5, 3, 8, 1, 0, 1, 0, 5, 8, -14.0], ["0021300027", 1610612760, "OKC", "Oklahoma City", 203087, "Jeremy Lamb", "", "", "21:15", 7, 15, 0.467, 2, 5, 0.4, 0, 0, 0.0, 0, 4, 4, 2, 0, 1, 1, 1, 16, -2.0], ["0021300027", 1610612760, "OKC", "Oklahoma City", 2555, "Nick Collison", "", "", "16:28", 2, 3, 0.667, 1, 1, 1.0, 2, 2, 1.0, 0, 0, 0, 0, 0, 0, 2, 3, 7, -21.0], ["0021300027", 1610612760, "OKC", "Oklahoma City", 965, "Derek Fisher", "", "", "17:55", 3, 6, 0.5, 1, 4, 0.25, 0, 0, 0.0, 0, 2, 2, 4, 0, 0, 2, 3, 7, -11.0], ["0021300027", 1610612760, "OKC", "Oklahoma City", 203103, "Perry Jones", "", "", "25:07", 1, 7, 0.143, 1, 4, 0.25, 0, 0, 0.0, 0, 1, 1, 0, 1, 1, 1, 2, 3, 3.0], ["0021300027", 1610612760, "OKC", "Oklahoma City", 203460, "Andre Roberson", "", "", "9:16", 0, 2, 0.0, 0, 1, 0.0, 0, 0, 0.0, 4, 1, 5, 0, 0, 0, 1, 0, 0, 13.0], ["0021300027", 1610612760, "OKC", "Oklahoma City", 101155, "Ryan Gomes", "", "", "6:16", 0, 1, 0.0, 0, 0, 0.0, 0, 0, 0.0, 0, 1, 1, 1, 0, 0, 0, 0, 0, 12.0], ["0021300027", 1610612760, "OKC", "Oklahoma City", 201934, "Hasheem Thabeet", "", "DNP - Coach's Decision", null, null, null, null, null, null, null, null, null, null, null, null, null, null, null, null, null, null, null, null], ["0021300027", 1610612750, "MIN", "Minnesota", 201147, "Corey Brewer", "F", "", "20:57", 3, 8, 0.375, 1, 3, 0.333, 2, 2, 1.0, 1, 0, 1, 1, 0, 0, 0, 2, 9, 13.0], ["0021300027", 1610612750, "MIN", "Minnesota", 201567, "Kevin Love", "F", "", "28:47", 7, 12, 0.583, 3, 5, 0.6, 7, 8, 0.875, 1, 11, 12, 2, 2, 0, 1, 1, 24, 26.0], ["0021300027", 1610612750, "MIN", "Minnesota", 201593, "Nikola Pekovic", "C", "", "27:41", 5, 10, 0.5, 0, 0, 0.0, 5, 6, 0.833, 3, 7, 10, 1, 0, 0, 4, 3, 15, 20.0], ["0021300027", 1610612750, "MIN", "Minnesota", 2755, "Kevin Martin", "G", "", "24:08", 4, 11, 0.364, 0, 0, 0.0, 1, 1, 1.0, 1, 2, 3, 3, 2, 0, 2, 0, 9, 16.0], ["0021300027", 1610612750, "MIN", "Minnesota", 201937, "Ricky Rubio", "G", "", "28:39", 4, 8, 0.5, 2, 3, 0.667, 4, 4, 1.0, 1, 1, 2, 10, 5, 0, 1, 2, 14, 29.0], ["0021300027", 1610612750, "MIN", "Minnesota", 202682, "Derrick Williams", "", "", "27:03", 4, 6, 0.667, 0, 1, 0.0, 2, 2, 1.0, 0, 7, 7, 0, 1, 2, 2, 2, 10, 6.0], ["0021300027", 1610612750, "MIN", "Minnesota", 101142, "Ronny Turiaf", "", "", "3:07", 0, 0, 0.0, 0, 0, 0.0, 0, 0, 0.0, 0, 0, 0, 1, 0, 0, 0, 1, 0, 1.0], ["0021300027", 1610612750, "MIN", "Minnesota", 200826, "Jose Juan Barea", "", "", "19:27", 4, 8, 0.5, 2, 5, 0.4, 0, 0, 0.0, 1, 1, 2, 2, 1, 0, 0, 1, 10, 10.0], ["0021300027", 1610612750, "MIN", "Minnesota", 203144, "Alexey Shved", "", "", "17:30", 1, 3, 0.333, 0, 2, 0.0, 5, 6, 0.833, 0, 2, 2, 0, 0, 0, 1, 1, 7, -5.0], ["0021300027", 1610612750, "MIN", "Minnesota", 201967, "Dante Cunningham", "", "", "15:05", 1, 6, 0.167, 0, 0, 0.0, 0, 0, 0.0, 1, 2, 3, 0, 2, 0, 1, 2, 2, 15.0], ["0021300027", 1610612750, "MIN", "Minnesota", 203476, "Gorgui Dieng", "", "", "14:25", 0, 1, 0.0, 0, 0, 0.0, 0, 4, 0.0, 0, 0, 0, 1, 0, 0, 2, 4, 0, -10.0], ["0021300027", 1610612750, "MIN", "Minnesota", 203133, "Robbie Hummel", "", "", "6:55", 0, 3, 0.0, 0, 1, 0.0, 0, 0, 0.0, 0, 2, 2, 0, 1, 0, 0, 2, 0, -14.0], ["0021300027", 1610612750, "MIN", "Minnesota", 203498, "Shabazz Muhammad", "", "", "6:16", 0, 1, 0.0, 0, 0, 0.0, 0, 0, 0.0, 0, 0, 0, 0, 0, 0, 1, 0, 0, -12.0]], "name": "PlayerStats"}, {"headers": ["GAME_ID", "TEAM_ID", "TEAM_NAME", "TEAM_ABBREVIATION", "TEAM_CITY", "MIN", "FGM", "FGA", "FG_PCT", "FG3M", "FG3A", "FG3_PCT", "FTM", "FTA", "FT_PCT", "OREB", "DREB", "REB", "AST", "STL", "BLK", "TO", "PF", "PTS", "PLUS_MINUS"], "rowSet": [["0021300027", 1610612760, "Thunder", "OKC", "Oklahoma City", "240:00", 29, 83, 0.349, 7, 31, 0.226, 16, 19, 0.842, 14, 28, 42, 16, 5, 6, 21, 28, 81, -19.0], ["0021300027", 1610612750, "Timberwolves", "MIN", "Minnesota", "240:00", 33, 77, 0.429, 8, 20, 0.4, 26, 33, 0.788, 9, 35, 44, 21, 14, 2, 15, 21, 100, 19.0]], "name": "TeamStats"}, {"headers": ["LEAGUE_ID", "SEASON_ID", "TEAM_ID", "TEAM_ABBREVIATION", "TEAM_CITY", "PTS_PAINT", "PTS_2ND_CHANCE", "PTS_FB", "LARGEST_LEAD", "LEAD_CHANGES", "TIMES_TIED"], "rowSet": [["00", "22013", 1610612750, "MIN", "Minnesota", 44, 6, 17, 32, 1, 2], ["00", "22013", 1610612760, "OKC", "Oklahoma City", 20, 9, 2, 34, 1, 2]], "name": "OtherStats"}, {"headers": ["OFFICIAL_ID", "FIRST_NAME", "LAST_NAME", "JERSEY_NUM"], "rowSet": [[1193, "Michael", "Smith", "38"], [2529, "Tony", "Brown", "6"], [202037, "JT", "Orr", "72"]], "name": "Officials"}, {"headers": ["GAME_DATE", "ATTENDANCE", "GAME_TIME"], "rowSet": [["FRIDAY, NOVEMBER 1, 2013", 17433, "2:14"]], "name": "GameInfo"}, {"headers": ["PLAYER_ID", "FIRST_NAME", "LAST_NAME", "JERSEY_NUM", "TEAM_ID", "TEAM_CITY", "TEAM_NAME", "TEAM_ABBREVIATION"], "rowSet": [[201566, "Russell", "Westbrook", " 0", 1610612760, "Oklahoma City", "Thunder", "OKC"], [201978, "Chase", "Budinger", "10", 1610612750, "Minnesota", "Timberwolves", "MIN"], [201985, "A.J.", "Price", "22", 1610612750, "Minnesota", "Timberwolves", "MIN"]], "name": "InactivePlayers"}, {"headers": ["VIDEO_AVAILABLE_FLAG"], "rowSet": [[1]], "name": "AvailableVideo"}], "parameters": {"GameID": "0021300027", "RangeType": 0, "StartPeriod": 0, "StartRange": 0, "EndPeriod": 0, "EndRange": 0}}