{"resource": "boxscore", "resultSets": [{"headers": ["GAME_DATE_EST", "GAME_SEQUENCE", "GAME_ID", "GAME_STATUS_ID", "GAME_STATUS_TEXT", "GAMECODE", "HOME_TEAM_ID", "VISITOR_TEAM_ID", "SEASON", "LIVE_PERIOD", "LIVE_PC_TIME", "NATL_TV_BROADCASTER_ABBREVIATION", "LIVE_PERIOD_TIME_BCAST", "WH_STATUS"], "rowSet": [["2013-11-06T00:00:00", 4, "0021300063", 3, "Final", "20131106/WASPHI", 1610612755, 1610612764, "2013", 4, "", null, "Q4  - ", 1]], "name": "GameSummary"}, {"headers": ["GAME_DATE_EST", "GAME_SEQUENCE", "GAME_ID", "TEAM_ID", "TEAM_ABBREVIATION", "TEAM_CITY_NAME", "TEAM_WINS_LOSSES", "PTS_QTR1", "PTS_QTR2", "PTS_QTR3", "PTS_QTR4", "PTS_OT1", "PTS_OT2", "PTS_OT3", "PTS_OT4", "PTS_OT5", "PTS_OT6", "PTS_OT7", "PTS_OT8", "PTS_OT9", "PTS_OT10", "PTS"], "rowSet": [["2013-11-06T00:00:00", 4, "0021300063", 1610612764, "WAS", "Washington", "1-3", 39, 21, 29, 27, 0, 0, 0, 0, 0, 0, 0, 0, 0, 0, 116], ["2013-11-06T00:00:00", 4, "0021300063", 1610612755, "PHI", "Philadelphia", "3-2", 27, 24, 25, 26, 0, 0, 0, 0, 0, 0, 0, 0, 0, 0, 102]], "name": "LineScore"}, {"headers": ["GAME_ID", "HOME_TEAM_ID", "VISITOR_TEAM_ID", "GAME_DATE_EST", "HOME_TEAM_WINS", "HOME_TEAM_LOSSES", "SERIES_LEADER"], "rowSet": [["0021300063", 1610612755, 1610612764, "2013-11-06T00:00:00", 1, 2, "Washington"]], "name": "SeasonSeries"}, {"headers": ["GAME_ID", "LAST_GAME_ID", "LAST_GAME_DATE_EST", "LAST_GAME_HOME_TEAM_ID", "LAST_GAME_HOME_TEAM_CITY", "LAST_GAME_HOME_TEAM_NAME", "LAST_GAME_HOME_TEAM_ABBREVIATION", "LAST_GAME_HOME_TEAM_POINTS", "LAST_GAME_VISITOR_TEAM_ID", "LAST_GAME_VISITOR_TEAM_CITY", "LAST_GAME_VISITOR_TEAM_NAME", "LAST_GAME_VISITOR_TEAM_CITY1", "LAST_GAME_VISITOR_TEAM_POINTS"], "rowSet": [["0021300063", "0021300022", "2013-11-01T00:00:00", 1610612755, "Philadelphia", "76ers", "PHI", 109, 1610612764, "Washington", "Wizards", "WAS", 102]], "name": "LastMeeting"}, {"headers": ["GAME_ID", "TEAM_ID", "TEAM_ABBREVIATION", "TEAM_CITY", "PLAYER_ID", "PLAYER_NAME", "START_POSITION", "COMMENT", "MIN", "FGM", "FGA", "FG_PCT", "FG3M", "FG3A", "FG3_PCT", "FTM", "FTA", "FT_PCT", "OREB", "DREB", "REB", "AST", "STL", "BLK", "TO", "PF", "PTS", "PLUS_MINUS"], "rowSet": [["0021300063", 1610612764, "WAS", "Washington", 2772, "Trevor Ariza", "F", "", "34:52", 5, 10, 0.5, 3, 4, 0.75, 2, 2, 1.0, 0, 6, 6, 3, 3, 0, 2, 2, 15, 13.0], ["0021300063", 1610612764, "WAS", "Washington", 2403, "Nene", "F", "", "29:19", 4, 10, 0.4, 0, 0, 0.0, 2, 2, 1.0, 2, 3, 5, 2, 1, 2, 1, 4, 10, 20.0], ["0021300063", 1610612764, "WAS", "Washington", 101162, "Marcin Gortat", "C", "", "38:14", 8, 12, 0.667, 0, 0, 0.0, 3, 3, 1.0, 5, 7, 12, 2, 1, 1, 1, 3, 19, 14.0], ["0021300063", 1610612764, "WAS", "Washington", 203078, "Bradley Beal", "G", "", "38:44", 7, 20, 0.35, 3, 9, 0.333, 0, 2, 0.0, 1, 4, 5, 8, 3, 1, 2, 3, 17, 20.0], ["0021300063", 1610612764, "WAS", "Washington", 202322, "John Wall", "G", "", "35:49", 8, 16, 0.5, 5, 8, 0.625, 3, 4, 0.75, 0, 3, 3, 9, 1, 1, 2, 4, 24, 19.0], ["0021300063", 1610612764, "WAS", "Washington", 1733, "Al Harrington", "", "", "16:53", 4, 9, 0.444, 2, 4, 0.5, 0, 1, 0.0, 0, 2, 2, 1, 0, 0, 2, 2, 10, -5.0], ["0021300063", 1610612764, "WAS", "Washington", 101110, "Martell Webster", "", "", "25:42", 4, 10, 0.4, 4, 7, 0.571, 2, 2, 1.0, 0, 4, 4, 3, 1, 0, 0, 0, 14, -6.0], ["0021300063", 1610612764, "WAS", "Washington", 202338, "Kevin Seraphin", "", "", "8:16", 1, 4, 0.25, 0, 0, 0.0, 0, 0, 0.0, 1, 1, 2, 1, 0, 0, 1, 2, 2, 0.0], ["0021300063", 1610612764, "WAS", "Washington", 201953, "Eric Maynor", "", "", "12:11", 2, 7, 0.286, 1, 1, 1.0, 0, 0, 0.0, 1, 0, 1, 3, 0, 0, 0, 0, 5, -5.0], ["0021300063", 1610612764, "WAS", "Washington", 202344, "Trevor Booker", "", "DNP - Coach's Decision", null, null, null, null, null, null, null, null, null, null, null, null, null, null, null, null, null, null, null, null], ["0021300063", 1610612764, "WAS", "Washington", 203318, "Glen Rice Jr.", "", "DNP - Coach's Decision", null, null, null, null, null, null, null, null, null, null, null, null, null, null, null, null, null, null, null, null], ["0021300063", 1610612764, "WAS", "Washington", 202066, "Garrett Temple", "", "DNP - Coach's Decision", null, null, null, null, null, null, null, null, null, null, null, null, null, null, null, null, null, null, null, null], ["0021300063", 1610612764, "WAS", "Washington", 202686, "Jan Vesely", "", "DNP - Coach's Decision", null, null, null, null, null, null, null, null, null, null, null, null, null, null, null, null, null, null, null, null], ["0021300063", 1610612755, "PHI", "Philadelphia", 202323, "Evan Turner", "F", "", "38:22", 9, 13, 0.692, 1, 2, 0.5, 5, 6, 0.833, 2, 5, 7, 4, 1, 0, 1, 1, 24, -20.0], ["0021300063", 1610612755, "PHI", "Philadelphia", 201152, "Thaddeus Young", "F", "", "34:05", 3, 11, 0.273, 0, 1, 0.0, 1, 2, 0.5, 3, 3, 6, 2, 1, 0, 2, 1, 7, -21.0], ["0021300063", 1610612755, "PHI", "Philadelphia", 201150, "Spencer Hawes", "C", "", "38:35", 9, 16, 0.563, 2, 4, 0.5, 3, 4, 0.75, 2, 11, 13, 5, 1, 2, 6, 3, 23, -9.0], ["0021300063", 1610612755, "PHI", "Philadelphia", 202341, "James Anderson", "G", "", "32:41", 5, 10, 0.5, 2, 4, 0.5, 1, 1, 1.0, 0, 4, 4, 0, 0, 0, 1, 2, 13, -5.0], ["0021300063", 1610612755, "PHI", "Philadelphia", 203487, "Michael Carter-Williams", "G", "", "36:39", 8, 21, 0.381, 1, 4, 0.25, 2, 4, 0.5, 2, 3, 5, 7, 2, 1, 2, 1, 19, -18.0], ["0021300063", 1610612755, "PHI", "Philadelphia", 202730, "Lavoy Allen", "", "", "16:47", 1, 1, 1.0, 0, 0, 0.0, 1, 2, 0.5, 1, 6, 7, 0, 0, 0, 2, 2, 3, 0.0], ["0021300063", 1610612755, "PHI", "Philadelphia", 203100, "Tony Wroten", "", "", "18:01", 1, 6, 0.167, 0, 3, 0.0, 0, 0, 0.0, 0, 3, 3, 3, 0, 0, 2, 1, 2, 5.0], ["0021300063", 1610612755, "PHI", "Philadelphia", 202721, "Darius Morris", "", "", "13:44", 2, 3, 0.667, 0, 0, 0.0, 0, 1, 0.0, 0, 1, 1, 4, 0, 0, 3, 2, 4, -2.0], ["0021300063", 1610612755, "PHI", "Philadelphia", 202350, "Daniel Orton", "", "", "6:33", 1, 2, 0.5, 0, 0, 0.0, 3, 3, 1.0, 0, 3, 3, 0, 0, 0, 1, 2, 5, 2.0], ["0021300063", 1610612755, "PHI", "Philadelphia", 203138, "Hollis Thompson", "", "", "4:33", 0, 0, 0.0, 0, 0, 0.0, 2, 3, 0.667, 1, 0, 1, 1, 0, 0, 0, 0, 2, -2.0], ["0021300063", 1610612755, "PHI", "Philadelphia", 2198, "Kwame Brown", "", "DND - Right Hamstring Strain", null, null, null, null, null, null, null, null, null, null, null, null, null, null, null, null, null, null, null, null], ["0021300063", 1610612755, "PHI", "Philadelphia", 203561, "Brandon Davies", "", "DNP - Coach's Decision", null, null, null, null, null, null, null, null, null, null, null, null, null, null, null, null, null, null, null, null]], "name": "PlayerStats"}, {"headers": ["GAME_ID", "TEAM_ID", "TEAM_NAME", "TEAM_ABBREVIATION", "TEAM_CITY", "MIN", "FGM", "FGA", "FG_PCT", "FG3M", "FG3A", "FG3_PCT", "FTM", "FTA", "FT_PCT", "OREB", "DREB", "REB", "AST", "STL", "BLK", "TO", "PF", "PTS", "PLUS_MINUS"], "rowSet": [["0021300063", 1610612764, "Wizards", "WAS", "Washington", "240:00", 43, 98, 0.439, 18, 33, 0.545, 12, 16, 0.75, 10, 30, 40, 32, 10, 5, 11, 20, 116, 14.0], ["0021300063", 1610612755, "76ers", "PHI", "Philadelphia", "240:00", 39, 83, 0.47, 6, 18, 0.333, 18, 26, 0.692, 11, 39, 50, 26, 5, 3, 20, 15, 102, -14.0]], "name": "TeamStats"}, {"headers": ["LEAGUE_ID", "SEASON_ID", "TEAM_ID", "TEAM_ABBREVIATION", "TEAM_CITY", "PTS_PAINT", "PTS_2ND_CHANCE", "PTS_FB", "LARGEST_LEAD", "LEAD_CHANGES", "TIMES_TIED"], "rowSet": [["00", "22013", 1610612764, "WAS", "Washington", 38, 14, 28, 15, 0, 0], ["00", "22013", 1610612755, "PHI", "Philadelphia", 42, 14, 26, 17, 0, 0]], "name": "OtherStats"}, {"headers": ["OFFICIAL_ID", "FIRST_NAME", "LAST_NAME", "JERSEY_NUM"], "rowSet": [[1168, "David", "Jones", "36"], [200834, "Mark", "Lindsay", "29"], [202058, "James", "Williams", "60"]], "name": "Officials"}, {"headers": ["GAME_DATE", "ATTENDANCE", "GAME_TIME"], "rowSet": [["WEDNESDAY, NOVEMBER 6, 2013", 10117, "2:04"]], "name": "GameInfo"}, {"headers": ["PLAYER_ID", "FIRST_NAME", "LAST_NAME", "JERSEY_NUM", "TEAM_ID", "TEAM_CITY", "TEAM_NAME", "TEAM_ABBREVIATION"], "rowSet": [[203102, "Arnett", "Moultrie", " 5", 1610612755, "Philadelphia", "76ers", "PHI"], [203457, "Nerlens", "Noel", " 4", 1610612755, "Philadelphia", "76ers", "PHI"], [2202, "Jason", "Richardson", "23", 1610612755, "Philadelphia", "76ers", "PHI"], [202698, "Chris", "Singleton", "31", 1610612764, "Washington", "Wizards", "WAS"], [203490, "Otto", "Porter", "22", 1610612764, "Washington", "Wizards", "WAS"]], "name": "InactivePlayers"}, {"headers": ["VIDEO_AVAILABLE_FLAG"], "rowSet": [[1]], "name": "AvailableVideo"}], "parameters": {"GameID": "0021300063", "RangeType": 0, "StartPeriod": 0, "StartRange": 0, "EndPeriod": 0, "EndRange": 0}}