{"resource": "boxscore", "resultSets": [{"headers": ["GAME_DATE_EST", "GAME_SEQUENCE", "GAME_ID", "GAME_STATUS_ID", "GAME_STATUS_TEXT", "GAMECODE", "HOME_TEAM_ID", "VISITOR_TEAM_ID", "SEASON", "LIVE_PERIOD", "LIVE_PC_TIME", "NATL_TV_BROADCASTER_ABBREVIATION", "LIVE_PERIOD_TIME_BCAST", "WH_STATUS"], "rowSet": [["2013-11-05T00:00:00", 2, "0021300052", 3, "Final", "20131105/UTABKN", 1610612751, 1610612762, "2013", 4, "", null, "Q4  - ", 1]], "name": "GameSummary"}, {"headers": ["GAME_DATE_EST", "GAME_SEQUENCE", "GAME_ID", "TEAM_ID", "TEAM_ABBREVIATION", "TEAM_CITY_NAME", "TEAM_WINS_LOSSES", "PTS_QTR1", "PTS_QTR2", "PTS_QTR3", "PTS_QTR4", "PTS_OT1", "PTS_OT2", "PTS_OT3", "PTS_OT4", "PTS_OT5", "PTS_OT6", "PTS_OT7", "PTS_OT8", "PTS_OT9", "PTS_OT10", "PTS"], "rowSet": [["2013-11-05T00:00:00", 2, "0021300052", 1610612762, "UTA", "Utah", "0-4", 18, 20, 23, 27, 0, 0, 0, 0, 0, 0, 0, 0, 0, 0, 88], ["2013-11-05T00:00:00", 2, "0021300052", 1610612751, "BKN", "Brooklyn", "2-2", 28, 26, 31, 19, 0, 0, 0, 0, 0, 0, 0, 0, 0, 0, 104]], "name": "LineScore"}, {"headers": ["GAME_ID", "HOME_TEAM_ID", "VISITOR_TEAM_ID", "GAME_DATE_EST", "HOME_TEAM_WINS", "HOME_TEAM_LOSSES", "SERIES_LEADER"], "rowSet": [["0021300052", 1610612751, 1610612762, "2013-11-05T00:00:00", 1, 0, "Brooklyn"]], "name": "SeasonSeries"}, {"headers": ["GAME_ID", "LAST_GAME_ID", "LAST_GAME_DATE_EST", "LAST_GAME_HOME_TEAM_ID", "LAST_GAME_HOME_TEAM_CITY", "LAST_GAME_HOME_TEAM_NAME", "LAST_GAME_HOME_TEAM_ABBREVIATION", "LAST_GAME_HOME_TEAM_POINTS", "LAST_GAME_VISITOR_TEAM_ID", "LAST_GAME_VISITOR_TEAM_CITY", "LAST_GAME_VISITOR_TEAM_NAME", "LAST_GAME_VISITOR_TEAM_CITY1", "LAST_GAME_VISITOR_TEAM_POINTS"], "rowSet": [["0021300052", "0021201091", "2013-03-30T00:00:00", 1610612751, "Brooklyn", "Nets", "BKN", 107, 1610612762, "Utah", "Jazz", "UTA", 116]], "name": "LastMeeting"}, {"headers": ["GAME_ID", "TEAM_ID", "TEAM_ABBREVIATION", "TEAM_CITY", "PLAYER_ID", "PLAYER_NAME", "START_POSITION", "COMMENT", "MIN", "FGM", "FGA", "FG_PCT", "FG3M", "FG3A", "FG3_PCT", "FTM", "FTA", "FT_PCT", "OREB", "DREB", "REB", "AST", "STL", "BLK", "TO", "PF", "PTS", "PLUS_MINUS"], "rowSet": [["0021300052", 1610612762, "UTA", "Utah", 2210, "Richard Jefferson", "F", "", "23:18", 1, 7, 0.143, 0, 4, 0.0, 0, 0, 0.0, 0, 3, 3, 2, 0, 0, 3, 3, 2, -21.0], ["0021300052", 1610612762, "UTA", "Utah", 202324, "Derrick Favors", "F", "", "24:29", 2, 8, 0.25, 0, 0, 0.0, 2, 2, 1.0, 1, 4, 5, 0, 1, 0, 1, 3, 6, -18.0], ["0021300052", 1610612762, "UTA", "Utah", 202683, "Enes Kanter", "C", "", "35:01", 9, 12, 0.75, 0, 0, 0.0, 3, 4, 0.75, 7, 1, 8, 3, 0, 0, 7, 3, 21, -11.0], ["0021300052", 1610612762, "UTA", "Utah", 202330, "Gordon Hayward", "G", "", "31:27", 8, 16, 0.5, 1, 3, 0.333, 5, 5, 1.0, 1, 4, 5, 4, 0, 0, 2, 0, 22, -25.0], ["0021300052", 1610612762, "UTA", "Utah", 2224, "Jamaal Tinsley", "G", "", "10:39", 1, 5, 0.2, 1, 5, 0.2, 0, 0, 0.0, 0, 1, 1, 0, 0, 0, 1, 0, 3, -14.0], ["0021300052", 1610612762, "UTA", "Utah", 101249, "John Lucas III", "", "", "34:15", 4, 12, 0.333, 1, 5, 0.2, 0, 0, 0.0, 1, 6, 7, 3, 1, 0, 3, 1, 9, 1.0], ["0021300052", 1610612762, "UTA", "Utah", 202692, "Alec Burks", "", "", "27:42", 4, 13, 0.308, 0, 0, 0.0, 5, 9, 0.556, 3, 2, 5, 4, 3, 0, 1, 3, 13, 3.0], ["0021300052", 1610612762, "UTA", "Utah", 201575, "Brandon Rush", "", "", "9:46", 0, 0, 0.0, 0, 0, 0.0, 0, 0, 0.0, 0, 0, 0, 1, 0, 0, 2, 2, 0, -1.0], ["0021300052", 1610612762, "UTA", "Utah", 203497, "Rudy Gobert", "", "", "15:38", 0, 4, 0.0, 0, 0, 0.0, 0, 2, 0.0, 5, 6, 11, 0, 0, 2, 0, 6, 0, -3.0], ["0021300052", 1610612762, "UTA", "Utah", 200839, "Michael Harris", "", "", "15:45", 1, 3, 0.333, 0, 0, 0.0, 7, 8, 0.875, 1, 1, 2, 0, 1, 1, 0, 2, 9, 1.0], ["0021300052", 1610612762, "UTA", "Utah", 203546, "Ian Clark", "", "", "12:00", 1, 2, 0.5, 1, 1, 1.0, 0, 0, 0.0, 0, 0, 0, 0, 0, 0, 0, 1, 3, 8.0], ["0021300052", 1610612762, "UTA", "Utah", 101107, "Marvin Williams", "", "DNP - Coach's Decision", null, null, null, null, null, null, null, null, null, null, null, null, null, null, null, null, null, null, null, null], ["0021300052", 1610612751, "BKN", "Brooklyn", 1718, "Paul Pierce", "F", "", "22:56", 4, 7, 0.571, 1, 3, 0.333, 2, 3, 0.667, 0, 5, 5, 4, 2, 0, 1, 0, 11, 26.0], ["0021300052", 1610612751, "BKN", "Brooklyn", 708, "Kevin Garnett", "F", "", "13:36", 2, 5, 0.4, 0, 0, 0.0, 0, 0, 0.0, 0, 4, 4, 1, 0, 0, 1, 1, 4, 8.0], ["0021300052", 1610612751, "BKN", "Brooklyn", 201572, "Brook Lopez", "C", "", "25:00", 10, 13, 0.769, 0, 0, 0.0, 7, 9, 0.778, 2, 5, 7, 2, 2, 1, 1, 2, 27, 22.0], ["0021300052", 1610612751, "BKN", "Brooklyn", 2207, "Joe Johnson", "G", "", "25:29", 5, 9, 0.556, 2, 3, 0.667, 0, 0, 0.0, 0, 3, 3, 2, 2, 0, 1, 4, 12, 23.0], ["0021300052", 1610612751, "BKN", "Brooklyn", 101114, "Deron Williams", "G", "", "24:26", 4, 6, 0.667, 1, 1, 1.0, 1, 1, 1.0, 0, 1, 1, 8, 2, 0, 2, 2, 10, 21.0], ["0021300052", 1610612751, "BKN", "Brooklyn", 101154, "Andray Blatche", "", "", "22:24", 4, 10, 0.4, 0, 0, 0.0, 2, 4, 0.5, 1, 2, 3, 0, 1, 0, 3, 2, 10, 16.0], ["0021300052", 1610612751, "BKN", "Brooklyn", 2733, "Shaun Livingston", "", "", "23:34", 3, 6, 0.5, 0, 0, 0.0, 5, 6, 0.833, 1, 2, 3, 3, 0, 1, 1, 2, 11, -5.0], ["0021300052", 1610612751, "BKN", "Brooklyn", 1905, "Andrei Kirilenko", "", "", "16:53", 3, 3, 1.0, 0, 0, 0.0, 0, 1, 0.0, 3, 2, 5, 0, 0, 0, 1, 1, 6, 0.0], ["0021300052", 1610612751, "BKN", "Brooklyn", 2501, "Reggie Evans", "", "", "13:46", 2, 4, 0.5, 0, 0, 0.0, 1, 4, 0.25, 1, 2, 3, 0, 0, 1, 1, 5, 5, -7.0], ["0021300052", 1610612751, "BKN", "Brooklyn", 1891, "Jason Terry", "", "", "10:31", 0, 0, 0.0, 0, 0, 0.0, 0, 0, 0.0, 0, 0, 0, 2, 0, 0, 0, 2, 0, 1.0], ["0021300052", 1610612751, "BKN", "Brooklyn", 203486, "Mason Plumlee", "", "", "17:25", 2, 6, 0.333, 0, 0, 0.0, 1, 2, 0.5, 3, 1, 4, 0, 0, 0, 2, 4, 5, -9.0], ["0021300052", 1610612751, "BKN", "Brooklyn", 101187, "Alan Anderson", "", "", "12:00", 1, 4, 0.25, 0, 1, 0.0, 0, 0, 0.0, 0, 0, 0, 1, 2, 0, 0, 1, 2, -8.0], ["0021300052", 1610612751, "BKN", "Brooklyn", 203141, "Mirza Teletovic", "", "", "12:00", 0, 5, 0.0, 0, 3, 0.0, 1, 2, 0.5, 0, 1, 1, 0, 0, 0, 1, 1, 1, -8.0]], "name": "PlayerStats"}, {"headers": ["GAME_ID", "TEAM_ID", "TEAM_NAME", "TEAM_ABBREVIATION", "TEAM_CITY", "MIN", "FGM", "FGA", "FG_PCT", "FG3M", "FG3A", "FG3_PCT", "FTM", "FTA", "FT_PCT", "OREB", "DREB", "REB", "AST", "STL", "BLK", "TO", "PF", "PTS", "PLUS_MINUS"], "rowSet": [["0021300052", 1610612762, "Jazz", "UTA", "Utah", "240:00", 31, 82, 0.378, 4, 18, 0.222, 22, 30, 0.733, 19, 28, 47, 17, 6, 3, 20, 24, 88, -16.0], ["0021300052", 1610612751, "Nets", "BKN", "Brooklyn", "240:00", 40, 78, 0.513, 4, 11, 0.364, 20, 32, 0.625, 11, 28, 39, 23, 11, 3, 15, 27, 104, 16.0]], "name": "TeamStats"}, {"headers": ["LEAGUE_ID", "SEASON_ID", "TEAM_ID", "TEAM_ABBREVIATION", "TEAM_CITY", "PTS_PAINT", "PTS_2ND_CHANCE", "PTS_FB", "LARGEST_LEAD", "LEAD_CHANGES", "TIMES_TIED"], "rowSet": [["00", "22013", 1610612751, "BKN", "Brooklyn", 58, 12, 25, 26, 0, 0], ["00", "22013", 1610612762, "UTA", "Utah", 26, 17, 6, 26, 0, 0]], "name": "OtherStats"}, {"headers": ["OFFICIAL_ID", "FIRST_NAME", "LAST_NAME", "JERSEY_NUM"], "rowSet": [[1195, "Derrick", "Stafford", "7"], [1198, "Scott", "Wall", "31"], [200834, "Mark", "Lindsay", "29"]], "name": "Officials"}, {"headers": ["GAME_DATE", "ATTENDANCE", "GAME_TIME"], "rowSet": [["TUESDAY, NOVEMBER 5, 2013", 17732, "2:19"]], "name": "GameInfo"}, {"headers": ["PLAYER_ID", "FIRST_NAME", "LAST_NAME", "JERSEY_NUM", "TEAM_ID", "TEAM_CITY", "TEAM_NAME", "TEAM_ABBREVIATION"], "rowSet": [[2740, "Andris", "Biedrins", "11", 1610612762, "Utah", "Jazz", "UTA"], [202379, "Jeremy", "Evans", "40", 1610612762, "Utah", "Jazz", "UTA"], [203504, "Trey", "Burke", " 3", 1610612762, "Utah", "Jazz", "UTA"], [203129, "Tornike", "Shengelia", "20", 1610612751, "Brooklyn", "Nets", "BKN"], [203116, "Tyshawn", "Taylor", "10", 1610612751, "Brooklyn", "Nets", "BKN"]], "name": "InactivePlayers"}, {"headers": ["VIDEO_AVAILABLE_FLAG"], "rowSet": [[1]], "name": "AvailableVideo"}], "parameters": {"GameID": "0021300052", "RangeType": 0, "StartPeriod": 0, "StartRange": 0, "EndPeriod": 0, "EndRange": 0}}