{"resource": "boxscore", "resultSets": [{"headers": ["GAME_DATE_EST", "GAME_SEQUENCE", "GAME_ID", "GAME_STATUS_ID", "GAME_STATUS_TEXT", "GAMECODE", "HOME_TEAM_ID", "VISITOR_TEAM_ID", "SEASON", "LIVE_PERIOD", "LIVE_PC_TIME", "NATL_TV_BROADCASTER_ABBREVIATION", "LIVE_PERIOD_TIME_BCAST", "WH_STATUS"], "rowSet": [["2013-11-05T00:00:00", 3, "0021300053", 3, "Final", "20131105/INDDET", 1610612765, 1610612754, "2013", 4, "", null, "Q4  - ", 1]], "name": "GameSummary"}, {"headers": ["GAME_DATE_EST", "GAME_SEQUENCE", "GAME_ID", "TEAM_ID", "TEAM_ABBREVIATION", "TEAM_CITY_NAME", "TEAM_WINS_LOSSES", "PTS_QTR1", "PTS_QTR2", "PTS_QTR3", "PTS_QTR4", "PTS_OT1", "PTS_OT2", "PTS_OT3", "PTS_OT4", "PTS_OT5", "PTS_OT6", "PTS_OT7", "PTS_OT8", "PTS_OT9", "PTS_OT10", "PTS"], "rowSet": [["2013-11-05T00:00:00", 3, "0021300053", 1610612765, "DET", "Detroit", "2-2", 14, 27, 22, 28, 0, 0, 0, 0, 0, 0, 0, 0, 0, 0, 91], ["2013-11-05T00:00:00", 3, "0021300053", 1610612754, "IND", "Indiana", "4-0", 29, 9, 36, 25, 0, 0, 0, 0, 0, 0, 0, 0, 0, 0, 99]], "name": "LineScore"}, {"headers": ["GAME_ID", "HOME_TEAM_ID", "VISITOR_TEAM_ID", "GAME_DATE_EST", "HOME_TEAM_WINS", "HOME_TEAM_LOSSES", "SERIES_LEADER"], "rowSet": [["0021300053", 1610612765, 1610612754, "2013-11-05T00:00:00", 1, 1, "Tied"]], "name": "SeasonSeries"}, {"headers": ["GAME_ID", "LAST_GAME_ID", "LAST_GAME_DATE_EST", "LAST_GAME_HOME_TEAM_ID", "LAST_GAME_HOME_TEAM_CITY", "LAST_GAME_HOME_TEAM_NAME", "LAST_GAME_HOME_TEAM_ABBREVIATION", "LAST_GAME_HOME_TEAM_POINTS", "LAST_GAME_VISITOR_TEAM_ID", "LAST_GAME_VISITOR_TEAM_CITY", "LAST_GAME_VISITOR_TEAM_NAME", "LAST_GAME_VISITOR_TEAM_CITY1", "LAST_GAME_VISITOR_TEAM_POINTS"], "rowSet": [["0021300053", "0021200827", "2013-02-23T00:00:00", 1610612765, "Detroit", "Pistons", "DET", 72, 1610612754, "Indiana", "Pacers", "IND", 90]], "name": "LastMeeting"}, {"headers": ["GAME_ID", "TEAM_ID", "TEAM_ABBREVIATION", "TEAM_CITY", "PLAYER_ID", "PLAYER_NAME", "START_POSITION", "COMMENT", "MIN", "FGM", "FGA", "FG_PCT", "FG3M", "FG3A", "FG3_PCT", "FTM", "FTA", "FT_PCT", "OREB", "DREB", "REB", "AST", "STL", "BLK", "TO", "PF", "PTS", "PLUS_MINUS"], "rowSet": [["0021300053", 1610612754, "IND", "Indiana", 202331, "Paul George", "F", "", "40:40", 12, 18, 0.667, 4, 8, 0.5, 3, 3, 1.0, 1, 9, 10, 4, 4, 0, 4, 1, 31, 18.0], ["0021300053", 1610612754, "IND", "Indiana", 2561, "David West", "F", "", "33:37", 5, 10, 0.5, 0, 0, 0.0, 2, 2, 1.0, 0, 8, 8, 3, 1, 0, 0, 2, 12, 14.0], ["0021300053", 1610612754, "IND", "Indiana", 201579, "Roy Hibbert", "C", "", "33:56", 3, 8, 0.375, 0, 0, 0.0, 2, 4, 0.5, 2, 8, 10, 2, 0, 7, 2, 3, 8, 20.0], ["0021300053", 1610612754, "IND", "Indiana", 202362, "Lance Stephenson", "G", "", "38:40", 4, 12, 0.333, 2, 6, 0.333, 0, 2, 0.0, 1, 5, 6, 7, 1, 0, 5, 3, 10, -2.0], ["0021300053", 1610612754, "IND", "Indiana", 201228, "CJ Watson", "G", "", "30:21", 5, 11, 0.455, 1, 3, 0.333, 4, 6, 0.667, 0, 1, 1, 5, 0, 1, 3, 5, 15, 22.0], ["0021300053", 1610612754, "IND", "Indiana", 203524, "Solomon Hill", "", "", "5:24", 2, 2, 1.0, 1, 1, 1.0, 0, 0, 0.0, 0, 0, 0, 0, 0, 0, 0, 0, 5, 8.0], ["0021300053", 1610612754, "IND", "Indiana", 202388, "Donald Sloan", "", "", "18:04", 1, 3, 0.333, 0, 2, 0.0, 3, 4, 0.75, 0, 3, 3, 3, 0, 0, 1, 2, 5, -12.0], ["0021300053", 1610612754, "IND", "Indiana", 2449, "Luis Scola", "", "", "14:18", 3, 5, 0.6, 0, 0, 0.0, 0, 2, 0.0, 0, 3, 3, 0, 0, 1, 2, 1, 6, -6.0], ["0021300053", 1610612754, "IND", "Indiana", 101133, "Ian Mahinmi", "", "", "13:48", 1, 1, 1.0, 0, 0, 0.0, 0, 0, 0.0, 0, 2, 2, 1, 0, 0, 0, 4, 2, -14.0], ["0021300053", 1610612754, "IND", "Indiana", 203111, "Orlando Johnson", "", "", "11:12", 2, 3, 0.667, 1, 1, 1.0, 0, 0, 0.0, 0, 2, 2, 1, 0, 0, 1, 0, 5, -8.0], ["0021300053", 1610612754, "IND", "Indiana", 2446, "Rasual Butler", "", "DNP - Coach's Decision", null, null, null, null, null, null, null, null, null, null, null, null, null, null, null, null, null, null, null, null], ["0021300053", 1610612754, "IND", "Indiana", 203142, "Chris Copeland", "", "DNP - Coach's Decision", null, null, null, null, null, null, null, null, null, null, null, null, null, null, null, null, null, null, null, null], ["0021300053", 1610612754, "IND", "Indiana", 201588, "George Hill", "", "DND - SORE LEFT HIP", null, null, null, null, null, null, null, null, null, null, null, null, null, null, null, null, null, null, null, null], ["0021300053", 1610612765, "DET", "Detroit", 2746, "Josh Smith", "F", "", "36:58", 5, 16, 0.313, 1, 6, 0.167, 5, 8, 0.625, 2, 5, 7, 0, 1, 3, 4, 3, 16, -28.0], ["0021300053", 1610612765, "DET", "Detroit", 202328, "Greg Monroe", "F", "", "34:48", 5, 10, 0.5, 0, 0, 0.0, 4, 4, 1.0, 4, 6, 10, 1, 1, 2, 2, 3, 14, -22.0], ["0021300053", 1610612765, "DET", "Detroit", 203083, "Andre Drummond", "C", "", "34:07", 3, 5, 0.6, 0, 0, 0.0, 0, 0, 0.0, 2, 7, 9, 0, 1, 1, 1, 5, 6, -18.0], ["0021300053", 1610612765, "DET", "Detroit", 1497, "Chauncey Billups", "G", "", "23:55", 2, 5, 0.4, 0, 3, 0.0, 0, 0, 0.0, 0, 3, 3, 1, 0, 0, 1, 0, 4, -15.0], ["0021300053", 1610612765, "DET", "Detroit", 201943, "Brandon Jennings", "G", "", "36:00", 6, 20, 0.3, 1, 6, 0.167, 4, 5, 0.8, 2, 1, 3, 6, 2, 0, 4, 2, 17, -6.0], ["0021300053", 1610612765, "DET", "Detroit", 201155, "Rodney Stuckey", "", "", "16:06", 4, 9, 0.444, 1, 1, 1.0, 0, 0, 0.0, 1, 1, 2, 1, 1, 0, 2, 5, 9, -9.0], ["0021300053", 1610612765, "DET", "Detroit", 202713, "Kyle Singler", "", "", "26:30", 3, 7, 0.429, 0, 2, 0.0, 7, 8, 0.875, 1, 2, 3, 0, 2, 0, 0, 1, 13, 26.0], ["0021300053", 1610612765, "DET", "Detroit", 101198, "Will Bynum", "", "", "16:20", 2, 6, 0.333, 1, 2, 0.5, 0, 0, 0.0, 1, 1, 2, 3, 1, 0, 0, 3, 5, 5.0], ["0021300053", 1610612765, "DET", "Detroit", 203540, "Gigi Datome", "", "", "11:37", 1, 7, 0.143, 0, 4, 0.0, 0, 0, 0.0, 0, 3, 3, 1, 1, 0, 0, 1, 2, 18.0], ["0021300053", 1610612765, "DET", "Detroit", 203484, "Kentavious Caldwell-Pope", "", "", "3:39", 2, 2, 1.0, 1, 1, 1.0, 0, 0, 0.0, 0, 0, 0, 0, 0, 0, 0, 1, 5, 9.0], ["0021300053", 1610612765, "DET", "Detroit", 202725, "Josh Harrellson", "", "DNP - Coach's Decision", null, null, null, null, null, null, null, null, null, null, null, null, null, null, null, null, null, null, null, null], ["0021300053", 1610612765, "DET", "Detroit", 201973, "Jonas Jerebko", "", "DNP - Coach's Decision", null, null, null, null, null, null, null, null, null, null, null, null, null, null, null, null, null, null, null, null], ["0021300053", 1610612765, "DET", "Detroit", 203502, "Tony Mitchell", "", "DNP - Coach's Decision", null, null, null, null, null, null, null, null, null, null, null, null, null, null, null, null, null, null, null, null]], "name": "PlayerStats"}, {"headers": ["GAME_ID", "TEAM_ID", "TEAM_NAME", "TEAM_ABBREVIATION", "TEAM_CITY", "MIN", "FGM", "FGA", "FG_PCT", "FG3M", "FG3A", "FG3_PCT", "FTM", "FTA", "FT_PCT", "OREB", "DREB", "REB", "AST", "STL", "BLK", "TO", "PF", "PTS", "PLUS_MINUS"], "rowSet": [["0021300053", 1610612754, "Pacers", "IND", "Indiana", "240:00", 38, 73, 0.521, 9, 21, 0.429, 14, 23, 0.609, 4, 41, 45, 26, 6, 9, 18, 21, 99, 8.0], ["0021300053", 1610612765, "Pistons", "DET", "Detroit", "240:00", 33, 87, 0.379, 5, 25, 0.2, 20, 25, 0.8, 13, 29, 42, 13, 10, 6, 14, 24, 91, -8.0]], "name": "TeamStats"}, {"headers": ["LEAGUE_ID", "SEASON_ID", "TEAM_ID", "TEAM_ABBREVIATION", "TEAM_CITY", "PTS_PAINT", "PTS_2ND_CHANCE", "PTS_FB", "LARGEST_LEAD", "LEAD_CHANGES", "TIMES_TIED"], "rowSet": [["00", "22013", 1610612765, "DET", "Detroit", 46, 14, 15, 19, 4, 4], ["00", "22013", 1610612754, "IND", "Indiana", 42, 6, 13, 17, 4, 4]], "name": "OtherStats"}, {"headers": ["OFFICIAL_ID", "FIRST_NAME", "LAST_NAME", "JERSEY_NUM"], "rowSet": [[1164, "Ron", "Garretson", "10"], [201639, "Josh", "Tiven", "58"], [202049, "Ben", "Taylor", "46"]], "name": "Officials"}, {"headers": ["GAME_DATE", "ATTENDANCE", "GAME_TIME"], "rowSet": [["TUESDAY, NOVEMBER 5, 2013", 13401, "2:20"]], "name": "GameInfo"}, {"headers": ["PLAYER_ID", "FIRST_NAME", "LAST_NAME", "JERSEY_NUM", "TEAM_ID", "TEAM_CITY", "TEAM_NAME", "TEAM_ABBREVIATION"], "rowSet": [[101122, "Danny", "Granger", "33", 1610612754, "Indiana", "Pacers", "IND"], [101111, "Charlie", "Villanueva", "31", 1610612765, "Detroit", "Pistons", "DET"], [203491, "Peyton", "Siva", "34", 1610612765, "Detroit", "Pistons", "DET"]], "name": "InactivePlayers"}, {"headers": ["VIDEO_AVAILABLE_FLAG"], "rowSet": [[1]], "name": "AvailableVideo"}], "parameters": {"GameID": "0021300053", "RangeType": 0, "StartPeriod": 0, "StartRange": 0, "EndPeriod": 0, "EndRange": 0}}