{"resource": "boxscore", "resultSets": [{"headers": ["GAME_DATE_EST", "GAME_SEQUENCE", "GAME_ID", "GAME_STATUS_ID", "GAME_STATUS_TEXT", "GAMECODE", "HOME_TEAM_ID", "VISITOR_TEAM_ID", "SEASON", "LIVE_PERIOD", "LIVE_PC_TIME", "NATL_TV_BROADCASTER_ABBREVIATION", "LIVE_PERIOD_TIME_BCAST", "WH_STATUS"], "rowSet": [["2013-11-02T00:00:00", 3, "0021300035", 3, "Final", "20131102/CHANOP", 1610612740, 1610612766, "2013", 4, "", null, "Q4  - ", 1]], "name": "GameSummary"}, {"headers": ["GAME_DATE_EST", "GAME_SEQUENCE", "GAME_ID", "TEAM_ID", "TEAM_ABBREVIATION", "TEAM_CITY_NAME", "TEAM_WINS_LOSSES", "PTS_QTR1", "PTS_QTR2", "PTS_QTR3", "PTS_QTR4", "PTS_OT1", "PTS_OT2", "PTS_OT3", "PTS_OT4", "PTS_OT5", "PTS_OT6", "PTS_OT7", "PTS_OT8", "PTS_OT9", "PTS_OT10", "PTS"], "rowSet": [["2013-11-02T00:00:00", 3, "0021300035", 1610612740, "NOP", "New Orleans", "1-2", 33, 23, 21, 28, 0, 0, 0, 0, 0, 0, 0, 0, 0, 0, 105], ["2013-11-02T00:00:00", 3, "0021300035", 1610612766, "CHA", "Charlotte", "1-2", 15, 26, 21, 22, 0, 0, 0, 0, 0, 0, 0, 0, 0, 0, 84]], "name": "LineScore"}, {"headers": ["GAME_ID", "HOME_TEAM_ID", "VISITOR_TEAM_ID", "GAME_DATE_EST", "HOME_TEAM_WINS", "HOME_TEAM_LOSSES", "SERIES_LEADER"], "rowSet": [["0021300035", 1610612740, 1610612766, "2013-11-02T00:00:00", 1, 0, "New Orleans"]], "name": "SeasonSeries"}, {"headers": ["GAME_ID", "LAST_GAME_ID", "LAST_GAME_DATE_EST", "LAST_GAME_HOME_TEAM_ID", "LAST_GAME_HOME_TEAM_CITY", "LAST_GAME_HOME_TEAM_NAME", "LAST_GAME_HOME_TEAM_ABBREVIATION", "LAST_GAME_HOME_TEAM_POINTS", "LAST_GAME_VISITOR_TEAM_ID", "LAST_GAME_VISITOR_TEAM_CITY", "LAST_GAME_VISITOR_TEAM_NAME", "LAST_GAME_VISITOR_TEAM_CITY1", "LAST_GAME_VISITOR_TEAM_POINTS"], "rowSet": [["0021300035", "0021200437", "2012-12-29T00:00:00", 1610612740, "New Orleans", "Pelicans", "NOP", 98, 1610612766, "Charlotte", "Bobcats", "CHA", 95]], "name": "LastMeeting"}, {"headers": ["GAME_ID", "TEAM_ID", "TEAM_ABBREVIATION", "TEAM_CITY", "PLAYER_ID", "PLAYER_NAME", "START_POSITION", "COMMENT", "MIN", "FGM", "FGA", "FG_PCT", "FG3M", "FG3A", "FG3_PCT", "FTM", "FTA", "FT_PCT", "OREB", "DREB", "REB", "AST", "STL", "BLK", "TO", "PF", "PTS", "PLUS_MINUS"], "rowSet": [["0021300035", 1610612766, "CHA", "Charlotte", 203077, "Michael Kidd-Gilchrist", "F", "", "17:09", 1, 4, 0.25, 0, 0, 0.0, 1, 2, 0.5, 0, 3, 3, 1, 0, 1, 2, 2, 3, -5.0], ["0021300035", 1610612766, "CHA", "Charlotte", 201177, "Josh McRoberts", "F", "", "14:54", 3, 4, 0.75, 1, 1, 1.0, 2, 2, 1.0, 1, 5, 6, 2, 2, 0, 1, 2, 9, -9.0], ["0021300035", 1610612766, "CHA", "Charlotte", 202687, "Bismack Biyombo", "C", "", "25:30", 0, 0, 0.0, 0, 0, 0.0, 0, 2, 0.0, 1, 5, 6, 0, 0, 1, 0, 1, 0, -17.0], ["0021300035", 1610612766, "CHA", "Charlotte", 201945, "Gerald Henderson", "G", "", "26:59", 3, 10, 0.3, 0, 1, 0.0, 1, 2, 0.5, 0, 2, 2, 1, 1, 1, 2, 4, 7, -15.0], ["0021300035", 1610612766, "CHA", "Charlotte", 202689, "Kemba Walker", "G", "", "27:09", 7, 19, 0.368, 0, 5, 0.0, 0, 0, 0.0, 1, 1, 2, 0, 0, 0, 1, 3, 14, -24.0], ["0021300035", 1610612766, "CHA", "Charlotte", 203106, "Jeff Taylor", "", "", "24:59", 1, 9, 0.111, 0, 3, 0.0, 3, 7, 0.429, 0, 0, 0, 1, 0, 0, 0, 1, 5, -10.0], ["0021300035", 1610612766, "CHA", "Charlotte", 203469, "Cody Zeller", "", "", "9:34", 2, 4, 0.5, 0, 0, 0.0, 0, 0, 0.0, 1, 0, 1, 0, 2, 0, 2, 4, 4, -9.0], ["0021300035", 1610612766, "CHA", "Charlotte", 201196, "Ramon Sessions", "", "", "34:16", 5, 11, 0.455, 0, 2, 0.0, 12, 16, 0.75, 1, 1, 2, 6, 0, 0, 2, 0, 22, -11.0], ["0021300035", 1610612766, "CHA", "Charlotte", 202399, "Jeff Adrien", "", "", "22:30", 4, 7, 0.571, 0, 0, 0.0, 0, 1, 0.0, 7, 6, 13, 0, 1, 1, 1, 2, 8, -4.0], ["0021300035", 1610612766, "CHA", "Charlotte", 201229, "Anthony Tolliver", "", "", "23:32", 2, 5, 0.4, 2, 5, 0.4, 0, 0, 0.0, 2, 3, 5, 1, 0, 0, 1, 1, 6, -3.0], ["0021300035", 1610612766, "CHA", "Charlotte", 2732, "Ben Gordon", "", "", "8:46", 1, 3, 0.333, 0, 1, 0.0, 2, 4, 0.5, 0, 1, 1, 1, 1, 0, 0, 1, 4, 0.0], ["0021300035", 1610612766, "CHA", "Charlotte", 2457, "Jannero Pargo", "", "", "4:42", 1, 4, 0.25, 0, 3, 0.0, 0, 0, 0.0, 0, 0, 0, 0, 1, 0, 1, 1, 2, 2.0], ["0021300035", 1610612766, "CHA", "Charlotte", 203480, "James Southerland", "", "DNP - Coach's Decision", null, null, null, null, null, null, null, null, null, null, null, null, null, null, null, null, null, null, null, null], ["0021300035", 1610612740, "NOP", "New Orleans", 202329, "Al-Farouq Aminu", "F", "", "22:14", 2, 4, 0.5, 0, 0, 0.0, 3, 4, 0.75, 2, 5, 7, 2, 1, 0, 0, 1, 7, 12.0], ["0021300035", 1610612740, "NOP", "New Orleans", 203076, "Anthony Davis", "F", "", "36:40", 9, 13, 0.692, 0, 0, 0.0, 7, 8, 0.875, 3, 5, 8, 4, 6, 6, 2, 3, 25, 22.0], ["0021300035", 1610612740, "NOP", "New Orleans", 201160, "Jason Smith", "C", "", "27:09", 3, 8, 0.375, 0, 0, 0.0, 2, 2, 1.0, 0, 3, 3, 0, 0, 5, 1, 5, 8, 7.0], ["0021300035", 1610612740, "NOP", "New Orleans", 201569, "Eric Gordon", "G", "", "21:06", 3, 7, 0.429, 1, 3, 0.333, 0, 0, 0.0, 0, 2, 2, 2, 1, 2, 3, 3, 7, 7.0], ["0021300035", 1610612740, "NOP", "New Orleans", 201950, "Jrue Holiday", "G", "", "32:28", 5, 13, 0.385, 2, 3, 0.667, 2, 2, 1.0, 1, 2, 3, 8, 0, 0, 4, 2, 14, 15.0], ["0021300035", 1610612740, "NOP", "New Orleans", 201936, "Tyreke Evans", "", "", "31:07", 6, 16, 0.375, 0, 1, 0.0, 3, 3, 1.0, 0, 6, 6, 7, 0, 0, 2, 3, 15, 17.0], ["0021300035", 1610612740, "NOP", "New Orleans", 201880, "Greg Stiemsma", "", "", "16:41", 2, 2, 1.0, 0, 0, 0.0, 0, 0, 0.0, 1, 5, 6, 2, 0, 5, 2, 5, 4, 15.0], ["0021300035", 1610612740, "NOP", "New Orleans", 202498, "Lance Thomas", "", "", "13:49", 1, 2, 0.5, 0, 0, 0.0, 2, 4, 0.5, 0, 2, 2, 0, 0, 0, 1, 1, 4, 4.0], ["0021300035", 1610612740, "NOP", "New Orleans", 201627, "Anthony Morrow", "", "", "21:33", 3, 6, 0.5, 2, 4, 0.5, 0, 0, 0.0, 0, 3, 3, 2, 0, 0, 1, 1, 8, 6.0], ["0021300035", 1610612740, "NOP", "New Orleans", 203148, "Brian Roberts", "", "", "15:32", 3, 4, 0.75, 2, 2, 1.0, 5, 5, 1.0, 1, 2, 3, 3, 2, 0, 1, 2, 13, 6.0], ["0021300035", 1610612740, "NOP", "New Orleans", 203481, "Jeff Withey", "", "", "1:42", 0, 0, 0.0, 0, 0, 0.0, 0, 0, 0.0, 0, 0, 0, 0, 0, 0, 0, 0, 0, -6.0], ["0021300035", 1610612740, "NOP", "New Orleans", 202620, "Arinze Onuaku", "", "DNP - Coach's Decision", null, null, null, null, null, null, null, null, null, null, null, null, null, null, null, null, null, null, null, null], ["0021300035", 1610612740, "NOP", "New Orleans", 203085, "Austin Rivers", "", "DNP - Coach's Decision", null, null, null, null, null, null, null, null, null, null, null, null, null, null, null, null, null, null, null, null]], "name": "PlayerStats"}, {"headers": ["GAME_ID", "TEAM_ID", "TEAM_NAME", "TEAM_ABBREVIATION", "TEAM_CITY", "MIN", "FGM", "FGA", "FG_PCT", "FG3M", "FG3A", "FG3_PCT", "FTM", "FTA", "FT_PCT", "OREB", "DREB", "REB", "AST", "STL", "BLK", "TO", "PF", "PTS", "PLUS_MINUS"], "rowSet": [["0021300035", 1610612740, "Pelicans", "NOP", "New Orleans", "240:00", 37, 75, 0.493, 7, 13, 0.538, 24, 28, 0.857, 8, 35, 43, 30, 10, 18, 17, 26, 105, 21.0], ["0021300035", 1610612766, "Bobcats", "CHA", "Charlotte", "240:00", 30, 80, 0.375, 3, 21, 0.143, 21, 36, 0.583, 14, 27, 41, 13, 8, 4, 13, 22, 84, -21.0]], "name": "TeamStats"}, {"headers": ["LEAGUE_ID", "SEASON_ID", "TEAM_ID", "TEAM_ABBREVIATION", "TEAM_CITY", "PTS_PAINT", "PTS_2ND_CHANCE", "PTS_FB", "LARGEST_LEAD", "LEAD_CHANGES", "TIMES_TIED"], "rowSet": [["00", "22013", 1610612740, "NOP", "New Orleans", 42, 9, 12, 26, 0, 0], ["00", "22013", 1610612766, "CHA", "Charlotte", 32, 19, 5, 27, 0, 0]], "name": "OtherStats"}, {"headers": ["OFFICIAL_ID", "FIRST_NAME", "LAST_NAME", "JERSEY_NUM"], "rowSet": [[1188, "Leroy", "Richardson", "20"], [1148, "James", "Capers", "19"], [1204, "Derek", "Richardson", "63"]], "name": "Officials"}, {"headers": ["GAME_DATE", "ATTENDANCE", "GAME_TIME"], "rowSet": [["SATURDAY, NOVEMBER 2, 2013", 15232, "2:11"]], "name": "GameInfo"}, {"headers": ["PLAYER_ID", "FIRST_NAME", "LAST_NAME", "JERSEY_NUM", "TEAM_ID", "TEAM_CITY", "TEAM_NAME", "TEAM_ABBREVIATION"], "rowSet": [[2217, "Brendan", "Haywood", "33", 1610612766, "Charlotte", "Bobcats", "CHA"], [2744, "Al", "Jefferson", "25", 1610612766, "Charlotte", "Bobcats", "CHA"], [201583, "Ryan", "Anderson", "33", 1610612740, "New Orleans", "Pelicans", "NOP"], [203121, "Darius", "Miller", " 2", 1610612740, "New Orleans", "Pelicans", "NOP"]], "name": "InactivePlayers"}, {"headers": ["VIDEO_AVAILABLE_FLAG"], "rowSet": [[1]], "name": "AvailableVideo"}], "parameters": {"GameID": "0021300035", "RangeType": 0, "StartPeriod": 0, "StartRange": 0, "EndPeriod": 0, "EndRange": 0}}