{"resource": "boxscore", "resultSets": [{"headers": ["GAME_DATE_EST", "GAME_SEQUENCE", "GAME_ID", "GAME_STATUS_ID", "GAME_STATUS_TEXT", "GAMECODE", "HOME_TEAM_ID", "VISITOR_TEAM_ID", "SEASON", "LIVE_PERIOD", "LIVE_PC_TIME", "NATL_TV_BROADCASTER_ABBREVIATION", "LIVE_PERIOD_TIME_BCAST", "WH_STATUS"], "rowSet": [["2013-11-01T00:00:00", 7, "0021300026", 3, "Final", "20131101/DETMEM", 1610612763, 1610612765, "2013", 5, "", null, "Q5  - ", 1]], "name": "GameSummary"}, {"headers": ["GAME_DATE_EST", "GAME_SEQUENCE", "GAME_ID", "TEAM_ID", "TEAM_ABBREVIATION", "TEAM_CITY_NAME", "TEAM_WINS_LOSSES", "PTS_QTR1", "PTS_QTR2", "PTS_QTR3", "PTS_QTR4", "PTS_OT1", "PTS_OT2", "PTS_OT3", "PTS_OT4", "PTS_OT5", "PTS_OT6", "PTS_OT7", "PTS_OT8", "PTS_OT9", "PTS_OT10", "PTS"], "rowSet": [["2013-11-01T00:00:00", 7, "0021300026", 1610612763, "MEM", "Memphis", "1-1", 17, 30, 20, 28, 16, 0, 0, 0, 0, 0, 0, 0, 0, 0, 111], ["2013-11-01T00:00:00", 7, "0021300026", 1610612765, "DET", "Detroit", "1-1", 21, 20, 28, 26, 13, 0, 0, 0, 0, 0, 0, 0, 0, 0, 108]], "name": "LineScore"}, {"headers": ["GAME_ID", "HOME_TEAM_ID", "VISITOR_TEAM_ID", "GAME_DATE_EST", "HOME_TEAM_WINS", "HOME_TEAM_LOSSES", "SERIES_LEADER"], "rowSet": [["0021300026", 1610612763, 1610612765, "2013-11-01T00:00:00", 2, 0, "Memphis"]], "name": "SeasonSeries"}, {"headers": ["GAME_ID", "LAST_GAME_ID", "LAST_GAME_DATE_EST", "LAST_GAME_HOME_TEAM_ID", "LAST_GAME_HOME_TEAM_CITY", "LAST_GAME_HOME_TEAM_NAME", "LAST_GAME_HOME_TEAM_ABBREVIATION", "LAST_GAME_HOME_TEAM_POINTS", "LAST_GAME_VISITOR_TEAM_ID", "LAST_GAME_VISITOR_TEAM_CITY", "LAST_GAME_VISITOR_TEAM_NAME", "LAST_GAME_VISITOR_TEAM_CITY1", "LAST_GAME_VISITOR_TEAM_POINTS"], "rowSet": [["0021300026", "0021200792", "2013-02-19T00:00:00", 1610612763, "Memphis", "Grizzlies", "MEM", 105, 1610612765, "Detroit", "Pistons", "DET", 91]], "name": "LastMeeting"}, {"headers": ["GAME_ID", "TEAM_ID", "TEAM_ABBREVIATION", "TEAM_CITY", "PLAYER_ID", "PLAYER_NAME", "START_POSITION", "COMMENT", "MIN", "FGM", "FGA", "FG_PCT", "FG3M", "FG3A", "FG3_PCT", "FTM", "FTA", "FT_PCT", "OREB", "DREB", "REB", "AST", "STL", "BLK", "TO", "PF", "PTS", "PLUS_MINUS"], "rowSet": [["0021300026", 1610612765, "DET", "Detroit", 2746, "Josh Smith", "F", "", "43:46", 7, 23, 0.304, 3, 11, 0.273, 2, 3, 0.667, 2, 6, 8, 5, 3, 3, 5, 5, 19, 5.0], ["0021300026", 1610612765, "DET", "Detroit", 202328, "Greg Monroe", "F", "", "41:12", 6, 10, 0.6, 0, 0, 0.0, 4, 4, 1.0, 1, 7, 8, 1, 3, 0, 3, 5, 16, 5.0], ["0021300026", 1610612765, "DET", "Detroit", 203083, "Andre Drummond", "C", "", "47:43", 6, 13, 0.462, 0, 0, 0.0, 0, 1, 0.0, 8, 8, 16, 0, 3, 2, 2, 3, 12, -11.0], ["0021300026", 1610612765, "DET", "Detroit", 1497, "Chauncey Billups", "G", "", "31:48", 1, 7, 0.143, 1, 5, 0.2, 2, 4, 0.5, 1, 0, 1, 6, 0, 1, 2, 4, 5, -11.0], ["0021300026", 1610612765, "DET", "Detroit", 101198, "Will Bynum", "G", "", "32:29", 7, 11, 0.636, 1, 1, 1.0, 3, 5, 0.6, 0, 2, 2, 6, 0, 0, 3, 5, 18, -10.0], ["0021300026", 1610612765, "DET", "Detroit", 201155, "Rodney Stuckey", "", "", "23:29", 8, 13, 0.615, 1, 3, 0.333, 2, 3, 0.667, 0, 1, 1, 2, 1, 0, 2, 1, 19, 9.0], ["0021300026", 1610612765, "DET", "Detroit", 203484, "Kentavious Caldwell-Pope", "", "", "18:06", 4, 7, 0.571, 1, 1, 1.0, 4, 4, 1.0, 0, 0, 0, 1, 0, 0, 0, 1, 13, 8.0], ["0021300026", 1610612765, "DET", "Detroit", 202713, "Kyle Singler", "", "", "19:49", 3, 5, 0.6, 0, 0, 0.0, 0, 0, 0.0, 1, 0, 1, 0, 0, 0, 1, 2, 6, -3.0], ["0021300026", 1610612765, "DET", "Detroit", 201973, "Jonas Jerebko", "", "", "6:38", 0, 0, 0.0, 0, 0, 0.0, 0, 0, 0.0, 2, 2, 4, 0, 0, 0, 1, 0, 0, -7.0], ["0021300026", 1610612765, "DET", "Detroit", 203540, "Gigi Datome", "", "DNP - Coach's Decision", null, null, null, null, null, null, null, null, null, null, null, null, null, null, null, null, null, null, null, null], ["0021300026", 1610612765, "DET", "Detroit", 202725, "Josh Harrellson", "", "DNP - Coach's Decision", null, null, null, null, null, null, null, null, null, null, null, null, null, null, null, null, null, null, null, null], ["0021300026", 1610612765, "DET", "Detroit", 203502, "Tony Mitchell", "", "DNP - Coach's Decision", null, null, null, null, null, null, null, null, null, null, null, null, null, null, null, null, null, null, null, null], ["0021300026", 1610612765, "DET", "Detroit", 203491, "Peyton Siva", "", "DNP - Coach's Decision", null, null, null, null, null, null, null, null, null, null, null, null, null, null, null, null, null, null, null, null], ["0021300026", 1610612763, "MEM", "Memphis", 2419, "Tayshaun Prince", "F", "", "20:22", 3, 6, 0.5, 1, 2, 0.5, 1, 2, 0.5, 0, 2, 2, 2, 0, 0, 1, 0, 8, 1.0], ["0021300026", 1610612763, "MEM", "Memphis", 2216, "Zach Randolph", "F", "", "36:09", 7, 12, 0.583, 0, 0, 0.0, 2, 2, 1.0, 1, 9, 10, 2, 2, 0, 4, 0, 16, -3.0], ["0021300026", 1610612763, "MEM", "Memphis", 201188, "Marc Gasol", "C", "", "37:01", 4, 8, 0.5, 0, 0, 0.0, 7, 9, 0.778, 2, 6, 8, 5, 1, 2, 2, 1, 15, 1.0], ["0021300026", 1610612763, "MEM", "Memphis", 2754, "Tony Allen", "G", "", "35:17", 6, 10, 0.6, 0, 0, 0.0, 4, 4, 1.0, 2, 1, 3, 4, 5, 1, 2, 2, 16, 12.0], ["0021300026", 1610612763, "MEM", "Memphis", 201144, "Mike Conley", "G", "", "36:03", 7, 12, 0.583, 1, 4, 0.25, 7, 7, 1.0, 0, 5, 5, 4, 2, 0, 5, 6, 22, 0.0], ["0021300026", 1610612763, "MEM", "Memphis", 201573, "Jerryd Bayless", "", "", "17:28", 3, 6, 0.5, 1, 3, 0.333, 2, 2, 1.0, 0, 2, 2, 1, 1, 0, 0, 3, 9, 4.0], ["0021300026", 1610612763, "MEM", "Memphis", 202347, "Quincy Pondexter", "", "", "17:47", 2, 6, 0.333, 1, 4, 0.25, 1, 2, 0.5, 0, 0, 0, 3, 0, 0, 2, 3, 6, -14.0], ["0021300026", 1610612763, "MEM", "Memphis", 2034, "Mike Miller", "", "", "32:03", 3, 9, 0.333, 2, 5, 0.4, 0, 0, 0.0, 0, 2, 2, 3, 1, 0, 1, 5, 8, 6.0], ["0021300026", 1610612763, "MEM", "Memphis", 202334, "Ed Davis", "", "", "16:51", 2, 2, 1.0, 0, 0, 0.0, 1, 2, 0.5, 1, 2, 3, 0, 0, 0, 2, 0, 5, 6.0], ["0021300026", 1610612763, "MEM", "Memphis", 201585, "Kosta Koufos", "", "", "15:59", 3, 6, 0.5, 0, 0, 0.0, 0, 0, 0.0, 0, 3, 3, 1, 1, 1, 1, 1, 6, 2.0], ["0021300026", 1610612763, "MEM", "Memphis", 201979, "Nick Calathes", "", "DNP - Coach's Decision", null, null, null, null, null, null, null, null, null, null, null, null, null, null, null, null, null, null, null, null], ["0021300026", 1610612763, "MEM", "Memphis", 203479, "Jamaal Franklin", "", "DNP - Coach's Decision", null, null, null, null, null, null, null, null, null, null, null, null, null, null, null, null, null, null, null, null], ["0021300026", 1610612763, "MEM", "Memphis", 202720, "Jon Leuer", "", "DNP - Coach's Decision", null, null, null, null, null, null, null, null, null, null, null, null, null, null, null, null, null, null, null, null]], "name": "PlayerStats"}, {"headers": ["GAME_ID", "TEAM_ID", "TEAM_NAME", "TEAM_ABBREVIATION", "TEAM_CITY", "MIN", "FGM", "FGA", "FG_PCT", "FG3M", "FG3A", "FG3_PCT", "FTM", "FTA", "FT_PCT", "OREB", "DREB", "REB", "AST", "STL", "BLK", "TO", "PF", "PTS", "PLUS_MINUS"], "rowSet": [["0021300026", 1610612763, "Grizzlies", "MEM", "Memphis", "265:00", 40, 77, 0.519, 6, 18, 0.333, 25, 30, 0.833, 6, 32, 38, 25, 13, 4, 20, 21, 111, 3.0], ["0021300026", 1610612765, "Pistons", "DET", "Detroit", "265:00", 42, 89, 0.472, 7, 21, 0.333, 17, 24, 0.708, 15, 26, 41, 21, 10, 6, 19, 26, 108, -3.0]], "name": "TeamStats"}, {"headers": ["LEAGUE_ID", "SEASON_ID", "TEAM_ID", "TEAM_ABBREVIATION", "TEAM_CITY", "PTS_PAINT", "PTS_2ND_CHANCE", "PTS_FB", "LARGEST_LEAD", "LEAD_CHANGES", "TIMES_TIED"], "rowSet": [["00", "22013", 1610612763, "MEM", "Memphis", 48, 15, 24, 8, 9, 7], ["00", "22013", 1610612765, "DET", "Detroit", 56, 5, 25, 10, 9, 7]], "name": "OtherStats"}, {"headers": ["OFFICIAL_ID", "FIRST_NAME", "LAST_NAME", "JERSEY_NUM"], "rowSet": [[1188, "Leroy", "Richardson", "20"], [1146, "Tony", "Brothers", "25"], [201246, "Kevin", "Cutler", "34"]], "name": "Officials"}, {"headers": ["GAME_DATE", "ATTENDANCE", "GAME_TIME"], "rowSet": [["FRIDAY, NOVEMBER 1, 2013", 18119, "2:49"]], "name": "GameInfo"}, {"headers": ["PLAYER_ID", "FIRST_NAME", "LAST_NAME", "JERSEY_NUM", "TEAM_ID", "TEAM_CITY", "TEAM_NAME", "TEAM_ABBREVIATION"], "rowSet": [[201943, "Brandon", "Jennings", " 7", 1610612765, "Detroit", "Pistons", "DET"], [101111, "Charlie", "Villanueva", "31", 1610612765, "Detroit", "Pistons", "DET"]], "name": "InactivePlayers"}, {"headers": ["VIDEO_AVAILABLE_FLAG"], "rowSet": [[1]], "name": "AvailableVideo"}], "parameters": {"GameID": "0021300026", "RangeType": 0, "StartPeriod": 0, "StartRange": 0, "EndPeriod": 0, "EndRange": 0}}