{"resource": "boxscore", "resultSets": [{"headers": ["GAME_DATE_EST", "GAME_SEQUENCE", "GAME_ID", "GAME_STATUS_ID", "GAME_STATUS_TEXT", "GAMECODE", "HOME_TEAM_ID", "VISITOR_TEAM_ID", "SEASON", "LIVE_PERIOD", "LIVE_PC_TIME", "NATL_TV_BROADCASTER_ABBREVIATION", "LIVE_PERIOD_TIME_BCAST", "WH_STATUS"], "rowSet": [["2013-11-01T00:00:00", 5, "0021300024", 3, "Final", "20131101/MILBOS", 1610612738, 1610612749, "2013", 4, "", null, "Q4  - ", 1]], "name": "GameSummary"}, {"headers": ["GAME_DATE_EST", "GAME_SEQUENCE", "GAME_ID", "TEAM_ID", "TEAM_ABBREVIATION", "TEAM_CITY_NAME", "TEAM_WINS_LOSSES", "PTS_QTR1", "PTS_QTR2", "PTS_QTR3", "PTS_QTR4", "PTS_OT1", "PTS_OT2", "PTS_OT3", "PTS_OT4", "PTS_OT5", "PTS_OT6", "PTS_OT7", "PTS_OT8", "PTS_OT9", "PTS_OT10", "PTS"], "rowSet": [["2013-11-01T00:00:00", 5, "0021300024", 1610612738, "BOS", "Boston", "0-2", 29, 34, 20, 15, 0, 0, 0, 0, 0, 0, 0, 0, 0, 0, 98], ["2013-11-01T00:00:00", 5, "0021300024", 1610612749, "MIL", "Milwaukee", "1-1", 16, 31, 24, 34, 0, 0, 0, 0, 0, 0, 0, 0, 0, 0, 105]], "name": "LineScore"}, {"headers": ["GAME_ID", "HOME_TEAM_ID", "VISITOR_TEAM_ID", "GAME_DATE_EST", "HOME_TEAM_WINS", "HOME_TEAM_LOSSES", "SERIES_LEADER"], "rowSet": [["0021300024", 1610612738, 1610612749, "2013-11-01T00:00:00", 1, 2, "Milwaukee"]], "name": "SeasonSeries"}, {"headers": ["GAME_ID", "LAST_GAME_ID", "LAST_GAME_DATE_EST", "LAST_GAME_HOME_TEAM_ID", "LAST_GAME_HOME_TEAM_CITY", "LAST_GAME_HOME_TEAM_NAME", "LAST_GAME_HOME_TEAM_ABBREVIATION", "LAST_GAME_HOME_TEAM_POINTS", "LAST_GAME_VISITOR_TEAM_ID", "LAST_GAME_VISITOR_TEAM_CITY", "LAST_GAME_VISITOR_TEAM_NAME", "LAST_GAME_VISITOR_TEAM_CITY1", "LAST_GAME_VISITOR_TEAM_POINTS"], "rowSet": [["0021300024", "0021200382", "2012-12-21T00:00:00", 1610612738, "Boston", "Celtics", "BOS", 94, 1610612749, "Milwaukee", "Bucks", "MIL", 99]], "name": "LastMeeting"}, {"headers": ["GAME_ID", "TEAM_ID", "TEAM_ABBREVIATION", "TEAM_CITY", "PLAYER_ID", "PLAYER_NAME", "START_POSITION", "COMMENT", "MIN", "FGM", "FGA", "FG_PCT", "FG3M", "FG3A", "FG3_PCT", "FTM", "FTA", "FT_PCT", "OREB", "DREB", "REB", "AST", "STL", "BLK", "TO", "PF", "PTS", "PLUS_MINUS"], "rowSet": [["0021300024", 1610612749, "MIL", "Milwaukee", 101141, "Ersan Ilyasova", "F", "", "22:55", 2, 7, 0.286, 1, 3, 0.333, 0, 0, 0.0, 0, 4, 4, 1, 2, 1, 1, 3, 5, -21.0], ["0021300024", 1610612749, "MIL", "Milwaukee", 2406, "Caron Butler", "F", "", "27:00", 2, 8, 0.25, 2, 4, 0.5, 2, 2, 1.0, 2, 4, 6, 1, 1, 0, 0, 1, 8, -3.0], ["0021300024", 1610612749, "MIL", "Milwaukee", 202336, "Larry Sanders", "C", "", "18:24", 2, 5, 0.4, 0, 0, 0.0, 0, 0, 0.0, 1, 2, 3, 1, 0, 4, 1, 2, 4, -18.0], ["0021300024", 1610612749, "MIL", "Milwaukee", 201564, "O.J. Mayo", "G", "", "22:46", 2, 9, 0.222, 0, 1, 0.0, 4, 4, 1.0, 2, 2, 4, 2, 2, 0, 3, 4, 8, -16.0], ["0021300024", 1610612749, "MIL", "Milwaukee", 202390, "Gary Neal", "G", "", "25:31", 4, 11, 0.364, 2, 3, 0.667, 4, 6, 0.667, 0, 1, 1, 1, 1, 0, 1, 0, 14, -17.0], ["0021300024", 1610612749, "MIL", "Milwaukee", 203489, "Nate Wolters", "", "", "29:17", 5, 10, 0.5, 1, 2, 0.5, 3, 3, 1.0, 1, 1, 2, 6, 0, 0, 1, 1, 14, 23.0], ["0021300024", 1610612749, "MIL", "Milwaukee", 203114, "Khris Middleton", "", "", "26:59", 5, 8, 0.625, 0, 1, 0.0, 3, 3, 1.0, 0, 1, 1, 2, 2, 0, 0, 4, 13, 23.0], ["0021300024", 1610612749, "MIL", "Milwaukee", 203089, "John Henson", "", "", "25:05", 6, 11, 0.545, 0, 0, 0.0, 2, 4, 0.5, 5, 4, 9, 0, 0, 1, 0, 2, 14, 28.0], ["0021300024", 1610612749, "MIL", "Milwaukee", 2585, "Zaza Pachulia", "", "", "29:36", 5, 10, 0.5, 0, 0, 0.0, 10, 10, 1.0, 6, 3, 9, 4, 2, 1, 0, 4, 20, 25.0], ["0021300024", 1610612749, "MIL", "Milwaukee", 203507, "Giannis Antetokounmpo", "", "", "12:27", 2, 5, 0.4, 0, 1, 0.0, 1, 2, 0.5, 0, 2, 2, 0, 0, 0, 0, 3, 5, 11.0], ["0021300024", 1610612749, "MIL", "Milwaukee", 202688, "Brandon Knight", "", "DND - Right Hamstring Strain", null, null, null, null, null, null, null, null, null, null, null, null, null, null, null, null, null, null, null, null], ["0021300024", 1610612749, "MIL", "Milwaukee", 203545, "Miroslav Raduljica", "", "DNP - Coach's Decision", null, null, null, null, null, null, null, null, null, null, null, null, null, null, null, null, null, null, null, null], ["0021300024", 1610612749, "MIL", "Milwaukee", 2557, "Luke Ridnour", "", "NWT - Back Spasms", null, null, null, null, null, null, null, null, null, null, null, null, null, null, null, null, null, null, null, null], ["0021300024", 1610612738, "BOS", "Boston", 2222, "Gerald Wallace", "F", "", "36:01", 5, 9, 0.556, 2, 5, 0.4, 2, 7, 0.286, 0, 6, 6, 4, 1, 0, 4, 2, 14, 0.0], ["0021300024", 1610612738, "BOS", "Boston", 101138, "Brandon Bass", "F", "", "34:40", 6, 11, 0.545, 0, 0, 0.0, 5, 6, 0.833, 3, 5, 8, 2, 0, 1, 0, 3, 17, 11.0], ["0021300024", 1610612738, "BOS", "Boston", 203543, "Vitor Faverani", "C", "", "37:07", 4, 6, 0.667, 0, 1, 0.0, 4, 6, 0.667, 6, 12, 18, 1, 1, 6, 3, 4, 12, 1.0], ["0021300024", 1610612738, "BOS", "Boston", 201145, "Jeff Green", "G", "", "38:10", 4, 13, 0.308, 1, 3, 0.333, 4, 7, 0.571, 4, 5, 9, 1, 0, 0, 4, 3, 13, -1.0], ["0021300024", 1610612738, "BOS", "Boston", 202340, "Avery Bradley", "G", "", "32:35", 4, 14, 0.286, 0, 3, 0.0, 0, 0, 0.0, 0, 2, 2, 2, 1, 0, 4, 6, 8, 9.0], ["0021300024", 1610612738, "BOS", "Boston", 201584, "Courtney Lee", "", "", "25:42", 6, 11, 0.545, 1, 3, 0.333, 0, 0, 0.0, 0, 4, 4, 1, 2, 0, 0, 3, 13, -20.0], ["0021300024", 1610612738, "BOS", "Boston", 203482, "Kelly Olynyk", "", "", "13:50", 2, 5, 0.4, 0, 1, 0.0, 0, 0, 0.0, 2, 0, 2, 1, 0, 0, 1, 4, 4, -15.0], ["0021300024", 1610612738, "BOS", "Boston", 202348, "Jordan Crawford", "", "", "11:32", 1, 1, 1.0, 0, 0, 0.0, 5, 5, 1.0, 0, 0, 0, 1, 0, 0, 0, 0, 7, -9.0], ["0021300024", 1610612738, "BOS", "Boston", 203096, "Jared Sullinger", "", "", "10:23", 2, 6, 0.333, 0, 0, 0.0, 6, 7, 0.857, 3, 0, 3, 0, 0, 0, 1, 4, 10, -11.0], ["0021300024", 1610612738, "BOS", "Boston", 2586, "Keith Bogans", "", "DNP - Coach's Decision", null, null, null, null, null, null, null, null, null, null, null, null, null, null, null, null, null, null, null, null], ["0021300024", 1610612738, "BOS", "Boston", 202705, "MarShon Brooks", "", "DNP - Coach's Decision", null, null, null, null, null, null, null, null, null, null, null, null, null, null, null, null, null, null, null, null], ["0021300024", 1610612738, "BOS", "Boston", 2743, "Kris Humphries", "", "DNP - Coach's Decision", null, null, null, null, null, null, null, null, null, null, null, null, null, null, null, null, null, null, null, null], ["0021300024", 1610612738, "BOS", "Boston", 203515, "Phil Pressey", "", "DNP - Coach's Decision", null, null, null, null, null, null, null, null, null, null, null, null, null, null, null, null, null, null, null, null]], "name": "PlayerStats"}, {"headers": ["GAME_ID", "TEAM_ID", "TEAM_NAME", "TEAM_ABBREVIATION", "TEAM_CITY", "MIN", "FGM", "FGA", "FG_PCT", "FG3M", "FG3A", "FG3_PCT", "FTM", "FTA", "FT_PCT", "OREB", "DREB", "REB", "AST", "STL", "BLK", "TO", "PF", "PTS", "PLUS_MINUS"], "rowSet": [["0021300024", 1610612749, "Bucks", "MIL", "Milwaukee", "240:00", 35, 84, 0.417, 6, 15, 0.4, 29, 34, 0.853, 17, 24, 41, 18, 10, 7, 7, 24, 105, 7.0], ["0021300024", 1610612738, "Celtics", "BOS", "Boston", "240:00", 34, 76, 0.447, 4, 16, 0.25, 26, 38, 0.684, 18, 34, 52, 13, 5, 7, 17, 29, 98, -7.0]], "name": "TeamStats"}, {"headers": ["LEAGUE_ID", "SEASON_ID", "TEAM_ID", "TEAM_ABBREVIATION", "TEAM_CITY", "PTS_PAINT", "PTS_2ND_CHANCE", "PTS_FB", "LARGEST_LEAD", "LEAD_CHANGES", "TIMES_TIED"], "rowSet": [["00", "22013", 1610612738, "BOS", "Boston", 50, 23, 11, 21, 1, 2], ["00", "22013", 1610612749, "MIL", "Milwaukee", 46, 22, 10, 22, 2, 3]], "name": "OtherStats"}, {"headers": ["OFFICIAL_ID", "FIRST_NAME", "LAST_NAME", "JERSEY_NUM"], "rowSet": [[1201, "Leon", "Wood", "40"], [1153, "Joe", "Crawford", "17"], [202049, "Ben", "Taylor", "46"]], "name": "Officials"}, {"headers": ["GAME_DATE", "ATTENDANCE", "GAME_TIME"], "rowSet": [["FRIDAY, NOVEMBER 1, 2013", 18624, "2:23"]], "name": "GameInfo"}, {"headers": ["PLAYER_ID", "FIRST_NAME", "LAST_NAME", "JERSEY_NUM", "TEAM_ID", "TEAM_CITY", "TEAM_NAME", "TEAM_ABBREVIATION"], "rowSet": [[2568, "Carlos", "Delfino", "10", 1610612749, "Milwaukee", "Bucks", "MIL"], [202327, "Ekpe", "Udoh", " 5", 1610612749, "Milwaukee", "Bucks", "MIL"], [200765, "Rajon", "Rondo", " 9", 1610612738, "Boston", "Celtics", "BOS"]], "name": "InactivePlayers"}, {"headers": ["VIDEO_AVAILABLE_FLAG"], "rowSet": [[1]], "name": "AvailableVideo"}], "parameters": {"GameID": "0021300024", "RangeType": 0, "StartPeriod": 0, "StartRange": 0, "EndPeriod": 0, "EndRange": 0}}