{"resource": "boxscore", "resultSets": [{"headers": ["GAME_DATE_EST", "GAME_SEQUENCE", "GAME_ID", "GAME_STATUS_ID", "GAME_STATUS_TEXT", "GAMECODE", "HOME_TEAM_ID", "VISITOR_TEAM_ID", "SEASON", "LIVE_PERIOD", "LIVE_PC_TIME", "NATL_TV_BROADCASTER_ABBREVIATION", "LIVE_PERIOD_TIME_BCAST", "WH_STATUS"], "rowSet": [["2013-11-02T00:00:00", 2, "0021300034", 3, "Final", "20131102/CHIPHI", 1610612755, 1610612741, "2013", 4, "", "NBA TV", "Q4  - NBA TV", 1]], "name": "GameSummary"}, {"headers": ["GAME_DATE_EST", "GAME_SEQUENCE", "GAME_ID", "TEAM_ID", "TEAM_ABBREVIATION", "TEAM_CITY_NAME", "TEAM_WINS_LOSSES", "PTS_QTR1", "PTS_QTR2", "PTS_QTR3", "PTS_QTR4", "PTS_OT1", "PTS_OT2", "PTS_OT3", "PTS_OT4", "PTS_OT5", "PTS_OT6", "PTS_OT7", "PTS_OT8", "PTS_OT9", "PTS_OT10", "PTS"], "rowSet": [["2013-11-02T00:00:00", 2, "0021300034", 1610612741, "CHI", "Chicago", "1-2", 34, 30, 19, 21, 0, 0, 0, 0, 0, 0, 0, 0, 0, 0, 104], ["2013-11-02T00:00:00", 2, "0021300034", 1610612755, "PHI", "Philadelphia", "3-0", 22, 27, 33, 25, 0, 0, 0, 0, 0, 0, 0, 0, 0, 0, 107]], "name": "LineScore"}, {"headers": ["GAME_ID", "HOME_TEAM_ID", "VISITOR_TEAM_ID", "GAME_DATE_EST", "HOME_TEAM_WINS", "HOME_TEAM_LOSSES", "SERIES_LEADER"], "rowSet": [["0021300034", 1610612755, 1610612741, "2013-11-02T00:00:00", 1, 1, "Tied"]], "name": "SeasonSeries"}, {"headers": ["GAME_ID", "LAST_GAME_ID", "LAST_GAME_DATE_EST", "LAST_GAME_HOME_TEAM_ID", "LAST_GAME_HOME_TEAM_CITY", "LAST_GAME_HOME_TEAM_NAME", "LAST_GAME_HOME_TEAM_ABBREVIATION", "LAST_GAME_HOME_TEAM_POINTS", "LAST_GAME_VISITOR_TEAM_ID", "LAST_GAME_VISITOR_TEAM_CITY", "LAST_GAME_VISITOR_TEAM_NAME", "LAST_GAME_VISITOR_TEAM_CITY1", "LAST_GAME_VISITOR_TEAM_POINTS"], "rowSet": [["0021300034", "0021200862", "2013-02-28T00:00:00", 1610612755, "Philadelphia", "76ers", "PHI", 82, 1610612741, "Chicago", "Bulls", "CHI", 93]], "name": "LastMeeting"}, {"headers": ["GAME_ID", "TEAM_ID", "TEAM_ABBREVIATION", "TEAM_CITY", "PLAYER_ID", "PLAYER_NAME", "START_POSITION", "COMMENT", "MIN", "FGM", "FGA", "FG_PCT", "FG3M", "FG3A", "FG3_PCT", "FTM", "FTA", "FT_PCT", "OREB", "DREB", "REB", "AST", "STL", "BLK", "TO", "PF", "PTS", "PLUS_MINUS"], "rowSet": [["0021300034", 1610612741, "CHI", "Chicago", 2736, "Luol Deng", "F", "", "36:41", 8, 21, 0.381, 0, 3, 0.0, 4, 5, 0.8, 3, 4, 7, 4, 2, 0, 1, 3, 20, -13.0], ["0021300034", 1610612741, "CHI", "Chicago", 2430, "Carlos Boozer", "F", "", "31:57", 9, 16, 0.563, 0, 0, 0.0, 4, 4, 1.0, 3, 7, 10, 2, 0, 0, 0, 3, 22, -5.0], ["0021300034", 1610612741, "CHI", "Chicago", 201149, "Joakim Noah", "C", "", "32:13", 4, 11, 0.364, 0, 0, 0.0, 2, 2, 1.0, 2, 7, 9, 3, 2, 1, 1, 1, 10, -11.0], ["0021300034", 1610612741, "CHI", "Chicago", 202710, "Jimmy Butler", "G", "", "39:01", 4, 6, 0.667, 0, 1, 0.0, 1, 2, 0.5, 1, 5, 6, 4, 1, 2, 2, 0, 9, -2.0], ["0021300034", 1610612741, "CHI", "Chicago", 201565, "Derrick Rose", "G", "", "32:28", 4, 14, 0.286, 1, 3, 0.333, 4, 4, 1.0, 2, 2, 4, 6, 0, 0, 8, 2, 13, -11.0], ["0021300034", 1610612741, "CHI", "Chicago", 201959, "Taj Gibson", "", "", "23:55", 6, 9, 0.667, 0, 0, 0.0, 0, 0, 0.0, 5, 2, 7, 0, 1, 1, 2, 2, 12, 8.0], ["0021300034", 1610612741, "CHI", "Chicago", 2399, "Mike Dunleavy", "", "", "16:24", 3, 7, 0.429, 1, 3, 0.333, 0, 0, 0.0, 0, 4, 4, 2, 0, 0, 0, 2, 7, 9.0], ["0021300034", 1610612741, "CHI", "Chicago", 2550, "Kirk Hinrich", "", "", "19:32", 3, 8, 0.375, 1, 4, 0.25, 2, 2, 1.0, 0, 1, 1, 6, 2, 0, 3, 1, 9, 8.0], ["0021300034", 1610612741, "CHI", "Chicago", 1737, "Nazr Mohammed", "", "", "7:49", 1, 1, 1.0, 0, 0, 0.0, 0, 0, 0.0, 1, 2, 3, 1, 0, 1, 1, 0, 2, 2.0], ["0021300034", 1610612741, "CHI", "Chicago", 2229, "Mike James", "", "DNP - Coach's Decision", null, null, null, null, null, null, null, null, null, null, null, null, null, null, null, null, null, null, null, null], ["0021300034", 1610612741, "CHI", "Chicago", 203513, "Erik Murphy", "", "DNP - Coach's Decision", null, null, null, null, null, null, null, null, null, null, null, null, null, null, null, null, null, null, null, null], ["0021300034", 1610612741, "CHI", "Chicago", 203503, "Tony Snell", "", "DNP - Coach's Decision", null, null, null, null, null, null, null, null, null, null, null, null, null, null, null, null, null, null, null, null], ["0021300034", 1610612741, "CHI", "Chicago", 203104, "Marquis Teague", "", "DNP - Coach's Decision", null, null, null, null, null, null, null, null, null, null, null, null, null, null, null, null, null, null, null, null], ["0021300034", 1610612755, "PHI", "Philadelphia", 202323, "Evan Turner", "F", "", "38:51", 7, 16, 0.438, 0, 0, 0.0, 6, 7, 0.857, 2, 1, 3, 3, 1, 0, 2, 1, 20, 3.0], ["0021300034", 1610612755, "PHI", "Philadelphia", 201152, "Thaddeus Young", "F", "", "28:45", 5, 9, 0.556, 3, 4, 0.75, 0, 0, 0.0, 0, 7, 7, 2, 1, 1, 1, 2, 13, 9.0], ["0021300034", 1610612755, "PHI", "Philadelphia", 201150, "Spencer Hawes", "C", "", "30:23", 8, 11, 0.727, 2, 4, 0.5, 0, 0, 0.0, 3, 8, 11, 2, 1, 3, 2, 1, 18, 9.0], ["0021300034", 1610612755, "PHI", "Philadelphia", 202341, "James Anderson", "G", "", "29:35", 0, 4, 0.0, 0, 1, 0.0, 1, 2, 0.5, 0, 3, 3, 2, 0, 0, 0, 1, 1, 17.0], ["0021300034", 1610612755, "PHI", "Philadelphia", 203487, "Michael Carter-Williams", "G", "", "37:09", 10, 22, 0.455, 2, 5, 0.4, 4, 5, 0.8, 3, 1, 4, 10, 3, 0, 4, 1, 26, 6.0], ["0021300034", 1610612755, "PHI", "Philadelphia", 202730, "Lavoy Allen", "", "", "17:34", 3, 5, 0.6, 0, 0, 0.0, 0, 0, 0.0, 1, 3, 4, 0, 0, 1, 2, 5, 6, -13.0], ["0021300034", 1610612755, "PHI", "Philadelphia", 203100, "Tony Wroten", "", "", "22:41", 4, 11, 0.364, 3, 6, 0.5, 0, 2, 0.0, 0, 5, 5, 0, 1, 1, 1, 3, 11, -9.0], ["0021300034", 1610612755, "PHI", "Philadelphia", 202350, "Daniel Orton", "", "", "16:54", 2, 2, 1.0, 0, 0, 0.0, 0, 0, 0.0, 0, 1, 1, 1, 0, 0, 1, 2, 4, -6.0], ["0021300034", 1610612755, "PHI", "Philadelphia", 202721, "Darius Morris", "", "", "10:51", 2, 4, 0.5, 1, 1, 1.0, 1, 2, 0.5, 0, 0, 0, 3, 1, 0, 1, 0, 6, -3.0], ["0021300034", 1610612755, "PHI", "Philadelphia", 203138, "Hollis Thompson", "", "", "4:57", 0, 1, 0.0, 0, 1, 0.0, 0, 0, 0.0, 1, 0, 1, 1, 0, 0, 1, 2, 0, -5.0], ["0021300034", 1610612755, "PHI", "Philadelphia", 203561, "Brandon Davies", "", "", "2:20", 1, 1, 1.0, 0, 0, 0.0, 0, 0, 0.0, 0, 0, 0, 0, 0, 0, 0, 0, 2, 7.0], ["0021300034", 1610612755, "PHI", "Philadelphia", 2198, "Kwame Brown", "", "DND - Right Hamstring Strain", null, null, null, null, null, null, null, null, null, null, null, null, null, null, null, null, null, null, null, null]], "name": "PlayerStats"}, {"headers": ["GAME_ID", "TEAM_ID", "TEAM_NAME", "TEAM_ABBREVIATION", "TEAM_CITY", "MIN", "FGM", "FGA", "FG_PCT", "FG3M", "FG3A", "FG3_PCT", "FTM", "FTA", "FT_PCT", "OREB", "DREB", "REB", "AST", "STL", "BLK", "TO", "PF", "PTS", "PLUS_MINUS"], "rowSet": [["0021300034", 1610612755, "76ers", "PHI", "Philadelphia", "240:00", 42, 86, 0.488, 11, 22, 0.5, 12, 18, 0.667, 10, 29, 39, 24, 8, 6, 15, 18, 107, 3.0], ["0021300034", 1610612741, "Bulls", "CHI", "Chicago", "240:00", 42, 93, 0.452, 3, 14, 0.214, 17, 19, 0.895, 17, 34, 51, 28, 8, 5, 18, 14, 104, -3.0]], "name": "TeamStats"}, {"headers": ["LEAGUE_ID", "SEASON_ID", "TEAM_ID", "TEAM_ABBREVIATION", "TEAM_CITY", "PTS_PAINT", "PTS_2ND_CHANCE", "PTS_FB", "LARGEST_LEAD", "LEAD_CHANGES", "TIMES_TIED"], "rowSet": [["00", "22013", 1610612741, "CHI", "Chicago", 56, 21, 23, 19, 7, 1], ["00", "22013", 1610612755, "PHI", "Philadelphia", 44, 14, 10, 20, 8, 2]], "name": "OtherStats"}, {"headers": ["OFFICIAL_ID", "FIRST_NAME", "LAST_NAME", "JERSEY_NUM"], "rowSet": [[1195, "Derrick", "Stafford", "9"], [1664, "Gary", "Zielinski", "59"], [202026, "Karl", "Lane", "77"]], "name": "Officials"}, {"headers": ["GAME_DATE", "ATTENDANCE", "GAME_TIME"], "rowSet": [["SATURDAY, NOVEMBER 2, 2013", 15782, "2:06"]], "name": "GameInfo"}, {"headers": ["PLAYER_ID", "FIRST_NAME", "LAST_NAME", "JERSEY_NUM", "TEAM_ID", "TEAM_CITY", "TEAM_NAME", "TEAM_ABBREVIATION"], "rowSet": [[2202, "Jason", "Richardson", "23", 1610612755, "Philadelphia", "76ers", "PHI"], [203102, "Arnett", "Moultrie", " 5", 1610612755, "Philadelphia", "76ers", "PHI"], [203457, "Nerlens", "Noel", " 4", 1610612755, "Philadelphia", "76ers", "PHI"]], "name": "InactivePlayers"}, {"headers": ["VIDEO_AVAILABLE_FLAG"], "rowSet": [[1]], "name": "AvailableVideo"}], "parameters": {"GameID": "0021300034", "RangeType": 0, "StartPeriod": 0, "StartRange": 0, "EndPeriod": 0, "EndRange": 0}}