{"resource": "boxscore", "resultSets": [{"headers": ["GAME_DATE_EST", "GAME_SEQUENCE", "GAME_ID", "GAME_STATUS_ID", "GAME_STATUS_TEXT", "GAMECODE", "HOME_TEAM_ID", "VISITOR_TEAM_ID", "SEASON", "LIVE_PERIOD", "LIVE_PC_TIME", "NATL_TV_BROADCASTER_ABBREVIATION", "LIVE_PERIOD_TIME_BCAST", "WH_STATUS"], "rowSet": [["2013-10-31T00:00:00", 2, "0021300019", 3, "Final", "20131031/GSWLAC", 1610612746, 1610612744, "2013", 4, "", "TNT", "Q4  - TNT", 1]], "name": "GameSummary"}, {"headers": ["GAME_DATE_EST", "GAME_SEQUENCE", "GAME_ID", "TEAM_ID", "TEAM_ABBREVIATION", "TEAM_CITY_NAME", "TEAM_WINS_LOSSES", "PTS_QTR1", "PTS_QTR2", "PTS_QTR3", "PTS_QTR4", "PTS_OT1", "PTS_OT2", "PTS_OT3", "PTS_OT4", "PTS_OT5", "PTS_OT6", "PTS_OT7", "PTS_OT8", "PTS_OT9", "PTS_OT10", "PTS"], "rowSet": [["2013-10-31T00:00:00", 2, "0021300019", 1610612746, "LAC", "Los Angeles", "1-1", 36, 32, 25, 33, 0, 0, 0, 0, 0, 0, 0, 0, 0, 0, 126], ["2013-10-31T00:00:00", 2, "0021300019", 1610612744, "GSW", "Golden State", "1-1", 26, 29, 25, 35, 0, 0, 0, 0, 0, 0, 0, 0, 0, 0, 115]], "name": "LineScore"}, {"headers": ["GAME_ID", "HOME_TEAM_ID", "VISITOR_TEAM_ID", "GAME_DATE_EST", "HOME_TEAM_WINS", "HOME_TEAM_LOSSES", "SERIES_LEADER"], "rowSet": [["0021300019", 1610612746, 1610612744, "2013-10-31T00:00:00", 1, 1, "Tied"]], "name": "SeasonSeries"}, {"headers": ["GAME_ID", "LAST_GAME_ID", "LAST_GAME_DATE_EST", "LAST_GAME_HOME_TEAM_ID", "LAST_GAME_HOME_TEAM_CITY", "LAST_GAME_HOME_TEAM_NAME", "LAST_GAME_HOME_TEAM_ABBREVIATION", "LAST_GAME_HOME_TEAM_POINTS", "LAST_GAME_VISITOR_TEAM_ID", "LAST_GAME_VISITOR_TEAM_CITY", "LAST_GAME_VISITOR_TEAM_NAME", "LAST_GAME_VISITOR_TEAM_CITY1", "LAST_GAME_VISITOR_TEAM_POINTS"], "rowSet": [["0021300019", "0021200610", "2013-01-21T00:00:00", 1610612746, "Los Angeles", "Clippers", "LAC", 99, 1610612744, "Golden State", "Warriors", "GSW", 106]], "name": "LastMeeting"}, {"headers": ["GAME_ID", "TEAM_ID", "TEAM_ABBREVIATION", "TEAM_CITY", "PLAYER_ID", "PLAYER_NAME", "START_POSITION", "COMMENT", "MIN", "FGM", "FGA", "FG_PCT", "FG3M", "FG3A", "FG3_PCT", "FTM", "FTA", "FT_PCT", "OREB", "DREB", "REB", "AST", "STL", "BLK", "TO", "PF", "PTS", "PLUS_MINUS"], "rowSet": [["0021300019", 1610612744, "GSW", "Golden State", 2738, "Andre Iguodala", "F", "", "42:49", 5, 8, 0.625, 1, 3, 0.333, 3, 6, 0.5, 1, 3, 4, 11, 2, 0, 3, 1, 14, -7.0], ["0021300019", 1610612744, "GSW", "Golden State", 101135, "David Lee", "F", "", "28:51", 8, 15, 0.533, 0, 0, 0.0, 6, 8, 0.75, 2, 3, 5, 2, 1, 0, 1, 6, 22, -11.0], ["0021300019", 1610612744, "GSW", "Golden State", 101106, "Andrew Bogut", "C", "", "28:09", 6, 7, 0.857, 0, 0, 0.0, 5, 7, 0.714, 2, 4, 6, 0, 0, 1, 1, 5, 17, -5.0], ["0021300019", 1610612744, "GSW", "Golden State", 202691, "Klay Thompson", "G", "", "38:09", 3, 7, 0.429, 1, 2, 0.5, 3, 3, 1.0, 0, 1, 1, 1, 2, 0, 2, 4, 10, -13.0], ["0021300019", 1610612744, "GSW", "Golden State", 201939, "Stephen Curry", "G", "", "38:29", 14, 23, 0.609, 9, 14, 0.643, 1, 1, 1.0, 0, 3, 3, 9, 0, 0, 11, 3, 38, -8.0], ["0021300019", 1610612744, "GSW", "Golden State", 979, "Jermaine O'Neal", "", "", "15:51", 1, 6, 0.167, 0, 0, 0.0, 2, 2, 1.0, 2, 1, 3, 0, 0, 1, 1, 3, 4, -6.0], ["0021300019", 1610612744, "GSW", "Golden State", 203110, "Draymond Green", "", "", "21:28", 1, 3, 0.333, 1, 1, 1.0, 1, 4, 0.25, 2, 6, 8, 1, 2, 0, 2, 5, 4, -1.0], ["0021300019", 1610612744, "GSW", "Golden State", 201962, "Toney Douglas", "", "", "9:59", 0, 2, 0.0, 0, 1, 0.0, 0, 0, 0.0, 0, 1, 1, 1, 0, 0, 1, 4, 0, -5.0], ["0021300019", 1610612744, "GSW", "Golden State", 201578, "Marreese Speights", "", "", "11:41", 2, 5, 0.4, 0, 0, 0.0, 2, 2, 1.0, 1, 1, 2, 0, 0, 0, 1, 3, 6, 0.0], ["0021300019", 1610612744, "GSW", "Golden State", 203145, "Kent Bazemore", "", "", "2:57", 0, 0, 0.0, 0, 0, 0.0, 0, 0, 0.0, 0, 0, 0, 1, 0, 0, 0, 0, 0, 1.0], ["0021300019", 1610612744, "GSW", "Golden State", 203517, "Nemanja Nedovic", "", "", "0:49", 0, 0, 0.0, 0, 0, 0.0, 0, 0, 0.0, 0, 0, 0, 0, 0, 0, 0, 0, 0, 0.0], ["0021300019", 1610612744, "GSW", "Golden State", 203136, "Ognjen Kuzmic", "", "", "0:49", 0, 0, 0.0, 0, 0, 0.0, 0, 0, 0.0, 0, 0, 0, 0, 0, 0, 1, 1, 0, 0.0], ["0021300019", 1610612744, "GSW", "Golden State", 203084, "Harrison Barnes", "", "DNP - Coach's Decision", null, null, null, null, null, null, null, null, null, null, null, null, null, null, null, null, null, null, null, null], ["0021300019", 1610612746, "LAC", "Los Angeles", 201162, "Jared Dudley", "F", "", "32:57", 4, 6, 0.667, 2, 4, 0.5, 0, 0, 0.0, 1, 0, 1, 2, 2, 0, 2, 5, 10, 3.0], ["0021300019", 1610612746, "LAC", "Los Angeles", 201933, "Blake Griffin", "F", "", "34:13", 9, 12, 0.75, 0, 1, 0.0, 5, 8, 0.625, 0, 10, 10, 2, 2, 1, 3, 6, 23, 18.0], ["0021300019", 1610612746, "LAC", "Los Angeles", 201599, "DeAndre Jordan", "C", "", "41:06", 3, 9, 0.333, 0, 0, 0.0, 3, 12, 0.25, 10, 7, 17, 1, 2, 1, 0, 2, 9, 11.0], ["0021300019", 1610612746, "LAC", "Los Angeles", 200755, "JJ Redick", "G", "", "28:07", 5, 11, 0.455, 3, 7, 0.429, 4, 4, 1.0, 1, 4, 5, 2, 0, 0, 0, 4, 17, 15.0], ["0021300019", 1610612746, "LAC", "Los Angeles", 101108, "Chris Paul", "G", "", "37:26", 12, 20, 0.6, 2, 6, 0.333, 16, 17, 0.941, 1, 1, 2, 15, 6, 0, 6, 4, 42, 17.0], ["0021300019", 1610612746, "LAC", "Los Angeles", 2037, "Jamal Crawford", "", "", "23:23", 7, 14, 0.5, 2, 5, 0.4, 1, 2, 0.5, 0, 1, 1, 1, 1, 0, 4, 1, 17, -1.0], ["0021300019", 1610612746, "LAC", "Los Angeles", 2440, "Matt Barnes", "", "", "17:58", 0, 4, 0.0, 0, 1, 0.0, 4, 4, 1.0, 1, 2, 3, 2, 0, 0, 1, 3, 4, 8.0], ["0021300019", 1610612746, "LAC", "Los Angeles", 200797, "Ryan Hollins", "", "", "4:22", 2, 2, 1.0, 0, 0, 0.0, 0, 0, 0.0, 0, 1, 1, 0, 1, 1, 0, 1, 4, 2.0], ["0021300019", 1610612746, "LAC", "Los Angeles", 201954, "Darren Collison", "", "", "11:13", 0, 3, 0.0, 0, 0, 0.0, 0, 1, 0.0, 1, 1, 2, 1, 0, 0, 1, 1, 0, -8.0], ["0021300019", 1610612746, "LAC", "Los Angeles", 201957, "Byron Mullens", "", "", "8:58", 0, 4, 0.0, 0, 4, 0.0, 0, 2, 0.0, 1, 1, 2, 1, 1, 1, 1, 3, 0, -10.0], ["0021300019", 1610612746, "LAC", "Los Angeles", 203493, "Reggie Bullock", "", "", "0:18", 0, 0, 0.0, 0, 0, 0.0, 0, 0, 0.0, 0, 0, 0, 0, 0, 0, 0, 0, 0, 0.0], ["0021300019", 1610612746, "LAC", "Los Angeles", 2584, "Willie Green", "", "DNP - Coach's Decision", null, null, null, null, null, null, null, null, null, null, null, null, null, null, null, null, null, null, null, null], ["0021300019", 1610612746, "LAC", "Los Angeles", 1712, "Antawn Jamison", "", "DNP - Coach's Decision", null, null, null, null, null, null, null, null, null, null, null, null, null, null, null, null, null, null, null, null]], "name": "PlayerStats"}, {"headers": ["GAME_ID", "TEAM_ID", "TEAM_NAME", "TEAM_ABBREVIATION", "TEAM_CITY", "MIN", "FGM", "FGA", "FG_PCT", "FG3M", "FG3A", "FG3_PCT", "FTM", "FTA", "FT_PCT", "OREB", "DREB", "REB", "AST", "STL", "BLK", "TO", "PF", "PTS", "PLUS_MINUS"], "rowSet": [["0021300019", 1610612746, "Clippers", "LAC", "Los Angeles", "240:00", 42, 85, 0.494, 9, 28, 0.321, 33, 50, 0.66, 16, 28, 44, 27, 15, 4, 18, 30, 126, 11.0], ["0021300019", 1610612744, "Warriors", "GSW", "Golden State", "240:00", 40, 76, 0.526, 12, 21, 0.571, 23, 33, 0.697, 10, 23, 33, 26, 7, 2, 24, 35, 115, -11.0]], "name": "TeamStats"}, {"headers": ["LEAGUE_ID", "SEASON_ID", "TEAM_ID", "TEAM_ABBREVIATION", "TEAM_CITY", "PTS_PAINT", "PTS_2ND_CHANCE", "PTS_FB", "LARGEST_LEAD", "LEAD_CHANGES", "TIMES_TIED"], "rowSet": [["00", "22013", 1610612744, "GSW", "Golden State", 42, 12, 17, 19, 2, 5], ["00", "22013", 1610612746, "LAC", "Los Angeles", 48, 18, 22, 18, 2, 5]], "name": "OtherStats"}, {"headers": ["OFFICIAL_ID", "FIRST_NAME", "LAST_NAME", "JERSEY_NUM"], "rowSet": [[2148, "Mark", "Ayotte", "56"], [2003, "Pat", "Fraher", "26"], [2530, "Ed", "Malloy", "14"]], "name": "Officials"}, {"headers": ["GAME_DATE", "ATTENDANCE", "GAME_TIME"], "rowSet": [["THURSDAY, OCTOBER 31, 2013", 19060, "2:48"]], "name": "GameInfo"}, {"headers": ["PLAYER_ID", "FIRST_NAME", "LAST_NAME", "JERSEY_NUM", "TEAM_ID", "TEAM_CITY", "TEAM_NAME", "TEAM_ABBREVIATION"], "rowSet": [[203146, "Maalik", "Wayns", " 5", 1610612746, "Los Angeles", "Clippers", "LAC"], [203105, "Festus", "Ezeli", "31", 1610612744, "Golden State", "Warriors", "GSW"]], "name": "InactivePlayers"}, {"headers": ["VIDEO_AVAILABLE_FLAG"], "rowSet": [[1]], "name": "AvailableVideo"}], "parameters": {"GameID": "0021300019", "RangeType": 0, "StartPeriod": 0, "StartRange": 0, "EndPeriod": 0, "EndRange": 0}}