{"resource": "boxscore", "resultSets": [{"headers": ["GAME_DATE_EST", "GAME_SEQUENCE", "GAME_ID", "GAME_STATUS_ID", "GAME_STATUS_TEXT", "GAMECODE", "HOME_TEAM_ID", "VISITOR_TEAM_ID", "SEASON", "LIVE_PERIOD", "LIVE_PC_TIME", "NATL_TV_BROADCASTER_ABBREVIATION", "LIVE_PERIOD_TIME_BCAST", "WH_STATUS"], "rowSet": [["2013-11-05T00:00:00", 6, "0021300056", 3, "Final", "20131105/LALDAL", 1610612742, 1610612747, "2013", 4, "", "NBA TV", "Q4  - NBA TV", 1]], "name": "GameSummary"}, {"headers": ["GAME_DATE_EST", "GAME_SEQUENCE", "GAME_ID", "TEAM_ID", "TEAM_ABBREVIATION", "TEAM_CITY_NAME", "TEAM_WINS_LOSSES", "PTS_QTR1", "PTS_QTR2", "PTS_QTR3", "PTS_QTR4", "PTS_OT1", "PTS_OT2", "PTS_OT3", "PTS_OT4", "PTS_OT5", "PTS_OT6", "PTS_OT7", "PTS_OT8", "PTS_OT9", "PTS_OT10", "PTS"], "rowSet": [["2013-11-05T00:00:00", 6, "0021300056", 1610612747, "LAL", "Los Angeles", "2-3", 22, 26, 29, 27, 0, 0, 0, 0, 0, 0, 0, 0, 0, 0, 104], ["2013-11-05T00:00:00", 6, "0021300056", 1610612742, "DAL", "Dallas", "3-1", 35, 32, 27, 29, 0, 0, 0, 0, 0, 0, 0, 0, 0, 0, 123]], "name": "LineScore"}, {"headers": ["GAME_ID", "HOME_TEAM_ID", "VISITOR_TEAM_ID", "GAME_DATE_EST", "HOME_TEAM_WINS", "HOME_TEAM_LOSSES", "SERIES_LEADER"], "rowSet": [["0021300056", 1610612742, 1610612747, "2013-11-05T00:00:00", 2, 0, "Dallas"]], "name": "SeasonSeries"}, {"headers": ["GAME_ID", "LAST_GAME_ID", "LAST_GAME_DATE_EST", "LAST_GAME_HOME_TEAM_ID", "LAST_GAME_HOME_TEAM_CITY", "LAST_GAME_HOME_TEAM_NAME", "LAST_GAME_HOME_TEAM_ABBREVIATION", "LAST_GAME_HOME_TEAM_POINTS", "LAST_GAME_VISITOR_TEAM_ID", "LAST_GAME_VISITOR_TEAM_CITY", "LAST_GAME_VISITOR_TEAM_NAME", "LAST_GAME_VISITOR_TEAM_CITY1", "LAST_GAME_VISITOR_TEAM_POINTS"], "rowSet": [["0021300056", "0021201110", "2013-04-02T00:00:00", 1610612742, "Dallas", "Mavericks", "DAL", 81, 1610612747, "Los Angeles", "Lakers", "LAL", 101]], "name": "LastMeeting"}, {"headers": ["GAME_ID", "TEAM_ID", "TEAM_ABBREVIATION", "TEAM_CITY", "PLAYER_ID", "PLAYER_NAME", "START_POSITION", "COMMENT", "MIN", "FGM", "FGA", "FG_PCT", "FG3M", "FG3A", "FG3_PCT", "FTM", "FTA", "FT_PCT", "OREB", "DREB", "REB", "AST", "STL", "BLK", "TO", "PF", "PTS", "PLUS_MINUS"], "rowSet": [["0021300056", 1610612747, "LAL", "Los Angeles", 202333, "Xavier Henry", "F", "", "21:00", 2, 8, 0.25, 0, 4, 0.0, 1, 2, 0.5, 0, 0, 0, 1, 3, 2, 0, 1, 5, -13.0], ["0021300056", 1610612747, "LAL", "Los Angeles", 200761, "Shawne Williams", "F", "", "5:24", 1, 2, 0.5, 1, 2, 0.5, 0, 0, 0.0, 0, 0, 0, 0, 0, 0, 0, 1, 3, -6.0], ["0021300056", 1610612747, "LAL", "Los Angeles", 2200, "Pau Gasol", "C", "", "31:06", 4, 9, 0.444, 0, 1, 0.0, 2, 2, 1.0, 0, 8, 8, 4, 0, 0, 0, 0, 10, -32.0], ["0021300056", 1610612747, "LAL", "Los Angeles", 2581, "Steve Blake", "G", "", "27:09", 3, 7, 0.429, 3, 7, 0.429, 0, 0, 0.0, 0, 0, 0, 1, 0, 0, 2, 1, 9, -19.0], ["0021300056", 1610612747, "LAL", "Los Angeles", 959, "Steve Nash", "G", "", "20:22", 2, 8, 0.25, 1, 2, 0.5, 0, 0, 0.0, 1, 1, 2, 4, 0, 0, 1, 0, 5, -21.0], ["0021300056", 1610612747, "LAL", "Los Angeles", 2549, "Chris Kaman", "", "", "17:12", 5, 7, 0.714, 0, 0, 0.0, 0, 0, 0.0, 2, 5, 7, 0, 0, 1, 3, 2, 10, -5.0], ["0021300056", 1610612747, "LAL", "Los Angeles", 200770, "Jordan Farmar", "", "", "24:14", 3, 8, 0.375, 2, 4, 0.5, 3, 3, 1.0, 0, 3, 3, 7, 0, 0, 3, 1, 11, -4.0], ["0021300056", 1610612747, "LAL", "Los Angeles", 201156, "Nick Young", "", "", "27:00", 8, 12, 0.667, 1, 2, 0.5, 4, 7, 0.571, 0, 1, 1, 1, 3, 0, 3, 2, 21, -6.0], ["0021300056", 1610612747, "LAL", "Los Angeles", 202325, "Wesley Johnson", "", "", "21:22", 3, 8, 0.375, 1, 3, 0.333, 0, 0, 0.0, 2, 5, 7, 2, 2, 1, 1, 4, 7, 0.0], ["0021300056", 1610612747, "LAL", "Los Angeles", 201975, "Jodie Meeks", "", "", "21:58", 4, 10, 0.4, 2, 5, 0.4, 1, 2, 0.5, 0, 2, 2, 0, 1, 0, 1, 0, 11, 7.0], ["0021300056", 1610612747, "LAL", "Los Angeles", 201941, "Jordan Hill", "", "", "15:27", 3, 5, 0.6, 0, 0, 0.0, 2, 2, 1.0, 2, 1, 3, 0, 0, 0, 0, 0, 8, -6.0], ["0021300056", 1610612747, "LAL", "Los Angeles", 203135, "Robert Sacre", "", "", "4:44", 0, 3, 0.0, 0, 0, 0.0, 1, 2, 0.5, 1, 0, 1, 1, 0, 0, 0, 0, 1, 6.0], ["0021300056", 1610612747, "LAL", "Los Angeles", 203527, "Ryan Kelly", "", "", "3:02", 1, 1, 1.0, 1, 1, 1.0, 0, 0, 0.0, 1, 0, 1, 0, 0, 0, 0, 0, 3, 4.0], ["0021300056", 1610612742, "DAL", "Dallas", 1890, "Shawn Marion", "F", "", "27:26", 5, 15, 0.333, 1, 2, 0.5, 0, 0, 0.0, 3, 4, 7, 1, 1, 0, 1, 1, 11, 16.0], ["0021300056", 1610612742, "DAL", "Dallas", 1717, "Dirk Nowitzki", "F", "", "28:06", 4, 9, 0.444, 1, 3, 0.333, 2, 2, 1.0, 1, 7, 8, 4, 2, 0, 1, 1, 11, 18.0], ["0021300056", 1610612742, "DAL", "Dallas", 2223, "Samuel Dalembert", "C", "", "23:02", 5, 7, 0.714, 0, 0, 0.0, 0, 0, 0.0, 2, 4, 6, 1, 1, 1, 1, 0, 10, 17.0], ["0021300056", 1610612742, "DAL", "Dallas", 101145, "Monta Ellis", "G", "", "31:15", 11, 14, 0.786, 0, 1, 0.0, 8, 8, 1.0, 0, 3, 3, 9, 1, 0, 1, 3, 30, 20.0], ["0021300056", 1610612742, "DAL", "Dallas", 101181, "Jose Calderon", "G", "", "21:45", 4, 6, 0.667, 4, 6, 0.667, 0, 0, 0.0, 0, 4, 4, 5, 0, 0, 1, 1, 12, 22.0], ["0021300056", 1610612742, "DAL", "Dallas", 1713, "Vince Carter", "", "", "18:01", 3, 10, 0.3, 2, 5, 0.4, 0, 0, 0.0, 0, 1, 1, 3, 0, 0, 0, 3, 8, 4.0], ["0021300056", 1610612742, "DAL", "Dallas", 201971, "DeJuan Blair", "", "", "18:34", 5, 10, 0.5, 0, 0, 0.0, 0, 2, 0.0, 4, 4, 8, 4, 5, 1, 1, 0, 10, 10.0], ["0021300056", 1610612742, "DAL", "Dallas", 203539, "Gal Mekel", "", "", "26:15", 4, 8, 0.5, 1, 3, 0.333, 0, 0, 0.0, 0, 4, 4, 6, 0, 0, 3, 1, 9, -3.0], ["0021300056", 1610612742, "DAL", "Dallas", 203109, "Jae Crowder", "", "", "23:46", 7, 9, 0.778, 4, 6, 0.667, 0, 0, 0.0, 0, 4, 4, 1, 0, 0, 0, 3, 18, 7.0], ["0021300056", 1610612742, "DAL", "Dallas", 203108, "Bernard James", "", "", "6:26", 0, 1, 0.0, 0, 0, 0.0, 0, 0, 0.0, 0, 4, 4, 0, 0, 1, 1, 1, 0, -8.0], ["0021300056", 1610612742, "DAL", "Dallas", 201961, "Wayne Ellington", "", "", "8:50", 1, 3, 0.333, 0, 0, 0.0, 0, 0, 0.0, 0, 1, 1, 0, 0, 0, 1, 0, 2, -2.0], ["0021300056", 1610612742, "DAL", "Dallas", 203495, "Ricky Ledo", "", "", "6:33", 0, 2, 0.0, 0, 1, 0.0, 2, 2, 1.0, 0, 0, 0, 0, 0, 0, 1, 0, 2, -6.0]], "name": "PlayerStats"}, {"headers": ["GAME_ID", "TEAM_ID", "TEAM_NAME", "TEAM_ABBREVIATION", "TEAM_CITY", "MIN", "FGM", "FGA", "FG_PCT", "FG3M", "FG3A", "FG3_PCT", "FTM", "FTA", "FT_PCT", "OREB", "DREB", "REB", "AST", "STL", "BLK", "TO", "PF", "PTS", "PLUS_MINUS"], "rowSet": [["0021300056", 1610612747, "Lakers", "LAL", "Los Angeles", "240:00", 39, 88, 0.443, 12, 31, 0.387, 14, 20, 0.7, 9, 26, 35, 21, 9, 4, 14, 12, 104, -19.0], ["0021300056", 1610612742, "Mavericks", "DAL", "Dallas", "240:00", 49, 94, 0.521, 13, 27, 0.481, 12, 14, 0.857, 10, 40, 50, 34, 10, 3, 12, 14, 123, 19.0]], "name": "TeamStats"}, {"headers": ["LEAGUE_ID", "SEASON_ID", "TEAM_ID", "TEAM_ABBREVIATION", "TEAM_CITY", "PTS_PAINT", "PTS_2ND_CHANCE", "PTS_FB", "LARGEST_LEAD", "LEAD_CHANGES", "TIMES_TIED"], "rowSet": [["00", "22013", 1610612742, "DAL", "Dallas", 52, 12, 21, 29, 0, 0], ["00", "22013", 1610612747, "LAL", "Los Angeles", 36, 15, 16, 30, 0, 0]], "name": "OtherStats"}, {"headers": ["OFFICIAL_ID", "FIRST_NAME", "LAST_NAME", "JERSEY_NUM"], "rowSet": [[1201, "Leon", "Wood", "40"], [1153, "Joe", "Crawford", "17"], [101283, "Brian", "Forte", "45"]], "name": "Officials"}, {"headers": ["GAME_DATE", "ATTENDANCE", "GAME_TIME"], "rowSet": [["TUESDAY, NOVEMBER 5, 2013", 19670, "2:06"]], "name": "GameInfo"}, {"headers": ["PLAYER_ID", "FIRST_NAME", "LAST_NAME", "JERSEY_NUM", "TEAM_ID", "TEAM_CITY", "TEAM_NAME", "TEAM_ABBREVIATION"], "rowSet": [[203548, "Elias", "Harris", " 2", 1610612747, "Los Angeles", "Lakers", "LAL"], [977, "Kobe", "Bryant", "24", 1610612747, "Los Angeles", "Lakers", "LAL"], [2734, "Devin", "Harris", "20", 1610612742, "Dallas", "Mavericks", "DAL"], [201148, "Brandan", "Wright", "34", 1610612742, "Dallas", "Mavericks", "DAL"], [203499, "Shane", "Larkin", " 3", 1610612742, "Dallas", "Mavericks", "DAL"]], "name": "InactivePlayers"}, {"headers": ["VIDEO_AVAILABLE_FLAG"], "rowSet": [[1]], "name": "AvailableVideo"}], "parameters": {"GameID": "0021300056", "RangeType": 0, "StartPeriod": 0, "StartRange": 0, "EndPeriod": 0, "EndRange": 0}}