{"resource": "boxscore", "resultSets": [{"headers": ["GAME_DATE_EST", "GAME_SEQUENCE", "GAME_ID", "GAME_STATUS_ID", "GAME_STATUS_TEXT", "GAMECODE", "HOME_TEAM_ID", "VISITOR_TEAM_ID", "SEASON", "LIVE_PERIOD", "LIVE_PC_TIME", "NATL_TV_BROADCASTER_ABBREVIATION", "LIVE_PERIOD_TIME_BCAST", "WH_STATUS"], "rowSet": [["2013-10-30T00:00:00", 7, "0021300010", 3, "Final", "20131030/ORLMIN", 1610612750, 1610612753, "2013", 5, "", null, "Q5  - ", 1]], "name": "GameSummary"}, {"headers": ["GAME_DATE_EST", "GAME_SEQUENCE", "GAME_ID", "TEAM_ID", "TEAM_ABBREVIATION", "TEAM_CITY_NAME", "TEAM_WINS_LOSSES", "PTS_QTR1", "PTS_QTR2", "PTS_QTR3", "PTS_QTR4", "PTS_OT1", "PTS_OT2", "PTS_OT3", "PTS_OT4", "PTS_OT5", "PTS_OT6", "PTS_OT7", "PTS_OT8", "PTS_OT9", "PTS_OT10", "PTS"], "rowSet": [["2013-10-30T00:00:00", 7, "0021300010", 1610612753, "ORL", "Orlando", "0-2", 27, 25, 28, 23, 12, 0, 0, 0, 0, 0, 0, 0, 0, 0, 115], ["2013-10-30T00:00:00", 7, "0021300010", 1610612750, "MIN", "Minnesota", "1-0", 38, 22, 27, 16, 17, 0, 0, 0, 0, 0, 0, 0, 0, 0, 120]], "name": "LineScore"}, {"headers": ["GAME_ID", "HOME_TEAM_ID", "VISITOR_TEAM_ID", "GAME_DATE_EST", "HOME_TEAM_WINS", "HOME_TEAM_LOSSES", "SERIES_LEADER"], "rowSet": [["0021300010", 1610612750, 1610612753, "2013-10-30T00:00:00", 1, 0, "Minnesota"]], "name": "SeasonSeries"}, {"headers": ["GAME_ID", "LAST_GAME_ID", "LAST_GAME_DATE_EST", "LAST_GAME_HOME_TEAM_ID", "LAST_GAME_HOME_TEAM_CITY", "LAST_GAME_HOME_TEAM_NAME", "LAST_GAME_HOME_TEAM_ABBREVIATION", "LAST_GAME_HOME_TEAM_POINTS", "LAST_GAME_VISITOR_TEAM_ID", "LAST_GAME_VISITOR_TEAM_CITY", "LAST_GAME_VISITOR_TEAM_NAME", "LAST_GAME_VISITOR_TEAM_CITY1", "LAST_GAME_VISITOR_TEAM_POINTS"], "rowSet": [["0021300010", "0021200350", "2012-12-17T00:00:00", 1610612750, "Minnesota", "Timberwolves", "MIN", 93, 1610612753, "Orlando", "Magic", "ORL", 102]], "name": "LastMeeting"}, {"headers": ["GAME_ID", "TEAM_ID", "TEAM_ABBREVIATION", "TEAM_CITY", "PLAYER_ID", "PLAYER_NAME", "START_POSITION", "COMMENT", "MIN", "FGM", "FGA", "FG_PCT", "FG3M", "FG3A", "FG3_PCT", "FTM", "FTA", "FT_PCT", "OREB", "DREB", "REB", "AST", "STL", "BLK", "TO", "PF", "PTS", "PLUS_MINUS"], "rowSet": [["0021300010", 1610612753, "ORL", "Orlando", 203090, "Maurice Harkless", "F", "", "19:15", 1, 3, 0.333, 0, 1, 0.0, 0, 0, 0.0, 0, 1, 1, 1, 0, 0, 1, 2, 2, -4.0], ["0021300010", 1610612753, "ORL", "Orlando", 101131, "Jason Maxiell", "F", "", "16:44", 2, 3, 0.667, 0, 0, 0.0, 0, 0, 0.0, 0, 2, 2, 0, 0, 0, 0, 1, 4, -9.0], ["0021300010", 1610612753, "ORL", "Orlando", 202696, "Nikola Vucevic", "C", "", "45:40", 9, 15, 0.6, 0, 0, 0.0, 4, 6, 0.667, 7, 9, 16, 3, 3, 3, 2, 4, 22, 8.0], ["0021300010", 1610612753, "ORL", "Orlando", 201167, "Arron Afflalo", "G", "", "41:04", 11, 22, 0.5, 3, 5, 0.6, 3, 4, 0.75, 0, 9, 9, 5, 1, 0, 3, 1, 28, 4.0], ["0021300010", 1610612753, "ORL", "Orlando", 2749, "Jameer Nelson", "G", "", "40:60", 7, 17, 0.412, 3, 11, 0.273, 1, 2, 0.5, 0, 4, 4, 8, 2, 0, 4, 6, 18, -3.0], ["0021300010", 1610612753, "ORL", "Orlando", 203506, "Victor Oladipo", "", "", "36:33", 5, 14, 0.357, 1, 5, 0.2, 3, 4, 0.75, 0, 6, 6, 4, 0, 1, 4, 5, 14, -5.0], ["0021300010", 1610612753, "ORL", "Orlando", 202734, "E'Twaun Moore", "", "", "21:08", 4, 11, 0.364, 2, 3, 0.667, 0, 0, 0.0, 0, 1, 1, 0, 1, 1, 1, 2, 10, -7.0], ["0021300010", 1610612753, "ORL", "Orlando", 203094, "Andrew Nicholson", "", "", "19:05", 6, 12, 0.5, 1, 2, 0.5, 0, 0, 0.0, 1, 6, 7, 0, 0, 0, 1, 5, 13, 4.0], ["0021300010", 1610612753, "ORL", "Orlando", 203124, "Kyle O'Quinn", "", "", "2:27", 0, 0, 0.0, 0, 0, 0.0, 0, 0, 0.0, 0, 0, 0, 0, 0, 0, 1, 1, 0, -8.0], ["0021300010", 1610612753, "ORL", "Orlando", 200780, "Solomon Jones", "", "", "22:04", 2, 3, 0.667, 0, 0, 0.0, 0, 2, 0.0, 6, 2, 8, 0, 0, 1, 1, 2, 4, -5.0], ["0021300010", 1610612753, "ORL", "Orlando", 202699, "Tobias Harris", "", "NWT - Left Ankle Sprain", null, null, null, null, null, null, null, null, null, null, null, null, null, null, null, null, null, null, null, null], ["0021300010", 1610612753, "ORL", "Orlando", 203117, "Doron Lamb", "", "DND - Right Ankle Sprain", null, null, null, null, null, null, null, null, null, null, null, null, null, null, null, null, null, null, null, null], ["0021300010", 1610612753, "ORL", "Orlando", 101179, "Ronnie Price", "", "DNP - Coach's Decision", null, null, null, null, null, null, null, null, null, null, null, null, null, null, null, null, null, null, null, null], ["0021300010", 1610612750, "MIN", "Minnesota", 201147, "Corey Brewer", "F", "", "39:40", 7, 11, 0.636, 1, 4, 0.25, 1, 3, 0.333, 1, 2, 3, 2, 3, 0, 3, 2, 16, 6.0], ["0021300010", 1610612750, "MIN", "Minnesota", 201567, "Kevin Love", "F", "", "40:37", 8, 19, 0.421, 3, 8, 0.375, 12, 16, 0.75, 4, 13, 17, 4, 0, 0, 1, 3, 31, 9.0], ["0021300010", 1610612750, "MIN", "Minnesota", 201593, "Nikola Pekovic", "C", "", "29:41", 5, 11, 0.455, 0, 0, 0.0, 1, 1, 1.0, 1, 6, 7, 0, 0, 0, 2, 3, 11, 5.0], ["0021300010", 1610612750, "MIN", "Minnesota", 2755, "Kevin Martin", "G", "", "43:22", 6, 19, 0.316, 2, 7, 0.286, 9, 9, 1.0, 0, 2, 2, 3, 0, 0, 1, 1, 23, 3.0], ["0021300010", 1610612750, "MIN", "Minnesota", 201937, "Ricky Rubio", "G", "", "40:07", 5, 15, 0.333, 1, 3, 0.333, 2, 2, 1.0, 2, 4, 6, 11, 3, 1, 4, 3, 13, -1.0], ["0021300010", 1610612750, "MIN", "Minnesota", 101142, "Ronny Turiaf", "", "", "15:30", 1, 4, 0.25, 0, 0, 0.0, 1, 1, 1.0, 1, 2, 3, 1, 1, 1, 0, 3, 3, 5.0], ["0021300010", 1610612750, "MIN", "Minnesota", 200826, "Jose Juan Barea", "", "", "20:01", 4, 9, 0.444, 1, 2, 0.5, 2, 2, 1.0, 1, 1, 2, 4, 0, 0, 1, 2, 11, 4.0], ["0021300010", 1610612750, "MIN", "Minnesota", 203144, "Alexey Shved", "", "", "15:50", 1, 5, 0.2, 0, 1, 0.0, 0, 0, 0.0, 1, 2, 3, 2, 0, 0, 2, 0, 2, 3.0], ["0021300010", 1610612750, "MIN", "Minnesota", 201967, "Dante Cunningham", "", "", "20:12", 5, 7, 0.714, 0, 0, 0.0, 0, 0, 0.0, 3, 3, 6, 0, 0, 1, 0, 2, 10, -9.0], ["0021300010", 1610612750, "MIN", "Minnesota", 203476, "Gorgui Dieng", "", "DNP - Coach's Decision", null, null, null, null, null, null, null, null, null, null, null, null, null, null, null, null, null, null, null, null], ["0021300010", 1610612750, "MIN", "Minnesota", 203133, "Robbie Hummel", "", "DNP - Coach's Decision", null, null, null, null, null, null, null, null, null, null, null, null, null, null, null, null, null, null, null, null], ["0021300010", 1610612750, "MIN", "Minnesota", 203498, "Shabazz Muhammad", "", "DNP - Coach's Decision", null, null, null, null, null, null, null, null, null, null, null, null, null, null, null, null, null, null, null, null], ["0021300010", 1610612750, "MIN", "Minnesota", 202682, "Derrick Williams", "", "DNP - Coach's Decision", null, null, null, null, null, null, null, null, null, null, null, null, null, null, null, null, null, null, null, null]], "name": "PlayerStats"}, {"headers": ["GAME_ID", "TEAM_ID", "TEAM_NAME", "TEAM_ABBREVIATION", "TEAM_CITY", "MIN", "FGM", "FGA", "FG_PCT", "FG3M", "FG3A", "FG3_PCT", "FTM", "FTA", "FT_PCT", "OREB", "DREB", "REB", "AST", "STL", "BLK", "TO", "PF", "PTS", "PLUS_MINUS"], "rowSet": [["0021300010", 1610612753, "Magic", "ORL", "Orlando", "265:00", 47, 100, 0.47, 10, 27, 0.37, 11, 18, 0.611, 14, 40, 54, 21, 7, 6, 18, 29, 115, -5.0], ["0021300010", 1610612750, "Timberwolves", "MIN", "Minnesota", "265:00", 42, 100, 0.42, 8, 25, 0.32, 28, 34, 0.824, 14, 35, 49, 27, 7, 3, 14, 19, 120, 5.0]], "name": "TeamStats"}, {"headers": ["LEAGUE_ID", "SEASON_ID", "TEAM_ID", "TEAM_ABBREVIATION", "TEAM_CITY", "PTS_PAINT", "PTS_2ND_CHANCE", "PTS_FB", "LARGEST_LEAD", "LEAD_CHANGES", "TIMES_TIED"], "rowSet": [["00", "22013", 1610612753, "ORL", "Orlando", 46, 17, 11, 17, 7, 6], ["00", "22013", 1610612750, "MIN", "Minnesota", 46, 14, 18, 15, 7, 6]], "name": "OtherStats"}, {"headers": ["OFFICIAL_ID", "FIRST_NAME", "LAST_NAME", "JERSEY_NUM"], "rowSet": [[1168, "David", "Jones", "36"], [2001, "Jason", "Phillips", "23"], [101283, "Brian", "Forte", "45"]], "name": "Officials"}, {"headers": ["GAME_DATE", "ATTENDANCE", "GAME_TIME"], "rowSet": [["WEDNESDAY, OCTOBER 30, 2013", 17988, "2:37"]], "name": "GameInfo"}, {"headers": ["PLAYER_ID", "FIRST_NAME", "LAST_NAME", "JERSEY_NUM", "TEAM_ID", "TEAM_CITY", "TEAM_NAME", "TEAM_ABBREVIATION"], "rowSet": [[201175, "Glen", "Davis", "11", 1610612753, "Orlando", "Magic", "ORL"], [2045, "Hedo", "Turkoglu", "15", 1610612753, "Orlando", "Magic", "ORL"], [201985, "A.J.", "Price", "22", 1610612750, "Minnesota", "Timberwolves", "MIN"], [201978, "Chase", "Budinger", "10", 1610612750, "Minnesota", "Timberwolves", "MIN"]], "name": "InactivePlayers"}, {"headers": ["VIDEO_AVAILABLE_FLAG"], "rowSet": [[1]], "name": "AvailableVideo"}], "parameters": {"GameID": "0021300010", "RangeType": 0, "StartPeriod": 0, "StartRange": 0, "EndPeriod": 0, "EndRange": 0}}