{"resource": "boxscore", "resultSets": [{"headers": ["GAME_DATE_EST", "GAME_SEQUENCE", "GAME_ID", "GAME_STATUS_ID", "GAME_STATUS_TEXT", "GAMECODE", "HOME_TEAM_ID", "VISITOR_TEAM_ID", "SEASON", "LIVE_PERIOD", "LIVE_PC_TIME", "NATL_TV_BROADCASTER_ABBREVIATION", "LIVE_PERIOD_TIME_BCAST", "WH_STATUS"], "rowSet": [["2013-11-03T00:00:00", 6, "0021300046", 3, "Final", "20131103/ATLLAL", 1610612747, 1610612737, "2013", 4, "", null, "Q4  - ", 1]], "name": "GameSummary"}, {"headers": ["GAME_DATE_EST", "GAME_SEQUENCE", "GAME_ID", "TEAM_ID", "TEAM_ABBREVIATION", "TEAM_CITY_NAME", "TEAM_WINS_LOSSES", "PTS_QTR1", "PTS_QTR2", "PTS_QTR3", "PTS_QTR4", "PTS_OT1", "PTS_OT2", "PTS_OT3", "PTS_OT4", "PTS_OT5", "PTS_OT6", "PTS_OT7", "PTS_OT8", "PTS_OT9", "PTS_OT10", "PTS"], "rowSet": [["2013-11-03T00:00:00", 6, "0021300046", 1610612737, "ATL", "Atlanta", "1-2", 22, 27, 27, 27, 0, 0, 0, 0, 0, 0, 0, 0, 0, 0, 103], ["2013-11-03T00:00:00", 6, "0021300046", 1610612747, "LAL", "Los Angeles", "2-2", 33, 29, 26, 17, 0, 0, 0, 0, 0, 0, 0, 0, 0, 0, 105]], "name": "LineScore"}, {"headers": ["GAME_ID", "HOME_TEAM_ID", "VISITOR_TEAM_ID", "GAME_DATE_EST", "HOME_TEAM_WINS", "HOME_TEAM_LOSSES", "SERIES_LEADER"], "rowSet": [["0021300046", 1610612747, 1610612737, "2013-11-03T00:00:00", 1, 1, "Tied"]], "name": "SeasonSeries"}, {"headers": ["GAME_ID", "LAST_GAME_ID", "LAST_GAME_DATE_EST", "LAST_GAME_HOME_TEAM_ID", "LAST_GAME_HOME_TEAM_CITY", "LAST_GAME_HOME_TEAM_NAME", "LAST_GAME_HOME_TEAM_ABBREVIATION", "LAST_GAME_HOME_TEAM_POINTS", "LAST_GAME_VISITOR_TEAM_ID", "LAST_GAME_VISITOR_TEAM_CITY", "LAST_GAME_VISITOR_TEAM_NAME", "LAST_GAME_VISITOR_TEAM_CITY1", "LAST_GAME_VISITOR_TEAM_POINTS"], "rowSet": [["0021300046", "0021200960", "2013-03-13T00:00:00", 1610612747, "Los Angeles", "Lakers", "LAL", 92, 1610612737, "Atlanta", "Hawks", "ATL", 96]], "name": "LastMeeting"}, {"headers": ["GAME_ID", "TEAM_ID", "TEAM_ABBREVIATION", "TEAM_CITY", "PLAYER_ID", "PLAYER_NAME", "START_POSITION", "COMMENT", "MIN", "FGM", "FGA", "FG_PCT", "FG3M", "FG3A", "FG3_PCT", "FTM", "FTA", "FT_PCT", "OREB", "DREB", "REB", "AST", "STL", "BLK", "TO", "PF", "PTS", "PLUS_MINUS"], "rowSet": [["0021300046", 1610612737, "ATL", "Atlanta", 201960, "DeMarre Carroll", "F", "", "18:38", 2, 5, 0.4, 0, 3, 0.0, 1, 2, 0.5, 0, 3, 3, 3, 0, 0, 1, 4, 5, -3.0], ["0021300046", 1610612737, "ATL", "Atlanta", 200794, "Paul Millsap", "F", "", "28:53", 4, 9, 0.444, 0, 0, 0.0, 6, 10, 0.6, 3, 4, 7, 4, 1, 1, 1, 4, 14, 4.0], ["0021300046", 1610612737, "ATL", "Atlanta", 201143, "Al Horford", "C", "", "33:37", 5, 12, 0.417, 0, 0, 0.0, 2, 4, 0.5, 3, 13, 16, 2, 2, 1, 4, 4, 12, -4.0], ["0021300046", 1610612737, "ATL", "Atlanta", 2594, "Kyle Korver", "G", "", "37:19", 8, 10, 0.8, 6, 6, 1.0, 0, 0, 0.0, 0, 2, 2, 4, 2, 1, 0, 3, 22, 12.0], ["0021300046", 1610612737, "ATL", "Atlanta", 201952, "Jeff Teague", "G", "", "32:40", 7, 18, 0.389, 0, 3, 0.0, 0, 0, 0.0, 1, 5, 6, 4, 2, 0, 2, 1, 14, -4.0], ["0021300046", 1610612737, "ATL", "Atlanta", 203471, "Dennis Schroeder", "", "", "21:34", 4, 11, 0.364, 0, 2, 0.0, 2, 4, 0.5, 0, 3, 3, 4, 0, 0, 1, 1, 10, -7.0], ["0021300046", 1610612737, "ATL", "Atlanta", 203118, "Mike Scott", "", "", "21:36", 5, 13, 0.385, 0, 1, 0.0, 3, 4, 0.75, 1, 4, 5, 1, 1, 0, 1, 1, 13, -8.0], ["0021300046", 1610612737, "ATL", "Atlanta", 201858, "Cartier Martin", "", "", "27:49", 3, 7, 0.429, 3, 6, 0.5, 0, 0, 0.0, 0, 4, 4, 3, 0, 0, 1, 4, 9, 6.0], ["0021300046", 1610612737, "ATL", "Atlanta", 1882, "Elton Brand", "", "", "4:20", 0, 0, 0.0, 0, 0, 0.0, 0, 2, 0.0, 1, 0, 1, 1, 0, 0, 0, 0, 0, -6.0], ["0021300046", 1610612737, "ATL", "Atlanta", 203098, "John Jenkins", "", "", "5:54", 1, 2, 0.5, 0, 0, 0.0, 0, 0, 0.0, 0, 1, 1, 0, 0, 0, 0, 0, 2, -10.0], ["0021300046", 1610612737, "ATL", "Atlanta", 203544, "Pero Antic", "", "", "7:40", 1, 3, 0.333, 0, 1, 0.0, 0, 0, 0.0, 1, 3, 4, 0, 1, 0, 0, 0, 2, 10.0], ["0021300046", 1610612737, "ATL", "Atlanta", 203099, "Jared Cunningham", "", "DNP - Coach's Decision", null, null, null, null, null, null, null, null, null, null, null, null, null, null, null, null, null, null, null, null], ["0021300046", 1610612737, "ATL", "Atlanta", 202714, "Shelvin Mack", "", "DNP - Coach's Decision", null, null, null, null, null, null, null, null, null, null, null, null, null, null, null, null, null, null, null, null], ["0021300046", 1610612747, "LAL", "Los Angeles", 202333, "Xavier Henry", "F", "", "25:56", 5, 11, 0.455, 2, 4, 0.5, 6, 8, 0.75, 0, 0, 0, 1, 0, 0, 1, 1, 18, 4.0], ["0021300046", 1610612747, "LAL", "Los Angeles", 200761, "Shawne Williams", "F", "", "17:44", 3, 5, 0.6, 1, 2, 0.5, 0, 0, 0.0, 1, 3, 4, 0, 1, 1, 1, 6, 7, 3.0], ["0021300046", 1610612747, "LAL", "Los Angeles", 2200, "Pau Gasol", "C", "", "27:41", 5, 18, 0.278, 1, 2, 0.5, 5, 7, 0.714, 0, 13, 13, 2, 0, 1, 3, 1, 16, -2.0], ["0021300046", 1610612747, "LAL", "Los Angeles", 2581, "Steve Blake", "G", "", "32:24", 1, 5, 0.2, 1, 4, 0.25, 0, 0, 0.0, 1, 4, 5, 7, 0, 0, 0, 1, 3, -2.0], ["0021300046", 1610612747, "LAL", "Los Angeles", 959, "Steve Nash", "G", "", "29:04", 5, 13, 0.385, 1, 2, 0.5, 2, 2, 1.0, 0, 3, 3, 6, 1, 0, 0, 2, 13, -2.0], ["0021300046", 1610612747, "LAL", "Los Angeles", 2549, "Chris Kaman", "", "", "16:03", 5, 7, 0.714, 0, 0, 0.0, 0, 0, 0.0, 0, 5, 5, 1, 0, 1, 3, 5, 10, 4.0], ["0021300046", 1610612747, "LAL", "Los Angeles", 201156, "Nick Young", "", "", "20:48", 5, 9, 0.556, 1, 4, 0.25, 2, 2, 1.0, 0, 4, 4, 4, 0, 0, 0, 0, 13, 2.0], ["0021300046", 1610612747, "LAL", "Los Angeles", 200770, "Jordan Farmar", "", "", "18:50", 2, 8, 0.25, 1, 4, 0.25, 0, 0, 0.0, 0, 5, 5, 3, 2, 0, 4, 1, 5, 4.0], ["0021300046", 1610612747, "LAL", "Los Angeles", 201975, "Jodie Meeks", "", "", "16:58", 2, 5, 0.4, 1, 2, 0.5, 0, 0, 0.0, 0, 2, 2, 2, 1, 0, 0, 0, 5, 0.0], ["0021300046", 1610612747, "LAL", "Los Angeles", 202325, "Wesley Johnson", "", "", "20:56", 3, 6, 0.5, 0, 1, 0.0, 3, 3, 1.0, 3, 4, 7, 0, 0, 3, 0, 5, 9, 0.0], ["0021300046", 1610612747, "LAL", "Los Angeles", 201941, "Jordan Hill", "", "", "13:36", 2, 2, 1.0, 0, 0, 0.0, 2, 2, 1.0, 1, 4, 5, 1, 0, 1, 1, 2, 6, -1.0], ["0021300046", 1610612747, "LAL", "Los Angeles", 203548, "Elias Harris", "", "DNP - Coach's Decision", null, null, null, null, null, null, null, null, null, null, null, null, null, null, null, null, null, null, null, null], ["0021300046", 1610612747, "LAL", "Los Angeles", 203135, "Robert Sacre", "", "DNP - Coach's Decision", null, null, null, null, null, null, null, null, null, null, null, null, null, null, null, null, null, null, null, null]], "name": "PlayerStats"}, {"headers": ["GAME_ID", "TEAM_ID", "TEAM_NAME", "TEAM_ABBREVIATION", "TEAM_CITY", "MIN", "FGM", "FGA", "FG_PCT", "FG3M", "FG3A", "FG3_PCT", "FTM", "FTA", "FT_PCT", "OREB", "DREB", "REB", "AST", "STL", "BLK", "TO", "PF", "PTS", "PLUS_MINUS"], "rowSet": [["0021300046", 1610612747, "Lakers", "LAL", "Los Angeles", "240:00", 38, 89, 0.427, 9, 25, 0.36, 20, 24, 0.833, 6, 47, 53, 27, 5, 7, 13, 24, 105, 2.0], ["0021300046", 1610612737, "Hawks", "ATL", "Atlanta", "240:00", 40, 90, 0.444, 9, 22, 0.409, 14, 26, 0.538, 10, 42, 52, 26, 9, 3, 11, 22, 103, -2.0]], "name": "TeamStats"}, {"headers": ["LEAGUE_ID", "SEASON_ID", "TEAM_ID", "TEAM_ABBREVIATION", "TEAM_CITY", "PTS_PAINT", "PTS_2ND_CHANCE", "PTS_FB", "LARGEST_LEAD", "LEAD_CHANGES", "TIMES_TIED"], "rowSet": [["00", "22013", 1610612737, "ATL", "Atlanta", 40, 12, 15, 21, 1, 4], ["00", "22013", 1610612747, "LAL", "Los Angeles", 36, 10, 12, 19, 1, 4]], "name": "OtherStats"}, {"headers": ["OFFICIAL_ID", "FIRST_NAME", "LAST_NAME", "JERSEY_NUM"], "rowSet": [[1147, "Mike", "Callahan", "24"], [2532, "Eli", "Roe", "44"], [201640, "Kane", "Fitzgerald", "35"]], "name": "Officials"}, {"headers": ["GAME_DATE", "ATTENDANCE", "GAME_TIME"], "rowSet": [["SUNDAY, NOVEMBER 3, 2013", 18997, "2:17"]], "name": "GameInfo"}, {"headers": ["PLAYER_ID", "FIRST_NAME", "LAST_NAME", "JERSEY_NUM", "TEAM_ID", "TEAM_CITY", "TEAM_NAME", "TEAM_ABBREVIATION"], "rowSet": [[202970, "Gustavo", "Ayon", "14", 1610612737, "Atlanta", "Hawks", "ATL"], [101150, "Louis", "Williams", " 3", 1610612737, "Atlanta", "Hawks", "ATL"], [203527, "Ryan", "Kelly", " 4", 1610612747, "Los Angeles", "Lakers", "LAL"], [977, "Kobe", "Bryant", "24", 1610612747, "Los Angeles", "Lakers", "LAL"]], "name": "InactivePlayers"}, {"headers": ["VIDEO_AVAILABLE_FLAG"], "rowSet": [[1]], "name": "AvailableVideo"}], "parameters": {"GameID": "0021300046", "RangeType": 0, "StartPeriod": 0, "StartRange": 0, "EndPeriod": 0, "EndRange": 0}}