{"resource": "boxscore", "resultSets": [{"headers": ["GAME_DATE_EST", "GAME_SEQUENCE", "GAME_ID", "GAME_STATUS_ID", "GAME_STATUS_TEXT", "GAMECODE", "HOME_TEAM_ID", "VISITOR_TEAM_ID", "SEASON", "LIVE_PERIOD", "LIVE_PC_TIME", "NATL_TV_BROADCASTER_ABBREVIATION", "LIVE_PERIOD_TIME_BCAST", "WH_STATUS"], "rowSet": [["2013-10-30T00:00:00", 10, "0021300013", 3, "Final", "20131030/MEMSAS", 1610612759, 1610612763, "2013", 4, "", null, "Q4  - ", 1]], "name": "GameSummary"}, {"headers": ["GAME_DATE_EST", "GAME_SEQUENCE", "GAME_ID", "TEAM_ID", "TEAM_ABBREVIATION", "TEAM_CITY_NAME", "TEAM_WINS_LOSSES", "PTS_QTR1", "PTS_QTR2", "PTS_QTR3", "PTS_QTR4", "PTS_OT1", "PTS_OT2", "PTS_OT3", "PTS_OT4", "PTS_OT5", "PTS_OT6", "PTS_OT7", "PTS_OT8", "PTS_OT9", "PTS_OT10", "PTS"], "rowSet": [["2013-10-30T00:00:00", 10, "0021300013", 1610612763, "MEM", "Memphis", "0-1", 20, 7, 31, 36, 0, 0, 0, 0, 0, 0, 0, 0, 0, 0, 94], ["2013-10-30T00:00:00", 10, "0021300013", 1610612759, "SAS", "San Antonio", "1-0", 18, 30, 24, 29, 0, 0, 0, 0, 0, 0, 0, 0, 0, 0, 101]], "name": "LineScore"}, {"headers": ["GAME_ID", "HOME_TEAM_ID", "VISITOR_TEAM_ID", "GAME_DATE_EST", "HOME_TEAM_WINS", "HOME_TEAM_LOSSES", "SERIES_LEADER"], "rowSet": [["0021300013", 1610612759, 1610612763, "2013-10-30T00:00:00", 3, 0, "San Antonio"]], "name": "SeasonSeries"}, {"headers": ["GAME_ID", "LAST_GAME_ID", "LAST_GAME_DATE_EST", "LAST_GAME_HOME_TEAM_ID", "LAST_GAME_HOME_TEAM_CITY", "LAST_GAME_HOME_TEAM_NAME", "LAST_GAME_HOME_TEAM_ABBREVIATION", "LAST_GAME_HOME_TEAM_POINTS", "LAST_GAME_VISITOR_TEAM_ID", "LAST_GAME_VISITOR_TEAM_CITY", "LAST_GAME_VISITOR_TEAM_NAME", "LAST_GAME_VISITOR_TEAM_CITY1", "LAST_GAME_VISITOR_TEAM_POINTS"], "rowSet": [["0021300013", "0041200314", "2013-05-27T00:00:00", 1610612759, "San Antonio", "Spurs", "SAS", 93, 1610612763, "Memphis", "Grizzlies", "MEM", 86]], "name": "LastMeeting"}, {"headers": ["GAME_ID", "TEAM_ID", "TEAM_ABBREVIATION", "TEAM_CITY", "PLAYER_ID", "PLAYER_NAME", "START_POSITION", "COMMENT", "MIN", "FGM", "FGA", "FG_PCT", "FG3M", "FG3A", "FG3_PCT", "FTM", "FTA", "FT_PCT", "OREB", "DREB", "REB", "AST", "STL", "BLK", "TO", "PF", "PTS", "PLUS_MINUS"], "rowSet": [["0021300013", 1610612763, "MEM", "Memphis", 2419, "Tayshaun Prince", "F", "", "19:46", 4, 11, 0.364, 1, 2, 0.5, 0, 0, 0.0, 0, 2, 2, 1, 0, 0, 0, 1, 9, -7.0], ["0021300013", 1610612763, "MEM", "Memphis", 2216, "Zach Randolph", "F", "", "25:44", 1, 6, 0.167, 0, 0, 0.0, 0, 0, 0.0, 2, 5, 7, 1, 0, 1, 1, 1, 2, -21.0], ["0021300013", 1610612763, "MEM", "Memphis", 201188, "Marc Gasol", "C", "", "34:01", 7, 15, 0.467, 0, 0, 0.0, 0, 0, 0.0, 1, 8, 9, 2, 1, 0, 2, 1, 14, -18.0], ["0021300013", 1610612763, "MEM", "Memphis", 2754, "Tony Allen", "G", "", "28:06", 6, 8, 0.75, 3, 3, 1.0, 0, 3, 0.0, 1, 2, 3, 2, 2, 1, 3, 0, 15, -11.0], ["0021300013", 1610612763, "MEM", "Memphis", 201144, "Mike Conley", "G", "", "27:10", 7, 17, 0.412, 0, 3, 0.0, 0, 0, 0.0, 0, 2, 2, 8, 2, 0, 3, 5, 14, -9.0], ["0021300013", 1610612763, "MEM", "Memphis", 2034, "Mike Miller", "", "", "24:49", 3, 6, 0.5, 2, 3, 0.667, 3, 3, 1.0, 0, 4, 4, 3, 0, 0, 1, 2, 11, -6.0], ["0021300013", 1610612763, "MEM", "Memphis", 201573, "Jerryd Bayless", "", "", "22:00", 2, 9, 0.222, 0, 0, 0.0, 1, 2, 0.5, 2, 2, 4, 3, 0, 0, 1, 2, 5, 4.0], ["0021300013", 1610612763, "MEM", "Memphis", 202334, "Ed Davis", "", "", "7:54", 0, 2, 0.0, 0, 0, 0.0, 0, 0, 0.0, 1, 2, 3, 0, 0, 0, 0, 0, 0, -2.0], ["0021300013", 1610612763, "MEM", "Memphis", 202347, "Quincy Pondexter", "", "", "21:56", 4, 9, 0.444, 2, 4, 0.5, 3, 3, 1.0, 2, 0, 2, 3, 1, 1, 1, 0, 13, 9.0], ["0021300013", 1610612763, "MEM", "Memphis", 201585, "Kosta Koufos", "", "", "13:59", 3, 4, 0.75, 0, 0, 0.0, 1, 4, 0.25, 1, 2, 3, 0, 0, 0, 0, 2, 7, 11.0], ["0021300013", 1610612763, "MEM", "Memphis", 201979, "Nick Calathes", "", "", "4:46", 1, 3, 0.333, 0, 0, 0.0, 0, 0, 0.0, 1, 1, 2, 1, 0, 0, 1, 0, 2, 4.0], ["0021300013", 1610612763, "MEM", "Memphis", 202720, "Jon Leuer", "", "", "9:49", 1, 3, 0.333, 0, 0, 0.0, 0, 0, 0.0, 0, 3, 3, 0, 0, 0, 1, 1, 2, 11.0], ["0021300013", 1610612763, "MEM", "Memphis", 203479, "Jamaal Franklin", "", "DNP - Coach's Decision", null, null, null, null, null, null, null, null, null, null, null, null, null, null, null, null, null, null, null, null], ["0021300013", 1610612759, "SAS", "San Antonio", 202695, "Kawhi Leonard", "F", "", "30:15", 5, 9, 0.556, 2, 2, 1.0, 2, 2, 1.0, 1, 6, 7, 1, 0, 2, 4, 2, 14, 2.0], ["0021300013", 1610612759, "SAS", "San Antonio", 1495, "Tim Duncan", "F", "", "17:17", 1, 6, 0.167, 0, 0, 0.0, 1, 3, 0.333, 0, 6, 6, 2, 0, 0, 0, 2, 3, -1.0], ["0021300013", 1610612759, "SAS", "San Antonio", 201168, "Tiago Splitter", "C", "", "28:32", 5, 8, 0.625, 0, 0, 0.0, 1, 2, 0.5, 2, 6, 8, 2, 0, 0, 0, 2, 11, 1.0], ["0021300013", 1610612759, "SAS", "San Antonio", 201980, "Danny Green", "G", "", "22:35", 3, 7, 0.429, 1, 3, 0.333, 0, 0, 0.0, 0, 1, 1, 1, 0, 2, 4, 0, 7, -1.0], ["0021300013", 1610612759, "SAS", "San Antonio", 2225, "Tony Parker", "G", "", "31:17", 4, 14, 0.286, 2, 3, 0.667, 3, 4, 0.75, 0, 1, 1, 9, 1, 0, 1, 0, 13, 0.0], ["0021300013", 1610612759, "SAS", "San Antonio", 1938, "Manu Ginobili", "", "", "24:11", 6, 9, 0.667, 0, 1, 0.0, 0, 0, 0.0, 0, 4, 4, 5, 2, 0, 1, 2, 12, 10.0], ["0021300013", 1610612759, "SAS", "San Antonio", 2588, "Matt Bonner", "", "", "16:31", 3, 4, 0.75, 2, 3, 0.667, 0, 0, 0.0, 0, 2, 2, 0, 0, 0, 1, 2, 8, 11.0], ["0021300013", 1610612759, "SAS", "San Antonio", 201158, "Marco Belinelli", "", "", "18:59", 2, 5, 0.4, 0, 2, 0.0, 1, 2, 0.5, 0, 4, 4, 1, 0, 0, 1, 1, 5, 3.0], ["0021300013", 1610612759, "SAS", "San Antonio", 201988, "Patty Mills", "", "", "16:43", 4, 4, 1.0, 3, 3, 1.0, 1, 1, 1.0, 1, 0, 1, 1, 0, 0, 0, 0, 12, 7.0], ["0021300013", 1610612759, "SAS", "San Antonio", 201965, "Jeff Ayres", "", "", "11:21", 1, 1, 1.0, 0, 0, 0.0, 0, 0, 0.0, 0, 2, 2, 2, 0, 1, 2, 4, 2, -1.0], ["0021300013", 1610612759, "SAS", "San Antonio", 2564, "Boris Diaw", "", "", "20:20", 6, 9, 0.667, 1, 3, 0.333, 1, 2, 0.5, 0, 4, 4, 1, 0, 1, 0, 2, 14, 12.0], ["0021300013", 1610612759, "SAS", "San Antonio", 203382, "Aron Baynes", "", "", "1:59", 0, 0, 0.0, 0, 0, 0.0, 0, 0, 0.0, 0, 0, 0, 0, 0, 0, 1, 1, 0, -8.0], ["0021300013", 1610612759, "SAS", "San Antonio", 202709, "Cory Joseph", "", "DNP - Coach's Decision", null, null, null, null, null, null, null, null, null, null, null, null, null, null, null, null, null, null, null, null]], "name": "PlayerStats"}, {"headers": ["GAME_ID", "TEAM_ID", "TEAM_NAME", "TEAM_ABBREVIATION", "TEAM_CITY", "MIN", "FGM", "FGA", "FG_PCT", "FG3M", "FG3A", "FG3_PCT", "FTM", "FTA", "FT_PCT", "OREB", "DREB", "REB", "AST", "STL", "BLK", "TO", "PF", "PTS", "PLUS_MINUS"], "rowSet": [["0021300013", 1610612759, "Spurs", "SAS", "San Antonio", "240:00", 40, 76, 0.526, 11, 20, 0.55, 10, 16, 0.625, 4, 36, 40, 25, 3, 6, 15, 18, 101, 7.0], ["0021300013", 1610612763, "Grizzlies", "MEM", "Memphis", "240:00", 39, 93, 0.419, 8, 15, 0.533, 8, 15, 0.533, 11, 33, 44, 24, 6, 3, 14, 15, 94, -7.0]], "name": "TeamStats"}, {"headers": ["LEAGUE_ID", "SEASON_ID", "TEAM_ID", "TEAM_ABBREVIATION", "TEAM_CITY", "PTS_PAINT", "PTS_2ND_CHANCE", "PTS_FB", "LARGEST_LEAD", "LEAD_CHANGES", "TIMES_TIED"], "rowSet": [["00", "22013", 1610612763, "MEM", "Memphis", 40, 19, 11, 21, 3, 1], ["00", "22013", 1610612759, "SAS", "San Antonio", 50, 7, 19, 21, 3, 1]], "name": "OtherStats"}, {"headers": ["OFFICIAL_ID", "FIRST_NAME", "LAST_NAME", "JERSEY_NUM"], "rowSet": [[1195, "Derrick", "Stafford", "9"], [1198, "Scott", "Wall", "31"], [202027, "Tre", "Maddox", "73"]], "name": "Officials"}, {"headers": ["GAME_DATE", "ATTENDANCE", "GAME_TIME"], "rowSet": [["WEDNESDAY, OCTOBER 30, 2013", 18581, "2:07"]], "name": "GameInfo"}, {"headers": ["PLAYER_ID", "FIRST_NAME", "LAST_NAME", "JERSEY_NUM", "TEAM_ID", "TEAM_CITY", "TEAM_NAME", "TEAM_ABBREVIATION"], "rowSet": [[201986, "Nando", "De Colo", "25", 1610612759, "San Antonio", "Spurs", "SAS"]], "name": "InactivePlayers"}, {"headers": ["VIDEO_AVAILABLE_FLAG"], "rowSet": [[1]], "name": "AvailableVideo"}], "parameters": {"GameID": "0021300013", "RangeType": 0, "StartPeriod": 0, "StartRange": 0, "EndPeriod": 0, "EndRange": 0}}