{"resource": "boxscore", "resultSets": [{"headers": ["GAME_DATE_EST", "GAME_SEQUENCE", "GAME_ID", "GAME_STATUS_ID", "GAME_STATUS_TEXT", "GAMECODE", "HOME_TEAM_ID", "VISITOR_TEAM_ID", "SEASON", "LIVE_PERIOD", "LIVE_PC_TIME", "NATL_TV_BROADCASTER_ABBREVIATION", "LIVE_PERIOD_TIME_BCAST", "WH_STATUS"], "rowSet": [["2013-11-05T00:00:00", 7, "0021300057", 3, "Final", "20131105/SASDEN", 1610612743, 1610612759, "2013", 4, "", null, "Q4  - ", 1]], "name": "GameSummary"}, {"headers": ["GAME_DATE_EST", "GAME_SEQUENCE", "GAME_ID", "TEAM_ID", "TEAM_ABBREVIATION", "TEAM_CITY_NAME", "TEAM_WINS_LOSSES", "PTS_QTR1", "PTS_QTR2", "PTS_QTR3", "PTS_QTR4", "PTS_OT1", "PTS_OT2", "PTS_OT3", "PTS_OT4", "PTS_OT5", "PTS_OT6", "PTS_OT7", "PTS_OT8", "PTS_OT9", "PTS_OT10", "PTS"], "rowSet": [["2013-11-05T00:00:00", 7, "0021300057", 1610612743, "DEN", "Denver", "0-3", 27, 25, 26, 16, 0, 0, 0, 0, 0, 0, 0, 0, 0, 0, 94], ["2013-11-05T00:00:00", 7, "0021300057", 1610612759, "SAS", "San Antonio", "3-1", 24, 19, 29, 30, 0, 0, 0, 0, 0, 0, 0, 0, 0, 0, 102]], "name": "LineScore"}, {"headers": ["GAME_ID", "HOME_TEAM_ID", "VISITOR_TEAM_ID", "GAME_DATE_EST", "HOME_TEAM_WINS", "HOME_TEAM_LOSSES", "SERIES_LEADER"], "rowSet": [["0021300057", 1610612743, 1610612759, "2013-11-05T00:00:00", 0, 1, "San Antonio"]], "name": "SeasonSeries"}, {"headers": ["GAME_ID", "LAST_GAME_ID", "LAST_GAME_DATE_EST", "LAST_GAME_HOME_TEAM_ID", "LAST_GAME_HOME_TEAM_CITY", "LAST_GAME_HOME_TEAM_NAME", "LAST_GAME_HOME_TEAM_ABBREVIATION", "LAST_GAME_HOME_TEAM_POINTS", "LAST_GAME_VISITOR_TEAM_ID", "LAST_GAME_VISITOR_TEAM_CITY", "LAST_GAME_VISITOR_TEAM_NAME", "LAST_GAME_VISITOR_TEAM_CITY1", "LAST_GAME_VISITOR_TEAM_POINTS"], "rowSet": [["0021300057", "0011300048", "2013-10-14T00:00:00", 1610612743, "Denver", "Nuggets", "DEN", 98, 1610612759, "San Antonio", "Spurs", "SAS", 94]], "name": "LastMeeting"}, {"headers": ["GAME_ID", "TEAM_ID", "TEAM_ABBREVIATION", "TEAM_CITY", "PLAYER_ID", "PLAYER_NAME", "START_POSITION", "COMMENT", "MIN", "FGM", "FGA", "FG_PCT", "FG3M", "FG3A", "FG3_PCT", "FTM", "FTA", "FT_PCT", "OREB", "DREB", "REB", "AST", "STL", "BLK", "TO", "PF", "PTS", "PLUS_MINUS"], "rowSet": [["0021300057", 1610612759, "SAS", "San Antonio", 202695, "Kawhi Leonard", "F", "", "33:51", 7, 14, 0.5, 0, 2, 0.0, 0, 0, 0.0, 0, 3, 3, 2, 2, 0, 2, 3, 14, -5.0], ["0021300057", 1610612759, "SAS", "San Antonio", 1495, "Tim Duncan", "F", "", "33:57", 7, 15, 0.467, 0, 0, 0.0, 3, 3, 1.0, 2, 6, 8, 8, 0, 4, 4, 4, 17, -1.0], ["0021300057", 1610612759, "SAS", "San Antonio", 201168, "Tiago Splitter", "C", "", "21:26", 4, 7, 0.571, 0, 0, 0.0, 4, 5, 0.8, 4, 4, 8, 1, 0, 1, 0, 1, 12, -4.0], ["0021300057", 1610612759, "SAS", "San Antonio", 201980, "Danny Green", "G", "", "24:26", 2, 7, 0.286, 0, 3, 0.0, 0, 0, 0.0, 0, 3, 3, 1, 1, 1, 1, 2, 4, 7.0], ["0021300057", 1610612759, "SAS", "San Antonio", 2225, "Tony Parker", "G", "", "33:38", 9, 13, 0.692, 0, 1, 0.0, 6, 6, 1.0, 0, 4, 4, 6, 2, 1, 5, 2, 24, -1.0], ["0021300057", 1610612759, "SAS", "San Antonio", 201158, "Marco Belinelli", "", "", "10:51", 2, 5, 0.4, 0, 0, 0.0, 0, 0, 0.0, 0, 0, 0, 1, 1, 0, 1, 1, 4, -2.0], ["0021300057", 1610612759, "SAS", "San Antonio", 2564, "Boris Diaw", "", "", "26:17", 4, 10, 0.4, 1, 3, 0.333, 0, 0, 0.0, 2, 6, 8, 1, 1, 1, 0, 1, 9, 20.0], ["0021300057", 1610612759, "SAS", "San Antonio", 1938, "Manu Ginobili", "", "", "26:57", 1, 9, 0.111, 0, 4, 0.0, 4, 4, 1.0, 0, 3, 3, 5, 3, 0, 1, 1, 6, 15.0], ["0021300057", 1610612759, "SAS", "San Antonio", 201988, "Patty Mills", "", "", "14:22", 3, 5, 0.6, 2, 2, 1.0, 0, 0, 0.0, 0, 0, 0, 2, 3, 0, 1, 4, 8, 9.0], ["0021300057", 1610612759, "SAS", "San Antonio", 2588, "Matt Bonner", "", "", "8:28", 1, 1, 1.0, 1, 1, 1.0, 0, 0, 0.0, 0, 0, 0, 0, 0, 1, 1, 3, 3, -2.0], ["0021300057", 1610612759, "SAS", "San Antonio", 201965, "Jeff Ayres", "", "", "5:47", 0, 0, 0.0, 0, 0, 0.0, 1, 2, 0.5, 0, 2, 2, 0, 1, 0, 0, 0, 1, 4.0], ["0021300057", 1610612759, "SAS", "San Antonio", 203382, "Aron Baynes", "", "DNP - Coach's Decision", null, null, null, null, null, null, null, null, null, null, null, null, null, null, null, null, null, null, null, null], ["0021300057", 1610612759, "SAS", "San Antonio", 202709, "Cory Joseph", "", "DNP - Coach's Decision", null, null, null, null, null, null, null, null, null, null, null, null, null, null, null, null, null, null, null, null], ["0021300057", 1610612743, "DEN", "Denver", 202706, "Jordan Hamilton", "F", "", "23:06", 4, 6, 0.667, 3, 3, 1.0, 0, 0, 0.0, 0, 4, 4, 1, 0, 0, 2, 1, 11, -6.0], ["0021300057", 1610612743, "DEN", "Denver", 202702, "Kenneth Faried", "F", "", "28:17", 7, 14, 0.5, 0, 0, 0.0, 1, 2, 0.5, 2, 6, 8, 2, 1, 0, 0, 1, 15, 1.0], ["0021300057", 1610612743, "DEN", "Denver", 201580, "JaVale McGee", "C", "", "20:31", 4, 10, 0.4, 0, 0, 0.0, 1, 1, 1.0, 4, 3, 7, 0, 0, 2, 5, 5, 9, 1.0], ["0021300057", 1610612743, "DEN", "Denver", 200751, "Randy Foye", "G", "", "27:38", 4, 9, 0.444, 3, 6, 0.5, 0, 0, 0.0, 0, 1, 1, 3, 2, 0, 1, 4, 11, 5.0], ["0021300057", 1610612743, "DEN", "Denver", 201951, "Ty Lawson", "G", "", "37:23", 6, 18, 0.333, 1, 5, 0.2, 7, 9, 0.778, 0, 2, 2, 8, 1, 0, 2, 1, 20, -6.0], ["0021300057", 1610612743, "DEN", "Denver", 101126, "Nate Robinson", "", "", "18:36", 2, 9, 0.222, 0, 3, 0.0, 1, 2, 0.5, 0, 2, 2, 4, 0, 0, 3, 1, 5, -1.0], ["0021300057", 1610612743, "DEN", "Denver", 201581, "JJ Hickson", "", "", "16:40", 2, 5, 0.4, 0, 0, 0.0, 0, 0, 0.0, 2, 5, 7, 0, 0, 1, 4, 1, 4, -8.0], ["0021300057", 1610612743, "DEN", "Denver", 202389, "Timofey Mozgov", "", "", "21:11", 4, 6, 0.667, 0, 0, 0.0, 3, 4, 0.75, 1, 4, 5, 2, 0, 1, 4, 6, 11, -4.0], ["0021300057", 1610612743, "DEN", "Denver", 203095, "Evan Fournier", "", "", "9:01", 0, 0, 0.0, 0, 0, 0.0, 0, 0, 0.0, 1, 1, 2, 1, 0, 0, 1, 3, 0, -1.0], ["0021300057", 1610612743, "DEN", "Denver", 1889, "Andre Miller", "", "", "29:16", 2, 6, 0.333, 2, 2, 1.0, 0, 0, 0.0, 0, 5, 5, 1, 0, 0, 0, 0, 6, -12.0], ["0021300057", 1610612743, "DEN", "Denver", 201589, "Darrell Arthur", "", "", "8:21", 0, 0, 0.0, 0, 0, 0.0, 2, 2, 1.0, 0, 2, 2, 0, 0, 0, 0, 0, 2, -9.0], ["0021300057", 1610612743, "DEN", "Denver", 203113, "Quincy Miller", "", "DNP - Coach's Decision", null, null, null, null, null, null, null, null, null, null, null, null, null, null, null, null, null, null, null, null], ["0021300057", 1610612743, "DEN", "Denver", 201576, "Anthony Randolph", "", "DND - Left Ankle Sprain", null, null, null, null, null, null, null, null, null, null, null, null, null, null, null, null, null, null, null, null]], "name": "PlayerStats"}, {"headers": ["GAME_ID", "TEAM_ID", "TEAM_NAME", "TEAM_ABBREVIATION", "TEAM_CITY", "MIN", "FGM", "FGA", "FG_PCT", "FG3M", "FG3A", "FG3_PCT", "FTM", "FTA", "FT_PCT", "OREB", "DREB", "REB", "AST", "STL", "BLK", "TO", "PF", "PTS", "PLUS_MINUS"], "rowSet": [["0021300057", 1610612759, "Spurs", "SAS", "San Antonio", "240:00", 40, 86, 0.465, 4, 16, 0.25, 18, 20, 0.9, 8, 31, 39, 27, 14, 9, 16, 22, 102, 8.0], ["0021300057", 1610612743, "Nuggets", "DEN", "Denver", "240:00", 35, 83, 0.422, 9, 19, 0.474, 15, 20, 0.75, 10, 35, 45, 22, 4, 4, 22, 23, 94, -8.0]], "name": "TeamStats"}, {"headers": ["LEAGUE_ID", "SEASON_ID", "TEAM_ID", "TEAM_ABBREVIATION", "TEAM_CITY", "PTS_PAINT", "PTS_2ND_CHANCE", "PTS_FB", "LARGEST_LEAD", "LEAD_CHANGES", "TIMES_TIED"], "rowSet": [["00", "22013", 1610612759, "SAS", "San Antonio", 54, 10, 13, 13, 8, 4], ["00", "22013", 1610612743, "DEN", "Denver", 40, 15, 9, 11, 8, 4]], "name": "OtherStats"}, {"headers": ["OFFICIAL_ID", "FIRST_NAME", "LAST_NAME", "JERSEY_NUM"], "rowSet": [[1194, "Bill", "Spooner", "22"], [2002, "Derrick", "Collins", "11"], [201245, "Marat", "Kogut", "68"]], "name": "Officials"}, {"headers": ["GAME_DATE", "ATTENDANCE", "GAME_TIME"], "rowSet": [["TUESDAY, NOVEMBER 5, 2013", 15721, "2:10"]], "name": "GameInfo"}, {"headers": ["PLAYER_ID", "FIRST_NAME", "LAST_NAME", "JERSEY_NUM", "TEAM_ID", "TEAM_CITY", "TEAM_NAME", "TEAM_ABBREVIATION"], "rowSet": [[201163, "Wilson", "Chandler", "21", 1610612743, "Denver", "Nuggets", "DEN"], [201568, "Danilo", "Gallinari", " 8", 1610612743, "Denver", "Nuggets", "DEN"], [201986, "Nando", "De Colo", "25", 1610612759, "San Antonio", "Spurs", "SAS"]], "name": "InactivePlayers"}, {"headers": ["VIDEO_AVAILABLE_FLAG"], "rowSet": [[1]], "name": "AvailableVideo"}], "parameters": {"GameID": "0021300057", "RangeType": 0, "StartPeriod": 0, "StartRange": 0, "EndPeriod": 0, "EndRange": 0}}