{"resource": "boxscore", "resultSets": [{"headers": ["GAME_DATE_EST", "GAME_SEQUENCE", "GAME_ID", "GAME_STATUS_ID", "GAME_STATUS_TEXT", "GAMECODE", "HOME_TEAM_ID", "VISITOR_TEAM_ID", "SEASON", "LIVE_PERIOD", "LIVE_PC_TIME", "NATL_TV_BROADCASTER_ABBREVIATION", "LIVE_PERIOD_TIME_BCAST", "WH_STATUS"], "rowSet": [["2013-11-06T00:00:00", 3, "0021300062", 3, "Final", "20131106/LACORL", 1610612753, 1610612746, "2013", 4, "", null, "Q4  - ", 1]], "name": "GameSummary"}, {"headers": ["GAME_DATE_EST", "GAME_SEQUENCE", "GAME_ID", "TEAM_ID", "TEAM_ABBREVIATION", "TEAM_CITY_NAME", "TEAM_WINS_LOSSES", "PTS_QTR1", "PTS_QTR2", "PTS_QTR3", "PTS_QTR4", "PTS_OT1", "PTS_OT2", "PTS_OT3", "PTS_OT4", "PTS_OT5", "PTS_OT6", "PTS_OT7", "PTS_OT8", "PTS_OT9", "PTS_OT10", "PTS"], "rowSet": [["2013-11-06T00:00:00", 3, "0021300062", 1610612753, "ORL", "Orlando", "3-2", 29, 28, 15, 26, 0, 0, 0, 0, 0, 0, 0, 0, 0, 0, 98], ["2013-11-06T00:00:00", 3, "0021300062", 1610612746, "LAC", "Los Angeles", "3-2", 20, 22, 32, 16, 0, 0, 0, 0, 0, 0, 0, 0, 0, 0, 90]], "name": "LineScore"}, {"headers": ["GAME_ID", "HOME_TEAM_ID", "VISITOR_TEAM_ID", "GAME_DATE_EST", "HOME_TEAM_WINS", "HOME_TEAM_LOSSES", "SERIES_LEADER"], "rowSet": [["0021300062", 1610612753, 1610612746, "2013-11-06T00:00:00", 1, 1, "Tied"]], "name": "SeasonSeries"}, {"headers": ["GAME_ID", "LAST_GAME_ID", "LAST_GAME_DATE_EST", "LAST_GAME_HOME_TEAM_ID", "LAST_GAME_HOME_TEAM_CITY", "LAST_GAME_HOME_TEAM_NAME", "LAST_GAME_HOME_TEAM_ABBREVIATION", "LAST_GAME_HOME_TEAM_POINTS", "LAST_GAME_VISITOR_TEAM_ID", "LAST_GAME_VISITOR_TEAM_CITY", "LAST_GAME_VISITOR_TEAM_NAME", "LAST_GAME_VISITOR_TEAM_CITY1", "LAST_GAME_VISITOR_TEAM_POINTS"], "rowSet": [["0021300062", "0021200723", "2013-02-06T00:00:00", 1610612753, "Orlando", "Magic", "ORL", 76, 1610612746, "Los Angeles", "Clippers", "LAC", 86]], "name": "LastMeeting"}, {"headers": ["GAME_ID", "TEAM_ID", "TEAM_ABBREVIATION", "TEAM_CITY", "PLAYER_ID", "PLAYER_NAME", "START_POSITION", "COMMENT", "MIN", "FGM", "FGA", "FG_PCT", "FG3M", "FG3A", "FG3_PCT", "FTM", "FTA", "FT_PCT", "OREB", "DREB", "REB", "AST", "STL", "BLK", "TO", "PF", "PTS", "PLUS_MINUS"], "rowSet": [["0021300062", 1610612746, "LAC", "Los Angeles", 201162, "Jared Dudley", "F", "", "29:45", 3, 8, 0.375, 1, 3, 0.333, 0, 0, 0.0, 0, 2, 2, 2, 1, 0, 0, 1, 7, -1.0], ["0021300062", 1610612746, "LAC", "Los Angeles", 201933, "Blake Griffin", "F", "", "40:03", 10, 20, 0.5, 0, 0, 0.0, 3, 6, 0.5, 0, 13, 13, 2, 2, 1, 1, 2, 23, 2.0], ["0021300062", 1610612746, "LAC", "Los Angeles", 201599, "DeAndre Jordan", "C", "", "43:31", 3, 10, 0.3, 0, 0, 0.0, 3, 6, 0.5, 7, 12, 19, 0, 1, 4, 1, 3, 9, -3.0], ["0021300062", 1610612746, "LAC", "Los Angeles", 200755, "JJ Redick", "G", "", "32:10", 7, 15, 0.467, 2, 5, 0.4, 1, 1, 1.0, 1, 3, 4, 4, 0, 0, 1, 0, 17, 7.0], ["0021300062", 1610612746, "LAC", "Los Angeles", 101108, "Chris Paul", "G", "", "35:19", 8, 19, 0.421, 0, 2, 0.0, 2, 2, 1.0, 2, 3, 5, 10, 2, 0, 4, 6, 18, -4.0], ["0021300062", 1610612746, "LAC", "Los Angeles", 2037, "Jamal Crawford", "", "", "21:02", 5, 13, 0.385, 0, 3, 0.0, 4, 4, 1.0, 1, 1, 2, 1, 0, 0, 1, 1, 14, -18.0], ["0021300062", 1610612746, "LAC", "Los Angeles", 2584, "Willie Green", "", "", "12:32", 0, 2, 0.0, 0, 0, 0.0, 0, 0, 0.0, 2, 1, 3, 0, 1, 0, 0, 2, 0, -5.0], ["0021300062", 1610612746, "LAC", "Los Angeles", 201957, "Byron Mullens", "", "", "11:28", 0, 5, 0.0, 0, 4, 0.0, 0, 0, 0.0, 0, 0, 0, 0, 1, 0, 2, 3, 0, -9.0], ["0021300062", 1610612746, "LAC", "Los Angeles", 201954, "Darren Collison", "", "", "14:10", 0, 3, 0.0, 0, 2, 0.0, 2, 2, 1.0, 2, 1, 3, 1, 1, 0, 3, 1, 2, -9.0], ["0021300062", 1610612746, "LAC", "Los Angeles", 2440, "Matt Barnes", "", "DNP - Coach's Decision", null, null, null, null, null, null, null, null, null, null, null, null, null, null, null, null, null, null, null, null], ["0021300062", 1610612746, "LAC", "Los Angeles", 203493, "Reggie Bullock", "", "DNP - Coach's Decision", null, null, null, null, null, null, null, null, null, null, null, null, null, null, null, null, null, null, null, null], ["0021300062", 1610612746, "LAC", "Los Angeles", 200797, "Ryan Hollins", "", "DNP - Coach's Decision", null, null, null, null, null, null, null, null, null, null, null, null, null, null, null, null, null, null, null, null], ["0021300062", 1610612746, "LAC", "Los Angeles", 1712, "Antawn Jamison", "", "DNP - Coach's Decision", null, null, null, null, null, null, null, null, null, null, null, null, null, null, null, null, null, null, null, null], ["0021300062", 1610612753, "ORL", "Orlando", 203090, "Maurice Harkless", "F", "", "23:24", 2, 3, 0.667, 0, 1, 0.0, 2, 4, 0.5, 0, 0, 0, 0, 1, 0, 1, 1, 6, -14.0], ["0021300062", 1610612753, "ORL", "Orlando", 101131, "Jason Maxiell", "F", "", "22:52", 3, 5, 0.6, 0, 0, 0.0, 0, 0, 0.0, 0, 5, 5, 0, 0, 1, 0, 1, 6, -2.0], ["0021300062", 1610612753, "ORL", "Orlando", 202696, "Nikola Vucevic", "C", "", "38:26", 11, 19, 0.579, 0, 0, 0.0, 8, 8, 1.0, 5, 16, 21, 3, 1, 1, 4, 3, 30, 6.0], ["0021300062", 1610612753, "ORL", "Orlando", 201167, "Arron Afflalo", "G", "", "35:33", 5, 16, 0.313, 0, 3, 0.0, 1, 2, 0.5, 0, 6, 6, 5, 2, 0, 0, 2, 11, 6.0], ["0021300062", 1610612753, "ORL", "Orlando", 2749, "Jameer Nelson", "G", "", "35:59", 5, 8, 0.625, 1, 3, 0.333, 0, 0, 0.0, 1, 3, 4, 8, 0, 0, 5, 0, 11, 12.0], ["0021300062", 1610612753, "ORL", "Orlando", 203506, "Victor Oladipo", "", "", "22:39", 4, 6, 0.667, 2, 3, 0.667, 1, 2, 0.5, 0, 2, 2, 2, 2, 0, 4, 2, 11, 3.0], ["0021300062", 1610612753, "ORL", "Orlando", 202734, "E'Twaun Moore", "", "", "26:49", 5, 8, 0.625, 2, 3, 0.667, 0, 0, 0.0, 0, 2, 2, 1, 1, 0, 0, 4, 12, 21.0], ["0021300062", 1610612753, "ORL", "Orlando", 203094, "Andrew Nicholson", "", "", "24:44", 4, 16, 0.25, 0, 3, 0.0, 1, 1, 1.0, 1, 7, 8, 0, 0, 2, 0, 1, 9, 6.0], ["0021300062", 1610612753, "ORL", "Orlando", 203124, "Kyle O'Quinn", "", "", "9:34", 1, 1, 1.0, 0, 0, 0.0, 0, 0, 0.0, 0, 3, 3, 2, 0, 0, 1, 3, 2, 2.0], ["0021300062", 1610612753, "ORL", "Orlando", 202699, "Tobias Harris", "", "DND - Sprained Left Ankle", null, null, null, null, null, null, null, null, null, null, null, null, null, null, null, null, null, null, null, null], ["0021300062", 1610612753, "ORL", "Orlando", 200780, "Solomon Jones", "", "DND - Torn Left Lateral Meniscus", null, null, null, null, null, null, null, null, null, null, null, null, null, null, null, null, null, null, null, null], ["0021300062", 1610612753, "ORL", "Orlando", 203117, "Doron Lamb", "", "DNP - Coach's Decision", null, null, null, null, null, null, null, null, null, null, null, null, null, null, null, null, null, null, null, null], ["0021300062", 1610612753, "ORL", "Orlando", 101179, "Ronnie Price", "", "DNP - Coach's Decision", null, null, null, null, null, null, null, null, null, null, null, null, null, null, null, null, null, null, null, null]], "name": "PlayerStats"}, {"headers": ["GAME_ID", "TEAM_ID", "TEAM_NAME", "TEAM_ABBREVIATION", "TEAM_CITY", "MIN", "FGM", "FGA", "FG_PCT", "FG3M", "FG3A", "FG3_PCT", "FTM", "FTA", "FT_PCT", "OREB", "DREB", "REB", "AST", "STL", "BLK", "TO", "PF", "PTS", "PLUS_MINUS"], "rowSet": [["0021300062", 1610612753, "Magic", "ORL", "Orlando", "240:00", 40, 82, 0.488, 5, 16, 0.313, 13, 17, 0.765, 7, 44, 51, 21, 7, 4, 15, 17, 98, 8.0], ["0021300062", 1610612746, "Clippers", "LAC", "Los Angeles", "240:00", 36, 95, 0.379, 3, 19, 0.158, 15, 21, 0.714, 15, 36, 51, 20, 9, 5, 13, 19, 90, -8.0]], "name": "TeamStats"}, {"headers": ["LEAGUE_ID", "SEASON_ID", "TEAM_ID", "TEAM_ABBREVIATION", "TEAM_CITY", "PTS_PAINT", "PTS_2ND_CHANCE", "PTS_FB", "LARGEST_LEAD", "LEAD_CHANGES", "TIMES_TIED"], "rowSet": [["00", "22013", 1610612746, "LAC", "Los Angeles", 30, 9, 15, 19, 6, 2], ["00", "22013", 1610612753, "ORL", "Orlando", 44, 8, 8, 17, 6, 2]], "name": "OtherStats"}, {"headers": ["OFFICIAL_ID", "FIRST_NAME", "LAST_NAME", "JERSEY_NUM"], "rowSet": [[1664, "Gary", "Zielinski", "59"], [2534, "Zach", "Zarba", "28"], [202037, "JT", "Orr", "72"]], "name": "Officials"}, {"headers": ["GAME_DATE", "ATTENDANCE", "GAME_TIME"], "rowSet": [["WEDNESDAY, NOVEMBER 6, 2013", 15807, "2:17"]], "name": "GameInfo"}, {"headers": ["PLAYER_ID", "FIRST_NAME", "LAST_NAME", "JERSEY_NUM", "TEAM_ID", "TEAM_CITY", "TEAM_NAME", "TEAM_ABBREVIATION"], "rowSet": [[203146, "Maalik", "Wayns", " 5", 1610612746, "Los Angeles", "Clippers", "LAC"], [2045, "Hedo", "Turkoglu", "15", 1610612753, "Orlando", "Magic", "ORL"], [201175, "Glen", "Davis", "11", 1610612753, "Orlando", "Magic", "ORL"]], "name": "InactivePlayers"}, {"headers": ["VIDEO_AVAILABLE_FLAG"], "rowSet": [[1]], "name": "AvailableVideo"}], "parameters": {"GameID": "0021300062", "RangeType": 0, "StartPeriod": 0, "StartRange": 0, "EndPeriod": 0, "EndRange": 0}}