{"resource": "boxscore", "resultSets": [{"headers": ["GAME_DATE_EST", "GAME_SEQUENCE", "GAME_ID", "GAME_STATUS_ID", "GAME_STATUS_TEXT", "GAMECODE", "HOME_TEAM_ID", "VISITOR_TEAM_ID", "SEASON", "LIVE_PERIOD", "LIVE_PC_TIME", "NATL_TV_BROADCASTER_ABBREVIATION", "LIVE_PERIOD_TIME_BCAST", "WH_STATUS"], "rowSet": [["2013-10-29T00:00:00", 2, "0021300002", 3, "Final", "20131029/CHIMIA", 1610612748, 1610612741, "2013", 4, "", "TNT", "Q4  - TNT", 1]], "name": "GameSummary"}, {"headers": ["GAME_DATE_EST", "GAME_SEQUENCE", "GAME_ID", "TEAM_ID", "TEAM_ABBREVIATION", "TEAM_CITY_NAME", "TEAM_WINS_LOSSES", "PTS_QTR1", "PTS_QTR2", "PTS_QTR3", "PTS_QTR4", "PTS_OT1", "PTS_OT2", "PTS_OT3", "PTS_OT4", "PTS_OT5", "PTS_OT6", "PTS_OT7", "PTS_OT8", "PTS_OT9", "PTS_OT10", "PTS"], "rowSet": [["2013-10-29T00:00:00", 2, "0021300002", 1610612741, "CHI", "Chicago", "0-1", 15, 18, 25, 37, 0, 0, 0, 0, 0, 0, 0, 0, 0, 0, 95], ["2013-10-29T00:00:00", 2, "0021300002", 1610612748, "MIA", "Miami", "1-0", 17, 37, 24, 29, 0, 0, 0, 0, 0, 0, 0, 0, 0, 0, 107]], "name": "LineScore"}, {"headers": ["GAME_ID", "HOME_TEAM_ID", "VISITOR_TEAM_ID", "GAME_DATE_EST", "HOME_TEAM_WINS", "HOME_TEAM_LOSSES", "SERIES_LEADER"], "rowSet": [["0021300002", 1610612748, 1610612741, "2013-10-29T00:00:00", 1, 1, "Tied"]], "name": "SeasonSeries"}, {"headers": ["GAME_ID", "LAST_GAME_ID", "LAST_GAME_DATE_EST", "LAST_GAME_HOME_TEAM_ID", "LAST_GAME_HOME_TEAM_CITY", "LAST_GAME_HOME_TEAM_NAME", "LAST_GAME_HOME_TEAM_ABBREVIATION", "LAST_GAME_HOME_TEAM_POINTS", "LAST_GAME_VISITOR_TEAM_ID", "LAST_GAME_VISITOR_TEAM_CITY", "LAST_GAME_VISITOR_TEAM_NAME", "LAST_GAME_VISITOR_TEAM_CITY1", "LAST_GAME_VISITOR_TEAM_POINTS"], "rowSet": [["0021300002", "0041200205", "2013-05-15T00:00:00", 1610612748, "Miami", "Heat", "MIA", 94, 1610612741, "Chicago", "Bulls", "CHI", 91]], "name": "LastMeeting"}, {"headers": ["GAME_ID", "TEAM_ID", "TEAM_ABBREVIATION", "TEAM_CITY", "PLAYER_ID", "PLAYER_NAME", "START_POSITION", "COMMENT", "MIN", "FGM", "FGA", "FG_PCT", "FG3M", "FG3A", "FG3_PCT", "FTM", "FTA", "FT_PCT", "OREB", "DREB", "REB", "AST", "STL", "BLK", "TO", "PF", "PTS", "PLUS_MINUS"], "rowSet": [["0021300002", 1610612741, "CHI", "Chicago", 2736, "Luol Deng", "F", "", "29:28", 2, 8, 0.25, 0, 5, 0.0, 0, 0, 0.0, 1, 4, 5, 4, 2, 0, 3, 4, 4, 6.0], ["0021300002", 1610612741, "CHI", "Chicago", 2430, "Carlos Boozer", "F", "", "32:24", 13, 18, 0.722, 0, 0, 0.0, 5, 5, 1.0, 3, 4, 7, 2, 1, 1, 2, 4, 31, -2.0], ["0021300002", 1610612741, "CHI", "Chicago", 201149, "Joakim Noah", "C", "", "20:09", 1, 4, 0.25, 0, 0, 0.0, 0, 2, 0.0, 2, 9, 11, 2, 2, 2, 2, 2, 2, -4.0], ["0021300002", 1610612741, "CHI", "Chicago", 202710, "Jimmy Butler", "G", "", "29:55", 6, 12, 0.5, 2, 4, 0.5, 6, 7, 0.857, 0, 3, 3, 3, 5, 1, 2, 4, 20, 10.0], ["0021300002", 1610612741, "CHI", "Chicago", 201565, "Derrick Rose", "G", "", "34:21", 4, 15, 0.267, 1, 7, 0.143, 3, 4, 0.75, 0, 1, 1, 4, 0, 0, 5, 2, 12, -9.0], ["0021300002", 1610612741, "CHI", "Chicago", 2399, "Mike Dunleavy", "", "", "22:56", 3, 9, 0.333, 2, 4, 0.5, 2, 2, 1.0, 0, 3, 3, 1, 0, 0, 1, 1, 10, -10.0], ["0021300002", 1610612741, "CHI", "Chicago", 201959, "Taj Gibson", "", "", "29:19", 4, 8, 0.5, 0, 0, 0.0, 2, 3, 0.667, 4, 4, 8, 3, 0, 0, 0, 1, 10, -13.0], ["0021300002", 1610612741, "CHI", "Chicago", 2550, "Kirk Hinrich", "", "", "29:29", 2, 6, 0.333, 2, 4, 0.5, 0, 0, 0.0, 0, 1, 1, 3, 0, 0, 2, 6, 6, -19.0], ["0021300002", 1610612741, "CHI", "Chicago", 1737, "Nazr Mohammed", "", "", "5:16", 0, 0, 0.0, 0, 0, 0.0, 0, 0, 0.0, 1, 1, 2, 1, 0, 0, 0, 1, 0, -9.0], ["0021300002", 1610612741, "CHI", "Chicago", 203503, "Tony Snell", "", "", "6:44", 0, 3, 0.0, 0, 2, 0.0, 0, 0, 0.0, 0, 0, 0, 0, 1, 0, 1, 2, 0, -10.0], ["0021300002", 1610612741, "CHI", "Chicago", 2229, "Mike James", "", "DNP - Coach's Decision", null, null, null, null, null, null, null, null, null, null, null, null, null, null, null, null, null, null, null, null], ["0021300002", 1610612741, "CHI", "Chicago", 203513, "Erik Murphy", "", "DNP - Coach's Decision", null, null, null, null, null, null, null, null, null, null, null, null, null, null, null, null, null, null, null, null], ["0021300002", 1610612741, "CHI", "Chicago", 203104, "Marquis Teague", "", "DNP - Coach's Decision", null, null, null, null, null, null, null, null, null, null, null, null, null, null, null, null, null, null, null, null], ["0021300002", 1610612748, "MIA", "Miami", 2544, "LeBron James", "F", "", "38:01", 5, 11, 0.455, 0, 1, 0.0, 7, 9, 0.778, 0, 6, 6, 8, 1, 0, 2, 0, 17, 8.0], ["0021300002", 1610612748, "MIA", "Miami", 2617, "Udonis Haslem", "F", "", "21:28", 2, 4, 0.5, 0, 0, 0.0, 2, 2, 1.0, 1, 2, 3, 0, 0, 0, 3, 3, 6, 0.0], ["0021300002", 1610612748, "MIA", "Miami", 2547, "Chris Bosh", "C", "", "31:22", 6, 11, 0.545, 1, 2, 0.5, 3, 4, 0.75, 1, 5, 6, 0, 0, 3, 1, 3, 16, 0.0], ["0021300002", 1610612748, "MIA", "Miami", 2548, "Dwyane Wade", "G", "", "36:07", 5, 13, 0.385, 1, 1, 1.0, 2, 5, 0.4, 0, 4, 4, 3, 1, 1, 3, 4, 13, 2.0], ["0021300002", 1610612748, "MIA", "Miami", 201596, "Mario Chalmers", "G", "", "26:50", 3, 8, 0.375, 1, 3, 0.333, 6, 7, 0.857, 2, 1, 3, 4, 5, 0, 3, 2, 13, -5.0], ["0021300002", 1610612748, "MIA", "Miami", 951, "Ray Allen", "", "", "26:19", 3, 7, 0.429, 3, 6, 0.5, 2, 2, 1.0, 0, 1, 1, 7, 0, 1, 3, 4, 11, 9.0], ["0021300002", 1610612748, "MIA", "Miami", 2203, "Shane Battier", "", "", "22:10", 5, 6, 0.833, 4, 4, 1.0, 0, 0, 0.0, 0, 2, 2, 1, 0, 0, 0, 3, 14, 15.0], ["0021300002", 1610612748, "MIA", "Miami", 202708, "Norris Cole", "", "", "21:10", 5, 7, 0.714, 1, 3, 0.333, 0, 0, 0.0, 0, 7, 7, 3, 1, 0, 3, 0, 11, 17.0], ["0021300002", 1610612748, "MIA", "Miami", 2365, "Chris Andersen", "", "", "16:33", 3, 5, 0.6, 0, 0, 0.0, 0, 0, 0.0, 1, 7, 8, 0, 2, 2, 0, 2, 6, 14.0], ["0021300002", 1610612748, "MIA", "Miami", 201202, "Joel Anthony", "", "DNP - Coach's Decision", null, null, null, null, null, null, null, null, null, null, null, null, null, null, null, null, null, null, null, null], ["0021300002", 1610612748, "MIA", "Miami", 201563, "Michael Beasley", "", "DNP - Coach's Decision", null, null, null, null, null, null, null, null, null, null, null, null, null, null, null, null, null, null, null, null], ["0021300002", 1610612748, "MIA", "Miami", 2592, "James Jones", "", "DNP - Coach's Decision", null, null, null, null, null, null, null, null, null, null, null, null, null, null, null, null, null, null, null, null], ["0021300002", 1610612748, "MIA", "Miami", 1740, "Rashard Lewis", "", "DNP - Coach's Decision", null, null, null, null, null, null, null, null, null, null, null, null, null, null, null, null, null, null, null, null]], "name": "PlayerStats"}, {"headers": ["GAME_ID", "TEAM_ID", "TEAM_NAME", "TEAM_ABBREVIATION", "TEAM_CITY", "MIN", "FGM", "FGA", "FG_PCT", "FG3M", "FG3A", "FG3_PCT", "FTM", "FTA", "FT_PCT", "OREB", "DREB", "REB", "AST", "STL", "BLK", "TO", "PF", "PTS", "PLUS_MINUS"], "rowSet": [["0021300002", 1610612748, "Heat", "MIA", "Miami", "240:00", 37, 72, 0.514, 11, 20, 0.55, 22, 29, 0.759, 5, 35, 40, 26, 10, 7, 18, 21, 107, 12.0], ["0021300002", 1610612741, "Bulls", "CHI", "Chicago", "240:00", 35, 83, 0.422, 7, 26, 0.269, 18, 23, 0.783, 11, 30, 41, 23, 11, 4, 18, 27, 95, -12.0]], "name": "TeamStats"}, {"headers": ["LEAGUE_ID", "SEASON_ID", "TEAM_ID", "TEAM_ABBREVIATION", "TEAM_CITY", "PTS_PAINT", "PTS_2ND_CHANCE", "PTS_FB", "LARGEST_LEAD", "LEAD_CHANGES", "TIMES_TIED"], "rowSet": [["00", "22013", 1610612741, "CHI", "Chicago", 50, 16, 17, 25, 2, 1], ["00", "22013", 1610612748, "MIA", "Miami", 34, 5, 10, 23, 2, 1]], "name": "OtherStats"}, {"headers": ["OFFICIAL_ID", "FIRST_NAME", "LAST_NAME", "JERSEY_NUM"], "rowSet": [[1153, "Joe", "Crawford", "17"], [1151, "Sean", "Corbin", "33"], [200834, "Mark", "Lindsay", "29"]], "name": "Officials"}, {"headers": ["GAME_DATE", "ATTENDANCE", "GAME_TIME"], "rowSet": [["TUESDAY, OCTOBER 29, 2013", 19964, "2:32"]], "name": "GameInfo"}, {"headers": ["PLAYER_ID", "FIRST_NAME", "LAST_NAME", "JERSEY_NUM", "TEAM_ID", "TEAM_CITY", "TEAM_NAME", "TEAM_ABBREVIATION"], "rowSet": [[2427, "Roger", "Mason Jr.", "21", 1610612748, "Miami", "Heat", "MIA"], [201141, "Greg", "Oden", "20", 1610612748, "Miami", "Heat", "MIA"]], "name": "InactivePlayers"}, {"headers": ["VIDEO_AVAILABLE_FLAG"], "rowSet": [[1]], "name": "AvailableVideo"}], "parameters": {"GameID": "0021300002", "RangeType": 0, "StartPeriod": 0, "StartRange": 0, "EndPeriod": 0, "EndRange": 0}}