{"resource": "boxscore", "resultSets": [{"headers": ["GAME_DATE_EST", "GAME_SEQUENCE", "GAME_ID", "GAME_STATUS_ID", "GAME_STATUS_TEXT", "GAMECODE", "HOME_TEAM_ID", "VISITOR_TEAM_ID", "SEASON", "LIVE_PERIOD", "LIVE_PC_TIME", "NATL_TV_BROADCASTER_ABBREVIATION", "LIVE_PERIOD_TIME_BCAST", "WH_STATUS"], "rowSet": [["2013-10-31T00:00:00", 1, "0021300018", 3, "Final", "20131031/NYKCHI", 1610612741, 1610612752, "2013", 4, "", "TNT", "Q4  - TNT", 1]], "name": "GameSummary"}, {"headers": ["GAME_DATE_EST", "GAME_SEQUENCE", "GAME_ID", "TEAM_ID", "TEAM_ABBREVIATION", "TEAM_CITY_NAME", "TEAM_WINS_LOSSES", "PTS_QTR1", "PTS_QTR2", "PTS_QTR3", "PTS_QTR4", "PTS_OT1", "PTS_OT2", "PTS_OT3", "PTS_OT4", "PTS_OT5", "PTS_OT6", "PTS_OT7", "PTS_OT8", "PTS_OT9", "PTS_OT10", "PTS"], "rowSet": [["2013-10-31T00:00:00", 1, "0021300018", 1610612741, "CHI", "Chicago", "1-1", 26, 17, 28, 11, 0, 0, 0, 0, 0, 0, 0, 0, 0, 0, 82], ["2013-10-31T00:00:00", 1, "0021300018", 1610612752, "NYK", "New York", "1-1", 16, 22, 23, 20, 0, 0, 0, 0, 0, 0, 0, 0, 0, 0, 81]], "name": "LineScore"}, {"headers": ["GAME_ID", "HOME_TEAM_ID", "VISITOR_TEAM_ID", "GAME_DATE_EST", "HOME_TEAM_WINS", "HOME_TEAM_LOSSES", "SERIES_LEADER"], "rowSet": [["0021300018", 1610612741, 1610612752, "2013-10-31T00:00:00", 1, 1, "Tied"]], "name": "SeasonSeries"}, {"headers": ["GAME_ID", "LAST_GAME_ID", "LAST_GAME_DATE_EST", "LAST_GAME_HOME_TEAM_ID", "LAST_GAME_HOME_TEAM_CITY", "LAST_GAME_HOME_TEAM_NAME", "LAST_GAME_HOME_TEAM_ABBREVIATION", "LAST_GAME_HOME_TEAM_POINTS", "LAST_GAME_VISITOR_TEAM_ID", "LAST_GAME_VISITOR_TEAM_CITY", "LAST_GAME_VISITOR_TEAM_NAME", "LAST_GAME_VISITOR_TEAM_CITY1", "LAST_GAME_VISITOR_TEAM_POINTS"], "rowSet": [["0021300018", "0021201174", "2013-04-11T00:00:00", 1610612741, "Chicago", "Bulls", "CHI", 118, 1610612752, "New York", "Knicks", "NYK", 111]], "name": "LastMeeting"}, {"headers": ["GAME_ID", "TEAM_ID", "TEAM_ABBREVIATION", "TEAM_CITY", "PLAYER_ID", "PLAYER_NAME", "START_POSITION", "COMMENT", "MIN", "FGM", "FGA", "FG_PCT", "FG3M", "FG3A", "FG3_PCT", "FTM", "FTA", "FT_PCT", "OREB", "DREB", "REB", "AST", "STL", "BLK", "TO", "PF", "PTS", "PLUS_MINUS"], "rowSet": [["0021300018", 1610612752, "NYK", "New York", 200745, "Andrea Bargnani", "F", "", "24:38", 4, 7, 0.571, 1, 2, 0.5, 0, 0, 0.0, 1, 0, 1, 1, 0, 0, 3, 4, 9, -9.0], ["0021300018", 1610612752, "NYK", "New York", 2546, "Carmelo Anthony", "F", "", "42:01", 8, 24, 0.333, 2, 7, 0.286, 4, 5, 0.8, 0, 6, 6, 6, 6, 2, 4, 0, 22, -6.0], ["0021300018", 1610612752, "NYK", "New York", 2199, "Tyson Chandler", "C", "", "36:04", 3, 8, 0.375, 0, 0, 0.0, 1, 2, 0.5, 8, 11, 19, 2, 1, 4, 2, 2, 7, 8.0], ["0021300018", 1610612752, "NYK", "New York", 202697, "Iman Shumpert", "G", "", "25:18", 2, 6, 0.333, 1, 2, 0.5, 2, 2, 1.0, 2, 1, 3, 1, 2, 0, 1, 4, 7, 1.0], ["0021300018", 1610612752, "NYK", "New York", 101109, "Raymond Felton", "G", "", "36:45", 5, 14, 0.357, 1, 3, 0.333, 2, 3, 0.667, 1, 3, 4, 6, 0, 1, 2, 0, 13, 6.0], ["0021300018", 1610612752, "NYK", "New York", 1897, "Metta World Peace", "", "", "22:47", 3, 11, 0.273, 2, 4, 0.5, 0, 0, 0.0, 1, 1, 2, 1, 2, 1, 0, 2, 8, -4.0], ["0021300018", 1610612752, "NYK", "New York", 2405, "Amar'e Stoudemire", "", "", "10:40", 2, 3, 0.667, 0, 0, 0.0, 1, 2, 0.5, 0, 1, 1, 1, 1, 0, 3, 4, 5, -3.0], ["0021300018", 1610612752, "NYK", "New York", 203143, "Pablo Prigioni", "", "", "11:15", 0, 0, 0.0, 0, 0, 0.0, 0, 0, 0.0, 0, 3, 3, 2, 0, 0, 0, 4, 0, -7.0], ["0021300018", 1610612752, "NYK", "New York", 203501, "Timothy Hardaway Jr.", "", "", "26:50", 4, 13, 0.308, 2, 6, 0.333, 0, 0, 0.0, 0, 3, 3, 0, 0, 0, 0, 4, 10, 7.0], ["0021300018", 1610612752, "NYK", "New York", 2030, "Kenyon Martin", "", "", "3:42", 0, 0, 0.0, 0, 0, 0.0, 0, 0, 0.0, 0, 0, 0, 0, 0, 0, 0, 0, 0, 2.0], ["0021300018", 1610612752, "NYK", "New York", 203315, "Toure Murry", "", "DNP - Coach's Decision", null, null, null, null, null, null, null, null, null, null, null, null, null, null, null, null, null, null, null, null], ["0021300018", 1610612752, "NYK", "New York", 2747, "J.R. Smith", "", "NWT - NBA Suspension", null, null, null, null, null, null, null, null, null, null, null, null, null, null, null, null, null, null, null, null], ["0021300018", 1610612752, "NYK", "New York", 2757, "Beno Udrih", "", "DNP - Coach's Decision", null, null, null, null, null, null, null, null, null, null, null, null, null, null, null, null, null, null, null, null], ["0021300018", 1610612741, "CHI", "Chicago", 2736, "Luol Deng", "F", "", "39:49", 8, 15, 0.533, 1, 4, 0.25, 0, 0, 0.0, 1, 2, 3, 6, 0, 0, 0, 1, 17, 5.0], ["0021300018", 1610612741, "CHI", "Chicago", 2430, "Carlos Boozer", "F", "", "32:41", 5, 7, 0.714, 0, 0, 0.0, 4, 4, 1.0, 1, 6, 7, 3, 0, 0, 3, 2, 14, 9.0], ["0021300018", 1610612741, "CHI", "Chicago", 201149, "Joakim Noah", "C", "", "35:58", 2, 7, 0.286, 0, 0, 0.0, 2, 2, 1.0, 4, 11, 15, 5, 1, 1, 1, 4, 6, -5.0], ["0021300018", 1610612741, "CHI", "Chicago", 202710, "Jimmy Butler", "G", "", "41:27", 3, 11, 0.273, 0, 4, 0.0, 5, 6, 0.833, 3, 7, 10, 1, 3, 1, 1, 0, 11, -4.0], ["0021300018", 1610612741, "CHI", "Chicago", 201565, "Derrick Rose", "G", "", "33:43", 7, 23, 0.304, 2, 5, 0.4, 2, 2, 1.0, 3, 3, 6, 3, 0, 0, 4, 2, 18, -1.0], ["0021300018", 1610612741, "CHI", "Chicago", 201959, "Taj Gibson", "", "", "20:45", 3, 5, 0.6, 0, 0, 0.0, 1, 2, 0.5, 1, 3, 4, 0, 0, 1, 2, 2, 7, -1.0], ["0021300018", 1610612741, "CHI", "Chicago", 2550, "Kirk Hinrich", "", "", "16:30", 3, 6, 0.5, 0, 1, 0.0, 3, 3, 1.0, 0, 1, 1, 1, 1, 0, 5, 3, 9, 1.0], ["0021300018", 1610612741, "CHI", "Chicago", 2399, "Mike Dunleavy", "", "", "14:44", 0, 2, 0.0, 0, 2, 0.0, 0, 0, 0.0, 0, 2, 2, 1, 0, 0, 0, 2, 0, 1.0], ["0021300018", 1610612741, "CHI", "Chicago", 1737, "Nazr Mohammed", "", "", "4:23", 0, 0, 0.0, 0, 0, 0.0, 0, 0, 0.0, 0, 0, 0, 0, 0, 0, 2, 0, 0, 0.0], ["0021300018", 1610612741, "CHI", "Chicago", 2229, "Mike James", "", "DNP - Coach's Decision", null, null, null, null, null, null, null, null, null, null, null, null, null, null, null, null, null, null, null, null], ["0021300018", 1610612741, "CHI", "Chicago", 203513, "Erik Murphy", "", "DNP - Coach's Decision", null, null, null, null, null, null, null, null, null, null, null, null, null, null, null, null, null, null, null, null], ["0021300018", 1610612741, "CHI", "Chicago", 203503, "Tony Snell", "", "DNP - Coach's Decision", null, null, null, null, null, null, null, null, null, null, null, null, null, null, null, null, null, null, null, null], ["0021300018", 1610612741, "CHI", "Chicago", 203104, "Marquis Teague", "", "DNP - Coach's Decision", null, null, null, null, null, null, null, null, null, null, null, null, null, null, null, null, null, null, null, null]], "name": "PlayerStats"}, {"headers": ["GAME_ID", "TEAM_ID", "TEAM_NAME", "TEAM_ABBREVIATION", "TEAM_CITY", "MIN", "FGM", "FGA", "FG_PCT", "FG3M", "FG3A", "FG3_PCT", "FTM", "FTA", "FT_PCT", "OREB", "DREB", "REB", "AST", "STL", "BLK", "TO", "PF", "PTS", "PLUS_MINUS"], "rowSet": [["0021300018", 1610612752, "Knicks", "NYK", "New York", "240:00", 31, 86, 0.36, 9, 24, 0.375, 10, 14, 0.714, 13, 29, 42, 20, 12, 8, 15, 24, 81, -1.0], ["0021300018", 1610612741, "Bulls", "CHI", "Chicago", "240:00", 31, 76, 0.408, 3, 16, 0.188, 17, 19, 0.895, 13, 35, 48, 20, 5, 3, 18, 16, 82, 1.0]], "name": "TeamStats"}, {"headers": ["LEAGUE_ID", "SEASON_ID", "TEAM_ID", "TEAM_ABBREVIATION", "TEAM_CITY", "PTS_PAINT", "PTS_2ND_CHANCE", "PTS_FB", "LARGEST_LEAD", "LEAD_CHANGES", "TIMES_TIED"], "rowSet": [["00", "22013", 1610612741, "CHI", "Chicago", 46, 13, 14, 11, 9, 4], ["00", "22013", 1610612752, "NYK", "New York", 24, 14, 12, 13, 8, 4]], "name": "OtherStats"}, {"headers": ["OFFICIAL_ID", "FIRST_NAME", "LAST_NAME", "JERSEY_NUM"], "rowSet": [[1662, "Bill", "Kennedy", "55"], [101283, "Brian", "Forte", "45"], [201639, "Josh", "Tiven", "58"]], "name": "Officials"}, {"headers": ["GAME_DATE", "ATTENDANCE", "GAME_TIME"], "rowSet": [["THURSDAY, OCTOBER 31, 2013", 22022, "2:33"]], "name": "GameInfo"}, {"headers": ["PLAYER_ID", "FIRST_NAME", "LAST_NAME", "JERSEY_NUM", "TEAM_ID", "TEAM_CITY", "TEAM_NAME", "TEAM_ABBREVIATION"], "rowSet": [[202332, "Cole", "Aldrich", "45", 1610612752, "New York", "Knicks", "NYK"], [203147, "Chris", "Smith", " 0", 1610612752, "New York", "Knicks", "NYK"]], "name": "InactivePlayers"}, {"headers": ["VIDEO_AVAILABLE_FLAG"], "rowSet": [[1]], "name": "AvailableVideo"}], "parameters": {"GameID": "0021300018", "RangeType": 0, "StartPeriod": 0, "StartRange": 0, "EndPeriod": 0, "EndRange": 0}}