{"resource": "boxscore", "resultSets": [{"headers": ["GAME_DATE_EST", "GAME_SEQUENCE", "GAME_ID", "GAME_STATUS_ID", "GAME_STATUS_TEXT", "GAMECODE", "HOME_TEAM_ID", "VISITOR_TEAM_ID", "SEASON", "LIVE_PERIOD", "LIVE_PC_TIME", "NATL_TV_BROADCASTER_ABBREVIATION", "LIVE_PERIOD_TIME_BCAST", "WH_STATUS"], "rowSet": [["2013-10-30T00:00:00", 9, "0021300012", 3, "Final", "20131030/ATLDAL", 1610612742, 1610612737, "2013", 4, "", null, "Q4  - ", 1]], "name": "GameSummary"}, {"headers": ["GAME_DATE_EST", "GAME_SEQUENCE", "GAME_ID", "TEAM_ID", "TEAM_ABBREVIATION", "TEAM_CITY_NAME", "TEAM_WINS_LOSSES", "PTS_QTR1", "PTS_QTR2", "PTS_QTR3", "PTS_QTR4", "PTS_OT1", "PTS_OT2", "PTS_OT3", "PTS_OT4", "PTS_OT5", "PTS_OT6", "PTS_OT7", "PTS_OT8", "PTS_OT9", "PTS_OT10", "PTS"], "rowSet": [["2013-10-30T00:00:00", 9, "0021300012", 1610612737, "ATL", "Atlanta", "0-1", 28, 27, 24, 30, 0, 0, 0, 0, 0, 0, 0, 0, 0, 0, 109], ["2013-10-30T00:00:00", 9, "0021300012", 1610612742, "DAL", "Dallas", "1-0", 33, 20, 33, 32, 0, 0, 0, 0, 0, 0, 0, 0, 0, 0, 118]], "name": "LineScore"}, {"headers": ["GAME_ID", "HOME_TEAM_ID", "VISITOR_TEAM_ID", "GAME_DATE_EST", "HOME_TEAM_WINS", "HOME_TEAM_LOSSES", "SERIES_LEADER"], "rowSet": [["0021300012", 1610612742, 1610612737, "2013-10-30T00:00:00", 1, 1, "Tied"]], "name": "SeasonSeries"}, {"headers": ["GAME_ID", "LAST_GAME_ID", "LAST_GAME_DATE_EST", "LAST_GAME_HOME_TEAM_ID", "LAST_GAME_HOME_TEAM_CITY", "LAST_GAME_HOME_TEAM_NAME", "LAST_GAME_HOME_TEAM_ABBREVIATION", "LAST_GAME_HOME_TEAM_POINTS", "LAST_GAME_VISITOR_TEAM_ID", "LAST_GAME_VISITOR_TEAM_CITY", "LAST_GAME_VISITOR_TEAM_NAME", "LAST_GAME_VISITOR_TEAM_CITY1", "LAST_GAME_VISITOR_TEAM_POINTS"], "rowSet": [["0021300012", "0011300101", "2013-10-23T00:00:00", 1610612742, "Dallas", "Mavericks", "DAL", 98, 1610612737, "Atlanta", "Hawks", "ATL", 88]], "name": "LastMeeting"}, {"headers": ["GAME_ID", "TEAM_ID", "TEAM_ABBREVIATION", "TEAM_CITY", "PLAYER_ID", "PLAYER_NAME", "START_POSITION", "COMMENT", "MIN", "FGM", "FGA", "FG_PCT", "FG3M", "FG3A", "FG3_PCT", "FTM", "FTA", "FT_PCT", "OREB", "DREB", "REB", "AST", "STL", "BLK", "TO", "PF", "PTS", "PLUS_MINUS"], "rowSet": [["0021300012", 1610612737, "ATL", "Atlanta", 201960, "DeMarre Carroll", "F", "", "34:30", 3, 7, 0.429, 2, 4, 0.5, 6, 8, 0.75, 1, 6, 7, 1, 3, 0, 2, 1, 14, -19.0], ["0021300012", 1610612737, "ATL", "Atlanta", 200794, "Paul Millsap", "F", "", "35:45", 9, 15, 0.6, 0, 2, 0.0, 2, 4, 0.5, 2, 3, 5, 3, 1, 1, 2, 4, 20, -7.0], ["0021300012", 1610612737, "ATL", "Atlanta", 201143, "Al Horford", "C", "", "31:59", 5, 12, 0.417, 0, 0, 0.0, 1, 2, 0.5, 1, 4, 5, 3, 5, 4, 3, 1, 11, -14.0], ["0021300012", 1610612737, "ATL", "Atlanta", 2594, "Kyle Korver", "G", "", "35:42", 3, 9, 0.333, 1, 4, 0.25, 1, 1, 1.0, 0, 5, 5, 3, 2, 0, 0, 1, 8, -12.0], ["0021300012", 1610612737, "ATL", "Atlanta", 201952, "Jeff Teague", "G", "", "34:19", 7, 13, 0.538, 1, 4, 0.25, 9, 12, 0.75, 0, 2, 2, 9, 4, 0, 6, 3, 24, -24.0], ["0021300012", 1610612737, "ATL", "Atlanta", 203118, "Mike Scott", "", "", "7:22", 0, 1, 0.0, 0, 0, 0.0, 0, 0, 0.0, 0, 1, 1, 0, 0, 0, 2, 4, 0, -3.0], ["0021300012", 1610612737, "ATL", "Atlanta", 203471, "Dennis Schroeder", "", "", "18:29", 2, 5, 0.4, 1, 2, 0.5, 0, 0, 0.0, 0, 4, 4, 5, 0, 0, 2, 3, 5, 10.0], ["0021300012", 1610612737, "ATL", "Atlanta", 1882, "Elton Brand", "", "", "13:04", 4, 5, 0.8, 0, 0, 0.0, 0, 0, 0.0, 0, 0, 0, 0, 0, 0, 0, 0, 8, 1.0], ["0021300012", 1610612737, "ATL", "Atlanta", 201858, "Cartier Martin", "", "", "16:45", 4, 8, 0.5, 3, 7, 0.429, 6, 6, 1.0, 1, 1, 2, 1, 1, 0, 0, 3, 17, 7.0], ["0021300012", 1610612737, "ATL", "Atlanta", 203544, "Pero Antic", "", "", "7:50", 0, 1, 0.0, 0, 1, 0.0, 0, 0, 0.0, 0, 2, 2, 0, 0, 0, 0, 0, 0, 5.0], ["0021300012", 1610612737, "ATL", "Atlanta", 202714, "Shelvin Mack", "", "", "4:15", 0, 0, 0.0, 0, 0, 0.0, 2, 2, 1.0, 0, 0, 0, 2, 0, 0, 0, 0, 2, 11.0], ["0021300012", 1610612737, "ATL", "Atlanta", 203099, "Jared Cunningham", "", "DNP - Coach's Decision", null, null, null, null, null, null, null, null, null, null, null, null, null, null, null, null, null, null, null, null], ["0021300012", 1610612737, "ATL", "Atlanta", 203098, "John Jenkins", "", "DNP - Coach's Decision", null, null, null, null, null, null, null, null, null, null, null, null, null, null, null, null, null, null, null, null], ["0021300012", 1610612742, "DAL", "Dallas", 1890, "Shawn Marion", "F", "", "30:38", 6, 9, 0.667, 0, 1, 0.0, 0, 2, 0.0, 0, 8, 8, 1, 2, 1, 2, 2, 12, 11.0], ["0021300012", 1610612742, "DAL", "Dallas", 1717, "Dirk Nowitzki", "F", "", "33:00", 8, 14, 0.571, 4, 6, 0.667, 4, 4, 1.0, 0, 4, 4, 5, 0, 0, 1, 4, 24, 18.0], ["0021300012", 1610612742, "DAL", "Dallas", 2223, "Samuel Dalembert", "C", "", "26:54", 2, 4, 0.5, 0, 0, 0.0, 0, 0, 0.0, 1, 8, 9, 0, 0, 1, 1, 1, 4, 3.0], ["0021300012", 1610612742, "DAL", "Dallas", 101145, "Monta Ellis", "G", "", "36:48", 11, 17, 0.647, 2, 3, 0.667, 8, 8, 1.0, 0, 4, 4, 8, 2, 0, 7, 3, 32, 14.0], ["0021300012", 1610612742, "DAL", "Dallas", 101181, "Jose Calderon", "G", "", "34:39", 1, 7, 0.143, 1, 5, 0.2, 2, 2, 1.0, 0, 2, 2, 11, 1, 0, 4, 3, 5, 4.0], ["0021300012", 1610612742, "DAL", "Dallas", 1713, "Vince Carter", "", "", "25:22", 9, 16, 0.563, 2, 5, 0.4, 1, 2, 0.5, 0, 4, 4, 2, 1, 0, 2, 3, 21, -6.0], ["0021300012", 1610612742, "DAL", "Dallas", 201971, "DeJuan Blair", "", "", "21:06", 4, 5, 0.8, 0, 0, 0.0, 1, 2, 0.5, 5, 0, 5, 0, 0, 0, 1, 3, 9, 6.0], ["0021300012", 1610612742, "DAL", "Dallas", 201961, "Wayne Ellington", "", "", "13:42", 2, 4, 0.5, 1, 3, 0.333, 1, 2, 0.5, 1, 2, 3, 0, 1, 0, 0, 1, 6, 3.0], ["0021300012", 1610612742, "DAL", "Dallas", 203539, "Gal Mekel", "", "", "8:51", 0, 0, 0.0, 0, 0, 0.0, 2, 2, 1.0, 0, 2, 2, 3, 0, 0, 2, 1, 2, -2.0], ["0021300012", 1610612742, "DAL", "Dallas", 203109, "Jae Crowder", "", "", "9:00", 1, 1, 1.0, 1, 1, 1.0, 0, 0, 0.0, 0, 1, 1, 1, 0, 0, 0, 1, 3, -6.0], ["0021300012", 1610612742, "DAL", "Dallas", 203108, "Bernard James", "", "DNP - Coach's Decision", null, null, null, null, null, null, null, null, null, null, null, null, null, null, null, null, null, null, null, null], ["0021300012", 1610612742, "DAL", "Dallas", 203495, "Ricky Ledo", "", "DNP - Coach's Decision", null, null, null, null, null, null, null, null, null, null, null, null, null, null, null, null, null, null, null, null]], "name": "PlayerStats"}, {"headers": ["GAME_ID", "TEAM_ID", "TEAM_NAME", "TEAM_ABBREVIATION", "TEAM_CITY", "MIN", "FGM", "FGA", "FG_PCT", "FG3M", "FG3A", "FG3_PCT", "FTM", "FTA", "FT_PCT", "OREB", "DREB", "REB", "AST", "STL", "BLK", "TO", "PF", "PTS", "PLUS_MINUS"], "rowSet": [["0021300012", 1610612742, "Mavericks", "DAL", "Dallas", "240:00", 44, 77, 0.571, 11, 24, 0.458, 19, 24, 0.792, 7, 35, 42, 31, 7, 2, 20, 22, 118, 9.0], ["0021300012", 1610612737, "Hawks", "ATL", "Atlanta", "240:00", 37, 76, 0.487, 8, 24, 0.333, 27, 35, 0.771, 5, 28, 33, 27, 16, 5, 17, 20, 109, -9.0]], "name": "TeamStats"}, {"headers": ["LEAGUE_ID", "SEASON_ID", "TEAM_ID", "TEAM_ABBREVIATION", "TEAM_CITY", "PTS_PAINT", "PTS_2ND_CHANCE", "PTS_FB", "LARGEST_LEAD", "LEAD_CHANGES", "TIMES_TIED"], "rowSet": [["00", "22013", 1610612737, "ATL", "Atlanta", 42, 11, 20, 16, 11, 10], ["00", "22013", 1610612742, "DAL", "Dallas", 38, 11, 19, 13, 11, 10]], "name": "OtherStats"}, {"headers": ["OFFICIAL_ID", "FIRST_NAME", "LAST_NAME", "JERSEY_NUM"], "rowSet": [[1148, "James", "Capers", "19"], [1204, "Derek", "Richardson", "63"], [2714, "David", "Guthrie", "16"]], "name": "Officials"}, {"headers": ["GAME_DATE", "ATTENDANCE", "GAME_TIME"], "rowSet": [["WEDNESDAY, OCTOBER 30, 2013", 19834, "2:14"]], "name": "GameInfo"}, {"headers": ["PLAYER_ID", "FIRST_NAME", "LAST_NAME", "JERSEY_NUM", "TEAM_ID", "TEAM_CITY", "TEAM_NAME", "TEAM_ABBREVIATION"], "rowSet": [[202970, "Gustavo", "Ayon", "14", 1610612737, "Atlanta", "Hawks", "ATL"], [101150, "Louis", "Williams", " 3", 1610612737, "Atlanta", "Hawks", "ATL"], [2734, "Devin", "Harris", "20", 1610612742, "Dallas", "Mavericks", "DAL"], [203499, "Shane", "Larkin", " 3", 1610612742, "Dallas", "Mavericks", "DAL"], [201148, "Brandan", "Wright", "34", 1610612742, "Dallas", "Mavericks", "DAL"]], "name": "InactivePlayers"}, {"headers": ["VIDEO_AVAILABLE_FLAG"], "rowSet": [[1]], "name": "AvailableVideo"}], "parameters": {"GameID": "0021300012", "RangeType": 0, "StartPeriod": 0, "StartRange": 0, "EndPeriod": 0, "EndRange": 0}}