{"resource": "boxscore", "resultSets": [{"headers": ["GAME_DATE_EST", "GAME_SEQUENCE", "GAME_ID", "GAME_STATUS_ID", "GAME_STATUS_TEXT", "GAMECODE", "HOME_TEAM_ID", "VISITOR_TEAM_ID", "SEASON", "LIVE_PERIOD", "LIVE_PC_TIME", "NATL_TV_BROADCASTER_ABBREVIATION", "LIVE_PERIOD_TIME_BCAST", "WH_STATUS"], "rowSet": [["2013-11-03T00:00:00", 1, "0021300041", 3, "Final", "20131103/BOSDET", 1610612765, 1610612738, "2013", 4, "", null, "Q4  - ", 1]], "name": "GameSummary"}, {"headers": ["GAME_DATE_EST", "GAME_SEQUENCE", "GAME_ID", "TEAM_ID", "TEAM_ABBREVIATION", "TEAM_CITY_NAME", "TEAM_WINS_LOSSES", "PTS_QTR1", "PTS_QTR2", "PTS_QTR3", "PTS_QTR4", "PTS_OT1", "PTS_OT2", "PTS_OT3", "PTS_OT4", "PTS_OT5", "PTS_OT6", "PTS_OT7", "PTS_OT8", "PTS_OT9", "PTS_OT10", "PTS"], "rowSet": [["2013-11-03T00:00:00", 1, "0021300041", 1610612738, "BOS", "Boston", "0-3", 21, 14, 23, 19, 0, 0, 0, 0, 0, 0, 0, 0, 0, 0, 77], ["2013-11-03T00:00:00", 1, "0021300041", 1610612765, "DET", "Detroit", "2-1", 24, 21, 18, 24, 0, 0, 0, 0, 0, 0, 0, 0, 0, 0, 87]], "name": "LineScore"}, {"headers": ["GAME_ID", "HOME_TEAM_ID", "VISITOR_TEAM_ID", "GAME_DATE_EST", "HOME_TEAM_WINS", "HOME_TEAM_LOSSES", "SERIES_LEADER"], "rowSet": [["0021300041", 1610612765, 1610612738, "2013-11-03T00:00:00", 2, 0, "Detroit"]], "name": "SeasonSeries"}, {"headers": ["GAME_ID", "LAST_GAME_ID", "LAST_GAME_DATE_EST", "LAST_GAME_HOME_TEAM_ID", "LAST_GAME_HOME_TEAM_CITY", "LAST_GAME_HOME_TEAM_NAME", "LAST_GAME_HOME_TEAM_ABBREVIATION", "LAST_GAME_HOME_TEAM_POINTS", "LAST_GAME_VISITOR_TEAM_ID", "LAST_GAME_VISITOR_TEAM_CITY", "LAST_GAME_VISITOR_TEAM_NAME", "LAST_GAME_VISITOR_TEAM_CITY1", "LAST_GAME_VISITOR_TEAM_POINTS"], "rowSet": [["0021300041", "0021201115", "2013-04-03T00:00:00", 1610612765, "Detroit", "Pistons", "DET", 93, 1610612738, "Boston", "Celtics", "BOS", 98]], "name": "LastMeeting"}, {"headers": ["GAME_ID", "TEAM_ID", "TEAM_ABBREVIATION", "TEAM_CITY", "PLAYER_ID", "PLAYER_NAME", "START_POSITION", "COMMENT", "MIN", "FGM", "FGA", "FG_PCT", "FG3M", "FG3A", "FG3_PCT", "FTM", "FTA", "FT_PCT", "OREB", "DREB", "REB", "AST", "STL", "BLK", "TO", "PF", "PTS", "PLUS_MINUS"], "rowSet": [["0021300041", 1610612738, "BOS", "Boston", 2222, "Gerald Wallace", "F", "", "36:28", 2, 6, 0.333, 1, 3, 0.333, 0, 0, 0.0, 0, 1, 1, 2, 4, 0, 2, 2, 5, -6.0], ["0021300041", 1610612738, "BOS", "Boston", 101138, "Brandon Bass", "F", "", "37:26", 2, 8, 0.25, 0, 0, 0.0, 2, 2, 1.0, 1, 7, 8, 3, 2, 1, 2, 5, 6, -8.0], ["0021300041", 1610612738, "BOS", "Boston", 203543, "Vitor Faverani", "C", "", "18:32", 4, 6, 0.667, 0, 1, 0.0, 0, 0, 0.0, 1, 1, 2, 1, 2, 1, 2, 2, 8, -7.0], ["0021300041", 1610612738, "BOS", "Boston", 201145, "Jeff Green", "G", "", "20:06", 3, 5, 0.6, 0, 0, 0.0, 1, 1, 1.0, 0, 2, 2, 2, 0, 0, 2, 2, 7, -8.0], ["0021300041", 1610612738, "BOS", "Boston", 202340, "Avery Bradley", "G", "", "34:00", 6, 14, 0.429, 1, 2, 0.5, 0, 0, 0.0, 4, 4, 8, 3, 3, 0, 6, 2, 13, -15.0], ["0021300041", 1610612738, "BOS", "Boston", 202348, "Jordan Crawford", "", "", "21:58", 5, 10, 0.5, 1, 4, 0.25, 2, 2, 1.0, 0, 3, 3, 1, 1, 0, 3, 0, 13, 3.0], ["0021300041", 1610612738, "BOS", "Boston", 201584, "Courtney Lee", "", "", "21:44", 2, 5, 0.4, 0, 2, 0.0, 2, 2, 1.0, 0, 1, 1, 2, 1, 0, 3, 3, 6, -5.0], ["0021300041", 1610612738, "BOS", "Boston", 203096, "Jared Sullinger", "", "", "14:06", 1, 6, 0.167, 0, 2, 0.0, 2, 2, 1.0, 0, 4, 4, 0, 0, 1, 0, 1, 4, -2.0], ["0021300041", 1610612738, "BOS", "Boston", 2586, "Keith Bogans", "", "", "2:51", 0, 1, 0.0, 0, 1, 0.0, 0, 0, 0.0, 0, 0, 0, 0, 0, 0, 0, 0, 0, -5.0], ["0021300041", 1610612738, "BOS", "Boston", 203482, "Kelly Olynyk", "", "", "25:56", 6, 11, 0.545, 0, 1, 0.0, 3, 3, 1.0, 2, 6, 8, 0, 2, 0, 3, 5, 15, -3.0], ["0021300041", 1610612738, "BOS", "Boston", 202705, "MarShon Brooks", "", "", "6:53", 0, 2, 0.0, 0, 0, 0.0, 0, 0, 0.0, 0, 0, 0, 1, 0, 0, 0, 0, 0, 6.0], ["0021300041", 1610612738, "BOS", "Boston", 2743, "Kris Humphries", "", "DNP - Coach's Decision", null, null, null, null, null, null, null, null, null, null, null, null, null, null, null, null, null, null, null, null], ["0021300041", 1610612738, "BOS", "Boston", 203515, "Phil Pressey", "", "DNP - Coach's Decision", null, null, null, null, null, null, null, null, null, null, null, null, null, null, null, null, null, null, null, null], ["0021300041", 1610612765, "DET", "Detroit", 2746, "Josh Smith", "F", "", "36:23", 7, 15, 0.467, 0, 4, 0.0, 1, 3, 0.333, 1, 6, 7, 3, 2, 2, 6, 2, 15, 9.0], ["0021300041", 1610612765, "DET", "Detroit", 202328, "Greg Monroe", "F", "", "36:36", 7, 14, 0.5, 0, 0, 0.0, 1, 4, 0.25, 7, 3, 10, 2, 1, 1, 4, 3, 15, 10.0], ["0021300041", 1610612765, "DET", "Detroit", 203083, "Andre Drummond", "C", "", "39:39", 7, 13, 0.538, 0, 0, 0.0, 1, 4, 0.25, 3, 9, 12, 0, 2, 2, 1, 2, 15, 9.0], ["0021300041", 1610612765, "DET", "Detroit", 1497, "Chauncey Billups", "G", "", "20:44", 2, 4, 0.5, 1, 3, 0.333, 0, 0, 0.0, 0, 4, 4, 2, 2, 0, 2, 2, 5, 10.0], ["0021300041", 1610612765, "DET", "Detroit", 101198, "Will Bynum", "G", "", "17:04", 2, 5, 0.4, 0, 2, 0.0, 0, 0, 0.0, 1, 0, 1, 4, 1, 0, 1, 2, 4, 14.0], ["0021300041", 1610612765, "DET", "Detroit", 201943, "Brandon Jennings", "", "", "30:56", 5, 12, 0.417, 1, 2, 0.5, 3, 6, 0.5, 1, 2, 3, 4, 4, 0, 2, 0, 14, -4.0], ["0021300041", 1610612765, "DET", "Detroit", 201155, "Rodney Stuckey", "", "", "27:16", 1, 5, 0.2, 0, 1, 0.0, 8, 9, 0.889, 1, 2, 3, 0, 3, 1, 2, 3, 10, 0.0], ["0021300041", 1610612765, "DET", "Detroit", 202713, "Kyle Singler", "", "", "20:47", 2, 6, 0.333, 0, 1, 0.0, 3, 3, 1.0, 0, 0, 0, 0, 0, 1, 0, 0, 7, 2.0], ["0021300041", 1610612765, "DET", "Detroit", 201973, "Jonas Jerebko", "", "", "10:35", 1, 2, 0.5, 0, 0, 0.0, 0, 0, 0.0, 1, 3, 4, 1, 0, 0, 3, 1, 2, 0.0], ["0021300041", 1610612765, "DET", "Detroit", 203484, "Kentavious Caldwell-Pope", "", "DNP - Coach's Decision", null, null, null, null, null, null, null, null, null, null, null, null, null, null, null, null, null, null, null, null], ["0021300041", 1610612765, "DET", "Detroit", 203540, "Gigi Datome", "", "DNP - Coach's Decision", null, null, null, null, null, null, null, null, null, null, null, null, null, null, null, null, null, null, null, null], ["0021300041", 1610612765, "DET", "Detroit", 203502, "Tony Mitchell", "", "DNP - Coach's Decision", null, null, null, null, null, null, null, null, null, null, null, null, null, null, null, null, null, null, null, null], ["0021300041", 1610612765, "DET", "Detroit", 203491, "Peyton Siva", "", "DNP - Coach's Decision", null, null, null, null, null, null, null, null, null, null, null, null, null, null, null, null, null, null, null, null]], "name": "PlayerStats"}, {"headers": ["GAME_ID", "TEAM_ID", "TEAM_NAME", "TEAM_ABBREVIATION", "TEAM_CITY", "MIN", "FGM", "FGA", "FG_PCT", "FG3M", "FG3A", "FG3_PCT", "FTM", "FTA", "FT_PCT", "OREB", "DREB", "REB", "AST", "STL", "BLK", "TO", "PF", "PTS", "PLUS_MINUS"], "rowSet": [["0021300041", 1610612765, "Pistons", "DET", "Detroit", "240:00", 34, 76, 0.447, 2, 13, 0.154, 17, 29, 0.586, 15, 29, 44, 16, 15, 7, 21, 15, 87, 10.0], ["0021300041", 1610612738, "Celtics", "BOS", "Boston", "240:00", 31, 74, 0.419, 3, 16, 0.188, 12, 12, 1.0, 8, 29, 37, 15, 15, 3, 23, 22, 77, -10.0]], "name": "TeamStats"}, {"headers": ["LEAGUE_ID", "SEASON_ID", "TEAM_ID", "TEAM_ABBREVIATION", "TEAM_CITY", "PTS_PAINT", "PTS_2ND_CHANCE", "PTS_FB", "LARGEST_LEAD", "LEAD_CHANGES", "TIMES_TIED"], "rowSet": [["00", "22013", 1610612765, "DET", "Detroit", 54, 19, 19, 15, 4, 5], ["00", "22013", 1610612738, "BOS", "Boston", 38, 8, 10, 15, 4, 5]], "name": "OtherStats"}, {"headers": ["OFFICIAL_ID", "FIRST_NAME", "LAST_NAME", "JERSEY_NUM"], "rowSet": [[1174, "Ken", "Mauer", "41"], [1142, "Dick", "Bavetta", "27"], [1151, "Sean", "Corbin", "33"]], "name": "Officials"}, {"headers": ["GAME_DATE", "ATTENDANCE", "GAME_TIME"], "rowSet": [["SUNDAY, NOVEMBER 3, 2013", 14978, "2:15"]], "name": "GameInfo"}, {"headers": ["PLAYER_ID", "FIRST_NAME", "LAST_NAME", "JERSEY_NUM", "TEAM_ID", "TEAM_CITY", "TEAM_NAME", "TEAM_ABBREVIATION"], "rowSet": [[200765, "Rajon", "Rondo", " 9", 1610612738, "Boston", "Celtics", "BOS"], [202725, "Josh", "Harrellson", "55", 1610612765, "Detroit", "Pistons", "DET"], [101111, "Charlie", "Villanueva", "31", 1610612765, "Detroit", "Pistons", "DET"]], "name": "InactivePlayers"}, {"headers": ["VIDEO_AVAILABLE_FLAG"], "rowSet": [[1]], "name": "AvailableVideo"}], "parameters": {"GameID": "0021300041", "RangeType": 0, "StartPeriod": 0, "StartRange": 0, "EndPeriod": 0, "EndRange": 0}}