{"resource": "boxscore", "resultSets": [{"headers": ["GAME_DATE_EST", "GAME_SEQUENCE", "GAME_ID", "GAME_STATUS_ID", "GAME_STATUS_TEXT", "GAMECODE", "HOME_TEAM_ID", "VISITOR_TEAM_ID", "SEASON", "LIVE_PERIOD", "LIVE_PC_TIME", "NATL_TV_BROADCASTER_ABBREVIATION", "LIVE_PERIOD_TIME_BCAST", "WH_STATUS"], "rowSet": [["2013-11-06T00:00:00", 2, "0021300061", 3, "Final", "20131106/CHIIND", 1610612754, 1610612741, "2013", 4, "", "ESPN", "Q4  - ESPN", 1]], "name": "GameSummary"}, {"headers": ["GAME_DATE_EST", "GAME_SEQUENCE", "GAME_ID", "TEAM_ID", "TEAM_ABBREVIATION", "TEAM_CITY_NAME", "TEAM_WINS_LOSSES", "PTS_QTR1", "PTS_QTR2", "PTS_QTR3", "PTS_QTR4", "PTS_OT1", "PTS_OT2", "PTS_OT3", "PTS_OT4", "PTS_OT5", "PTS_OT6", "PTS_OT7", "PTS_OT8", "PTS_OT9", "PTS_OT10", "PTS"], "rowSet": [["2013-11-06T00:00:00", 2, "0021300061", 1610612741, "CHI", "Chicago", "1-3", 19, 24, 19, 18, 0, 0, 0, 0, 0, 0, 0, 0, 0, 0, 80], ["2013-11-06T00:00:00", 2, "0021300061", 1610612754, "IND", "Indiana", "5-0", 25, 12, 26, 34, 0, 0, 0, 0, 0, 0, 0, 0, 0, 0, 97]], "name": "LineScore"}, {"headers": ["GAME_ID", "HOME_TEAM_ID", "VISITOR_TEAM_ID", "GAME_DATE_EST", "HOME_TEAM_WINS", "HOME_TEAM_LOSSES", "SERIES_LEADER"], "rowSet": [["0021300061", 1610612754, 1610612741, "2013-11-06T00:00:00", 1, 1, "Tied"]], "name": "SeasonSeries"}, {"headers": ["GAME_ID", "LAST_GAME_ID", "LAST_GAME_DATE_EST", "LAST_GAME_HOME_TEAM_ID", "LAST_GAME_HOME_TEAM_CITY", "LAST_GAME_HOME_TEAM_NAME", "LAST_GAME_HOME_TEAM_ABBREVIATION", "LAST_GAME_HOME_TEAM_POINTS", "LAST_GAME_VISITOR_TEAM_ID", "LAST_GAME_VISITOR_TEAM_CITY", "LAST_GAME_VISITOR_TEAM_NAME", "LAST_GAME_VISITOR_TEAM_CITY1", "LAST_GAME_VISITOR_TEAM_POINTS"], "rowSet": [["0021300061", "0011300071", "2013-10-18T00:00:00", 1610612754, "Indiana", "Pacers", "IND", 98, 1610612741, "Chicago", "Bulls", "CHI", 103]], "name": "LastMeeting"}, {"headers": ["GAME_ID", "TEAM_ID", "TEAM_ABBREVIATION", "TEAM_CITY", "PLAYER_ID", "PLAYER_NAME", "START_POSITION", "COMMENT", "MIN", "FGM", "FGA", "FG_PCT", "FG3M", "FG3A", "FG3_PCT", "FTM", "FTA", "FT_PCT", "OREB", "DREB", "REB", "AST", "STL", "BLK", "TO", "PF", "PTS", "PLUS_MINUS"], "rowSet": [["0021300061", 1610612741, "CHI", "Chicago", 2736, "Luol Deng", "F", "", "36:03", 6, 18, 0.333, 0, 3, 0.0, 5, 5, 1.0, 0, 3, 3, 1, 1, 0, 1, 1, 17, -4.0], ["0021300061", 1610612741, "CHI", "Chicago", 2430, "Carlos Boozer", "F", "", "30:45", 3, 10, 0.3, 0, 0, 0.0, 0, 0, 0.0, 1, 8, 9, 1, 0, 0, 1, 2, 6, -20.0], ["0021300061", 1610612741, "CHI", "Chicago", 201149, "Joakim Noah", "C", "", "27:25", 0, 2, 0.0, 0, 0, 0.0, 4, 4, 1.0, 4, 4, 8, 4, 1, 1, 2, 5, 4, -28.0], ["0021300061", 1610612741, "CHI", "Chicago", 202710, "Jimmy Butler", "G", "", "25:46", 2, 6, 0.333, 1, 3, 0.333, 2, 2, 1.0, 3, 1, 4, 1, 1, 1, 3, 1, 7, -17.0], ["0021300061", 1610612741, "CHI", "Chicago", 201565, "Derrick Rose", "G", "", "27:28", 6, 15, 0.4, 1, 5, 0.2, 4, 5, 0.8, 0, 1, 1, 2, 0, 0, 4, 3, 17, -26.0], ["0021300061", 1610612741, "CHI", "Chicago", 2399, "Mike Dunleavy", "", "", "20:32", 2, 6, 0.333, 1, 2, 0.5, 1, 1, 1.0, 0, 3, 3, 0, 0, 0, 0, 0, 6, 5.0], ["0021300061", 1610612741, "CHI", "Chicago", 201959, "Taj Gibson", "", "", "23:23", 3, 8, 0.375, 0, 0, 0.0, 3, 4, 0.75, 3, 3, 6, 1, 0, 2, 2, 3, 9, 8.0], ["0021300061", 1610612741, "CHI", "Chicago", 2550, "Kirk Hinrich", "", "", "30:56", 3, 5, 0.6, 2, 2, 1.0, 4, 6, 0.667, 0, 3, 3, 5, 0, 1, 3, 4, 12, -11.0], ["0021300061", 1610612741, "CHI", "Chicago", 1737, "Nazr Mohammed", "", "", "13:22", 1, 2, 0.5, 0, 0, 0.0, 0, 0, 0.0, 0, 2, 2, 0, 1, 0, 1, 1, 2, 6.0], ["0021300061", 1610612741, "CHI", "Chicago", 203513, "Erik Murphy", "", "", "1:05", 0, 0, 0.0, 0, 0, 0.0, 0, 0, 0.0, 0, 0, 0, 0, 0, 0, 0, 0, 0, 0.0], ["0021300061", 1610612741, "CHI", "Chicago", 203503, "Tony Snell", "", "", "1:05", 0, 0, 0.0, 0, 0, 0.0, 0, 0, 0.0, 0, 1, 1, 0, 0, 0, 0, 0, 0, 0.0], ["0021300061", 1610612741, "CHI", "Chicago", 203104, "Marquis Teague", "", "", "1:05", 0, 1, 0.0, 0, 0, 0.0, 0, 0, 0.0, 0, 0, 0, 0, 0, 0, 0, 0, 0, 0.0], ["0021300061", 1610612741, "CHI", "Chicago", 2229, "Mike James", "", "", "1:05", 0, 0, 0.0, 0, 0, 0.0, 0, 0, 0.0, 0, 0, 0, 0, 0, 0, 0, 0, 0, 2.0], ["0021300061", 1610612754, "IND", "Indiana", 202331, "Paul George", "F", "", "39:29", 6, 19, 0.316, 2, 5, 0.4, 7, 7, 1.0, 1, 5, 6, 3, 0, 0, 2, 2, 21, 26.0], ["0021300061", 1610612754, "IND", "Indiana", 2561, "David West", "F", "", "31:18", 8, 16, 0.5, 0, 0, 0.0, 1, 2, 0.5, 4, 9, 13, 1, 3, 1, 1, 1, 17, 20.0], ["0021300061", 1610612754, "IND", "Indiana", 201579, "Roy Hibbert", "C", "", "37:08", 3, 8, 0.375, 0, 0, 0.0, 2, 2, 1.0, 5, 5, 10, 3, 1, 5, 2, 4, 8, 31.0], ["0021300061", 1610612754, "IND", "Indiana", 202362, "Lance Stephenson", "G", "", "31:49", 5, 17, 0.294, 3, 6, 0.5, 2, 4, 0.5, 2, 3, 5, 4, 0, 0, 3, 4, 15, 18.0], ["0021300061", 1610612754, "IND", "Indiana", 201228, "CJ Watson", "G", "", "26:40", 3, 5, 0.6, 1, 2, 0.5, 4, 4, 1.0, 0, 1, 1, 4, 2, 1, 0, 5, 11, 22.0], ["0021300061", 1610612754, "IND", "Indiana", 203524, "Solomon Hill", "", "", "7:02", 0, 2, 0.0, 0, 2, 0.0, 0, 0, 0.0, 1, 1, 2, 1, 0, 0, 0, 1, 0, 3.0], ["0021300061", 1610612754, "IND", "Indiana", 202388, "Donald Sloan", "", "", "21:20", 4, 6, 0.667, 1, 1, 1.0, 0, 0, 0.0, 1, 5, 6, 4, 1, 0, 0, 2, 9, -3.0], ["0021300061", 1610612754, "IND", "Indiana", 2449, "Luis Scola", "", "", "15:43", 6, 8, 0.75, 0, 0, 0.0, 0, 0, 0.0, 0, 3, 3, 0, 2, 0, 1, 1, 12, -1.0], ["0021300061", 1610612754, "IND", "Indiana", 101133, "Ian Mahinmi", "", "", "9:45", 0, 1, 0.0, 0, 0, 0.0, 0, 0, 0.0, 2, 0, 2, 0, 0, 0, 4, 3, 0, -12.0], ["0021300061", 1610612754, "IND", "Indiana", 203111, "Orlando Johnson", "", "", "17:40", 1, 3, 0.333, 0, 1, 0.0, 2, 2, 1.0, 1, 3, 4, 1, 0, 0, 1, 1, 4, -15.0], ["0021300061", 1610612754, "IND", "Indiana", 2446, "Rasual Butler", "", "", "1:05", 0, 0, 0.0, 0, 0, 0.0, 0, 0, 0.0, 0, 0, 0, 0, 0, 0, 0, 0, 0, -2.0], ["0021300061", 1610612754, "IND", "Indiana", 203142, "Chris Copeland", "", "", "1:01", 0, 1, 0.0, 0, 1, 0.0, 0, 0, 0.0, 0, 0, 0, 0, 0, 0, 0, 0, 0, -2.0], ["0021300061", 1610612754, "IND", "Indiana", 201588, "George Hill", "", "DND - Sore Left Hip", null, null, null, null, null, null, null, null, null, null, null, null, null, null, null, null, null, null, null, null]], "name": "PlayerStats"}, {"headers": ["GAME_ID", "TEAM_ID", "TEAM_NAME", "TEAM_ABBREVIATION", "TEAM_CITY", "MIN", "FGM", "FGA", "FG_PCT", "FG3M", "FG3A", "FG3_PCT", "FTM", "FTA", "FT_PCT", "OREB", "DREB", "REB", "AST", "STL", "BLK", "TO", "PF", "PTS", "PLUS_MINUS"], "rowSet": [["0021300061", 1610612754, "Pacers", "IND", "Indiana", "240:00", 36, 86, 0.419, 7, 18, 0.389, 18, 21, 0.857, 17, 35, 52, 21, 9, 7, 14, 24, 97, 17.0], ["0021300061", 1610612741, "Bulls", "CHI", "Chicago", "240:00", 26, 73, 0.356, 5, 15, 0.333, 23, 27, 0.852, 11, 29, 40, 15, 4, 5, 17, 20, 80, -17.0]], "name": "TeamStats"}, {"headers": ["LEAGUE_ID", "SEASON_ID", "TEAM_ID", "TEAM_ABBREVIATION", "TEAM_CITY", "PTS_PAINT", "PTS_2ND_CHANCE", "PTS_FB", "LARGEST_LEAD", "LEAD_CHANGES", "TIMES_TIED"], "rowSet": [["00", "22013", 1610612741, "CHI", "Chicago", 14, 11, 4, 19, 9, 8], ["00", "22013", 1610612754, "IND", "Indiana", 28, 19, 18, 19, 9, 8]], "name": "OtherStats"}, {"headers": ["OFFICIAL_ID", "FIRST_NAME", "LAST_NAME", "JERSEY_NUM"], "rowSet": [[1188, "Leroy", "Richardson", "20"], [1146, "Tony", "Brothers", "25"], [202007, "Nick", "Buchert", "54"]], "name": "Officials"}, {"headers": ["GAME_DATE", "ATTENDANCE", "GAME_TIME"], "rowSet": [["WEDNESDAY, NOVEMBER 6, 2013", 18165, "2:27"]], "name": "GameInfo"}, {"headers": ["PLAYER_ID", "FIRST_NAME", "LAST_NAME", "JERSEY_NUM", "TEAM_ID", "TEAM_CITY", "TEAM_NAME", "TEAM_ABBREVIATION"], "rowSet": [[101122, "Danny", "Granger", "33", 1610612754, "Indiana", "Pacers", "IND"]], "name": "InactivePlayers"}, {"headers": ["VIDEO_AVAILABLE_FLAG"], "rowSet": [[1]], "name": "AvailableVideo"}], "parameters": {"GameID": "0021300061", "RangeType": 0, "StartPeriod": 0, "StartRange": 0, "EndPeriod": 0, "EndRange": 0}}