{"resource": "boxscore", "resultSets": [{"headers": ["GAME_DATE_EST", "GAME_SEQUENCE", "GAME_ID", "GAME_STATUS_ID", "GAME_STATUS_TEXT", "GAMECODE", "HOME_TEAM_ID", "VISITOR_TEAM_ID", "SEASON", "LIVE_PERIOD", "LIVE_PC_TIME", "NATL_TV_BROADCASTER_ABBREVIATION", "LIVE_PERIOD_TIME_BCAST", "WH_STATUS"], "rowSet": [["2013-11-03T00:00:00", 5, "0021300045", 3, "Final", "20131103/MINNYK", 1610612752, 1610612750, "2013", 4, "", null, "Q4  - ", 1]], "name": "GameSummary"}, {"headers": ["GAME_DATE_EST", "GAME_SEQUENCE", "GAME_ID", "TEAM_ID", "TEAM_ABBREVIATION", "TEAM_CITY_NAME", "TEAM_WINS_LOSSES", "PTS_QTR1", "PTS_QTR2", "PTS_QTR3", "PTS_QTR4", "PTS_OT1", "PTS_OT2", "PTS_OT3", "PTS_OT4", "PTS_OT5", "PTS_OT6", "PTS_OT7", "PTS_OT8", "PTS_OT9", "PTS_OT10", "PTS"], "rowSet": [["2013-11-03T00:00:00", 5, "0021300045", 1610612752, "NYK", "New York", "1-2", 19, 30, 29, 22, 0, 0, 0, 0, 0, 0, 0, 0, 0, 0, 100], ["2013-11-03T00:00:00", 5, "0021300045", 1610612750, "MIN", "Minnesota", "3-0", 40, 24, 29, 16, 0, 0, 0, 0, 0, 0, 0, 0, 0, 0, 109]], "name": "LineScore"}, {"headers": ["GAME_ID", "HOME_TEAM_ID", "VISITOR_TEAM_ID", "GAME_DATE_EST", "HOME_TEAM_WINS", "HOME_TEAM_LOSSES", "SERIES_LEADER"], "rowSet": [["0021300045", 1610612752, 1610612750, "2013-11-03T00:00:00", 0, 1, "Minnesota"]], "name": "SeasonSeries"}, {"headers": ["GAME_ID", "LAST_GAME_ID", "LAST_GAME_DATE_EST", "LAST_GAME_HOME_TEAM_ID", "LAST_GAME_HOME_TEAM_CITY", "LAST_GAME_HOME_TEAM_NAME", "LAST_GAME_HOME_TEAM_ABBREVIATION", "LAST_GAME_HOME_TEAM_POINTS", "LAST_GAME_VISITOR_TEAM_ID", "LAST_GAME_VISITOR_TEAM_CITY", "LAST_GAME_VISITOR_TEAM_NAME", "LAST_GAME_VISITOR_TEAM_CITY1", "LAST_GAME_VISITOR_TEAM_POINTS"], "rowSet": [["0021300045", "0021200745", "2013-02-08T00:00:00", 1610612752, "New York", "Knicks", "NYK", 100, 1610612750, "Minnesota", "Timberwolves", "MIN", 94]], "name": "LastMeeting"}, {"headers": ["GAME_ID", "TEAM_ID", "TEAM_ABBREVIATION", "TEAM_CITY", "PLAYER_ID", "PLAYER_NAME", "START_POSITION", "COMMENT", "MIN", "FGM", "FGA", "FG_PCT", "FG3M", "FG3A", "FG3_PCT", "FTM", "FTA", "FT_PCT", "OREB", "DREB", "REB", "AST", "STL", "BLK", "TO", "PF", "PTS", "PLUS_MINUS"], "rowSet": [["0021300045", 1610612750, "MIN", "Minnesota", 201147, "Corey Brewer", "F", "", "24:03", 3, 8, 0.375, 0, 2, 0.0, 4, 6, 0.667, 1, 1, 2, 1, 1, 0, 0, 4, 10, 14.0], ["0021300045", 1610612750, "MIN", "Minnesota", 201567, "Kevin Love", "F", "", "40:31", 10, 19, 0.526, 2, 8, 0.25, 12, 15, 0.8, 2, 13, 15, 5, 0, 0, 4, 4, 34, 24.0], ["0021300045", 1610612750, "MIN", "Minnesota", 201593, "Nikola Pekovic", "C", "", "40:48", 4, 10, 0.4, 0, 0, 0.0, 3, 4, 0.75, 4, 8, 12, 0, 0, 1, 2, 1, 11, 8.0], ["0021300045", 1610612750, "MIN", "Minnesota", 2755, "Kevin Martin", "G", "", "35:48", 9, 12, 0.75, 5, 5, 1.0, 7, 9, 0.778, 0, 3, 3, 2, 2, 0, 0, 1, 30, 26.0], ["0021300045", 1610612750, "MIN", "Minnesota", 201937, "Ricky Rubio", "G", "", "40:30", 3, 11, 0.273, 0, 3, 0.0, 2, 2, 1.0, 1, 5, 6, 10, 3, 0, 4, 3, 8, 13.0], ["0021300045", 1610612750, "MIN", "Minnesota", 200826, "Jose Juan Barea", "", "", "17:50", 3, 8, 0.375, 1, 5, 0.2, 0, 0, 0.0, 0, 2, 2, 5, 2, 0, 0, 0, 7, -8.0], ["0021300045", 1610612750, "MIN", "Minnesota", 201967, "Dante Cunningham", "", "", "14:41", 0, 4, 0.0, 0, 0, 0.0, 0, 0, 0.0, 2, 0, 2, 0, 0, 0, 1, 3, 0, -14.0], ["0021300045", 1610612750, "MIN", "Minnesota", 203144, "Alexey Shved", "", "", "5:10", 1, 2, 0.5, 1, 2, 0.5, 0, 0, 0.0, 0, 0, 0, 0, 1, 0, 1, 0, 3, -3.0], ["0021300045", 1610612750, "MIN", "Minnesota", 202682, "Derrick Williams", "", "", "20:39", 2, 5, 0.4, 1, 2, 0.5, 1, 2, 0.5, 0, 1, 1, 0, 0, 0, 0, 0, 6, -15.0], ["0021300045", 1610612750, "MIN", "Minnesota", 203476, "Gorgui Dieng", "", "DNP - Coach's Decision", null, null, null, null, null, null, null, null, null, null, null, null, null, null, null, null, null, null, null, null], ["0021300045", 1610612750, "MIN", "Minnesota", 203133, "Robbie Hummel", "", "DNP - Coach's Decision", null, null, null, null, null, null, null, null, null, null, null, null, null, null, null, null, null, null, null, null], ["0021300045", 1610612750, "MIN", "Minnesota", 203498, "Shabazz Muhammad", "", "DNP - Coach's Decision", null, null, null, null, null, null, null, null, null, null, null, null, null, null, null, null, null, null, null, null], ["0021300045", 1610612750, "MIN", "Minnesota", 201985, "A.J. Price", "", "DNP - Coach's Decision", null, null, null, null, null, null, null, null, null, null, null, null, null, null, null, null, null, null, null, null], ["0021300045", 1610612752, "NYK", "New York", 2546, "Carmelo Anthony", "F", "", "44:04", 8, 21, 0.381, 2, 6, 0.333, 4, 5, 0.8, 5, 12, 17, 3, 0, 0, 5, 4, 22, 8.0], ["0021300045", 1610612752, "NYK", "New York", 200745, "Andrea Bargnani", "F", "", "18:46", 6, 10, 0.6, 2, 4, 0.5, 0, 0, 0.0, 1, 2, 3, 0, 1, 0, 3, 0, 14, -11.0], ["0021300045", 1610612752, "NYK", "New York", 2199, "Tyson Chandler", "C", "", "32:04", 3, 4, 0.75, 0, 0, 0.0, 4, 4, 1.0, 3, 6, 9, 1, 0, 0, 0, 4, 10, -17.0], ["0021300045", 1610612752, "NYK", "New York", 101109, "Raymond Felton", "G", "", "38:06", 3, 12, 0.25, 0, 3, 0.0, 2, 2, 1.0, 0, 2, 2, 12, 3, 1, 3, 4, 8, -17.0], ["0021300045", 1610612752, "NYK", "New York", 202697, "Iman Shumpert", "G", "", "25:38", 5, 8, 0.625, 2, 4, 0.5, 0, 0, 0.0, 1, 5, 6, 1, 1, 0, 3, 4, 12, -6.0], ["0021300045", 1610612752, "NYK", "New York", 203501, "Timothy Hardaway Jr.", "", "", "24:56", 3, 12, 0.25, 0, 7, 0.0, 0, 0, 0.0, 1, 0, 1, 1, 0, 0, 1, 3, 6, -7.0], ["0021300045", 1610612752, "NYK", "New York", 2030, "Kenyon Martin", "", "", "16:10", 3, 4, 0.75, 0, 0, 0.0, 0, 0, 0.0, 3, 3, 6, 1, 1, 1, 0, 2, 6, -12.0], ["0021300045", 1610612752, "NYK", "New York", 203143, "Pablo Prigioni", "", "", "19:43", 2, 5, 0.4, 1, 3, 0.333, 0, 0, 0.0, 0, 1, 1, 2, 0, 0, 1, 2, 5, 0.0], ["0021300045", 1610612752, "NYK", "New York", 1897, "Metta World Peace", "", "", "20:33", 7, 13, 0.538, 2, 5, 0.4, 1, 2, 0.5, 0, 4, 4, 0, 1, 1, 0, 3, 17, 17.0], ["0021300045", 1610612752, "NYK", "New York", 202332, "Cole Aldrich", "", "DNP - Coach's Decision", null, null, null, null, null, null, null, null, null, null, null, null, null, null, null, null, null, null, null, null], ["0021300045", 1610612752, "NYK", "New York", 2747, "J.R. Smith", "", "NWT - NBA Suspension", null, null, null, null, null, null, null, null, null, null, null, null, null, null, null, null, null, null, null, null], ["0021300045", 1610612752, "NYK", "New York", 2405, "Amar'e Stoudemire", "", "DNP - Coach's Decision", null, null, null, null, null, null, null, null, null, null, null, null, null, null, null, null, null, null, null, null], ["0021300045", 1610612752, "NYK", "New York", 2757, "Beno Udrih", "", "DNP - Coach's Decision", null, null, null, null, null, null, null, null, null, null, null, null, null, null, null, null, null, null, null, null]], "name": "PlayerStats"}, {"headers": ["GAME_ID", "TEAM_ID", "TEAM_NAME", "TEAM_ABBREVIATION", "TEAM_CITY", "MIN", "FGM", "FGA", "FG_PCT", "FG3M", "FG3A", "FG3_PCT", "FTM", "FTA", "FT_PCT", "OREB", "DREB", "REB", "AST", "STL", "BLK", "TO", "PF", "PTS", "PLUS_MINUS"], "rowSet": [["0021300045", 1610612752, "Knicks", "NYK", "New York", "240:00", 40, 89, 0.449, 9, 32, 0.281, 11, 13, 0.846, 14, 35, 49, 21, 7, 3, 16, 26, 100, -9.0], ["0021300045", 1610612750, "Timberwolves", "MIN", "Minnesota", "240:00", 35, 79, 0.443, 10, 27, 0.37, 29, 38, 0.763, 10, 33, 43, 23, 9, 1, 12, 16, 109, 9.0]], "name": "TeamStats"}, {"headers": ["LEAGUE_ID", "SEASON_ID", "TEAM_ID", "TEAM_ABBREVIATION", "TEAM_CITY", "PTS_PAINT", "PTS_2ND_CHANCE", "PTS_FB", "LARGEST_LEAD", "LEAD_CHANGES", "TIMES_TIED"], "rowSet": [["00", "22013", 1610612750, "MIN", "Minnesota", 42, 6, 23, 23, 1, 0], ["00", "22013", 1610612752, "NYK", "New York", 46, 16, 14, 23, 1, 0]], "name": "OtherStats"}, {"headers": ["OFFICIAL_ID", "FIRST_NAME", "LAST_NAME", "JERSEY_NUM"], "rowSet": [[1164, "Ron", "Garretson", "10"], [1198, "Scott", "Wall", "31"], [2716, "Olandis", "Poole", "50"]], "name": "Officials"}, {"headers": ["GAME_DATE", "ATTENDANCE", "GAME_TIME"], "rowSet": [["SUNDAY, NOVEMBER 3, 2013", 19812, "2:18"]], "name": "GameInfo"}, {"headers": ["PLAYER_ID", "FIRST_NAME", "LAST_NAME", "JERSEY_NUM", "TEAM_ID", "TEAM_CITY", "TEAM_NAME", "TEAM_ABBREVIATION"], "rowSet": [[203315, "Toure", "Murry", "23", 1610612752, "New York", "Knicks", "NYK"], [203147, "Chris", "Smith", " 0", 1610612752, "New York", "Knicks", "NYK"], [201978, "Chase", "Budinger", "10", 1610612750, "Minnesota", "Timberwolves", "MIN"], [101142, "Ronny", "Turiaf", "32", 1610612750, "Minnesota", "Timberwolves", "MIN"]], "name": "InactivePlayers"}, {"headers": ["VIDEO_AVAILABLE_FLAG"], "rowSet": [[1]], "name": "AvailableVideo"}], "parameters": {"GameID": "0021300045", "RangeType": 0, "StartPeriod": 0, "StartRange": 0, "EndPeriod": 0, "EndRange": 0}}