{"resource": "boxscore", "resultSets": [{"headers": ["GAME_DATE_EST", "GAME_SEQUENCE", "GAME_ID", "GAME_STATUS_ID", "GAME_STATUS_TEXT", "GAMECODE", "HOME_TEAM_ID", "VISITOR_TEAM_ID", "SEASON", "LIVE_PERIOD", "LIVE_PC_TIME", "NATL_TV_BROADCASTER_ABBREVIATION", "LIVE_PERIOD_TIME_BCAST", "WH_STATUS"], "rowSet": [["2013-11-01T00:00:00", 4, "0021300023", 3, "Final", "20131101/TORATL", 1610612737, 1610612761, "2013", 4, "", null, "Q4  - ", 1]], "name": "GameSummary"}, {"headers": ["GAME_DATE_EST", "GAME_SEQUENCE", "GAME_ID", "TEAM_ID", "TEAM_ABBREVIATION", "TEAM_CITY_NAME", "TEAM_WINS_LOSSES", "PTS_QTR1", "PTS_QTR2", "PTS_QTR3", "PTS_QTR4", "PTS_OT1", "PTS_OT2", "PTS_OT3", "PTS_OT4", "PTS_OT5", "PTS_OT6", "PTS_OT7", "PTS_OT8", "PTS_OT9", "PTS_OT10", "PTS"], "rowSet": [["2013-11-01T00:00:00", 4, "0021300023", 1610612737, "ATL", "Atlanta", "1-1", 25, 24, 30, 23, 0, 0, 0, 0, 0, 0, 0, 0, 0, 0, 102], ["2013-11-01T00:00:00", 4, "0021300023", 1610612761, "TOR", "Toronto", "1-1", 24, 15, 29, 27, 0, 0, 0, 0, 0, 0, 0, 0, 0, 0, 95]], "name": "LineScore"}, {"headers": ["GAME_ID", "HOME_TEAM_ID", "VISITOR_TEAM_ID", "GAME_DATE_EST", "HOME_TEAM_WINS", "HOME_TEAM_LOSSES", "SERIES_LEADER"], "rowSet": [["0021300023", 1610612737, 1610612761, "2013-11-01T00:00:00", 1, 0, "Atlanta"]], "name": "SeasonSeries"}, {"headers": ["GAME_ID", "LAST_GAME_ID", "LAST_GAME_DATE_EST", "LAST_GAME_HOME_TEAM_ID", "LAST_GAME_HOME_TEAM_CITY", "LAST_GAME_HOME_TEAM_NAME", "LAST_GAME_HOME_TEAM_ABBREVIATION", "LAST_GAME_HOME_TEAM_POINTS", "LAST_GAME_VISITOR_TEAM_ID", "LAST_GAME_VISITOR_TEAM_CITY", "LAST_GAME_VISITOR_TEAM_NAME", "LAST_GAME_VISITOR_TEAM_CITY1", "LAST_GAME_VISITOR_TEAM_POINTS"], "rowSet": [["0021300023", "0021201213", "2013-04-16T00:00:00", 1610612737, "Atlanta", "Hawks", "ATL", 96, 1610612761, "Toronto", "Raptors", "TOR", 113]], "name": "LastMeeting"}, {"headers": ["GAME_ID", "TEAM_ID", "TEAM_ABBREVIATION", "TEAM_CITY", "PLAYER_ID", "PLAYER_NAME", "START_POSITION", "COMMENT", "MIN", "FGM", "FGA", "FG_PCT", "FG3M", "FG3A", "FG3_PCT", "FTM", "FTA", "FT_PCT", "OREB", "DREB", "REB", "AST", "STL", "BLK", "TO", "PF", "PTS", "PLUS_MINUS"], "rowSet": [["0021300023", 1610612761, "TOR", "Toronto", 200752, "Rudy Gay", "F", "", "32:10", 6, 23, 0.261, 0, 3, 0.0, 2, 4, 0.5, 2, 3, 5, 1, 0, 2, 2, 2, 14, -17.0], ["0021300023", 1610612761, "TOR", "Toronto", 101161, "Amir Johnson", "F", "", "32:59", 6, 9, 0.667, 1, 3, 0.333, 0, 0, 0.0, 2, 6, 8, 2, 2, 0, 0, 4, 13, 2.0], ["0021300023", 1610612761, "TOR", "Toronto", 202685, "Jonas Valanciunas", "C", "", "17:43", 2, 5, 0.4, 0, 0, 0.0, 0, 0, 0.0, 1, 3, 4, 0, 1, 2, 1, 3, 4, -10.0], ["0021300023", 1610612761, "TOR", "Toronto", 201942, "DeMar DeRozan", "G", "", "36:35", 14, 23, 0.609, 2, 5, 0.4, 1, 2, 0.5, 0, 4, 4, 2, 1, 1, 2, 3, 31, -10.0], ["0021300023", 1610612761, "TOR", "Toronto", 200768, "Kyle Lowry", "G", "", "33:37", 5, 7, 0.714, 3, 5, 0.6, 3, 6, 0.5, 0, 3, 3, 4, 0, 0, 4, 2, 16, -19.0], ["0021300023", 1610612761, "TOR", "Toronto", 201948, "Austin Daye", "", "", "8:18", 1, 4, 0.25, 0, 3, 0.0, 0, 0, 0.0, 1, 2, 3, 0, 0, 0, 0, 2, 2, -14.0], ["0021300023", 1610612761, "TOR", "Toronto", 201946, "Tyler Hansbrough", "", "", "20:28", 1, 3, 0.333, 0, 1, 0.0, 2, 2, 1.0, 1, 3, 4, 0, 0, 1, 1, 2, 4, -3.0], ["0021300023", 1610612761, "TOR", "Toronto", 201571, "D.J. Augustin", "", "", "12:25", 2, 5, 0.4, 0, 1, 0.0, 0, 0, 0.0, 0, 1, 1, 4, 0, 0, 0, 1, 4, 8.0], ["0021300023", 1610612761, "TOR", "Toronto", 202361, "Landry Fields", "", "", "23:13", 2, 5, 0.4, 0, 0, 0.0, 0, 0, 0.0, 3, 6, 9, 2, 1, 0, 0, 3, 4, 12.0], ["0021300023", 1610612761, "TOR", "Toronto", 203082, "Terrence Ross", "", "", "13:12", 0, 1, 0.0, 0, 1, 0.0, 0, 0, 0.0, 0, 1, 1, 0, 0, 0, 1, 2, 0, 14.0], ["0021300023", 1610612761, "TOR", "Toronto", 202933, "Julyan Stone", "", "", "3:34", 0, 0, 0.0, 0, 0, 0.0, 0, 0, 0.0, 0, 0, 0, 0, 0, 0, 0, 0, 0, -2.0], ["0021300023", 1610612761, "TOR", "Toronto", 202779, "Dwight Buycks", "", "", "5:46", 1, 3, 0.333, 1, 1, 1.0, 0, 0, 0.0, 0, 0, 0, 0, 0, 0, 1, 1, 3, 4.0], ["0021300023", 1610612761, "TOR", "Toronto", 203112, "Quincy Acy", "", "DNP - Coach's Decision", null, null, null, null, null, null, null, null, null, null, null, null, null, null, null, null, null, null, null, null], ["0021300023", 1610612737, "ATL", "Atlanta", 201960, "DeMarre Carroll", "F", "", "33:27", 1, 7, 0.143, 1, 5, 0.2, 5, 5, 1.0, 1, 2, 3, 3, 3, 0, 0, 1, 8, 12.0], ["0021300023", 1610612737, "ATL", "Atlanta", 200794, "Paul Millsap", "F", "", "31:05", 7, 12, 0.583, 0, 0, 0.0, 1, 5, 0.2, 1, 4, 5, 2, 0, 0, 2, 2, 15, -3.0], ["0021300023", 1610612737, "ATL", "Atlanta", 201143, "Al Horford", "C", "", "35:13", 9, 14, 0.643, 0, 0, 0.0, 4, 8, 0.5, 3, 13, 16, 1, 0, 1, 2, 2, 22, 16.0], ["0021300023", 1610612737, "ATL", "Atlanta", 2594, "Kyle Korver", "G", "", "34:37", 6, 12, 0.5, 5, 8, 0.625, 0, 0, 0.0, 0, 4, 4, 3, 3, 0, 3, 2, 17, 0.0], ["0021300023", 1610612737, "ATL", "Atlanta", 201952, "Jeff Teague", "G", "", "36:17", 4, 13, 0.308, 1, 4, 0.25, 8, 9, 0.889, 0, 0, 0, 12, 1, 0, 1, 1, 17, 20.0], ["0021300023", 1610612737, "ATL", "Atlanta", 203118, "Mike Scott", "", "", "10:57", 2, 4, 0.5, 0, 1, 0.0, 0, 0, 0.0, 1, 1, 2, 1, 0, 0, 0, 0, 4, -4.0], ["0021300023", 1610612737, "ATL", "Atlanta", 201858, "Cartier Martin", "", "", "23:42", 2, 4, 0.5, 2, 3, 0.667, 2, 4, 0.5, 0, 2, 2, 0, 0, 1, 1, 1, 8, 0.0], ["0021300023", 1610612737, "ATL", "Atlanta", 203471, "Dennis Schroeder", "", "", "15:57", 2, 5, 0.4, 0, 0, 0.0, 0, 0, 0.0, 0, 0, 0, 1, 0, 0, 2, 0, 4, -11.0], ["0021300023", 1610612737, "ATL", "Atlanta", 1882, "Elton Brand", "", "", "7:10", 1, 2, 0.5, 0, 0, 0.0, 0, 0, 0.0, 1, 3, 4, 0, 0, 1, 0, 2, 2, -3.0], ["0021300023", 1610612737, "ATL", "Atlanta", 203544, "Pero Antic", "", "", "11:35", 2, 4, 0.5, 1, 2, 0.5, 0, 0, 0.0, 0, 1, 1, 1, 0, 0, 2, 1, 5, 8.0], ["0021300023", 1610612737, "ATL", "Atlanta", 203099, "Jared Cunningham", "", "DNP - Coach's Decision", null, null, null, null, null, null, null, null, null, null, null, null, null, null, null, null, null, null, null, null], ["0021300023", 1610612737, "ATL", "Atlanta", 203098, "John Jenkins", "", "DNP - Coach's Decision", null, null, null, null, null, null, null, null, null, null, null, null, null, null, null, null, null, null, null, null], ["0021300023", 1610612737, "ATL", "Atlanta", 202714, "Shelvin Mack", "", "DNP - Coach's Decision", null, null, null, null, null, null, null, null, null, null, null, null, null, null, null, null, null, null, null, null]], "name": "PlayerStats"}, {"headers": ["GAME_ID", "TEAM_ID", "TEAM_NAME", "TEAM_ABBREVIATION", "TEAM_CITY", "MIN", "FGM", "FGA", "FG_PCT", "FG3M", "FG3A", "FG3_PCT", "FTM", "FTA", "FT_PCT", "OREB", "DREB", "REB", "AST", "STL", "BLK", "TO", "PF", "PTS", "PLUS_MINUS"], "rowSet": [["0021300023", 1610612761, "Raptors", "TOR", "Toronto", "240:00", 40, 88, 0.455, 7, 23, 0.304, 8, 14, 0.571, 10, 32, 42, 15, 5, 6, 12, 25, 95, -7.0], ["0021300023", 1610612737, "Hawks", "ATL", "Atlanta", "240:00", 36, 77, 0.468, 10, 23, 0.435, 20, 31, 0.645, 7, 30, 37, 24, 7, 3, 13, 12, 102, 7.0]], "name": "TeamStats"}, {"headers": ["LEAGUE_ID", "SEASON_ID", "TEAM_ID", "TEAM_ABBREVIATION", "TEAM_CITY", "PTS_PAINT", "PTS_2ND_CHANCE", "PTS_FB", "LARGEST_LEAD", "LEAD_CHANGES", "TIMES_TIED"], "rowSet": [["00", "22013", 1610612737, "ATL", "Atlanta", 40, 14, 8, 16, 21, 3], ["00", "22013", 1610612761, "TOR", "Toronto", 48, 15, 8, 18, 21, 3]], "name": "OtherStats"}, {"headers": ["OFFICIAL_ID", "FIRST_NAME", "LAST_NAME", "JERSEY_NUM"], "rowSet": [[1199, "Tom", "Washington", "49"], [1151, "Sean", "Corbin", "33"], [203177, "Lauren", "Holtkamp", "53"]], "name": "Officials"}, {"headers": ["GAME_DATE", "ATTENDANCE", "GAME_TIME"], "rowSet": [["FRIDAY, NOVEMBER 1, 2013", 18118, "2:13"]], "name": "GameInfo"}, {"headers": ["PLAYER_ID", "FIRST_NAME", "LAST_NAME", "JERSEY_NUM", "TEAM_ID", "TEAM_CITY", "TEAM_NAME", "TEAM_ABBREVIATION"], "rowSet": [[202970, "Gustavo", "Ayon", "14", 1610612737, "Atlanta", "Hawks", "ATL"], [101150, "Louis", "Williams", " 3", 1610612737, "Atlanta", "Hawks", "ATL"], [201189, "Aaron", "Gray", "34", 1610612761, "Toronto", "Raptors", "TOR"], [200779, "Steve", "Novak", "16", 1610612761, "Toronto", "Raptors", "TOR"]], "name": "InactivePlayers"}, {"headers": ["VIDEO_AVAILABLE_FLAG"], "rowSet": [[1]], "name": "AvailableVideo"}], "parameters": {"GameID": "0021300023", "RangeType": 0, "StartPeriod": 0, "StartRange": 0, "EndPeriod": 0, "EndRange": 0}}