{"resource": "boxscore", "resultSets": [{"headers": ["GAME_DATE_EST", "GAME_SEQUENCE", "GAME_ID", "GAME_STATUS_ID", "GAME_STATUS_TEXT", "GAMECODE", "HOME_TEAM_ID", "VISITOR_TEAM_ID", "SEASON", "LIVE_PERIOD", "LIVE_PC_TIME", "NATL_TV_BROADCASTER_ABBREVIATION", "LIVE_PERIOD_TIME_BCAST", "WH_STATUS"], "rowSet": [["2013-11-05T00:00:00", 4, "0021300054", 3, "Final", "20131105/CHANYK", 1610612752, 1610612766, "2013", 4, "", null, "Q4  - ", 1]], "name": "GameSummary"}, {"headers": ["GAME_DATE_EST", "GAME_SEQUENCE", "GAME_ID", "TEAM_ID", "TEAM_ABBREVIATION", "TEAM_CITY_NAME", "TEAM_WINS_LOSSES", "PTS_QTR1", "PTS_QTR2", "PTS_QTR3", "PTS_QTR4", "PTS_OT1", "PTS_OT2", "PTS_OT3", "PTS_OT4", "PTS_OT5", "PTS_OT6", "PTS_OT7", "PTS_OT8", "PTS_OT9", "PTS_OT10", "PTS"], "rowSet": [["2013-11-05T00:00:00", 4, "0021300054", 1610612752, "NYK", "New York", "1-3", 28, 26, 22, 21, 0, 0, 0, 0, 0, 0, 0, 0, 0, 0, 97], ["2013-11-05T00:00:00", 4, "0021300054", 1610612766, "CHA", "Charlotte", "2-2", 31, 33, 18, 20, 0, 0, 0, 0, 0, 0, 0, 0, 0, 0, 102]], "name": "LineScore"}, {"headers": ["GAME_ID", "HOME_TEAM_ID", "VISITOR_TEAM_ID", "GAME_DATE_EST", "HOME_TEAM_WINS", "HOME_TEAM_LOSSES", "SERIES_LEADER"], "rowSet": [["0021300054", 1610612752, 1610612766, "2013-11-05T00:00:00", 1, 2, "Charlotte"]], "name": "SeasonSeries"}, {"headers": ["GAME_ID", "LAST_GAME_ID", "LAST_GAME_DATE_EST", "LAST_GAME_HOME_TEAM_ID", "LAST_GAME_HOME_TEAM_CITY", "LAST_GAME_HOME_TEAM_NAME", "LAST_GAME_HOME_TEAM_ABBREVIATION", "LAST_GAME_HOME_TEAM_POINTS", "LAST_GAME_VISITOR_TEAM_ID", "LAST_GAME_VISITOR_TEAM_CITY", "LAST_GAME_VISITOR_TEAM_NAME", "LAST_GAME_VISITOR_TEAM_CITY1", "LAST_GAME_VISITOR_TEAM_POINTS"], "rowSet": [["0021300054", "0011300112", "2013-10-25T00:00:00", 1610612752, "New York", "Knicks", "NYK", 83, 1610612766, "Charlotte", "Bobcats", "CHA", 85]], "name": "LastMeeting"}, {"headers": ["GAME_ID", "TEAM_ID", "TEAM_ABBREVIATION", "TEAM_CITY", "PLAYER_ID", "PLAYER_NAME", "START_POSITION", "COMMENT", "MIN", "FGM", "FGA", "FG_PCT", "FG3M", "FG3A", "FG3_PCT", "FTM", "FTA", "FT_PCT", "OREB", "DREB", "REB", "AST", "STL", "BLK", "TO", "PF", "PTS", "PLUS_MINUS"], "rowSet": [["0021300054", 1610612766, "CHA", "Charlotte", 203077, "Michael Kidd-Gilchrist", "F", "", "25:59", 5, 7, 0.714, 0, 1, 0.0, 6, 8, 0.75, 4, 4, 8, 1, 1, 3, 3, 4, 16, 11.0], ["0021300054", 1610612766, "CHA", "Charlotte", 201177, "Josh McRoberts", "F", "", "21:31", 0, 4, 0.0, 0, 3, 0.0, 2, 2, 1.0, 1, 0, 1, 1, 1, 0, 2, 3, 2, 4.0], ["0021300054", 1610612766, "CHA", "Charlotte", 202687, "Bismack Biyombo", "C", "", "18:35", 0, 1, 0.0, 0, 0, 0.0, 1, 2, 0.5, 1, 5, 6, 0, 0, 1, 4, 2, 1, -3.0], ["0021300054", 1610612766, "CHA", "Charlotte", 201945, "Gerald Henderson", "G", "", "35:40", 5, 13, 0.385, 1, 1, 1.0, 7, 8, 0.875, 1, 7, 8, 2, 2, 0, 2, 0, 18, 1.0], ["0021300054", 1610612766, "CHA", "Charlotte", 202689, "Kemba Walker", "G", "", "35:20", 9, 20, 0.45, 3, 7, 0.429, 4, 5, 0.8, 0, 5, 5, 6, 1, 0, 3, 2, 25, 3.0], ["0021300054", 1610612766, "CHA", "Charlotte", 203469, "Cody Zeller", "", "", "18:00", 2, 3, 0.667, 0, 0, 0.0, 3, 4, 0.75, 2, 3, 5, 1, 1, 0, 3, 4, 7, -5.0], ["0021300054", 1610612766, "CHA", "Charlotte", 203106, "Jeff Taylor", "", "", "18:24", 5, 9, 0.556, 2, 4, 0.5, 1, 2, 0.5, 2, 2, 4, 1, 0, 0, 2, 5, 13, 0.0], ["0021300054", 1610612766, "CHA", "Charlotte", 201229, "Anthony Tolliver", "", "", "22:11", 2, 4, 0.5, 2, 4, 0.5, 2, 2, 1.0, 2, 3, 5, 0, 0, 0, 0, 1, 8, 6.0], ["0021300054", 1610612766, "CHA", "Charlotte", 201196, "Ramon Sessions", "", "", "22:29", 1, 9, 0.111, 0, 1, 0.0, 8, 9, 0.889, 1, 0, 1, 4, 2, 0, 3, 2, 10, 2.0], ["0021300054", 1610612766, "CHA", "Charlotte", 202399, "Jeff Adrien", "", "", "21:51", 1, 1, 1.0, 0, 0, 0.0, 0, 0, 0.0, 2, 6, 8, 1, 1, 1, 0, 2, 2, 6.0], ["0021300054", 1610612766, "CHA", "Charlotte", 2732, "Ben Gordon", "", "DNP - Coach's Decision", null, null, null, null, null, null, null, null, null, null, null, null, null, null, null, null, null, null, null, null], ["0021300054", 1610612766, "CHA", "Charlotte", 2457, "Jannero Pargo", "", "DNP - Coach's Decision", null, null, null, null, null, null, null, null, null, null, null, null, null, null, null, null, null, null, null, null], ["0021300054", 1610612766, "CHA", "Charlotte", 203480, "James Southerland", "", "DNP - Coach's Decision", null, null, null, null, null, null, null, null, null, null, null, null, null, null, null, null, null, null, null, null], ["0021300054", 1610612752, "NYK", "New York", 2546, "Carmelo Anthony", "F", "", "44:37", 10, 28, 0.357, 2, 5, 0.4, 10, 10, 1.0, 1, 4, 5, 2, 2, 0, 2, 3, 32, -5.0], ["0021300054", 1610612752, "NYK", "New York", 200745, "Andrea Bargnani", "F", "", "23:02", 2, 5, 0.4, 0, 0, 0.0, 2, 2, 1.0, 1, 1, 2, 0, 0, 0, 1, 2, 6, -7.0], ["0021300054", 1610612752, "NYK", "New York", 2199, "Tyson Chandler", "C", "", "6:35", 1, 1, 1.0, 0, 0, 0.0, 0, 1, 0.0, 2, 0, 2, 1, 0, 1, 0, 1, 2, -1.0], ["0021300054", 1610612752, "NYK", "New York", 101109, "Raymond Felton", "G", "", "37:18", 6, 15, 0.4, 2, 7, 0.286, 0, 0, 0.0, 3, 3, 6, 2, 2, 1, 2, 3, 14, -5.0], ["0021300054", 1610612752, "NYK", "New York", 202697, "Iman Shumpert", "G", "", "32:40", 4, 8, 0.5, 1, 4, 0.25, 5, 6, 0.833, 0, 5, 5, 2, 3, 0, 1, 5, 14, -1.0], ["0021300054", 1610612752, "NYK", "New York", 1897, "Metta World Peace", "", "", "32:29", 7, 13, 0.538, 2, 7, 0.286, 2, 2, 1.0, 1, 5, 6, 1, 3, 0, 3, 5, 18, -2.0], ["0021300054", 1610612752, "NYK", "New York", 203501, "Timothy Hardaway Jr.", "", "", "11:43", 2, 7, 0.286, 0, 4, 0.0, 0, 0, 0.0, 1, 0, 1, 1, 0, 0, 0, 1, 4, -8.0], ["0021300054", 1610612752, "NYK", "New York", 203143, "Pablo Prigioni", "", "", "18:30", 1, 1, 1.0, 1, 1, 1.0, 0, 0, 0.0, 1, 1, 2, 1, 1, 0, 0, 2, 3, -2.0], ["0021300054", 1610612752, "NYK", "New York", 2405, "Amar'e Stoudemire", "", "", "11:13", 1, 3, 0.333, 0, 0, 0.0, 0, 0, 0.0, 1, 2, 3, 1, 0, 0, 5, 0, 2, 1.0], ["0021300054", 1610612752, "NYK", "New York", 2757, "Beno Udrih", "", "", "3:36", 0, 0, 0.0, 0, 0, 0.0, 0, 2, 0.0, 0, 0, 0, 1, 0, 0, 0, 1, 0, 0.0], ["0021300054", 1610612752, "NYK", "New York", 2030, "Kenyon Martin", "", "", "18:17", 1, 1, 1.0, 0, 0, 0.0, 0, 0, 0.0, 0, 1, 1, 0, 0, 2, 0, 4, 2, 5.0], ["0021300054", 1610612752, "NYK", "New York", 203315, "Toure Murry", "", "DNP - Coach's Decision", null, null, null, null, null, null, null, null, null, null, null, null, null, null, null, null, null, null, null, null], ["0021300054", 1610612752, "NYK", "New York", 2747, "J.R. Smith", "", "NWT - NBA Suspension", null, null, null, null, null, null, null, null, null, null, null, null, null, null, null, null, null, null, null, null]], "name": "PlayerStats"}, {"headers": ["GAME_ID", "TEAM_ID", "TEAM_NAME", "TEAM_ABBREVIATION", "TEAM_CITY", "MIN", "FGM", "FGA", "FG_PCT", "FG3M", "FG3A", "FG3_PCT", "FTM", "FTA", "FT_PCT", "OREB", "DREB", "REB", "AST", "STL", "BLK", "TO", "PF", "PTS", "PLUS_MINUS"], "rowSet": [["0021300054", 1610612752, "Knicks", "NYK", "New York", "240:00", 35, 82, 0.427, 8, 28, 0.286, 19, 23, 0.826, 11, 22, 33, 12, 11, 4, 14, 27, 97, -5.0], ["0021300054", 1610612766, "Bobcats", "CHA", "Charlotte", "240:00", 30, 71, 0.423, 8, 21, 0.381, 34, 42, 0.81, 16, 35, 51, 17, 9, 5, 22, 25, 102, 5.0]], "name": "TeamStats"}, {"headers": ["LEAGUE_ID", "SEASON_ID", "TEAM_ID", "TEAM_ABBREVIATION", "TEAM_CITY", "PTS_PAINT", "PTS_2ND_CHANCE", "PTS_FB", "LARGEST_LEAD", "LEAD_CHANGES", "TIMES_TIED"], "rowSet": [["00", "22013", 1610612752, "NYK", "New York", 28, 15, 2, 13, 1, 3], ["00", "22013", 1610612766, "CHA", "Charlotte", 34, 25, 12, 12, 1, 3]], "name": "OtherStats"}, {"headers": ["OFFICIAL_ID", "FIRST_NAME", "LAST_NAME", "JERSEY_NUM"], "rowSet": [[1185, "Violet", "Palmer", "12"], [1151, "Sean", "Corbin", "33"], [2714, "David", "Guthrie", "16"]], "name": "Officials"}, {"headers": ["GAME_DATE", "ATTENDANCE", "GAME_TIME"], "rowSet": [["TUESDAY, NOVEMBER 5, 2013", 19812, "2:42"]], "name": "GameInfo"}, {"headers": ["PLAYER_ID", "FIRST_NAME", "LAST_NAME", "JERSEY_NUM", "TEAM_ID", "TEAM_CITY", "TEAM_NAME", "TEAM_ABBREVIATION"], "rowSet": [[2744, "Al", "Jefferson", "25", 1610612766, "Charlotte", "Bobcats", "CHA"], [2217, "Brendan", "Haywood", "33", 1610612766, "Charlotte", "Bobcats", "CHA"], [203147, "Chris", "Smith", " 0", 1610612752, "New York", "Knicks", "NYK"], [202332, "Cole", "Aldrich", "45", 1610612752, "New York", "Knicks", "NYK"]], "name": "InactivePlayers"}, {"headers": ["VIDEO_AVAILABLE_FLAG"], "rowSet": [[1]], "name": "AvailableVideo"}], "parameters": {"GameID": "0021300054", "RangeType": 0, "StartPeriod": 0, "StartRange": 0, "EndPeriod": 0, "EndRange": 0}}