{"resource": "boxscore", "resultSets": [{"headers": ["GAME_DATE_EST", "GAME_SEQUENCE", "GAME_ID", "GAME_STATUS_ID", "GAME_STATUS_TEXT", "GAMECODE", "HOME_TEAM_ID", "VISITOR_TEAM_ID", "SEASON", "LIVE_PERIOD", "LIVE_PC_TIME", "NATL_TV_BROADCASTER_ABBREVIATION", "LIVE_PERIOD_TIME_BCAST", "WH_STATUS"], "rowSet": [["2013-11-01T00:00:00", 2, "0021300021", 3, "Final", "20131101/NOPORL", 1610612753, 1610612740, "2013", 4, "", null, "Q4  - ", 1]], "name": "GameSummary"}, {"headers": ["GAME_DATE_EST", "GAME_SEQUENCE", "GAME_ID", "TEAM_ID", "TEAM_ABBREVIATION", "TEAM_CITY_NAME", "TEAM_WINS_LOSSES", "PTS_QTR1", "PTS_QTR2", "PTS_QTR3", "PTS_QTR4", "PTS_OT1", "PTS_OT2", "PTS_OT3", "PTS_OT4", "PTS_OT5", "PTS_OT6", "PTS_OT7", "PTS_OT8", "PTS_OT9", "PTS_OT10", "PTS"], "rowSet": [["2013-11-01T00:00:00", 2, "0021300021", 1610612740, "NOP", "New Orleans", "0-2", 20, 15, 25, 30, 0, 0, 0, 0, 0, 0, 0, 0, 0, 0, 90], ["2013-11-01T00:00:00", 2, "0021300021", 1610612753, "ORL", "Orlando", "1-2", 22, 31, 32, 25, 0, 0, 0, 0, 0, 0, 0, 0, 0, 0, 110]], "name": "LineScore"}, {"headers": ["GAME_ID", "HOME_TEAM_ID", "VISITOR_TEAM_ID", "GAME_DATE_EST", "HOME_TEAM_WINS", "HOME_TEAM_LOSSES", "SERIES_LEADER"], "rowSet": [["0021300021", 1610612753, 1610612740, "2013-11-01T00:00:00", 1, 0, "Orlando"]], "name": "SeasonSeries"}, {"headers": ["GAME_ID", "LAST_GAME_ID", "LAST_GAME_DATE_EST", "LAST_GAME_HOME_TEAM_ID", "LAST_GAME_HOME_TEAM_CITY", "LAST_GAME_HOME_TEAM_NAME", "LAST_GAME_HOME_TEAM_ABBREVIATION", "LAST_GAME_HOME_TEAM_POINTS", "LAST_GAME_VISITOR_TEAM_ID", "LAST_GAME_VISITOR_TEAM_CITY", "LAST_GAME_VISITOR_TEAM_NAME", "LAST_GAME_VISITOR_TEAM_CITY1", "LAST_GAME_VISITOR_TEAM_POINTS"], "rowSet": [["0021300021", "0011300108", "2013-10-25T00:00:00", 1610612753, "Orlando", "Magic", "ORL", 82, 1610612740, "New Orleans", "Pelicans", "NOP", 101]], "name": "LastMeeting"}, {"headers": ["GAME_ID", "TEAM_ID", "TEAM_ABBREVIATION", "TEAM_CITY", "PLAYER_ID", "PLAYER_NAME", "START_POSITION", "COMMENT", "MIN", "FGM", "FGA", "FG_PCT", "FG3M", "FG3A", "FG3_PCT", "FTM", "FTA", "FT_PCT", "OREB", "DREB", "REB", "AST", "STL", "BLK", "TO", "PF", "PTS", "PLUS_MINUS"], "rowSet": [["0021300021", 1610612740, "NOP", "New Orleans", 202329, "Al-Farouq Aminu", "F", "", "17:22", 2, 4, 0.5, 0, 0, 0.0, 0, 0, 0.0, 1, 2, 3, 3, 0, 0, 2, 1, 4, -9.0], ["0021300021", 1610612740, "NOP", "New Orleans", 203076, "Anthony Davis", "F", "", "38:20", 9, 23, 0.391, 0, 0, 0.0, 8, 8, 1.0, 8, 9, 17, 1, 1, 3, 0, 4, 26, -10.0], ["0021300021", 1610612740, "NOP", "New Orleans", 201160, "Jason Smith", "C", "", "26:13", 3, 12, 0.25, 0, 0, 0.0, 0, 0, 0.0, 3, 3, 6, 0, 1, 1, 0, 3, 6, -14.0], ["0021300021", 1610612740, "NOP", "New Orleans", 201569, "Eric Gordon", "G", "", "28:19", 4, 11, 0.364, 1, 2, 0.5, 3, 6, 0.5, 1, 1, 2, 2, 1, 0, 0, 2, 12, -12.0], ["0021300021", 1610612740, "NOP", "New Orleans", 201950, "Jrue Holiday", "G", "", "34:11", 7, 19, 0.368, 1, 2, 0.5, 2, 2, 1.0, 0, 0, 0, 5, 3, 0, 4, 4, 17, -17.0], ["0021300021", 1610612740, "NOP", "New Orleans", 201936, "Tyreke Evans", "", "", "17:23", 0, 7, 0.0, 0, 2, 0.0, 0, 0, 0.0, 0, 1, 1, 3, 0, 0, 2, 3, 0, -14.0], ["0021300021", 1610612740, "NOP", "New Orleans", 201880, "Greg Stiemsma", "", "", "16:48", 0, 2, 0.0, 0, 0, 0.0, 1, 2, 0.5, 1, 5, 6, 0, 0, 0, 1, 2, 1, -11.0], ["0021300021", 1610612740, "NOP", "New Orleans", 201627, "Anthony Morrow", "", "", "18:16", 4, 5, 0.8, 4, 4, 1.0, 2, 2, 1.0, 1, 3, 4, 0, 1, 1, 0, 1, 14, -8.0], ["0021300021", 1610612740, "NOP", "New Orleans", 203148, "Brian Roberts", "", "", "15:51", 2, 4, 0.5, 0, 1, 0.0, 0, 0, 0.0, 0, 1, 1, 1, 0, 0, 2, 0, 4, -5.0], ["0021300021", 1610612740, "NOP", "New Orleans", 202620, "Arinze Onuaku", "", "", "9:52", 0, 1, 0.0, 0, 0, 0.0, 1, 2, 0.5, 1, 1, 2, 0, 0, 0, 0, 0, 1, -6.0], ["0021300021", 1610612740, "NOP", "New Orleans", 203085, "Austin Rivers", "", "", "12:38", 1, 4, 0.25, 0, 1, 0.0, 1, 2, 0.5, 1, 1, 2, 1, 0, 0, 0, 1, 3, 5.0], ["0021300021", 1610612740, "NOP", "New Orleans", 203481, "Jeff Withey", "", "", "4:47", 0, 0, 0.0, 0, 0, 0.0, 2, 2, 1.0, 0, 0, 0, 0, 0, 0, 1, 0, 2, 1.0], ["0021300021", 1610612740, "NOP", "New Orleans", 202498, "Lance Thomas", "", "DNP - Coach's Decision", null, null, null, null, null, null, null, null, null, null, null, null, null, null, null, null, null, null, null, null], ["0021300021", 1610612753, "ORL", "Orlando", 203090, "Maurice Harkless", "F", "", "27:26", 6, 10, 0.6, 2, 4, 0.5, 6, 8, 0.75, 3, 5, 8, 0, 4, 0, 6, 1, 20, 18.0], ["0021300021", 1610612753, "ORL", "Orlando", 101131, "Jason Maxiell", "F", "", "16:24", 1, 2, 0.5, 0, 0, 0.0, 0, 0, 0.0, 1, 1, 2, 0, 1, 1, 1, 1, 2, 6.0], ["0021300021", 1610612753, "ORL", "Orlando", 202696, "Nikola Vucevic", "C", "", "27:26", 4, 6, 0.667, 0, 0, 0.0, 2, 4, 0.5, 0, 7, 7, 3, 0, 0, 0, 2, 10, 24.0], ["0021300021", 1610612753, "ORL", "Orlando", 201167, "Arron Afflalo", "G", "", "35:21", 10, 14, 0.714, 4, 5, 0.8, 6, 7, 0.857, 0, 4, 4, 4, 0, 0, 3, 0, 30, 12.0], ["0021300021", 1610612753, "ORL", "Orlando", 2749, "Jameer Nelson", "G", "", "23:45", 3, 8, 0.375, 2, 5, 0.4, 2, 2, 1.0, 0, 4, 4, 5, 0, 0, 1, 4, 10, 19.0], ["0021300021", 1610612753, "ORL", "Orlando", 203094, "Andrew Nicholson", "", "", "29:57", 4, 10, 0.4, 1, 4, 0.25, 0, 0, 0.0, 0, 5, 5, 0, 0, 0, 3, 3, 9, 13.0], ["0021300021", 1610612753, "ORL", "Orlando", 203506, "Victor Oladipo", "", "", "31:20", 4, 10, 0.4, 1, 2, 0.5, 1, 2, 0.5, 0, 6, 6, 6, 4, 2, 4, 4, 10, 12.0], ["0021300021", 1610612753, "ORL", "Orlando", 202734, "E'Twaun Moore", "", "", "22:16", 1, 2, 0.5, 1, 2, 0.5, 2, 2, 1.0, 0, 0, 0, 3, 1, 0, 0, 2, 5, -1.0], ["0021300021", 1610612753, "ORL", "Orlando", 203124, "Kyle O'Quinn", "", "", "22:13", 6, 8, 0.75, 0, 0, 0.0, 2, 2, 1.0, 0, 6, 6, 1, 0, 4, 0, 2, 14, -3.0], ["0021300021", 1610612753, "ORL", "Orlando", 101179, "Ronnie Price", "", "", "3:52", 0, 0, 0.0, 0, 0, 0.0, 0, 0, 0.0, 1, 1, 2, 0, 1, 0, 0, 0, 0, 0.0], ["0021300021", 1610612753, "ORL", "Orlando", 202699, "Tobias Harris", "", "DND - Left Ankle Sprain", null, null, null, null, null, null, null, null, null, null, null, null, null, null, null, null, null, null, null, null], ["0021300021", 1610612753, "ORL", "Orlando", 200780, "Solomon Jones", "", "DND - Torn Meniscus Left Knee", null, null, null, null, null, null, null, null, null, null, null, null, null, null, null, null, null, null, null, null], ["0021300021", 1610612753, "ORL", "Orlando", 203117, "Doron Lamb", "", "DNP - Coach's Decision", null, null, null, null, null, null, null, null, null, null, null, null, null, null, null, null, null, null, null, null]], "name": "PlayerStats"}, {"headers": ["GAME_ID", "TEAM_ID", "TEAM_NAME", "TEAM_ABBREVIATION", "TEAM_CITY", "MIN", "FGM", "FGA", "FG_PCT", "FG3M", "FG3A", "FG3_PCT", "FTM", "FTA", "FT_PCT", "OREB", "DREB", "REB", "AST", "STL", "BLK", "TO", "PF", "PTS", "PLUS_MINUS"], "rowSet": [["0021300021", 1610612753, "Magic", "ORL", "Orlando", "240:00", 39, 70, 0.557, 11, 22, 0.5, 21, 27, 0.778, 5, 39, 44, 22, 11, 7, 18, 19, 110, 20.0], ["0021300021", 1610612740, "Pelicans", "NOP", "New Orleans", "240:00", 32, 92, 0.348, 6, 12, 0.5, 20, 26, 0.769, 17, 27, 44, 16, 7, 5, 12, 21, 90, -20.0]], "name": "TeamStats"}, {"headers": ["LEAGUE_ID", "SEASON_ID", "TEAM_ID", "TEAM_ABBREVIATION", "TEAM_CITY", "PTS_PAINT", "PTS_2ND_CHANCE", "PTS_FB", "LARGEST_LEAD", "LEAD_CHANGES", "TIMES_TIED"], "rowSet": [["00", "22013", 1610612753, "ORL", "Orlando", 34, 8, 15, 30, 1, 0], ["00", "22013", 1610612740, "NOP", "New Orleans", 36, 13, 15, 30, 1, 0]], "name": "OtherStats"}, {"headers": ["OFFICIAL_ID", "FIRST_NAME", "LAST_NAME", "JERSEY_NUM"], "rowSet": [[1174, "Ken", "Mauer", "41"], [2882, "Sean", "Wright", "65"], [201245, "Marat", "Kogut", "68"]], "name": "Officials"}, {"headers": ["GAME_DATE", "ATTENDANCE", "GAME_TIME"], "rowSet": [["FRIDAY, NOVEMBER 1, 2013", 18846, "2:13"]], "name": "GameInfo"}, {"headers": ["PLAYER_ID", "FIRST_NAME", "LAST_NAME", "JERSEY_NUM", "TEAM_ID", "TEAM_CITY", "TEAM_NAME", "TEAM_ABBREVIATION"], "rowSet": [[2045, "Hedo", "Turkoglu", "15", 1610612753, "Orlando", "Magic", "ORL"], [201175, "Glen", "Davis", "11", 1610612753, "Orlando", "Magic", "ORL"], [201583, "Ryan", "Anderson", "33", 1610612740, "New Orleans", "Pelicans", "NOP"], [203121, "Darius", "Miller", " 2", 1610612740, "New Orleans", "Pelicans", "NOP"]], "name": "InactivePlayers"}, {"headers": ["VIDEO_AVAILABLE_FLAG"], "rowSet": [[1]], "name": "AvailableVideo"}], "parameters": {"GameID": "0021300021", "RangeType": 0, "StartPeriod": 0, "StartRange": 0, "EndPeriod": 0, "EndRange": 0}}