{"resource": "boxscore", "resultSets": [{"headers": ["GAME_DATE_EST", "GAME_SEQUENCE", "GAME_ID", "GAME_STATUS_ID", "GAME_STATUS_TEXT", "GAMECODE", "HOME_TEAM_ID", "VISITOR_TEAM_ID", "SEASON", "LIVE_PERIOD", "LIVE_PC_TIME", "NATL_TV_BROADCASTER_ABBREVIATION", "LIVE_PERIOD_TIME_BCAST", "WH_STATUS"], "rowSet": [["2013-10-30T00:00:00", 4, "0021300007", 3, "Final", "20131030/WASDET", 1610612765, 1610612764, "2013", 4, "", null, "Q4  - ", 1]], "name": "GameSummary"}, {"headers": ["GAME_DATE_EST", "GAME_SEQUENCE", "GAME_ID", "TEAM_ID", "TEAM_ABBREVIATION", "TEAM_CITY_NAME", "TEAM_WINS_LOSSES", "PTS_QTR1", "PTS_QTR2", "PTS_QTR3", "PTS_QTR4", "PTS_OT1", "PTS_OT2", "PTS_OT3", "PTS_OT4", "PTS_OT5", "PTS_OT6", "PTS_OT7", "PTS_OT8", "PTS_OT9", "PTS_OT10", "PTS"], "rowSet": [["2013-10-30T00:00:00", 4, "0021300007", 1610612764, "WAS", "Washington", "0-1", 22, 21, 30, 29, 0, 0, 0, 0, 0, 0, 0, 0, 0, 0, 102], ["2013-10-30T00:00:00", 4, "0021300007", 1610612765, "DET", "Detroit", "1-0", 25, 30, 26, 32, 0, 0, 0, 0, 0, 0, 0, 0, 0, 0, 113]], "name": "LineScore"}, {"headers": ["GAME_ID", "HOME_TEAM_ID", "VISITOR_TEAM_ID", "GAME_DATE_EST", "HOME_TEAM_WINS", "HOME_TEAM_LOSSES", "SERIES_LEADER"], "rowSet": [["0021300007", 1610612765, 1610612764, "2013-10-30T00:00:00", 2, 2, "Tied"]], "name": "SeasonSeries"}, {"headers": ["GAME_ID", "LAST_GAME_ID", "LAST_GAME_DATE_EST", "LAST_GAME_HOME_TEAM_ID", "LAST_GAME_HOME_TEAM_CITY", "LAST_GAME_HOME_TEAM_NAME", "LAST_GAME_HOME_TEAM_ABBREVIATION", "LAST_GAME_HOME_TEAM_POINTS", "LAST_GAME_VISITOR_TEAM_ID", "LAST_GAME_VISITOR_TEAM_CITY", "LAST_GAME_VISITOR_TEAM_NAME", "LAST_GAME_VISITOR_TEAM_CITY1", "LAST_GAME_VISITOR_TEAM_POINTS"], "rowSet": [["0021300007", "0011300090", "2013-10-22T00:00:00", 1610612765, "Detroit", "Pistons", "DET", 99, 1610612764, "Washington", "Wizards", "WAS", 96]], "name": "LastMeeting"}, {"headers": ["GAME_ID", "TEAM_ID", "TEAM_ABBREVIATION", "TEAM_CITY", "PLAYER_ID", "PLAYER_NAME", "START_POSITION", "COMMENT", "MIN", "FGM", "FGA", "FG_PCT", "FG3M", "FG3A", "FG3_PCT", "FTM", "FTA", "FT_PCT", "OREB", "DREB", "REB", "AST", "STL", "BLK", "TO", "PF", "PTS", "PLUS_MINUS"], "rowSet": [["0021300007", 1610612764, "WAS", "Washington", 2772, "Trevor Ariza", "F", "", "37:38", 8, 14, 0.571, 6, 11, 0.545, 6, 8, 0.75, 1, 9, 10, 3, 1, 0, 2, 4, 28, -9.0], ["0021300007", 1610612764, "WAS", "Washington", 202344, "Trevor Booker", "F", "", "20:17", 1, 3, 0.333, 0, 0, 0.0, 0, 0, 0.0, 4, 1, 5, 3, 0, 0, 1, 3, 2, 3.0], ["0021300007", 1610612764, "WAS", "Washington", 2403, "Nene", "C", "", "30:18", 4, 6, 0.667, 0, 0, 0.0, 4, 7, 0.571, 1, 2, 3, 1, 1, 1, 0, 4, 12, -10.0], ["0021300007", 1610612764, "WAS", "Washington", 203078, "Bradley Beal", "G", "", "38:15", 6, 18, 0.333, 2, 6, 0.333, 3, 3, 1.0, 1, 3, 4, 2, 0, 0, 3, 3, 17, -3.0], ["0021300007", 1610612764, "WAS", "Washington", 202322, "John Wall", "G", "", "38:59", 8, 21, 0.381, 0, 4, 0.0, 4, 6, 0.667, 2, 0, 2, 11, 3, 0, 4, 3, 20, -8.0], ["0021300007", 1610612764, "WAS", "Washington", 101162, "Marcin Gortat", "", "", "16:53", 3, 6, 0.5, 0, 0, 0.0, 3, 4, 0.75, 4, 5, 9, 0, 0, 1, 3, 5, 9, -6.0], ["0021300007", 1610612764, "WAS", "Washington", 1733, "Al Harrington", "", "", "18:24", 1, 4, 0.25, 0, 1, 0.0, 2, 2, 1.0, 0, 0, 0, 1, 0, 0, 2, 4, 4, -6.0], ["0021300007", 1610612764, "WAS", "Washington", 201953, "Eric Maynor", "", "", "9:01", 1, 3, 0.333, 1, 1, 1.0, 0, 0, 0.0, 0, 2, 2, 1, 0, 0, 0, 0, 3, -3.0], ["0021300007", 1610612764, "WAS", "Washington", 101110, "Martell Webster", "", "", "20:55", 1, 1, 1.0, 1, 1, 1.0, 2, 2, 1.0, 0, 2, 2, 0, 0, 0, 0, 2, 5, -3.0], ["0021300007", 1610612764, "WAS", "Washington", 202066, "Garrett Temple", "", "", "5:03", 0, 1, 0.0, 0, 1, 0.0, 0, 0, 0.0, 0, 0, 0, 1, 0, 1, 0, 1, 0, -7.0], ["0021300007", 1610612764, "WAS", "Washington", 202338, "Kevin Seraphin", "", "", "4:17", 1, 1, 1.0, 0, 0, 0.0, 0, 0, 0.0, 0, 1, 1, 0, 0, 0, 1, 1, 2, -3.0], ["0021300007", 1610612764, "WAS", "Washington", 203318, "Glen Rice Jr.", "", "DNP - Coach's Decision", null, null, null, null, null, null, null, null, null, null, null, null, null, null, null, null, null, null, null, null], ["0021300007", 1610612764, "WAS", "Washington", 202686, "Jan Vesely", "", "DNP - Coach's Decision", null, null, null, null, null, null, null, null, null, null, null, null, null, null, null, null, null, null, null, null], ["0021300007", 1610612765, "DET", "Detroit", 2746, "Josh Smith", "F", "", "39:43", 8, 12, 0.667, 3, 7, 0.429, 0, 0, 0.0, 1, 4, 5, 5, 0, 1, 4, 5, 19, 13.0], ["0021300007", 1610612765, "DET", "Detroit", 202328, "Greg Monroe", "F", "", "41:26", 6, 15, 0.4, 0, 0, 0.0, 12, 15, 0.8, 5, 11, 16, 3, 1, 1, 5, 3, 24, 8.0], ["0021300007", 1610612765, "DET", "Detroit", 203083, "Andre Drummond", "C", "", "26:18", 6, 7, 0.857, 0, 0, 0.0, 0, 0, 0.0, 3, 5, 8, 1, 0, 0, 1, 5, 12, 4.0], ["0021300007", 1610612765, "DET", "Detroit", 1497, "Chauncey Billups", "G", "", "30:38", 4, 8, 0.5, 4, 5, 0.8, 4, 4, 1.0, 1, 2, 3, 5, 1, 0, 1, 3, 16, 6.0], ["0021300007", 1610612765, "DET", "Detroit", 101198, "Will Bynum", "G", "", "38:05", 7, 13, 0.538, 1, 2, 0.5, 4, 6, 0.667, 0, 1, 1, 5, 2, 1, 4, 4, 19, 9.0], ["0021300007", 1610612765, "DET", "Detroit", 203484, "Kentavious Caldwell-Pope", "", "", "27:04", 4, 12, 0.333, 0, 3, 0.0, 1, 2, 0.5, 0, 1, 1, 2, 2, 0, 2, 4, 9, 7.0], ["0021300007", 1610612765, "DET", "Detroit", 202713, "Kyle Singler", "", "", "27:20", 2, 6, 0.333, 1, 5, 0.2, 3, 3, 1.0, 2, 6, 8, 1, 0, 0, 0, 2, 8, 8.0], ["0021300007", 1610612765, "DET", "Detroit", 201973, "Jonas Jerebko", "", "", "8:29", 2, 5, 0.4, 0, 2, 0.0, 2, 3, 0.667, 0, 1, 1, 2, 0, 1, 1, 1, 6, 0.0], ["0021300007", 1610612765, "DET", "Detroit", 203491, "Peyton Siva", "", "", "0:19", 0, 0, 0.0, 0, 0, 0.0, 0, 0, 0.0, 0, 0, 0, 0, 0, 0, 0, 0, 0, 0.0], ["0021300007", 1610612765, "DET", "Detroit", 203502, "Tony Mitchell", "", "", "0:19", 0, 0, 0.0, 0, 0, 0.0, 0, 0, 0.0, 0, 1, 1, 0, 0, 0, 0, 0, 0, 0.0], ["0021300007", 1610612765, "DET", "Detroit", 203540, "Gigi Datome", "", "", "0:19", 0, 0, 0.0, 0, 0, 0.0, 0, 0, 0.0, 0, 0, 0, 0, 0, 0, 0, 0, 0, 0.0], ["0021300007", 1610612765, "DET", "Detroit", 202725, "Josh Harrellson", "", "DNP - Coach's Decision", null, null, null, null, null, null, null, null, null, null, null, null, null, null, null, null, null, null, null, null], ["0021300007", 1610612765, "DET", "Detroit", 101111, "Charlie Villanueva", "", "DNP - Coach's Decision", null, null, null, null, null, null, null, null, null, null, null, null, null, null, null, null, null, null, null, null]], "name": "PlayerStats"}, {"headers": ["GAME_ID", "TEAM_ID", "TEAM_NAME", "TEAM_ABBREVIATION", "TEAM_CITY", "MIN", "FGM", "FGA", "FG_PCT", "FG3M", "FG3A", "FG3_PCT", "FTM", "FTA", "FT_PCT", "OREB", "DREB", "REB", "AST", "STL", "BLK", "TO", "PF", "PTS", "PLUS_MINUS"], "rowSet": [["0021300007", 1610612764, "Wizards", "WAS", "Washington", "240:00", 34, 78, 0.436, 10, 25, 0.4, 24, 32, 0.75, 13, 25, 38, 23, 5, 3, 16, 30, 102, -11.0], ["0021300007", 1610612765, "Pistons", "DET", "Detroit", "240:00", 39, 78, 0.5, 9, 24, 0.375, 26, 33, 0.788, 12, 32, 44, 24, 6, 4, 18, 27, 113, 11.0]], "name": "TeamStats"}, {"headers": ["LEAGUE_ID", "SEASON_ID", "TEAM_ID", "TEAM_ABBREVIATION", "TEAM_CITY", "PTS_PAINT", "PTS_2ND_CHANCE", "PTS_FB", "LARGEST_LEAD", "LEAD_CHANGES", "TIMES_TIED"], "rowSet": [["00", "22013", 1610612764, "WAS", "Washington", 28, 12, 9, 15, 3, 2], ["00", "22013", 1610612765, "DET", "Detroit", 56, 16, 13, 14, 3, 2]], "name": "OtherStats"}, {"headers": ["OFFICIAL_ID", "FIRST_NAME", "LAST_NAME", "JERSEY_NUM"], "rowSet": [[1193, "Michael", "Smith", "38"], [1199, "Tom", "Washington", "49"], [202026, "Karl", "Lane", "77"]], "name": "Officials"}, {"headers": ["GAME_DATE", "ATTENDANCE", "GAME_TIME"], "rowSet": [["WEDNESDAY, OCTOBER 30, 2013", 19258, "2:27"]], "name": "GameInfo"}, {"headers": ["PLAYER_ID", "FIRST_NAME", "LAST_NAME", "JERSEY_NUM", "TEAM_ID", "TEAM_CITY", "TEAM_NAME", "TEAM_ABBREVIATION"], "rowSet": [[201155, "Rodney", "Stuckey", " 3", 1610612765, "Detroit", "Pistons", "DET"], [201943, "Brandon", "Jennings", " 7", 1610612765, "Detroit", "Pistons", "DET"], [203490, "Otto", "Porter", "22", 1610612764, "Washington", "Wizards", "WAS"], [202698, "Chris", "Singleton", "31", 1610612764, "Washington", "Wizards", "WAS"]], "name": "InactivePlayers"}, {"headers": ["VIDEO_AVAILABLE_FLAG"], "rowSet": [[1]], "name": "AvailableVideo"}], "parameters": {"GameID": "0021300007", "RangeType": 0, "StartPeriod": 0, "StartRange": 0, "EndPeriod": 0, "EndRange": 0}}