{"resource": "boxscore", "resultSets": [{"headers": ["GAME_DATE_EST", "GAME_SEQUENCE", "GAME_ID", "GAME_STATUS_ID", "GAME_STATUS_TEXT", "GAMECODE", "HOME_TEAM_ID", "VISITOR_TEAM_ID", "SEASON", "LIVE_PERIOD", "LIVE_PC_TIME", "NATL_TV_BROADCASTER_ABBREVIATION", "LIVE_PERIOD_TIME_BCAST", "WH_STATUS"], "rowSet": [["2013-11-04T00:00:00", 2, "0021300048", 3, "Final", "20131104/GSWPHI", 1610612755, 1610612744, "2013", 4, "", null, "Q4  - ", 1]], "name": "GameSummary"}, {"headers": ["GAME_DATE_EST", "GAME_SEQUENCE", "GAME_ID", "TEAM_ID", "TEAM_ABBREVIATION", "TEAM_CITY_NAME", "TEAM_WINS_LOSSES", "PTS_QTR1", "PTS_QTR2", "PTS_QTR3", "PTS_QTR4", "PTS_OT1", "PTS_OT2", "PTS_OT3", "PTS_OT4", "PTS_OT5", "PTS_OT6", "PTS_OT7", "PTS_OT8", "PTS_OT9", "PTS_OT10", "PTS"], "rowSet": [["2013-11-04T00:00:00", 2, "0021300048", 1610612755, "PHI", "Philadelphia", "3-1", 22, 20, 23, 25, 0, 0, 0, 0, 0, 0, 0, 0, 0, 0, 90], ["2013-11-04T00:00:00", 2, "0021300048", 1610612744, "GSW", "Golden State", "3-1", 36, 30, 32, 12, 0, 0, 0, 0, 0, 0, 0, 0, 0, 0, 110]], "name": "LineScore"}, {"headers": ["GAME_ID", "HOME_TEAM_ID", "VISITOR_TEAM_ID", "GAME_DATE_EST", "HOME_TEAM_WINS", "HOME_TEAM_LOSSES", "SERIES_LEADER"], "rowSet": [["0021300048", 1610612755, 1610612744, "2013-11-04T00:00:00", 0, 1, "Golden State"]], "name": "SeasonSeries"}, {"headers": ["GAME_ID", "LAST_GAME_ID", "LAST_GAME_DATE_EST", "LAST_GAME_HOME_TEAM_ID", "LAST_GAME_HOME_TEAM_CITY", "LAST_GAME_HOME_TEAM_NAME", "LAST_GAME_HOME_TEAM_ABBREVIATION", "LAST_GAME_HOME_TEAM_POINTS", "LAST_GAME_VISITOR_TEAM_ID", "LAST_GAME_VISITOR_TEAM_CITY", "LAST_GAME_VISITOR_TEAM_NAME", "LAST_GAME_VISITOR_TEAM_CITY1", "LAST_GAME_VISITOR_TEAM_POINTS"], "rowSet": [["0021300048", "0021200876", "2013-03-02T00:00:00", 1610612755, "Philadelphia", "76ers", "PHI", 104, 1610612744, "Golden State", "Warriors", "GSW", 97]], "name": "LastMeeting"}, {"headers": ["GAME_ID", "TEAM_ID", "TEAM_ABBREVIATION", "TEAM_CITY", "PLAYER_ID", "PLAYER_NAME", "START_POSITION", "COMMENT", "MIN", "FGM", "FGA", "FG_PCT", "FG3M", "FG3A", "FG3_PCT", "FTM", "FTA", "FT_PCT", "OREB", "DREB", "REB", "AST", "STL", "BLK", "TO", "PF", "PTS", "PLUS_MINUS"], "rowSet": [["0021300048", 1610612744, "GSW", "Golden State", 2738, "Andre Iguodala", "F", "", "32:39", 11, 18, 0.611, 7, 11, 0.636, 3, 4, 0.75, 1, 2, 3, 3, 3, 1, 1, 2, 32, 35.0], ["0021300048", 1610612744, "GSW", "Golden State", 101135, "David Lee", "F", "", "26:12", 8, 15, 0.533, 0, 0, 0.0, 2, 2, 1.0, 3, 4, 7, 2, 0, 0, 5, 0, 18, 34.0], ["0021300048", 1610612744, "GSW", "Golden State", 101106, "Andrew Bogut", "C", "", "22:57", 1, 1, 1.0, 0, 0, 0.0, 2, 4, 0.5, 0, 7, 7, 3, 2, 1, 1, 4, 4, 25.0], ["0021300048", 1610612744, "GSW", "Golden State", 202691, "Klay Thompson", "G", "", "29:38", 5, 12, 0.417, 4, 8, 0.5, 1, 2, 0.5, 1, 2, 3, 2, 2, 0, 1, 3, 15, 38.0], ["0021300048", 1610612744, "GSW", "Golden State", 201939, "Stephen Curry", "G", "", "29:13", 7, 16, 0.438, 2, 9, 0.222, 2, 2, 1.0, 3, 7, 10, 12, 5, 1, 2, 0, 18, 34.0], ["0021300048", 1610612744, "GSW", "Golden State", 201578, "Marreese Speights", "", "", "14:00", 4, 8, 0.5, 0, 1, 0.0, 1, 2, 0.5, 0, 2, 2, 0, 0, 1, 1, 3, 9, -8.0], ["0021300048", 1610612744, "GSW", "Golden State", 203110, "Draymond Green", "", "", "20:50", 1, 4, 0.25, 0, 1, 0.0, 0, 0, 0.0, 0, 9, 9, 2, 2, 2, 1, 2, 2, -3.0], ["0021300048", 1610612744, "GSW", "Golden State", 979, "Jermaine O'Neal", "", "", "12:06", 0, 3, 0.0, 0, 0, 0.0, 0, 0, 0.0, 1, 3, 4, 1, 1, 0, 1, 3, 0, -1.0], ["0021300048", 1610612744, "GSW", "Golden State", 201962, "Toney Douglas", "", "", "18:47", 1, 5, 0.2, 1, 4, 0.25, 0, 0, 0.0, 2, 1, 3, 2, 1, 0, 3, 3, 3, -14.0], ["0021300048", 1610612744, "GSW", "Golden State", 203145, "Kent Bazemore", "", "", "13:02", 2, 6, 0.333, 1, 2, 0.5, 2, 4, 0.5, 1, 2, 3, 1, 2, 1, 2, 2, 7, -15.0], ["0021300048", 1610612744, "GSW", "Golden State", 203517, "Nemanja Nedovic", "", "", "11:40", 1, 3, 0.333, 0, 2, 0.0, 0, 0, 0.0, 0, 1, 1, 0, 0, 0, 2, 0, 2, -14.0], ["0021300048", 1610612744, "GSW", "Golden State", 203136, "Ognjen Kuzmic", "", "", "8:56", 0, 1, 0.0, 0, 0, 0.0, 0, 0, 0.0, 1, 1, 2, 0, 0, 0, 2, 2, 0, -11.0], ["0021300048", 1610612744, "GSW", "Golden State", 203084, "Harrison Barnes", "", "DNP - Coach's Decision", null, null, null, null, null, null, null, null, null, null, null, null, null, null, null, null, null, null, null, null], ["0021300048", 1610612755, "PHI", "Philadelphia", 202323, "Evan Turner", "F", "", "25:05", 7, 12, 0.583, 0, 1, 0.0, 4, 5, 0.8, 2, 5, 7, 1, 3, 0, 5, 0, 18, -26.0], ["0021300048", 1610612755, "PHI", "Philadelphia", 201152, "Thaddeus Young", "F", "", "22:34", 3, 10, 0.3, 0, 2, 0.0, 0, 0, 0.0, 0, 2, 2, 1, 0, 0, 2, 1, 6, -29.0], ["0021300048", 1610612755, "PHI", "Philadelphia", 201150, "Spencer Hawes", "C", "", "26:22", 1, 6, 0.167, 1, 2, 0.5, 2, 4, 0.5, 3, 5, 8, 3, 0, 1, 3, 4, 5, -41.0], ["0021300048", 1610612755, "PHI", "Philadelphia", 202341, "James Anderson", "G", "", "25:30", 3, 7, 0.429, 1, 3, 0.333, 0, 0, 0.0, 2, 3, 5, 1, 0, 1, 0, 1, 7, -31.0], ["0021300048", 1610612755, "PHI", "Philadelphia", 203487, "Michael Carter-Williams", "G", "", "34:56", 4, 17, 0.235, 1, 7, 0.143, 9, 12, 0.75, 1, 5, 6, 4, 0, 0, 6, 3, 18, -23.0], ["0021300048", 1610612755, "PHI", "Philadelphia", 202730, "Lavoy Allen", "", "", "18:28", 1, 3, 0.333, 0, 0, 0.0, 0, 0, 0.0, 0, 8, 8, 1, 0, 0, 2, 2, 2, 1.0], ["0021300048", 1610612755, "PHI", "Philadelphia", 203100, "Tony Wroten", "", "", "22:19", 6, 14, 0.429, 1, 5, 0.2, 1, 5, 0.2, 1, 2, 3, 1, 0, 0, 0, 1, 14, -10.0], ["0021300048", 1610612755, "PHI", "Philadelphia", 202350, "Daniel Orton", "", "", "17:04", 0, 2, 0.0, 0, 0, 0.0, 1, 3, 0.333, 2, 4, 6, 1, 0, 0, 2, 2, 1, 15.0], ["0021300048", 1610612755, "PHI", "Philadelphia", 202721, "Darius Morris", "", "", "19:27", 2, 6, 0.333, 0, 3, 0.0, 4, 5, 0.8, 1, 1, 2, 5, 4, 0, 2, 3, 8, 15.0], ["0021300048", 1610612755, "PHI", "Philadelphia", 203138, "Hollis Thompson", "", "", "16:43", 3, 7, 0.429, 1, 2, 0.5, 0, 0, 0.0, 1, 3, 4, 0, 0, 1, 2, 1, 7, 15.0], ["0021300048", 1610612755, "PHI", "Philadelphia", 203561, "Brandon Davies", "", "", "11:32", 1, 4, 0.25, 0, 0, 0.0, 2, 3, 0.667, 1, 0, 1, 1, 2, 0, 0, 0, 4, 14.0], ["0021300048", 1610612755, "PHI", "Philadelphia", 2198, "Kwame Brown", "", "DND - Right Hamstring Strain", null, null, null, null, null, null, null, null, null, null, null, null, null, null, null, null, null, null, null, null]], "name": "PlayerStats"}, {"headers": ["GAME_ID", "TEAM_ID", "TEAM_NAME", "TEAM_ABBREVIATION", "TEAM_CITY", "MIN", "FGM", "FGA", "FG_PCT", "FG3M", "FG3A", "FG3_PCT", "FTM", "FTA", "FT_PCT", "OREB", "DREB", "REB", "AST", "STL", "BLK", "TO", "PF", "PTS", "PLUS_MINUS"], "rowSet": [["0021300048", 1610612755, "76ers", "PHI", "Philadelphia", "240:00", 31, 88, 0.352, 5, 25, 0.2, 23, 37, 0.622, 14, 38, 52, 19, 9, 3, 24, 18, 90, -20.0], ["0021300048", 1610612744, "Warriors", "GSW", "Golden State", "240:00", 41, 92, 0.446, 15, 38, 0.395, 13, 20, 0.65, 13, 41, 54, 28, 18, 7, 22, 24, 110, 20.0]], "name": "TeamStats"}, {"headers": ["LEAGUE_ID", "SEASON_ID", "TEAM_ID", "TEAM_ABBREVIATION", "TEAM_CITY", "PTS_PAINT", "PTS_2ND_CHANCE", "PTS_FB", "LARGEST_LEAD", "LEAD_CHANGES", "TIMES_TIED"], "rowSet": [["00", "22013", 1610612744, "GSW", "Golden State", 30, 10, 35, 37, 5, 5], ["00", "22013", 1610612755, "PHI", "Philadelphia", 44, 15, 20, 39, 5, 5]], "name": "OtherStats"}, {"headers": ["OFFICIAL_ID", "FIRST_NAME", "LAST_NAME", "JERSEY_NUM"], "rowSet": [[1193, "Michael", "Smith", "38"], [1146, "Tony", "Brothers", "25"], [201246, "Kevin", "Cutler", "34"]], "name": "Officials"}, {"headers": ["GAME_DATE", "ATTENDANCE", "GAME_TIME"], "rowSet": [["MONDAY, NOVEMBER 4, 2013", 11089, "2:09"]], "name": "GameInfo"}, {"headers": ["PLAYER_ID", "FIRST_NAME", "LAST_NAME", "JERSEY_NUM", "TEAM_ID", "TEAM_CITY", "TEAM_NAME", "TEAM_ABBREVIATION"], "rowSet": [[2202, "Jason", "Richardson", "23", 1610612755, "Philadelphia", "76ers", "PHI"], [203102, "Arnett", "Moultrie", " 5", 1610612755, "Philadelphia", "76ers", "PHI"], [203457, "Nerlens", "Noel", " 4", 1610612755, "Philadelphia", "76ers", "PHI"], [203105, "Festus", "Ezeli", "31", 1610612744, "Golden State", "Warriors", "GSW"]], "name": "InactivePlayers"}, {"headers": ["VIDEO_AVAILABLE_FLAG"], "rowSet": [[1]], "name": "AvailableVideo"}], "parameters": {"GameID": "0021300048", "RangeType": 0, "StartPeriod": 0, "StartRange": 0, "EndPeriod": 0, "EndRange": 0}}