{"resource": "boxscore", "resultSets": [{"headers": ["GAME_DATE_EST", "GAME_SEQUENCE", "GAME_ID", "GAME_STATUS_ID", "GAME_STATUS_TEXT", "GAMECODE", "HOME_TEAM_ID", "VISITOR_TEAM_ID", "SEASON", "LIVE_PERIOD", "LIVE_PC_TIME", "NATL_TV_BROADCASTER_ABBREVIATION", "LIVE_PERIOD_TIME_BCAST", "WH_STATUS"], "rowSet": [["2013-11-01T00:00:00", 13, "0021300032", 3, "Final", "20131101/SASLAL", 1610612747, 1610612759, "2013", 4, "", "ESPN", "Q4  - ESPN", 1]], "name": "GameSummary"}, {"headers": ["GAME_DATE_EST", "GAME_SEQUENCE", "GAME_ID", "TEAM_ID", "TEAM_ABBREVIATION", "TEAM_CITY_NAME", "TEAM_WINS_LOSSES", "PTS_QTR1", "PTS_QTR2", "PTS_QTR3", "PTS_QTR4", "PTS_OT1", "PTS_OT2", "PTS_OT3", "PTS_OT4", "PTS_OT5", "PTS_OT6", "PTS_OT7", "PTS_OT8", "PTS_OT9", "PTS_OT10", "PTS"], "rowSet": [["2013-11-01T00:00:00", 13, "0021300032", 1610612747, "LAL", "Los Angeles", "1-2", 23, 19, 19, 24, 0, 0, 0, 0, 0, 0, 0, 0, 0, 0, 85], ["2013-11-01T00:00:00", 13, "0021300032", 1610612759, "SAS", "San Antonio", "2-0", 16, 25, 22, 28, 0, 0, 0, 0, 0, 0, 0, 0, 0, 0, 91]], "name": "LineScore"}, {"headers": ["GAME_ID", "HOME_TEAM_ID", "VISITOR_TEAM_ID", "GAME_DATE_EST", "HOME_TEAM_WINS", "HOME_TEAM_LOSSES", "SERIES_LEADER"], "rowSet": [["0021300032", 1610612747, 1610612759, "2013-11-01T00:00:00", 0, 1, "San Antonio"]], "name": "SeasonSeries"}, {"headers": ["GAME_ID", "LAST_GAME_ID", "LAST_GAME_DATE_EST", "LAST_GAME_HOME_TEAM_ID", "LAST_GAME_HOME_TEAM_CITY", "LAST_GAME_HOME_TEAM_NAME", "LAST_GAME_HOME_TEAM_ABBREVIATION", "LAST_GAME_HOME_TEAM_POINTS", "LAST_GAME_VISITOR_TEAM_ID", "LAST_GAME_VISITOR_TEAM_CITY", "LAST_GAME_VISITOR_TEAM_NAME", "LAST_GAME_VISITOR_TEAM_CITY1", "LAST_GAME_VISITOR_TEAM_POINTS"], "rowSet": [["0021300032", "0041200154", "2013-04-28T00:00:00", 1610612747, "Los Angeles", "Lakers", "LAL", 82, 1610612759, "San Antonio", "Spurs", "SAS", 103]], "name": "LastMeeting"}, {"headers": ["GAME_ID", "TEAM_ID", "TEAM_ABBREVIATION", "TEAM_CITY", "PLAYER_ID", "PLAYER_NAME", "START_POSITION", "COMMENT", "MIN", "FGM", "FGA", "FG_PCT", "FG3M", "FG3A", "FG3_PCT", "FTM", "FTA", "FT_PCT", "OREB", "DREB", "REB", "AST", "STL", "BLK", "TO", "PF", "PTS", "PLUS_MINUS"], "rowSet": [["0021300032", 1610612759, "SAS", "San Antonio", 202695, "Kawhi Leonard", "F", "", "31:34", 6, 15, 0.4, 0, 4, 0.0, 3, 3, 1.0, 2, 9, 11, 0, 1, 0, 0, 3, 15, 11.0], ["0021300032", 1610612759, "SAS", "San Antonio", 2564, "Boris Diaw", "F", "", "22:23", 5, 11, 0.455, 1, 3, 0.333, 3, 5, 0.6, 1, 0, 1, 1, 1, 0, 3, 1, 14, -4.0], ["0021300032", 1610612759, "SAS", "San Antonio", 201168, "Tiago Splitter", "C", "", "32:22", 4, 10, 0.4, 0, 0, 0.0, 1, 3, 0.333, 7, 7, 14, 3, 1, 0, 1, 5, 9, 16.0], ["0021300032", 1610612759, "SAS", "San Antonio", 201980, "Danny Green", "G", "", "20:52", 1, 6, 0.167, 1, 2, 0.5, 0, 0, 0.0, 0, 2, 2, 1, 2, 0, 0, 1, 3, 1.0], ["0021300032", 1610612759, "SAS", "San Antonio", 2225, "Tony Parker", "G", "", "35:56", 12, 18, 0.667, 0, 1, 0.0, 0, 0, 0.0, 0, 4, 4, 6, 0, 0, 1, 1, 24, 14.0], ["0021300032", 1610612759, "SAS", "San Antonio", 2588, "Matt Bonner", "", "", "15:39", 0, 2, 0.0, 0, 2, 0.0, 0, 0, 0.0, 0, 3, 3, 1, 0, 0, 0, 0, 0, -2.0], ["0021300032", 1610612759, "SAS", "San Antonio", 1938, "Manu Ginobili", "", "", "27:08", 7, 14, 0.5, 3, 7, 0.429, 3, 3, 1.0, 0, 3, 3, 3, 1, 0, 1, 2, 20, 5.0], ["0021300032", 1610612759, "SAS", "San Antonio", 201158, "Marco Belinelli", "", "", "16:26", 1, 5, 0.2, 0, 2, 0.0, 0, 0, 0.0, 0, 3, 3, 1, 0, 0, 0, 0, 2, -5.0], ["0021300032", 1610612759, "SAS", "San Antonio", 203382, "Aron Baynes", "", "", "12:06", 0, 4, 0.0, 0, 0, 0.0, 0, 0, 0.0, 1, 2, 3, 1, 0, 0, 2, 2, 0, -11.0], ["0021300032", 1610612759, "SAS", "San Antonio", 201988, "Patty Mills", "", "", "12:04", 2, 6, 0.333, 0, 0, 0.0, 0, 0, 0.0, 0, 1, 1, 2, 1, 0, 1, 0, 4, -8.0], ["0021300032", 1610612759, "SAS", "San Antonio", 201965, "Jeff Ayres", "", "", "13:09", 0, 3, 0.0, 0, 0, 0.0, 0, 0, 0.0, 1, 4, 5, 1, 0, 0, 3, 3, 0, 11.0], ["0021300032", 1610612759, "SAS", "San Antonio", 202709, "Cory Joseph", "", "", "0:21", 0, 0, 0.0, 0, 0, 0.0, 0, 0, 0.0, 0, 0, 0, 0, 0, 0, 0, 0, 0, 2.0], ["0021300032", 1610612759, "SAS", "San Antonio", 201986, "Nando De Colo", "", "DNP - Coach's Decision", null, null, null, null, null, null, null, null, null, null, null, null, null, null, null, null, null, null, null, null], ["0021300032", 1610612747, "LAL", "Los Angeles", 201156, "Nick Young", "F", "", "17:41", 1, 3, 0.333, 0, 0, 0.0, 4, 5, 0.8, 0, 1, 1, 0, 1, 2, 1, 4, 6, -5.0], ["0021300032", 1610612747, "LAL", "Los Angeles", 200761, "Shawne Williams", "F", "", "20:38", 1, 4, 0.25, 1, 3, 0.333, 0, 0, 0.0, 0, 6, 6, 0, 0, 0, 1, 1, 3, 0.0], ["0021300032", 1610612747, "LAL", "Los Angeles", 2200, "Pau Gasol", "C", "", "29:06", 8, 17, 0.471, 1, 2, 0.5, 3, 4, 0.75, 2, 9, 11, 1, 0, 2, 2, 1, 20, -9.0], ["0021300032", 1610612747, "LAL", "Los Angeles", 2581, "Steve Blake", "G", "", "31:38", 2, 12, 0.167, 2, 9, 0.222, 0, 0, 0.0, 0, 4, 4, 9, 1, 0, 1, 1, 6, -8.0], ["0021300032", 1610612747, "LAL", "Los Angeles", 959, "Steve Nash", "G", "", "23:20", 1, 8, 0.125, 0, 1, 0.0, 3, 4, 0.75, 0, 2, 2, 5, 0, 1, 2, 1, 5, -4.0], ["0021300032", 1610612747, "LAL", "Los Angeles", 202325, "Wesley Johnson", "", "", "27:22", 5, 11, 0.455, 2, 4, 0.5, 0, 0, 0.0, 0, 2, 2, 0, 1, 2, 0, 3, 12, -6.0], ["0021300032", 1610612747, "LAL", "Los Angeles", 202333, "Xavier Henry", "", "", "22:00", 0, 6, 0.0, 0, 2, 0.0, 3, 6, 0.5, 0, 3, 3, 1, 0, 0, 0, 4, 3, 5.0], ["0021300032", 1610612747, "LAL", "Los Angeles", 201975, "Jodie Meeks", "", "", "27:35", 5, 9, 0.556, 1, 3, 0.333, 3, 3, 1.0, 0, 6, 6, 0, 1, 0, 1, 0, 14, -5.0], ["0021300032", 1610612747, "LAL", "Los Angeles", 200770, "Jordan Farmar", "", "", "16:22", 3, 6, 0.5, 1, 3, 0.333, 0, 0, 0.0, 1, 2, 3, 4, 0, 0, 2, 0, 7, 2.0], ["0021300032", 1610612747, "LAL", "Los Angeles", 2549, "Chris Kaman", "", "", "12:40", 2, 3, 0.667, 0, 0, 0.0, 0, 0, 0.0, 2, 2, 4, 1, 0, 0, 1, 2, 4, 2.0], ["0021300032", 1610612747, "LAL", "Los Angeles", 201941, "Jordan Hill", "", "", "11:38", 2, 3, 0.667, 0, 0, 0.0, 1, 2, 0.5, 3, 1, 4, 1, 0, 0, 1, 2, 5, -2.0], ["0021300032", 1610612747, "LAL", "Los Angeles", 203527, "Ryan Kelly", "", "DNP - Coach's Decision", null, null, null, null, null, null, null, null, null, null, null, null, null, null, null, null, null, null, null, null], ["0021300032", 1610612747, "LAL", "Los Angeles", 203135, "Robert Sacre", "", "DNP - Coach's Decision", null, null, null, null, null, null, null, null, null, null, null, null, null, null, null, null, null, null, null, null]], "name": "PlayerStats"}, {"headers": ["GAME_ID", "TEAM_ID", "TEAM_NAME", "TEAM_ABBREVIATION", "TEAM_CITY", "MIN", "FGM", "FGA", "FG_PCT", "FG3M", "FG3A", "FG3_PCT", "FTM", "FTA", "FT_PCT", "OREB", "DREB", "REB", "AST", "STL", "BLK", "TO", "PF", "PTS", "PLUS_MINUS"], "rowSet": [["0021300032", 1610612759, "Spurs", "SAS", "San Antonio", "240:00", 38, 94, 0.404, 5, 21, 0.238, 10, 14, 0.714, 12, 38, 50, 20, 7, 0, 12, 18, 91, 6.0], ["0021300032", 1610612747, "Lakers", "LAL", "Los Angeles", "240:00", 30, 82, 0.366, 8, 27, 0.296, 17, 24, 0.708, 8, 38, 46, 22, 4, 7, 12, 19, 85, -6.0]], "name": "TeamStats"}, {"headers": ["LEAGUE_ID", "SEASON_ID", "TEAM_ID", "TEAM_ABBREVIATION", "TEAM_CITY", "PTS_PAINT", "PTS_2ND_CHANCE", "PTS_FB", "LARGEST_LEAD", "LEAD_CHANGES", "TIMES_TIED"], "rowSet": [["00", "22013", 1610612747, "LAL", "Los Angeles", 32, 8, 10, 14, 21, 6], ["00", "22013", 1610612759, "SAS", "San Antonio", 40, 20, 8, 15, 21, 6]], "name": "OtherStats"}, {"headers": ["OFFICIAL_ID", "FIRST_NAME", "LAST_NAME", "JERSEY_NUM"], "rowSet": [[2004, "Courtney", "Kirkland", "61"], [1830, "Marc", "Davis", "8"], [202053, "Scott", "Twardoski", "52"]], "name": "Officials"}, {"headers": ["GAME_DATE", "ATTENDANCE", "GAME_TIME"], "rowSet": [["FRIDAY, NOVEMBER 1, 2013", 18997, "2:28"]], "name": "GameInfo"}, {"headers": ["PLAYER_ID", "FIRST_NAME", "LAST_NAME", "JERSEY_NUM", "TEAM_ID", "TEAM_CITY", "TEAM_NAME", "TEAM_ABBREVIATION"], "rowSet": [[203548, "Elias", "Harris", " 2", 1610612747, "Los Angeles", "Lakers", "LAL"], [977, "Kobe", "Bryant", "24", 1610612747, "Los Angeles", "Lakers", "LAL"], [1495, "Tim", "Duncan", "21", 1610612759, "San Antonio", "Spurs", "SAS"]], "name": "InactivePlayers"}, {"headers": ["VIDEO_AVAILABLE_FLAG"], "rowSet": [[1]], "name": "AvailableVideo"}], "parameters": {"GameID": "0021300032", "RangeType": 0, "StartPeriod": 0, "StartRange": 0, "EndPeriod": 0, "EndRange": 0}}