{"resource": "boxscore", "resultSets": [{"headers": ["GAME_DATE_EST", "GAME_SEQUENCE", "GAME_ID", "GAME_STATUS_ID", "GAME_STATUS_TEXT", "GAMECODE", "HOME_TEAM_ID", "VISITOR_TEAM_ID", "SEASON", "LIVE_PERIOD", "LIVE_PC_TIME", "NATL_TV_BROADCASTER_ABBREVIATION", "LIVE_PERIOD_TIME_BCAST", "WH_STATUS"], "rowSet": [["2013-11-01T00:00:00", 12, "0021300031", 3, "Final", "20131101/LACSAC", 1610612758, 1610612746, "2013", 4, "", null, "Q4  - ", 1]], "name": "GameSummary"}, {"headers": ["GAME_DATE_EST", "GAME_SEQUENCE", "GAME_ID", "TEAM_ID", "TEAM_ABBREVIATION", "TEAM_CITY_NAME", "TEAM_WINS_LOSSES", "PTS_QTR1", "PTS_QTR2", "PTS_QTR3", "PTS_QTR4", "PTS_OT1", "PTS_OT2", "PTS_OT3", "PTS_OT4", "PTS_OT5", "PTS_OT6", "PTS_OT7", "PTS_OT8", "PTS_OT9", "PTS_OT10", "PTS"], "rowSet": [["2013-11-01T00:00:00", 12, "0021300031", 1610612758, "SAC", "Sacramento", "1-1", 22, 23, 32, 24, 0, 0, 0, 0, 0, 0, 0, 0, 0, 0, 101], ["2013-11-01T00:00:00", 12, "0021300031", 1610612746, "LAC", "Los Angeles", "2-1", 24, 30, 25, 31, 0, 0, 0, 0, 0, 0, 0, 0, 0, 0, 110]], "name": "LineScore"}, {"headers": ["GAME_ID", "HOME_TEAM_ID", "VISITOR_TEAM_ID", "GAME_DATE_EST", "HOME_TEAM_WINS", "HOME_TEAM_LOSSES", "SERIES_LEADER"], "rowSet": [["0021300031", 1610612758, 1610612746, "2013-11-01T00:00:00", 0, 3, "L.A. Clippers"]], "name": "SeasonSeries"}, {"headers": ["GAME_ID", "LAST_GAME_ID", "LAST_GAME_DATE_EST", "LAST_GAME_HOME_TEAM_ID", "LAST_GAME_HOME_TEAM_CITY", "LAST_GAME_HOME_TEAM_NAME", "LAST_GAME_HOME_TEAM_ABBREVIATION", "LAST_GAME_HOME_TEAM_POINTS", "LAST_GAME_VISITOR_TEAM_ID", "LAST_GAME_VISITOR_TEAM_CITY", "LAST_GAME_VISITOR_TEAM_NAME", "LAST_GAME_VISITOR_TEAM_CITY1", "LAST_GAME_VISITOR_TEAM_POINTS"], "rowSet": [["0021300031", "0011300116", "2013-10-25T00:00:00", 1610612758, "Sacramento", "Kings", "SAC", 110, 1610612746, "Los Angeles", "Clippers", "LAC", 100]], "name": "LastMeeting"}, {"headers": ["GAME_ID", "TEAM_ID", "TEAM_ABBREVIATION", "TEAM_CITY", "PLAYER_ID", "PLAYER_NAME", "START_POSITION", "COMMENT", "MIN", "FGM", "FGA", "FG_PCT", "FG3M", "FG3A", "FG3_PCT", "FTM", "FTA", "FT_PCT", "OREB", "DREB", "REB", "AST", "STL", "BLK", "TO", "PF", "PTS", "PLUS_MINUS"], "rowSet": [["0021300031", 1610612746, "LAC", "Los Angeles", 201162, "Jared Dudley", "F", "", "23:41", 3, 7, 0.429, 2, 2, 1.0, 2, 2, 1.0, 0, 0, 0, 0, 0, 0, 1, 2, 10, 2.0], ["0021300031", 1610612746, "LAC", "Los Angeles", 201933, "Blake Griffin", "F", "", "41:23", 6, 13, 0.462, 0, 1, 0.0, 8, 8, 1.0, 3, 14, 17, 7, 0, 2, 2, 2, 20, 8.0], ["0021300031", 1610612746, "LAC", "Los Angeles", 201599, "DeAndre Jordan", "C", "", "31:03", 2, 3, 0.667, 0, 0, 0.0, 4, 6, 0.667, 3, 5, 8, 1, 1, 2, 3, 5, 8, 15.0], ["0021300031", 1610612746, "LAC", "Los Angeles", 200755, "JJ Redick", "G", "", "28:01", 5, 8, 0.625, 1, 4, 0.25, 2, 2, 1.0, 0, 0, 0, 1, 1, 0, 1, 2, 13, 23.0], ["0021300031", 1610612746, "LAC", "Los Angeles", 101108, "Chris Paul", "G", "", "35:57", 7, 14, 0.5, 3, 5, 0.6, 9, 9, 1.0, 2, 2, 4, 10, 0, 0, 3, 4, 26, 9.0], ["0021300031", 1610612746, "LAC", "Los Angeles", 2440, "Matt Barnes", "", "", "21:50", 3, 6, 0.5, 2, 4, 0.5, 2, 4, 0.5, 0, 3, 3, 3, 2, 0, 0, 3, 10, 0.0], ["0021300031", 1610612746, "LAC", "Los Angeles", 2037, "Jamal Crawford", "", "", "22:12", 7, 10, 0.7, 3, 5, 0.6, 1, 3, 0.333, 0, 1, 1, 1, 0, 0, 1, 0, 18, -6.0], ["0021300031", 1610612746, "LAC", "Los Angeles", 201954, "Darren Collison", "", "", "12:40", 1, 4, 0.25, 0, 0, 0.0, 0, 0, 0.0, 0, 2, 2, 3, 0, 0, 0, 2, 2, 1.0], ["0021300031", 1610612746, "LAC", "Los Angeles", 201957, "Byron Mullens", "", "", "15:12", 1, 4, 0.25, 1, 3, 0.333, 0, 0, 0.0, 1, 2, 3, 0, 0, 0, 1, 4, 3, -7.0], ["0021300031", 1610612746, "LAC", "Los Angeles", 200797, "Ryan Hollins", "", "", "8:01", 0, 1, 0.0, 0, 0, 0.0, 0, 0, 0.0, 1, 0, 1, 0, 0, 1, 3, 5, 0, 0.0], ["0021300031", 1610612746, "LAC", "Los Angeles", 203493, "Reggie Bullock", "", "DNP - Coach's Decision", null, null, null, null, null, null, null, null, null, null, null, null, null, null, null, null, null, null, null, null], ["0021300031", 1610612746, "LAC", "Los Angeles", 2584, "Willie Green", "", "DNP - Coach's Decision", null, null, null, null, null, null, null, null, null, null, null, null, null, null, null, null, null, null, null, null], ["0021300031", 1610612746, "LAC", "Los Angeles", 1712, "Antawn Jamison", "", "DNP - Coach's Decision", null, null, null, null, null, null, null, null, null, null, null, null, null, null, null, null, null, null, null, null], ["0021300031", 1610612758, "SAC", "Sacramento", 2422, "John Salmons", "F", "", "28:41", 1, 7, 0.143, 0, 1, 0.0, 0, 0, 0.0, 0, 1, 1, 3, 2, 1, 1, 2, 2, -11.0], ["0021300031", 1610612758, "SAC", "Sacramento", 202335, "Patrick Patterson", "F", "", "18:05", 3, 8, 0.375, 0, 4, 0.0, 0, 0, 0.0, 1, 2, 3, 1, 1, 0, 0, 1, 6, -11.0], ["0021300031", 1610612758, "SAC", "Sacramento", 202326, "DeMarcus Cousins", "C", "", "35:21", 9, 19, 0.474, 0, 1, 0.0, 6, 9, 0.667, 3, 7, 10, 4, 3, 2, 4, 5, 24, -7.0], ["0021300031", 1610612758, "SAC", "Sacramento", 201977, "Marcus Thornton", "G", "", "32:46", 6, 12, 0.5, 3, 7, 0.429, 2, 2, 1.0, 2, 2, 4, 1, 0, 0, 0, 2, 17, -8.0], ["0021300031", 1610612758, "SAC", "Sacramento", 202349, "Greivis Vasquez", "G", "", "20:09", 2, 5, 0.4, 0, 0, 0.0, 4, 4, 1.0, 0, 2, 2, 4, 0, 0, 0, 1, 8, -13.0], ["0021300031", 1610612758, "SAC", "Sacramento", 202738, "Isaiah Thomas", "", "", "31:01", 9, 13, 0.692, 3, 3, 1.0, 8, 10, 0.8, 0, 2, 2, 4, 1, 0, 1, 2, 29, 0.0], ["0021300031", 1610612758, "SAC", "Sacramento", 201574, "Jason Thompson", "", "", "29:55", 4, 8, 0.5, 0, 0, 0.0, 3, 5, 0.6, 1, 6, 7, 2, 0, 2, 1, 6, 11, 2.0], ["0021300031", 1610612758, "SAC", "Sacramento", 203463, "Ben McLemore", "", "", "13:23", 1, 2, 0.5, 0, 0, 0.0, 0, 2, 0.0, 0, 0, 0, 1, 0, 0, 0, 4, 2, 1.0], ["0021300031", 1610612758, "SAC", "Sacramento", 101236, "Charles Hayes", "", "", "11:56", 0, 1, 0.0, 0, 0, 0.0, 0, 0, 0.0, 1, 2, 3, 0, 0, 0, 1, 2, 0, 2.0], ["0021300031", 1610612758, "SAC", "Sacramento", 2566, "Travis Outlaw", "", "", "18:22", 1, 4, 0.25, 0, 1, 0.0, 0, 0, 0.0, 2, 1, 3, 1, 0, 0, 1, 1, 2, 2.0], ["0021300031", 1610612758, "SAC", "Sacramento", 202380, "Hamady Ndiaye", "", "", "0:22", 0, 0, 0.0, 0, 0, 0.0, 0, 0, 0.0, 0, 0, 0, 0, 0, 0, 0, 1, 0, -2.0], ["0021300031", 1610612758, "SAC", "Sacramento", 202690, "Jimmer Fredette", "", "DNP - Coach's Decision", null, null, null, null, null, null, null, null, null, null, null, null, null, null, null, null, null, null, null, null], ["0021300031", 1610612758, "SAC", "Sacramento", 201601, "Luc Mbah a Moute", "", "DNP - Coach's Decision", null, null, null, null, null, null, null, null, null, null, null, null, null, null, null, null, null, null, null, null]], "name": "PlayerStats"}, {"headers": ["GAME_ID", "TEAM_ID", "TEAM_NAME", "TEAM_ABBREVIATION", "TEAM_CITY", "MIN", "FGM", "FGA", "FG_PCT", "FG3M", "FG3A", "FG3_PCT", "FTM", "FTA", "FT_PCT", "OREB", "DREB", "REB", "AST", "STL", "BLK", "TO", "PF", "PTS", "PLUS_MINUS"], "rowSet": [["0021300031", 1610612758, "Kings", "SAC", "Sacramento", "240:00", 36, 79, 0.456, 6, 17, 0.353, 23, 32, 0.719, 10, 25, 35, 21, 7, 5, 9, 27, 101, -9.0], ["0021300031", 1610612746, "Clippers", "LAC", "Los Angeles", "240:00", 35, 70, 0.5, 12, 24, 0.5, 28, 34, 0.824, 10, 29, 39, 26, 4, 5, 15, 29, 110, 9.0]], "name": "TeamStats"}, {"headers": ["LEAGUE_ID", "SEASON_ID", "TEAM_ID", "TEAM_ABBREVIATION", "TEAM_CITY", "PTS_PAINT", "PTS_2ND_CHANCE", "PTS_FB", "LARGEST_LEAD", "LEAD_CHANGES", "TIMES_TIED"], "rowSet": [["00", "22013", 1610612758, "SAC", "Sacramento", 40, 16, 12, 15, 7, 4], ["00", "22013", 1610612746, "LAC", "Los Angeles", 26, 15, 16, 14, 7, 4]], "name": "OtherStats"}, {"headers": ["OFFICIAL_ID", "FIRST_NAME", "LAST_NAME", "JERSEY_NUM"], "rowSet": [[1162, "Scott", "Foster", "48"], [2002, "Derrick", "Collins", "11"], [201637, "Haywoode", "Workman", "66"]], "name": "Officials"}, {"headers": ["GAME_DATE", "ATTENDANCE", "GAME_TIME"], "rowSet": [["FRIDAY, NOVEMBER 1, 2013", 17317, "2:30"]], "name": "GameInfo"}, {"headers": ["PLAYER_ID", "FIRST_NAME", "LAST_NAME", "JERSEY_NUM", "TEAM_ID", "TEAM_CITY", "TEAM_NAME", "TEAM_ABBREVIATION"], "rowSet": [[203146, "Maalik", "Wayns", " 5", 1610612746, "Los Angeles", "Clippers", "LAC"], [201171, "Carl", "Landry", "24", 1610612758, "Sacramento", "Kings", "SAC"], [203492, "Ray", "McCallum", " 3", 1610612758, "Sacramento", "Kings", "SAC"]], "name": "InactivePlayers"}, {"headers": ["VIDEO_AVAILABLE_FLAG"], "rowSet": [[0]], "name": "AvailableVideo"}], "parameters": {"GameID": "0021300031", "RangeType": 0, "StartPeriod": 0, "StartRange": 0, "EndPeriod": 0, "EndRange": 0}}