{"resource": "boxscore", "resultSets": [{"headers": ["GAME_DATE_EST", "GAME_SEQUENCE", "GAME_ID", "GAME_STATUS_ID", "GAME_STATUS_TEXT", "GAMECODE", "HOME_TEAM_ID", "VISITOR_TEAM_ID", "SEASON", "LIVE_PERIOD", "LIVE_PC_TIME", "NATL_TV_BROADCASTER_ABBREVIATION", "LIVE_PERIOD_TIME_BCAST", "WH_STATUS"], "rowSet": [["2013-10-30T00:00:00", 6, "0021300009", 3, "Final", "20131030/CHAHOU", 1610612745, 1610612766, "2013", 4, "", null, "Q4  - ", 1]], "name": "GameSummary"}, {"headers": ["GAME_DATE_EST", "GAME_SEQUENCE", "GAME_ID", "TEAM_ID", "TEAM_ABBREVIATION", "TEAM_CITY_NAME", "TEAM_WINS_LOSSES", "PTS_QTR1", "PTS_QTR2", "PTS_QTR3", "PTS_QTR4", "PTS_OT1", "PTS_OT2", "PTS_OT3", "PTS_OT4", "PTS_OT5", "PTS_OT6", "PTS_OT7", "PTS_OT8", "PTS_OT9", "PTS_OT10", "PTS"], "rowSet": [["2013-10-30T00:00:00", 6, "0021300009", 1610612766, "CHA", "Charlotte", "0-1", 19, 20, 22, 22, 0, 0, 0, 0, 0, 0, 0, 0, 0, 0, 83], ["2013-10-30T00:00:00", 6, "0021300009", 1610612745, "HOU", "Houston", "1-0", 17, 28, 22, 29, 0, 0, 0, 0, 0, 0, 0, 0, 0, 0, 96]], "name": "LineScore"}, {"headers": ["GAME_ID", "HOME_TEAM_ID", "VISITOR_TEAM_ID", "GAME_DATE_EST", "HOME_TEAM_WINS", "HOME_TEAM_LOSSES", "SERIES_LEADER"], "rowSet": [["0021300009", 1610612745, 1610612766, "2013-10-30T00:00:00", 1, 0, "Houston"]], "name": "SeasonSeries"}, {"headers": ["GAME_ID", "LAST_GAME_ID", "LAST_GAME_DATE_EST", "LAST_GAME_HOME_TEAM_ID", "LAST_GAME_HOME_TEAM_CITY", "LAST_GAME_HOME_TEAM_NAME", "LAST_GAME_HOME_TEAM_ABBREVIATION", "LAST_GAME_HOME_TEAM_POINTS", "LAST_GAME_VISITOR_TEAM_ID", "LAST_GAME_VISITOR_TEAM_CITY", "LAST_GAME_VISITOR_TEAM_NAME", "LAST_GAME_VISITOR_TEAM_CITY1", "LAST_GAME_VISITOR_TEAM_POINTS"], "rowSet": [["0021300009", "0021200699", "2013-02-02T00:00:00", 1610612745, "Houston", "Rockets", "HOU", 109, 1610612766, "Charlotte", "Bobcats", "CHA", 95]], "name": "LastMeeting"}, {"headers": ["GAME_ID", "TEAM_ID", "TEAM_ABBREVIATION", "TEAM_CITY", "PLAYER_ID", "PLAYER_NAME", "START_POSITION", "COMMENT", "MIN", "FGM", "FGA", "FG_PCT", "FG3M", "FG3A", "FG3_PCT", "FTM", "FTA", "FT_PCT", "OREB", "DREB", "REB", "AST", "STL", "BLK", "TO", "PF", "PTS", "PLUS_MINUS"], "rowSet": [["0021300009", 1610612766, "CHA", "Charlotte", 203077, "Michael Kidd-Gilchrist", "F", "", "30:36", 3, 7, 0.429, 0, 0, 0.0, 1, 5, 0.2, 1, 7, 8, 2, 1, 1, 0, 4, 7, -7.0], ["0021300009", 1610612766, "CHA", "Charlotte", 201177, "Josh McRoberts", "F", "", "29:47", 5, 9, 0.556, 3, 4, 0.75, 2, 2, 1.0, 1, 3, 4, 3, 1, 1, 1, 3, 15, -14.0], ["0021300009", 1610612766, "CHA", "Charlotte", 2744, "Al Jefferson", "C", "", "30:23", 6, 19, 0.316, 0, 0, 0.0, 1, 2, 0.5, 4, 4, 8, 1, 0, 2, 0, 2, 13, -4.0], ["0021300009", 1610612766, "CHA", "Charlotte", 201945, "Gerald Henderson", "G", "", "31:35", 5, 16, 0.313, 0, 2, 0.0, 1, 1, 1.0, 0, 2, 2, 2, 0, 0, 0, 2, 11, -8.0], ["0021300009", 1610612766, "CHA", "Charlotte", 202689, "Kemba Walker", "G", "", "34:43", 5, 10, 0.5, 0, 1, 0.0, 2, 2, 1.0, 1, 1, 2, 5, 4, 0, 3, 3, 12, -1.0], ["0021300009", 1610612766, "CHA", "Charlotte", 203469, "Cody Zeller", "", "", "15:31", 1, 6, 0.167, 0, 0, 0.0, 0, 0, 0.0, 3, 1, 4, 0, 0, 1, 1, 2, 2, 3.0], ["0021300009", 1610612766, "CHA", "Charlotte", 202687, "Bismack Biyombo", "", "", "16:35", 2, 4, 0.5, 0, 0, 0.0, 0, 0, 0.0, 1, 4, 5, 0, 0, 0, 0, 2, 4, -6.0], ["0021300009", 1610612766, "CHA", "Charlotte", 203106, "Jeff Taylor", "", "", "27:46", 1, 6, 0.167, 0, 2, 0.0, 3, 4, 0.75, 0, 2, 2, 0, 1, 1, 0, 0, 5, -8.0], ["0021300009", 1610612766, "CHA", "Charlotte", 201196, "Ramon Sessions", "", "", "19:20", 5, 11, 0.455, 1, 1, 1.0, 3, 4, 0.75, 1, 1, 2, 1, 1, 0, 2, 2, 14, -15.0], ["0021300009", 1610612766, "CHA", "Charlotte", 202399, "Jeff Adrien", "", "", "1:02", 0, 1, 0.0, 0, 0, 0.0, 0, 0, 0.0, 0, 0, 0, 0, 0, 0, 0, 0, 0, -3.0], ["0021300009", 1610612766, "CHA", "Charlotte", 201229, "Anthony Tolliver", "", "", "2:42", 0, 1, 0.0, 0, 0, 0.0, 0, 0, 0.0, 0, 0, 0, 0, 0, 0, 0, 1, 0, -2.0], ["0021300009", 1610612766, "CHA", "Charlotte", 2732, "Ben Gordon", "", "DNP - Coach's Decision", null, null, null, null, null, null, null, null, null, null, null, null, null, null, null, null, null, null, null, null], ["0021300009", 1610612766, "CHA", "Charlotte", 2457, "Jannero Pargo", "", "DNP - Coach's Decision", null, null, null, null, null, null, null, null, null, null, null, null, null, null, null, null, null, null, null, null], ["0021300009", 1610612745, "HOU", "Houston", 202718, "Chandler Parsons", "F", "", "39:28", 4, 11, 0.364, 0, 3, 0.0, 2, 4, 0.5, 0, 5, 5, 3, 1, 1, 0, 2, 10, 5.0], ["0021300009", 1610612745, "HOU", "Houston", 2730, "Dwight Howard", "F", "", "34:41", 8, 14, 0.571, 0, 0, 0.0, 1, 4, 0.25, 6, 20, 26, 2, 0, 2, 4, 3, 17, 10.0], ["0021300009", 1610612745, "HOU", "Houston", 201600, "Omer Asik", "C", "", "26:09", 1, 5, 0.2, 0, 0, 0.0, 2, 4, 0.5, 5, 9, 14, 0, 1, 2, 1, 1, 4, -1.0], ["0021300009", 1610612745, "HOU", "Houston", 201935, "James Harden", "G", "", "36:51", 7, 16, 0.438, 1, 6, 0.167, 6, 6, 1.0, 1, 2, 3, 5, 1, 0, 5, 1, 21, 9.0], ["0021300009", 1610612745, "HOU", "Houston", 201976, "Patrick Beverley", "G", "", "10:23", 2, 4, 0.5, 1, 3, 0.333, 0, 0, 0.0, 1, 0, 1, 1, 0, 0, 2, 0, 5, 4.0], ["0021300009", 1610612745, "HOU", "Houston", 201956, "Omri Casspi", "", "", "20:24", 2, 6, 0.333, 0, 2, 0.0, 0, 0, 0.0, 1, 3, 4, 2, 0, 1, 1, 2, 4, 8.0], ["0021300009", 1610612745, "HOU", "Houston", 202391, "Jeremy Lin", "", "", "30:56", 5, 7, 0.714, 2, 2, 1.0, 4, 6, 0.667, 0, 0, 0, 2, 0, 0, 2, 2, 16, 2.0], ["0021300009", 1610612745, "HOU", "Houston", 101128, "Francisco Garcia", "", "", "30:03", 7, 13, 0.538, 5, 9, 0.556, 0, 0, 0.0, 0, 1, 1, 1, 0, 0, 1, 2, 19, 18.0], ["0021300009", 1610612745, "HOU", "Houston", 201166, "Aaron Brooks", "", "", "11:05", 0, 0, 0.0, 0, 0, 0.0, 0, 0, 0.0, 0, 0, 0, 1, 1, 0, 2, 3, 0, 10.0], ["0021300009", 1610612745, "HOU", "Houston", 200758, "Ronnie Brewer", "", "DNP - Coach's Decision", null, null, null, null, null, null, null, null, null, null, null, null, null, null, null, null, null, null, null, null], ["0021300009", 1610612745, "HOU", "Houston", 203093, "Terrence Jones", "", "DNP - Coach's Decision", null, null, null, null, null, null, null, null, null, null, null, null, null, null, null, null, null, null, null, null], ["0021300009", 1610612745, "HOU", "Houston", 202700, "Donatas Motiejunas", "", "DNP - Coach's Decision", null, null, null, null, null, null, null, null, null, null, null, null, null, null, null, null, null, null, null, null], ["0021300009", 1610612745, "HOU", "Houston", 202962, "Greg Smith", "", "DNP - Coach's Decision", null, null, null, null, null, null, null, null, null, null, null, null, null, null, null, null, null, null, null, null]], "name": "PlayerStats"}, {"headers": ["GAME_ID", "TEAM_ID", "TEAM_NAME", "TEAM_ABBREVIATION", "TEAM_CITY", "MIN", "FGM", "FGA", "FG_PCT", "FG3M", "FG3A", "FG3_PCT", "FTM", "FTA", "FT_PCT", "OREB", "DREB", "REB", "AST", "STL", "BLK", "TO", "PF", "PTS", "PLUS_MINUS"], "rowSet": [["0021300009", 1610612745, "Rockets", "HOU", "Houston", "240:00", 36, 76, 0.474, 9, 25, 0.36, 15, 24, 0.625, 14, 40, 54, 17, 4, 6, 18, 16, 96, 13.0], ["0021300009", 1610612766, "Bobcats", "CHA", "Charlotte", "240:00", 33, 90, 0.367, 4, 10, 0.4, 13, 20, 0.65, 12, 25, 37, 14, 8, 6, 7, 21, 83, -13.0]], "name": "TeamStats"}, {"headers": ["LEAGUE_ID", "SEASON_ID", "TEAM_ID", "TEAM_ABBREVIATION", "TEAM_CITY", "PTS_PAINT", "PTS_2ND_CHANCE", "PTS_FB", "LARGEST_LEAD", "LEAD_CHANGES", "TIMES_TIED"], "rowSet": [["00", "22013", 1610612766, "CHA", "Charlotte", 42, 15, 15, 14, 5, 5], ["00", "22013", 1610612745, "HOU", "Houston", 46, 20, 7, 12, 5, 5]], "name": "OtherStats"}, {"headers": ["OFFICIAL_ID", "FIRST_NAME", "LAST_NAME", "JERSEY_NUM"], "rowSet": [[1176, "Monty", "McCutchen", "13"], [2882, "Sean", "Wright", "65"], [202058, "James", "Williams", "60"]], "name": "Officials"}, {"headers": ["GAME_DATE", "ATTENDANCE", "GAME_TIME"], "rowSet": [["WEDNESDAY, OCTOBER 30, 2013", 18083, "2:09"]], "name": "GameInfo"}, {"headers": ["PLAYER_ID", "FIRST_NAME", "LAST_NAME", "JERSEY_NUM", "TEAM_ID", "TEAM_CITY", "TEAM_NAME", "TEAM_ABBREVIATION"], "rowSet": [[203480, "James", "Southerland", "31", 1610612766, "Charlotte", "Bobcats", "CHA"], [2217, "Brendan", "Haywood", "33", 1610612766, "Charlotte", "Bobcats", "CHA"], [203477, "Isaiah", "Canaan", " 1", 1610612745, "Houston", "Rockets", "HOU"], [203496, "Robert", "Covington", "33", 1610612745, "Houston", "Rockets", "HOU"]], "name": "InactivePlayers"}, {"headers": ["VIDEO_AVAILABLE_FLAG"], "rowSet": [[1]], "name": "AvailableVideo"}], "parameters": {"GameID": "0021300009", "RangeType": 0, "StartPeriod": 0, "StartRange": 0, "EndPeriod": 0, "EndRange": 0}}