{"resource": "boxscore", "resultSets": [{"headers": ["GAME_DATE_EST", "GAME_SEQUENCE", "GAME_ID", "GAME_STATUS_ID", "GAME_STATUS_TEXT", "GAMECODE", "HOME_TEAM_ID", "VISITOR_TEAM_ID", "SEASON", "LIVE_PERIOD", "LIVE_PC_TIME", "NATL_TV_BROADCASTER_ABBREVIATION", "LIVE_PERIOD_TIME_BCAST", "WH_STATUS"], "rowSet": [["2013-10-30T00:00:00", 11, "0021300014", 3, "Final", "20131030/OKCUTA", 1610612762, 1610612760, "2013", 4, "", null, "Q4  - ", 1]], "name": "GameSummary"}, {"headers": ["GAME_DATE_EST", "GAME_SEQUENCE", "GAME_ID", "TEAM_ID", "TEAM_ABBREVIATION", "TEAM_CITY_NAME", "TEAM_WINS_LOSSES", "PTS_QTR1", "PTS_QTR2", "PTS_QTR3", "PTS_QTR4", "PTS_OT1", "PTS_OT2", "PTS_OT3", "PTS_OT4", "PTS_OT5", "PTS_OT6", "PTS_OT7", "PTS_OT8", "PTS_OT9", "PTS_OT10", "PTS"], "rowSet": [["2013-10-30T00:00:00", 11, "0021300014", 1610612762, "UTA", "Utah", "0-1", 29, 19, 25, 25, 0, 0, 0, 0, 0, 0, 0, 0, 0, 0, 98], ["2013-10-30T00:00:00", 11, "0021300014", 1610612760, "OKC", "Oklahoma City", "1-0", 29, 28, 24, 20, 0, 0, 0, 0, 0, 0, 0, 0, 0, 0, 101]], "name": "LineScore"}, {"headers": ["GAME_ID", "HOME_TEAM_ID", "VISITOR_TEAM_ID", "GAME_DATE_EST", "HOME_TEAM_WINS", "HOME_TEAM_LOSSES", "SERIES_LEADER"], "rowSet": [["0021300014", 1610612762, 1610612760, "2013-10-30T00:00:00", 1, 2, "Oklahoma City"]], "name": "SeasonSeries"}, {"headers": ["GAME_ID", "LAST_GAME_ID", "LAST_GAME_DATE_EST", "LAST_GAME_HOME_TEAM_ID", "LAST_GAME_HOME_TEAM_CITY", "LAST_GAME_HOME_TEAM_NAME", "LAST_GAME_HOME_TEAM_ABBREVIATION", "LAST_GAME_HOME_TEAM_POINTS", "LAST_GAME_VISITOR_TEAM_ID", "LAST_GAME_VISITOR_TEAM_CITY", "LAST_GAME_VISITOR_TEAM_NAME", "LAST_GAME_VISITOR_TEAM_CITY1", "LAST_GAME_VISITOR_TEAM_POINTS"], "rowSet": [["0021300014", "0011300082", "2013-10-20T00:00:00", 1610612762, "Utah", "Jazz", "UTA", 82, 1610612760, "Oklahoma City", "Thunder", "OKC", 88]], "name": "LastMeeting"}, {"headers": ["GAME_ID", "TEAM_ID", "TEAM_ABBREVIATION", "TEAM_CITY", "PLAYER_ID", "PLAYER_NAME", "START_POSITION", "COMMENT", "MIN", "FGM", "FGA", "FG_PCT", "FG3M", "FG3A", "FG3_PCT", "FTM", "FTA", "FT_PCT", "OREB", "DREB", "REB", "AST", "STL", "BLK", "TO", "PF", "PTS", "PLUS_MINUS"], "rowSet": [["0021300014", 1610612760, "OKC", "Oklahoma City", 201142, "Kevin Durant", "F", "", "39:10", 9, 24, 0.375, 2, 8, 0.25, 22, 24, 0.917, 0, 6, 6, 1, 3, 0, 5, 1, 42, 3.0], ["0021300014", 1610612760, "OKC", "Oklahoma City", 201586, "Serge Ibaka", "F", "", "37:35", 4, 15, 0.267, 0, 0, 0.0, 0, 0, 0.0, 4, 6, 10, 0, 1, 2, 1, 3, 8, 1.0], ["0021300014", 1610612760, "OKC", "Oklahoma City", 2570, "Kendrick Perkins", "C", "", "26:45", 2, 4, 0.5, 0, 0, 0.0, 0, 0, 0.0, 2, 6, 8, 1, 1, 0, 1, 4, 4, 9.0], ["0021300014", 1610612760, "OKC", "Oklahoma City", 200757, "Thabo Sefolosha", "G", "", "31:25", 6, 11, 0.545, 2, 5, 0.4, 0, 0, 0.0, 0, 4, 4, 1, 2, 0, 1, 2, 14, 9.0], ["0021300014", 1610612760, "OKC", "Oklahoma City", 202704, "Reggie Jackson", "G", "", "32:14", 5, 11, 0.455, 2, 4, 0.5, 2, 2, 1.0, 0, 2, 2, 3, 5, 0, 3, 2, 14, 1.0], ["0021300014", 1610612760, "OKC", "Oklahoma City", 2555, "Nick Collison", "", "", "12:57", 2, 4, 0.5, 0, 0, 0.0, 2, 2, 1.0, 1, 3, 4, 0, 1, 1, 1, 5, 6, 3.0], ["0021300014", 1610612760, "OKC", "Oklahoma City", 965, "Derek Fisher", "", "", "16:54", 1, 3, 0.333, 0, 1, 0.0, 2, 2, 1.0, 0, 3, 3, 2, 1, 0, 0, 1, 4, 0.0], ["0021300014", 1610612760, "OKC", "Oklahoma City", 203087, "Jeremy Lamb", "", "", "17:27", 2, 6, 0.333, 0, 1, 0.0, 0, 0, 0.0, 1, 2, 3, 0, 1, 0, 0, 2, 4, -6.0], ["0021300014", 1610612760, "OKC", "Oklahoma City", 203500, "Steven Adams", "", "", "18:26", 1, 1, 1.0, 0, 0, 0.0, 0, 1, 0.0, 2, 1, 3, 1, 0, 0, 0, 3, 2, -7.0], ["0021300014", 1610612760, "OKC", "Oklahoma City", 203103, "Perry Jones", "", "", "7:08", 1, 2, 0.5, 0, 0, 0.0, 1, 2, 0.5, 0, 2, 2, 0, 0, 1, 1, 1, 3, 2.0], ["0021300014", 1610612760, "OKC", "Oklahoma City", 101155, "Ryan Gomes", "", "DNP - Coach's Decision", null, null, null, null, null, null, null, null, null, null, null, null, null, null, null, null, null, null, null, null], ["0021300014", 1610612760, "OKC", "Oklahoma City", 203460, "Andre Roberson", "", "DNP - Coach's Decision", null, null, null, null, null, null, null, null, null, null, null, null, null, null, null, null, null, null, null, null], ["0021300014", 1610612760, "OKC", "Oklahoma City", 201934, "Hasheem Thabeet", "", "NWT - Suspended", null, null, null, null, null, null, null, null, null, null, null, null, null, null, null, null, null, null, null, null], ["0021300014", 1610612762, "UTA", "Utah", 2210, "Richard Jefferson", "F", "", "19:40", 4, 9, 0.444, 2, 5, 0.4, 0, 1, 0.0, 0, 3, 3, 0, 0, 2, 2, 3, 10, -1.0], ["0021300014", 1610612762, "UTA", "Utah", 202324, "Derrick Favors", "F", "", "42:51", 6, 11, 0.545, 0, 0, 0.0, 3, 7, 0.429, 1, 8, 9, 5, 1, 2, 6, 5, 15, -1.0], ["0021300014", 1610612762, "UTA", "Utah", 202683, "Enes Kanter", "C", "", "29:01", 6, 10, 0.6, 0, 0, 0.0, 2, 2, 1.0, 3, 7, 10, 1, 0, 1, 2, 2, 14, -8.0], ["0021300014", 1610612762, "UTA", "Utah", 202330, "Gordon Hayward", "G", "", "27:34", 4, 13, 0.308, 2, 6, 0.333, 2, 4, 0.5, 1, 3, 4, 5, 3, 0, 4, 4, 12, -6.0], ["0021300014", 1610612762, "UTA", "Utah", 101249, "John Lucas III", "G", "", "36:34", 2, 7, 0.286, 2, 5, 0.4, 2, 2, 1.0, 0, 1, 1, 5, 0, 0, 1, 2, 8, -6.0], ["0021300014", 1610612762, "UTA", "Utah", 203497, "Rudy Gobert", "", "", "22:54", 1, 2, 0.5, 0, 0, 0.0, 0, 2, 0.0, 3, 4, 7, 0, 0, 0, 2, 2, 2, 2.0], ["0021300014", 1610612762, "UTA", "Utah", 202692, "Alec Burks", "", "", "31:30", 8, 16, 0.5, 0, 3, 0.0, 8, 9, 0.889, 1, 5, 6, 6, 0, 0, 3, 3, 24, -2.0], ["0021300014", 1610612762, "UTA", "Utah", 2224, "Jamaal Tinsley", "", "", "8:04", 0, 3, 0.0, 0, 3, 0.0, 0, 0, 0.0, 0, 0, 0, 3, 0, 0, 1, 1, 0, 5.0], ["0021300014", 1610612762, "UTA", "Utah", 200839, "Michael Harris", "", "", "21:53", 5, 8, 0.625, 0, 0, 0.0, 3, 3, 1.0, 1, 3, 4, 0, 2, 0, 1, 6, 13, 2.0], ["0021300014", 1610612762, "UTA", "Utah", 203546, "Ian Clark", "", "DNP - Coach's Decision", null, null, null, null, null, null, null, null, null, null, null, null, null, null, null, null, null, null, null, null], ["0021300014", 1610612762, "UTA", "Utah", 201575, "Brandon Rush", "", "DNP - Coach's Decision", null, null, null, null, null, null, null, null, null, null, null, null, null, null, null, null, null, null, null, null], ["0021300014", 1610612762, "UTA", "Utah", 101107, "Marvin Williams", "", "DNP - Coach's Decision", null, null, null, null, null, null, null, null, null, null, null, null, null, null, null, null, null, null, null, null]], "name": "PlayerStats"}, {"headers": ["GAME_ID", "TEAM_ID", "TEAM_NAME", "TEAM_ABBREVIATION", "TEAM_CITY", "MIN", "FGM", "FGA", "FG_PCT", "FG3M", "FG3A", "FG3_PCT", "FTM", "FTA", "FT_PCT", "OREB", "DREB", "REB", "AST", "STL", "BLK", "TO", "PF", "PTS", "PLUS_MINUS"], "rowSet": [["0021300014", 1610612762, "Jazz", "UTA", "Utah", "240:00", 36, 79, 0.456, 6, 22, 0.273, 20, 30, 0.667, 10, 34, 44, 25, 6, 5, 22, 28, 98, -3.0], ["0021300014", 1610612760, "Thunder", "OKC", "Oklahoma City", "240:00", 33, 81, 0.407, 6, 19, 0.316, 29, 33, 0.879, 10, 35, 45, 9, 15, 4, 13, 24, 101, 3.0]], "name": "TeamStats"}, {"headers": ["LEAGUE_ID", "SEASON_ID", "TEAM_ID", "TEAM_ABBREVIATION", "TEAM_CITY", "PTS_PAINT", "PTS_2ND_CHANCE", "PTS_FB", "LARGEST_LEAD", "LEAD_CHANGES", "TIMES_TIED"], "rowSet": [["00", "22013", 1610612762, "UTA", "Utah", 56, 15, 14, 15, 11, 8], ["00", "22013", 1610612760, "OKC", "Oklahoma City", 32, 10, 25, 14, 11, 8]], "name": "OtherStats"}, {"headers": ["OFFICIAL_ID", "FIRST_NAME", "LAST_NAME", "JERSEY_NUM"], "rowSet": [[1152, "Dan", "Crawford", "43"], [2715, "Eric", "Lewis", "42"], [202041, "Kevin", "Scott", "79"]], "name": "Officials"}, {"headers": ["GAME_DATE", "ATTENDANCE", "GAME_TIME"], "rowSet": [["WEDNESDAY, OCTOBER 30, 2013", 19911, "2:25"]], "name": "GameInfo"}, {"headers": ["PLAYER_ID", "FIRST_NAME", "LAST_NAME", "JERSEY_NUM", "TEAM_ID", "TEAM_CITY", "TEAM_NAME", "TEAM_ABBREVIATION"], "rowSet": [[203504, "Trey", "Burke", " 3", 1610612762, "Utah", "Jazz", "UTA"], [2740, "Andris", "Biedrins", "11", 1610612762, "Utah", "Jazz", "UTA"], [202379, "Jeremy", "Evans", "40", 1610612762, "Utah", "Jazz", "UTA"], [201566, "Russell", "Westbrook", " 0", 1610612760, "Oklahoma City", "Thunder", "OKC"]], "name": "InactivePlayers"}, {"headers": ["VIDEO_AVAILABLE_FLAG"], "rowSet": [[1]], "name": "AvailableVideo"}], "parameters": {"GameID": "0021300014", "RangeType": 0, "StartPeriod": 0, "StartRange": 0, "EndPeriod": 0, "EndRange": 0}}