{"resource": "boxscore", "resultSets": [{"headers": ["GAME_DATE_EST", "GAME_SEQUENCE", "GAME_ID", "GAME_STATUS_ID", "GAME_STATUS_TEXT", "GAMECODE", "HOME_TEAM_ID", "VISITOR_TEAM_ID", "SEASON", "LIVE_PERIOD", "LIVE_PC_TIME", "NATL_TV_BROADCASTER_ABBREVIATION", "LIVE_PERIOD_TIME_BCAST", "WH_STATUS"], "rowSet": [["2013-11-03T00:00:00", 3, "0021300043", 3, "Final", "20131103/BKNORL", 1610612753, 1610612751, "2013", 4, "", null, "Q4  - ", 1]], "name": "GameSummary"}, {"headers": ["GAME_DATE_EST", "GAME_SEQUENCE", "GAME_ID", "TEAM_ID", "TEAM_ABBREVIATION", "TEAM_CITY_NAME", "TEAM_WINS_LOSSES", "PTS_QTR1", "PTS_QTR2", "PTS_QTR3", "PTS_QTR4", "PTS_OT1", "PTS_OT2", "PTS_OT3", "PTS_OT4", "PTS_OT5", "PTS_OT6", "PTS_OT7", "PTS_OT8", "PTS_OT9", "PTS_OT10", "PTS"], "rowSet": [["2013-11-03T00:00:00", 3, "0021300043", 1610612751, "BKN", "Brooklyn", "1-2", 22, 16, 21, 27, 0, 0, 0, 0, 0, 0, 0, 0, 0, 0, 86], ["2013-11-03T00:00:00", 3, "0021300043", 1610612753, "ORL", "Orlando", "2-2", 22, 19, 33, 33, 0, 0, 0, 0, 0, 0, 0, 0, 0, 0, 107]], "name": "LineScore"}, {"headers": ["GAME_ID", "HOME_TEAM_ID", "VISITOR_TEAM_ID", "GAME_DATE_EST", "HOME_TEAM_WINS", "HOME_TEAM_LOSSES", "SERIES_LEADER"], "rowSet": [["0021300043", 1610612753, 1610612751, "2013-11-03T00:00:00", 1, 1, "Tied"]], "name": "SeasonSeries"}, {"headers": ["GAME_ID", "LAST_GAME_ID", "LAST_GAME_DATE_EST", "LAST_GAME_HOME_TEAM_ID", "LAST_GAME_HOME_TEAM_CITY", "LAST_GAME_HOME_TEAM_NAME", "LAST_GAME_HOME_TEAM_ABBREVIATION", "LAST_GAME_HOME_TEAM_POINTS", "LAST_GAME_VISITOR_TEAM_ID", "LAST_GAME_VISITOR_TEAM_CITY", "LAST_GAME_VISITOR_TEAM_NAME", "LAST_GAME_VISITOR_TEAM_CITY1", "LAST_GAME_VISITOR_TEAM_POINTS"], "rowSet": [["0021300043", "0021200662", "2013-01-28T00:00:00", 1610612753, "Orlando", "Magic", "ORL", 77, 1610612751, "Brooklyn", "Nets", "BKN", 97]], "name": "LastMeeting"}, {"headers": ["GAME_ID", "TEAM_ID", "TEAM_ABBREVIATION", "TEAM_CITY", "PLAYER_ID", "PLAYER_NAME", "START_POSITION", "COMMENT", "MIN", "FGM", "FGA", "FG_PCT", "FG3M", "FG3A", "FG3_PCT", "FTM", "FTA", "FT_PCT", "OREB", "DREB", "REB", "AST", "STL", "BLK", "TO", "PF", "PTS", "PLUS_MINUS"], "rowSet": [["0021300043", 1610612751, "BKN", "Brooklyn", 1718, "Paul Pierce", "F", "", "27:38", 6, 11, 0.545, 0, 3, 0.0, 4, 4, 1.0, 1, 6, 7, 1, 0, 0, 2, 0, 16, -16.0], ["0021300043", 1610612751, "BKN", "Brooklyn", 708, "Kevin Garnett", "F", "", "22:25", 3, 11, 0.273, 0, 1, 0.0, 2, 2, 1.0, 0, 5, 5, 1, 0, 1, 1, 2, 8, -20.0], ["0021300043", 1610612751, "BKN", "Brooklyn", 201572, "Brook Lopez", "C", "", "32:54", 8, 15, 0.533, 0, 0, 0.0, 5, 5, 1.0, 2, 4, 6, 0, 1, 5, 1, 1, 21, -11.0], ["0021300043", 1610612751, "BKN", "Brooklyn", 2207, "Joe Johnson", "G", "", "23:19", 1, 5, 0.2, 0, 2, 0.0, 0, 0, 0.0, 1, 0, 1, 2, 1, 1, 1, 3, 2, -14.0], ["0021300043", 1610612751, "BKN", "Brooklyn", 101114, "Deron Williams", "G", "", "26:58", 4, 12, 0.333, 1, 3, 0.333, 0, 0, 0.0, 0, 1, 1, 7, 1, 0, 3, 2, 9, -18.0], ["0021300043", 1610612751, "BKN", "Brooklyn", 101154, "Andray Blatche", "", "", "14:48", 1, 7, 0.143, 0, 1, 0.0, 0, 0, 0.0, 1, 4, 5, 0, 0, 0, 2, 2, 2, 2.0], ["0021300043", 1610612751, "BKN", "Brooklyn", 2733, "Shaun Livingston", "", "", "21:02", 3, 5, 0.6, 0, 0, 0.0, 0, 0, 0.0, 0, 2, 2, 7, 0, 1, 0, 2, 6, -3.0], ["0021300043", 1610612751, "BKN", "Brooklyn", 101187, "Alan Anderson", "", "", "19:14", 2, 5, 0.4, 1, 3, 0.333, 2, 2, 1.0, 1, 2, 3, 1, 1, 0, 0, 1, 7, -7.0], ["0021300043", 1610612751, "BKN", "Brooklyn", 1891, "Jason Terry", "", "", "21:51", 3, 5, 0.6, 2, 2, 1.0, 0, 0, 0.0, 1, 1, 2, 1, 0, 0, 1, 1, 8, -5.0], ["0021300043", 1610612751, "BKN", "Brooklyn", 1905, "Andrei Kirilenko", "", "", "11:11", 1, 5, 0.2, 0, 0, 0.0, 1, 2, 0.5, 2, 2, 4, 1, 1, 0, 1, 4, 3, -6.0], ["0021300043", 1610612751, "BKN", "Brooklyn", 2501, "Reggie Evans", "", "", "8:52", 0, 1, 0.0, 0, 0, 0.0, 0, 0, 0.0, 1, 4, 5, 0, 0, 0, 0, 2, 0, -4.0], ["0021300043", 1610612751, "BKN", "Brooklyn", 203141, "Mirza Teletovic", "", "", "6:58", 1, 6, 0.167, 0, 2, 0.0, 0, 0, 0.0, 1, 0, 1, 2, 0, 0, 0, 3, 2, -1.0], ["0021300043", 1610612751, "BKN", "Brooklyn", 203486, "Mason Plumlee", "", "", "2:50", 1, 1, 1.0, 0, 0, 0.0, 0, 0, 0.0, 0, 0, 0, 0, 0, 0, 0, 0, 2, -2.0], ["0021300043", 1610612753, "ORL", "Orlando", 203090, "Maurice Harkless", "F", "", "36:31", 3, 8, 0.375, 2, 2, 1.0, 2, 4, 0.5, 2, 3, 5, 1, 2, 1, 0, 2, 10, 20.0], ["0021300043", 1610612753, "ORL", "Orlando", 101131, "Jason Maxiell", "F", "", "21:46", 3, 6, 0.5, 0, 0, 0.0, 0, 0, 0.0, 1, 5, 6, 0, 0, 1, 0, 3, 6, 10.0], ["0021300043", 1610612753, "ORL", "Orlando", 202696, "Nikola Vucevic", "C", "", "35:22", 9, 14, 0.643, 0, 0, 0.0, 1, 2, 0.5, 6, 6, 12, 1, 0, 1, 2, 1, 19, 17.0], ["0021300043", 1610612753, "ORL", "Orlando", 201167, "Arron Afflalo", "G", "", "37:23", 5, 14, 0.357, 3, 5, 0.6, 3, 5, 0.6, 0, 6, 6, 8, 2, 0, 2, 2, 16, 16.0], ["0021300043", 1610612753, "ORL", "Orlando", 2749, "Jameer Nelson", "G", "", "32:22", 5, 15, 0.333, 1, 5, 0.2, 0, 0, 0.0, 0, 3, 3, 5, 1, 0, 2, 2, 11, 11.0], ["0021300043", 1610612753, "ORL", "Orlando", 203506, "Victor Oladipo", "", "", "21:24", 8, 13, 0.615, 0, 1, 0.0, 3, 4, 0.75, 0, 6, 6, 4, 2, 0, 7, 2, 19, 11.0], ["0021300043", 1610612753, "ORL", "Orlando", 203094, "Andrew Nicholson", "", "", "26:14", 6, 13, 0.462, 0, 3, 0.0, 5, 5, 1.0, 3, 8, 11, 0, 0, 1, 0, 1, 17, 11.0], ["0021300043", 1610612753, "ORL", "Orlando", 202734, "E'Twaun Moore", "", "", "13:44", 2, 3, 0.667, 1, 1, 1.0, 0, 0, 0.0, 0, 1, 1, 0, 0, 0, 1, 1, 5, 3.0], ["0021300043", 1610612753, "ORL", "Orlando", 203124, "Kyle O'Quinn", "", "", "12:38", 1, 2, 0.5, 0, 0, 0.0, 2, 2, 1.0, 1, 3, 4, 0, 0, 0, 1, 5, 4, 4.0], ["0021300043", 1610612753, "ORL", "Orlando", 101179, "Ronnie Price", "", "", "2:36", 0, 1, 0.0, 0, 0, 0.0, 0, 0, 0.0, 0, 0, 0, 0, 0, 0, 0, 0, 0, 2.0], ["0021300043", 1610612753, "ORL", "Orlando", 202699, "Tobias Harris", "", "DND - Left Ankle Sprain", null, null, null, null, null, null, null, null, null, null, null, null, null, null, null, null, null, null, null, null], ["0021300043", 1610612753, "ORL", "Orlando", 200780, "Solomon Jones", "", "DND - Torn Meniscus Left Knee", null, null, null, null, null, null, null, null, null, null, null, null, null, null, null, null, null, null, null, null], ["0021300043", 1610612753, "ORL", "Orlando", 203117, "Doron Lamb", "", "DNP - Coach's Decision", null, null, null, null, null, null, null, null, null, null, null, null, null, null, null, null, null, null, null, null]], "name": "PlayerStats"}, {"headers": ["GAME_ID", "TEAM_ID", "TEAM_NAME", "TEAM_ABBREVIATION", "TEAM_CITY", "MIN", "FGM", "FGA", "FG_PCT", "FG3M", "FG3A", "FG3_PCT", "FTM", "FTA", "FT_PCT", "OREB", "DREB", "REB", "AST", "STL", "BLK", "TO", "PF", "PTS", "PLUS_MINUS"], "rowSet": [["0021300043", 1610612753, "Magic", "ORL", "Orlando", "240:00", 42, 89, 0.472, 7, 17, 0.412, 16, 22, 0.727, 13, 41, 54, 19, 7, 4, 15, 19, 107, 21.0], ["0021300043", 1610612751, "Nets", "BKN", "Brooklyn", "240:00", 34, 89, 0.382, 4, 17, 0.235, 14, 15, 0.933, 11, 31, 42, 23, 5, 8, 12, 23, 86, -21.0]], "name": "TeamStats"}, {"headers": ["LEAGUE_ID", "SEASON_ID", "TEAM_ID", "TEAM_ABBREVIATION", "TEAM_CITY", "PTS_PAINT", "PTS_2ND_CHANCE", "PTS_FB", "LARGEST_LEAD", "LEAD_CHANGES", "TIMES_TIED"], "rowSet": [["00", "22013", 1610612751, "BKN", "Brooklyn", 26, 12, 3, 23, 12, 5], ["00", "22013", 1610612753, "ORL", "Orlando", 42, 23, 12, 23, 12, 5]], "name": "OtherStats"}, {"headers": ["OFFICIAL_ID", "FIRST_NAME", "LAST_NAME", "JERSEY_NUM"], "rowSet": [[1185, "Violet", "Palmer", "12"], [1201, "Leon", "Wood", "40"], [1153, "Joe", "Crawford", "17"]], "name": "Officials"}, {"headers": ["GAME_DATE", "ATTENDANCE", "GAME_TIME"], "rowSet": [["SUNDAY, NOVEMBER 3, 2013", 15297, "2:06"]], "name": "GameInfo"}, {"headers": ["PLAYER_ID", "FIRST_NAME", "LAST_NAME", "JERSEY_NUM", "TEAM_ID", "TEAM_CITY", "TEAM_NAME", "TEAM_ABBREVIATION"], "rowSet": [[2045, "Hedo", "Turkoglu", "15", 1610612753, "Orlando", "Magic", "ORL"], [201175, "Glen", "Davis", "11", 1610612753, "Orlando", "Magic", "ORL"], [203129, "Tornike", "Shengelia", "20", 1610612751, "Brooklyn", "Nets", "BKN"], [203116, "Tyshawn", "Taylor", "10", 1610612751, "Brooklyn", "Nets", "BKN"]], "name": "InactivePlayers"}, {"headers": ["VIDEO_AVAILABLE_FLAG"], "rowSet": [[1]], "name": "AvailableVideo"}], "parameters": {"GameID": "0021300043", "RangeType": 0, "StartPeriod": 0, "StartRange": 0, "EndPeriod": 0, "EndRange": 0}}