{"resource": "boxscore", "resultSets": [{"headers": ["GAME_DATE_EST", "GAME_SEQUENCE", "GAME_ID", "GAME_STATUS_ID", "GAME_STATUS_TEXT", "GAMECODE", "HOME_TEAM_ID", "VISITOR_TEAM_ID", "SEASON", "LIVE_PERIOD", "LIVE_PC_TIME", "NATL_TV_BROADCASTER_ABBREVIATION", "LIVE_PERIOD_TIME_BCAST", "WH_STATUS"], "rowSet": [["2013-11-01T00:00:00", 3, "0021300022", 3, "Final", "20131101/PHIWAS", 1610612764, 1610612755, "2013", 4, "", null, "Q4  - ", 1]], "name": "GameSummary"}, {"headers": ["GAME_DATE_EST", "GAME_SEQUENCE", "GAME_ID", "TEAM_ID", "TEAM_ABBREVIATION", "TEAM_CITY_NAME", "TEAM_WINS_LOSSES", "PTS_QTR1", "PTS_QTR2", "PTS_QTR3", "PTS_QTR4", "PTS_OT1", "PTS_OT2", "PTS_OT3", "PTS_OT4", "PTS_OT5", "PTS_OT6", "PTS_OT7", "PTS_OT8", "PTS_OT9", "PTS_OT10", "PTS"], "rowSet": [["2013-11-01T00:00:00", 3, "0021300022", 1610612764, "WAS", "Washington", "0-2", 33, 21, 20, 28, 0, 0, 0, 0, 0, 0, 0, 0, 0, 0, 102], ["2013-11-01T00:00:00", 3, "0021300022", 1610612755, "PHI", "Philadelphia", "2-0", 21, 23, 30, 35, 0, 0, 0, 0, 0, 0, 0, 0, 0, 0, 109]], "name": "LineScore"}, {"headers": ["GAME_ID", "HOME_TEAM_ID", "VISITOR_TEAM_ID", "GAME_DATE_EST", "HOME_TEAM_WINS", "HOME_TEAM_LOSSES", "SERIES_LEADER"], "rowSet": [["0021300022", 1610612764, 1610612755, "2013-11-01T00:00:00", 2, 1, "Washington"]], "name": "SeasonSeries"}, {"headers": ["GAME_ID", "LAST_GAME_ID", "LAST_GAME_DATE_EST", "LAST_GAME_HOME_TEAM_ID", "LAST_GAME_HOME_TEAM_CITY", "LAST_GAME_HOME_TEAM_NAME", "LAST_GAME_HOME_TEAM_ABBREVIATION", "LAST_GAME_HOME_TEAM_POINTS", "LAST_GAME_VISITOR_TEAM_ID", "LAST_GAME_VISITOR_TEAM_CITY", "LAST_GAME_VISITOR_TEAM_NAME", "LAST_GAME_VISITOR_TEAM_CITY1", "LAST_GAME_VISITOR_TEAM_POINTS"], "rowSet": [["0021300022", "0021201177", "2013-04-12T00:00:00", 1610612764, "Washington", "Wizards", "WAS", 86, 1610612755, "Philadelphia", "76ers", "PHI", 97]], "name": "LastMeeting"}, {"headers": ["GAME_ID", "TEAM_ID", "TEAM_ABBREVIATION", "TEAM_CITY", "PLAYER_ID", "PLAYER_NAME", "START_POSITION", "COMMENT", "MIN", "FGM", "FGA", "FG_PCT", "FG3M", "FG3A", "FG3_PCT", "FTM", "FTA", "FT_PCT", "OREB", "DREB", "REB", "AST", "STL", "BLK", "TO", "PF", "PTS", "PLUS_MINUS"], "rowSet": [["0021300022", 1610612755, "PHI", "Philadelphia", 202323, "Evan Turner", "F", "", "34:45", 10, 18, 0.556, 0, 2, 0.0, 3, 4, 0.75, 2, 4, 6, 4, 2, 0, 4, 3, 23, 1.0], ["0021300022", 1610612755, "PHI", "Philadelphia", 201152, "Thaddeus Young", "F", "", "32:12", 14, 20, 0.7, 0, 0, 0.0, 1, 2, 0.5, 3, 5, 8, 2, 1, 0, 3, 1, 29, 2.0], ["0021300022", 1610612755, "PHI", "Philadelphia", 201150, "Spencer Hawes", "C", "", "33:07", 6, 12, 0.5, 3, 6, 0.5, 1, 2, 0.5, 1, 13, 14, 5, 1, 1, 1, 4, 16, 11.0], ["0021300022", 1610612755, "PHI", "Philadelphia", 202341, "James Anderson", "G", "", "34:21", 1, 5, 0.2, 1, 5, 0.2, 0, 1, 0.0, 0, 2, 2, 6, 2, 1, 1, 0, 3, 9.0], ["0021300022", 1610612755, "PHI", "Philadelphia", 203487, "Michael Carter-Williams", "G", "", "32:15", 6, 15, 0.4, 2, 6, 0.333, 0, 2, 0.0, 0, 3, 3, 5, 1, 0, 2, 4, 14, 8.0], ["0021300022", 1610612755, "PHI", "Philadelphia", 203100, "Tony Wroten", "", "", "19:01", 4, 10, 0.4, 0, 2, 0.0, 2, 3, 0.667, 1, 4, 5, 1, 1, 0, 4, 1, 10, 5.0], ["0021300022", 1610612755, "PHI", "Philadelphia", 202730, "Lavoy Allen", "", "", "19:16", 5, 6, 0.833, 0, 0, 0.0, 0, 0, 0.0, 2, 2, 4, 2, 0, 0, 1, 0, 10, 6.0], ["0021300022", 1610612755, "PHI", "Philadelphia", 203138, "Hollis Thompson", "", "", "10:26", 0, 2, 0.0, 0, 1, 0.0, 0, 0, 0.0, 0, 0, 0, 0, 0, 1, 0, 1, 0, -4.0], ["0021300022", 1610612755, "PHI", "Philadelphia", 202350, "Daniel Orton", "", "", "11:25", 0, 0, 0.0, 0, 0, 0.0, 0, 0, 0.0, 0, 3, 3, 0, 0, 3, 1, 0, 0, -5.0], ["0021300022", 1610612755, "PHI", "Philadelphia", 202721, "Darius Morris", "", "", "13:12", 2, 6, 0.333, 0, 1, 0.0, 0, 0, 0.0, 0, 1, 1, 1, 0, 0, 2, 3, 4, 2.0], ["0021300022", 1610612755, "PHI", "Philadelphia", 2198, "Kwame Brown", "", "NWT - Right hamstring strain", null, null, null, null, null, null, null, null, null, null, null, null, null, null, null, null, null, null, null, null], ["0021300022", 1610612755, "PHI", "Philadelphia", 203561, "Brandon Davies", "", "DNP - Coach's Decision", null, null, null, null, null, null, null, null, null, null, null, null, null, null, null, null, null, null, null, null], ["0021300022", 1610612764, "WAS", "Washington", 2772, "Trevor Ariza", "F", "", "39:14", 5, 15, 0.333, 1, 7, 0.143, 1, 2, 0.5, 5, 9, 14, 6, 2, 0, 2, 3, 12, 1.0], ["0021300022", 1610612764, "WAS", "Washington", 202344, "Trevor Booker", "F", "", "28:18", 5, 7, 0.714, 0, 0, 0.0, 0, 0, 0.0, 3, 5, 8, 2, 2, 1, 2, 1, 10, -4.0], ["0021300022", 1610612764, "WAS", "Washington", 101162, "Marcin Gortat", "C", "", "36:39", 5, 10, 0.5, 0, 0, 0.0, 2, 4, 0.5, 2, 5, 7, 1, 1, 3, 4, 2, 12, -12.0], ["0021300022", 1610612764, "WAS", "Washington", 203078, "Bradley Beal", "G", "", "35:30", 4, 18, 0.222, 2, 5, 0.4, 0, 1, 0.0, 1, 2, 3, 3, 1, 1, 5, 2, 10, -2.0], ["0021300022", 1610612764, "WAS", "Washington", 202322, "John Wall", "G", "", "33:56", 10, 19, 0.526, 2, 3, 0.667, 4, 6, 0.667, 0, 5, 5, 6, 3, 0, 2, 3, 26, -2.0], ["0021300022", 1610612764, "WAS", "Washington", 1733, "Al Harrington", "", "", "15:53", 2, 4, 0.5, 1, 3, 0.333, 2, 2, 1.0, 0, 3, 3, 1, 3, 0, 1, 1, 7, -5.0], ["0021300022", 1610612764, "WAS", "Washington", 201953, "Eric Maynor", "", "", "14:04", 2, 4, 0.5, 0, 1, 0.0, 0, 0, 0.0, 2, 0, 2, 4, 0, 0, 0, 2, 4, -5.0], ["0021300022", 1610612764, "WAS", "Washington", 202338, "Kevin Seraphin", "", "", "11:21", 4, 8, 0.5, 0, 0, 0.0, 0, 0, 0.0, 1, 1, 2, 0, 0, 0, 1, 2, 8, 5.0], ["0021300022", 1610612764, "WAS", "Washington", 101110, "Martell Webster", "", "", "24:11", 4, 9, 0.444, 3, 7, 0.429, 2, 2, 1.0, 1, 1, 2, 0, 2, 1, 0, 0, 13, -13.0], ["0021300022", 1610612764, "WAS", "Washington", 202066, "Garrett Temple", "", "", "0:55", 0, 0, 0.0, 0, 0, 0.0, 0, 0, 0.0, 0, 0, 0, 0, 0, 0, 0, 0, 0, 2.0], ["0021300022", 1610612764, "WAS", "Washington", 2403, "Nene", "", "DND - Left Calf Strain", null, null, null, null, null, null, null, null, null, null, null, null, null, null, null, null, null, null, null, null], ["0021300022", 1610612764, "WAS", "Washington", 203318, "Glen Rice Jr.", "", "DNP - Coach's Decision", null, null, null, null, null, null, null, null, null, null, null, null, null, null, null, null, null, null, null, null], ["0021300022", 1610612764, "WAS", "Washington", 202686, "Jan Vesely", "", "DNP - Coach's Decision", null, null, null, null, null, null, null, null, null, null, null, null, null, null, null, null, null, null, null, null]], "name": "PlayerStats"}, {"headers": ["GAME_ID", "TEAM_ID", "TEAM_NAME", "TEAM_ABBREVIATION", "TEAM_CITY", "MIN", "FGM", "FGA", "FG_PCT", "FG3M", "FG3A", "FG3_PCT", "FTM", "FTA", "FT_PCT", "OREB", "DREB", "REB", "AST", "STL", "BLK", "TO", "PF", "PTS", "PLUS_MINUS"], "rowSet": [["0021300022", 1610612764, "Wizards", "WAS", "Washington", "240:00", 41, 94, 0.436, 9, 26, 0.346, 11, 17, 0.647, 15, 31, 46, 23, 14, 6, 17, 16, 102, -7.0], ["0021300022", 1610612755, "76ers", "PHI", "Philadelphia", "240:00", 48, 94, 0.511, 6, 23, 0.261, 7, 14, 0.5, 9, 37, 46, 26, 8, 6, 19, 17, 109, 7.0]], "name": "TeamStats"}, {"headers": ["LEAGUE_ID", "SEASON_ID", "TEAM_ID", "TEAM_ABBREVIATION", "TEAM_CITY", "PTS_PAINT", "PTS_2ND_CHANCE", "PTS_FB", "LARGEST_LEAD", "LEAD_CHANGES", "TIMES_TIED"], "rowSet": [["00", "22013", 1610612755, "PHI", "Philadelphia", 74, 18, 20, 14, 1, 5], ["00", "22013", 1610612764, "WAS", "Washington", 54, 15, 34, 14, 1, 5]], "name": "OtherStats"}, {"headers": ["OFFICIAL_ID", "FIRST_NAME", "LAST_NAME", "JERSEY_NUM"], "rowSet": [[1164, "Ron", "Garretson", "10"], [203592, "Dedric", "Taylor", "62"], [2534, "Zach", "Zarba", "28"]], "name": "Officials"}, {"headers": ["GAME_DATE", "ATTENDANCE", "GAME_TIME"], "rowSet": [["FRIDAY, NOVEMBER 1, 2013", 17160, "2:07"]], "name": "GameInfo"}, {"headers": ["PLAYER_ID", "FIRST_NAME", "LAST_NAME", "JERSEY_NUM", "TEAM_ID", "TEAM_CITY", "TEAM_NAME", "TEAM_ABBREVIATION"], "rowSet": [[2202, "Jason", "Richardson", "23", 1610612755, "Philadelphia", "76ers", "PHI"], [203102, "Arnett", "Moultrie", " 5", 1610612755, "Philadelphia", "76ers", "PHI"], [203457, "Nerlens", "Noel", " 4", 1610612755, "Philadelphia", "76ers", "PHI"], [202698, "Chris", "Singleton", "31", 1610612764, "Washington", "Wizards", "WAS"], [203490, "Otto", "Porter", "22", 1610612764, "Washington", "Wizards", "WAS"]], "name": "InactivePlayers"}, {"headers": ["VIDEO_AVAILABLE_FLAG"], "rowSet": [[1]], "name": "AvailableVideo"}], "parameters": {"GameID": "0021300022", "RangeType": 0, "StartPeriod": 0, "StartRange": 0, "EndPeriod": 0, "EndRange": 0}}