{"resource": "boxscore", "resultSets": [{"headers": ["GAME_DATE_EST", "GAME_SEQUENCE", "GAME_ID", "GAME_STATUS_ID", "GAME_STATUS_TEXT", "GAMECODE", "HOME_TEAM_ID", "VISITOR_TEAM_ID", "SEASON", "LIVE_PERIOD", "LIVE_PC_TIME", "NATL_TV_BROADCASTER_ABBREVIATION", "LIVE_PERIOD_TIME_BCAST", "WH_STATUS"], "rowSet": [["2013-11-01T00:00:00", 10, "0021300029", 3, "Final", "20131101/PORDEN", 1610612743, 1610612757, "2013", 4, "", null, "Q4  - ", 1]], "name": "GameSummary"}, {"headers": ["GAME_DATE_EST", "GAME_SEQUENCE", "GAME_ID", "TEAM_ID", "TEAM_ABBREVIATION", "TEAM_CITY_NAME", "TEAM_WINS_LOSSES", "PTS_QTR1", "PTS_QTR2", "PTS_QTR3", "PTS_QTR4", "PTS_OT1", "PTS_OT2", "PTS_OT3", "PTS_OT4", "PTS_OT5", "PTS_OT6", "PTS_OT7", "PTS_OT8", "PTS_OT9", "PTS_OT10", "PTS"], "rowSet": [["2013-11-01T00:00:00", 10, "0021300029", 1610612743, "DEN", "Denver", "0-2", 23, 27, 21, 27, 0, 0, 0, 0, 0, 0, 0, 0, 0, 0, 98], ["2013-11-01T00:00:00", 10, "0021300029", 1610612757, "POR", "Portland", "1-1", 24, 40, 27, 22, 0, 0, 0, 0, 0, 0, 0, 0, 0, 0, 113]], "name": "LineScore"}, {"headers": ["GAME_ID", "HOME_TEAM_ID", "VISITOR_TEAM_ID", "GAME_DATE_EST", "HOME_TEAM_WINS", "HOME_TEAM_LOSSES", "SERIES_LEADER"], "rowSet": [["0021300029", 1610612743, 1610612757, "2013-11-01T00:00:00", 0, 2, "Portland"]], "name": "SeasonSeries"}, {"headers": ["GAME_ID", "LAST_GAME_ID", "LAST_GAME_DATE_EST", "LAST_GAME_HOME_TEAM_ID", "LAST_GAME_HOME_TEAM_CITY", "LAST_GAME_HOME_TEAM_NAME", "LAST_GAME_HOME_TEAM_ABBREVIATION", "LAST_GAME_HOME_TEAM_POINTS", "LAST_GAME_VISITOR_TEAM_ID", "LAST_GAME_VISITOR_TEAM_CITY", "LAST_GAME_VISITOR_TEAM_NAME", "LAST_GAME_VISITOR_TEAM_CITY1", "LAST_GAME_VISITOR_TEAM_POINTS"], "rowSet": [["0021300029", "0021201198", "2013-04-14T00:00:00", 1610612743, "Denver", "Nuggets", "DEN", 118, 1610612757, "Portland", "Trail Blazers", "POR", 109]], "name": "LastMeeting"}, {"headers": ["GAME_ID", "TEAM_ID", "TEAM_ABBREVIATION", "TEAM_CITY", "PLAYER_ID", "PLAYER_NAME", "START_POSITION", "COMMENT", "MIN", "FGM", "FGA", "FG_PCT", "FG3M", "FG3A", "FG3_PCT", "FTM", "FTA", "FT_PCT", "OREB", "DREB", "REB", "AST", "STL", "BLK", "TO", "PF", "PTS", "PLUS_MINUS"], "rowSet": [["0021300029", 1610612757, "POR", "Portland", 201587, "Nicolas Batum", "F", "", "35:17", 8, 14, 0.571, 5, 8, 0.625, 0, 0, 0.0, 0, 5, 5, 3, 0, 1, 2, 2, 21, 15.0], ["0021300029", 1610612757, "POR", "Portland", 200746, "LaMarcus Aldridge", "F", "", "36:11", 12, 26, 0.462, 0, 0, 0.0, 1, 4, 0.25, 2, 7, 9, 4, 1, 1, 1, 2, 25, 22.0], ["0021300029", 1610612757, "POR", "Portland", 201577, "Robin Lopez", "C", "", "22:36", 1, 5, 0.2, 0, 0, 0.0, 0, 0, 0.0, 3, 2, 5, 0, 0, 2, 0, 5, 2, 5.0], ["0021300029", 1610612757, "POR", "Portland", 202083, "Wesley Matthews", "G", "", "35:41", 7, 13, 0.538, 4, 4, 1.0, 3, 3, 1.0, 1, 11, 12, 3, 1, 0, 1, 2, 21, 19.0], ["0021300029", 1610612757, "POR", "Portland", 203081, "Damian Lillard", "G", "", "34:06", 6, 13, 0.462, 3, 4, 0.75, 3, 3, 1.0, 0, 4, 4, 7, 0, 0, 1, 4, 18, 18.0], ["0021300029", 1610612757, "POR", "Portland", 200777, "Joel Freeland", "", "", "22:27", 1, 7, 0.143, 0, 0, 0.0, 3, 4, 0.75, 4, 3, 7, 3, 0, 1, 1, 3, 5, 12.0], ["0021300029", 1610612757, "POR", "Portland", 2590, "Mo Williams", "", "", "25:38", 5, 13, 0.385, 0, 3, 0.0, 1, 1, 1.0, 1, 0, 1, 3, 0, 0, 1, 2, 11, 0.0], ["0021300029", 1610612757, "POR", "Portland", 2748, "Dorell Wright", "", "", "10:44", 3, 4, 0.75, 2, 3, 0.667, 0, 0, 0.0, 2, 3, 5, 1, 1, 0, 0, 1, 8, -7.0], ["0021300029", 1610612757, "POR", "Portland", 203080, "Thomas Robinson", "", "", "11:52", 1, 6, 0.167, 0, 0, 0.0, 0, 0, 0.0, 3, 2, 5, 1, 0, 0, 0, 4, 2, -9.0], ["0021300029", 1610612757, "POR", "Portland", 203086, "Meyers Leonard", "", "", "1:22", 0, 0, 0.0, 0, 0, 0.0, 0, 0, 0.0, 0, 2, 2, 0, 0, 0, 0, 0, 0, 0.0], ["0021300029", 1610612757, "POR", "Portland", 203115, "Will Barton", "", "", "1:22", 0, 1, 0.0, 0, 0, 0.0, 0, 0, 0.0, 0, 0, 0, 0, 0, 0, 0, 0, 0, 0.0], ["0021300029", 1610612757, "POR", "Portland", 201964, "Victor Claver", "", "", "1:22", 0, 0, 0.0, 0, 0, 0.0, 0, 0, 0.0, 0, 0, 0, 0, 0, 0, 0, 0, 0, 0.0], ["0021300029", 1610612757, "POR", "Portland", 203459, "Allen Crabbe", "", "", "1:22", 0, 1, 0.0, 0, 0, 0.0, 0, 0, 0.0, 0, 0, 0, 0, 0, 0, 0, 0, 0, 0.0], ["0021300029", 1610612743, "DEN", "Denver", 201576, "Anthony Randolph", "F", "", "14:40", 2, 6, 0.333, 0, 0, 0.0, 1, 2, 0.5, 2, 1, 3, 0, 0, 0, 0, 2, 5, -5.0], ["0021300029", 1610612743, "DEN", "Denver", 201581, "JJ Hickson", "F", "", "21:46", 2, 13, 0.154, 0, 0, 0.0, 1, 2, 0.5, 4, 5, 9, 2, 0, 0, 0, 2, 5, -11.0], ["0021300029", 1610612743, "DEN", "Denver", 201580, "JaVale McGee", "C", "", "12:47", 3, 6, 0.5, 0, 0, 0.0, 0, 0, 0.0, 2, 1, 3, 1, 0, 1, 0, 1, 6, -11.0], ["0021300029", 1610612743, "DEN", "Denver", 200751, "Randy Foye", "G", "", "32:28", 2, 10, 0.2, 0, 3, 0.0, 2, 3, 0.667, 0, 4, 4, 3, 3, 0, 1, 1, 6, -17.0], ["0021300029", 1610612743, "DEN", "Denver", 201951, "Ty Lawson", "G", "", "35:57", 7, 16, 0.438, 2, 5, 0.4, 5, 8, 0.625, 1, 4, 5, 6, 1, 0, 0, 3, 21, -15.0], ["0021300029", 1610612743, "DEN", "Denver", 202389, "Timofey Mozgov", "", "", "21:15", 4, 8, 0.5, 0, 1, 0.0, 0, 2, 0.0, 1, 2, 3, 1, 0, 1, 0, 3, 8, 12.0], ["0021300029", 1610612743, "DEN", "Denver", 202702, "Kenneth Faried", "", "", "24:23", 3, 7, 0.429, 0, 0, 0.0, 5, 8, 0.625, 6, 5, 11, 0, 0, 1, 0, 1, 11, -7.0], ["0021300029", 1610612743, "DEN", "Denver", 101126, "Nate Robinson", "", "", "28:53", 8, 17, 0.471, 4, 6, 0.667, 4, 4, 1.0, 1, 6, 7, 1, 0, 0, 3, 3, 24, 0.0], ["0021300029", 1610612743, "DEN", "Denver", 1889, "Andre Miller", "", "", "16:52", 4, 4, 1.0, 0, 0, 0.0, 2, 5, 0.4, 0, 4, 4, 0, 1, 0, 0, 0, 10, -4.0], ["0021300029", 1610612743, "DEN", "Denver", 203095, "Evan Fournier", "", "", "15:23", 0, 6, 0.0, 0, 3, 0.0, 0, 0, 0.0, 0, 1, 1, 0, 1, 0, 0, 2, 0, -4.0], ["0021300029", 1610612743, "DEN", "Denver", 201589, "Darrell Arthur", "", "", "15:36", 1, 6, 0.167, 0, 0, 0.0, 0, 0, 0.0, 3, 2, 5, 0, 0, 2, 0, 1, 2, -13.0], ["0021300029", 1610612743, "DEN", "Denver", 202706, "Jordan Hamilton", "", "DNP - Coach's Decision", null, null, null, null, null, null, null, null, null, null, null, null, null, null, null, null, null, null, null, null], ["0021300029", 1610612743, "DEN", "Denver", 203113, "Quincy Miller", "", "DNP - Coach's Decision", null, null, null, null, null, null, null, null, null, null, null, null, null, null, null, null, null, null, null, null]], "name": "PlayerStats"}, {"headers": ["GAME_ID", "TEAM_ID", "TEAM_NAME", "TEAM_ABBREVIATION", "TEAM_CITY", "MIN", "FGM", "FGA", "FG_PCT", "FG3M", "FG3A", "FG3_PCT", "FTM", "FTA", "FT_PCT", "OREB", "DREB", "REB", "AST", "STL", "BLK", "TO", "PF", "PTS", "PLUS_MINUS"], "rowSet": [["0021300029", 1610612757, "Trail Blazers", "POR", "Portland", "240:00", 44, 103, 0.427, 14, 22, 0.636, 11, 15, 0.733, 16, 39, 55, 25, 3, 5, 7, 25, 113, 15.0], ["0021300029", 1610612743, "Nuggets", "DEN", "Denver", "240:00", 36, 99, 0.364, 6, 18, 0.333, 20, 34, 0.588, 20, 35, 55, 14, 6, 5, 4, 19, 98, -15.0]], "name": "TeamStats"}, {"headers": ["LEAGUE_ID", "SEASON_ID", "TEAM_ID", "TEAM_ABBREVIATION", "TEAM_CITY", "PTS_PAINT", "PTS_2ND_CHANCE", "PTS_FB", "LARGEST_LEAD", "LEAD_CHANGES", "TIMES_TIED"], "rowSet": [["00", "22013", 1610612757, "POR", "Portland", 32, 27, 13, 24, 7, 4], ["00", "22013", 1610612743, "DEN", "Denver", 50, 22, 10, 26, 7, 4]], "name": "OtherStats"}, {"headers": ["OFFICIAL_ID", "FIRST_NAME", "LAST_NAME", "JERSEY_NUM"], "rowSet": [[1152, "Dan", "Crawford", "43"], [2715, "Eric", "Lewis", "42"], [202041, "Kevin", "Scott", "79"]], "name": "Officials"}, {"headers": ["GAME_DATE", "ATTENDANCE", "GAME_TIME"], "rowSet": [["FRIDAY, NOVEMBER 1, 2013", 19155, "2:09"]], "name": "GameInfo"}, {"headers": ["PLAYER_ID", "FIRST_NAME", "LAST_NAME", "JERSEY_NUM", "TEAM_ID", "TEAM_CITY", "TEAM_NAME", "TEAM_ABBREVIATION"], "rowSet": [[201568, "Danilo", "Gallinari", " 8", 1610612743, "Denver", "Nuggets", "DEN"], [201163, "Wilson", "Chandler", "21", 1610612743, "Denver", "Nuggets", "DEN"], [203468, "CJ", "McCollum", " 3", 1610612757, "Portland", "Trail Blazers", "POR"], [2248, "Earl", "Watson", "17", 1610612757, "Portland", "Trail Blazers", "POR"]], "name": "InactivePlayers"}, {"headers": ["VIDEO_AVAILABLE_FLAG"], "rowSet": [[1]], "name": "AvailableVideo"}], "parameters": {"GameID": "0021300029", "RangeType": 0, "StartPeriod": 0, "StartRange": 0, "EndPeriod": 0, "EndRange": 0}}