{"resource": "boxscore", "resultSets": [{"headers": ["GAME_DATE_EST", "GAME_SEQUENCE", "GAME_ID", "GAME_STATUS_ID", "GAME_STATUS_TEXT", "GAMECODE", "HOME_TEAM_ID", "VISITOR_TEAM_ID", "SEASON", "LIVE_PERIOD", "LIVE_PC_TIME", "NATL_TV_BROADCASTER_ABBREVIATION", "LIVE_PERIOD_TIME_BCAST", "WH_STATUS"], "rowSet": [["2013-11-04T00:00:00", 1, "0021300047", 3, "Final", "20131104/MINCLE", 1610612739, 1610612750, "2013", 4, "", null, "Q4  - ", 1]], "name": "GameSummary"}, {"headers": ["GAME_DATE_EST", "GAME_SEQUENCE", "GAME_ID", "TEAM_ID", "TEAM_ABBREVIATION", "TEAM_CITY_NAME", "TEAM_WINS_LOSSES", "PTS_QTR1", "PTS_QTR2", "PTS_QTR3", "PTS_QTR4", "PTS_OT1", "PTS_OT2", "PTS_OT3", "PTS_OT4", "PTS_OT5", "PTS_OT6", "PTS_OT7", "PTS_OT8", "PTS_OT9", "PTS_OT10", "PTS"], "rowSet": [["2013-11-04T00:00:00", 1, "0021300047", 1610612739, "CLE", "Cleveland", "2-2", 31, 24, 21, 17, 0, 0, 0, 0, 0, 0, 0, 0, 0, 0, 93], ["2013-11-04T00:00:00", 1, "0021300047", 1610612750, "MIN", "Minnesota", "3-1", 23, 15, 23, 31, 0, 0, 0, 0, 0, 0, 0, 0, 0, 0, 92]], "name": "LineScore"}, {"headers": ["GAME_ID", "HOME_TEAM_ID", "VISITOR_TEAM_ID", "GAME_DATE_EST", "HOME_TEAM_WINS", "HOME_TEAM_LOSSES", "SERIES_LEADER"], "rowSet": [["0021300047", 1610612739, 1610612750, "2013-11-04T00:00:00", 1, 1, "Tied"]], "name": "SeasonSeries"}, {"headers": ["GAME_ID", "LAST_GAME_ID", "LAST_GAME_DATE_EST", "LAST_GAME_HOME_TEAM_ID", "LAST_GAME_HOME_TEAM_CITY", "LAST_GAME_HOME_TEAM_NAME", "LAST_GAME_HOME_TEAM_ABBREVIATION", "LAST_GAME_HOME_TEAM_POINTS", "LAST_GAME_VISITOR_TEAM_ID", "LAST_GAME_VISITOR_TEAM_CITY", "LAST_GAME_VISITOR_TEAM_NAME", "LAST_GAME_VISITOR_TEAM_CITY1", "LAST_GAME_VISITOR_TEAM_POINTS"], "rowSet": [["0021300047", "0021200763", "2013-02-11T00:00:00", 1610612739, "Cleveland", "Cavaliers", "CLE", 92, 1610612750, "Minnesota", "Timberwolves", "MIN", 100]], "name": "LastMeeting"}, {"headers": ["GAME_ID", "TEAM_ID", "TEAM_ABBREVIATION", "TEAM_CITY", "PLAYER_ID", "PLAYER_NAME", "START_POSITION", "COMMENT", "MIN", "FGM", "FGA", "FG_PCT", "FG3M", "FG3A", "FG3_PCT", "FTM", "FTA", "FT_PCT", "OREB", "DREB", "REB", "AST", "STL", "BLK", "TO", "PF", "PTS", "PLUS_MINUS"], "rowSet": [["0021300047", 1610612750, "MIN", "Minnesota", 201147, "Corey Brewer", "F", "", "37:36", 5, 12, 0.417, 0, 4, 0.0, 3, 3, 1.0, 1, 2, 3, 1, 6, 0, 3, 4, 13, 11.0], ["0021300047", 1610612750, "MIN", "Minnesota", 201567, "Kevin Love", "F", "", "36:19", 8, 20, 0.4, 0, 7, 0.0, 1, 1, 1.0, 4, 9, 13, 5, 0, 1, 3, 1, 17, 7.0], ["0021300047", 1610612750, "MIN", "Minnesota", 201593, "Nikola Pekovic", "C", "", "35:28", 3, 12, 0.25, 0, 0, 0.0, 2, 4, 0.5, 5, 7, 12, 1, 2, 0, 3, 2, 8, -12.0], ["0021300047", 1610612750, "MIN", "Minnesota", 2755, "Kevin Martin", "G", "", "34:03", 7, 16, 0.438, 5, 8, 0.625, 4, 4, 1.0, 1, 3, 4, 3, 0, 0, 2, 1, 23, 11.0], ["0021300047", 1610612750, "MIN", "Minnesota", 201937, "Ricky Rubio", "G", "", "25:36", 0, 7, 0.0, 0, 3, 0.0, 4, 4, 1.0, 0, 1, 1, 5, 5, 1, 2, 1, 4, -3.0], ["0021300047", 1610612750, "MIN", "Minnesota", 202682, "Derrick Williams", "", "", "22:24", 5, 9, 0.556, 0, 1, 0.0, 3, 4, 0.75, 0, 2, 2, 0, 1, 0, 0, 0, 13, 2.0], ["0021300047", 1610612750, "MIN", "Minnesota", 200826, "Jose Juan Barea", "", "", "22:24", 4, 11, 0.364, 0, 4, 0.0, 0, 1, 0.0, 0, 3, 3, 2, 1, 0, 2, 1, 8, 2.0], ["0021300047", 1610612750, "MIN", "Minnesota", 203144, "Alexey Shved", "", "", "8:28", 0, 3, 0.0, 0, 1, 0.0, 2, 3, 0.667, 0, 0, 0, 1, 0, 0, 1, 0, 2, -12.0], ["0021300047", 1610612750, "MIN", "Minnesota", 201967, "Dante Cunningham", "", "", "15:04", 2, 4, 0.5, 0, 0, 0.0, 0, 0, 0.0, 1, 3, 4, 2, 1, 2, 0, 2, 4, -9.0], ["0021300047", 1610612750, "MIN", "Minnesota", 203476, "Gorgui Dieng", "", "", "2:38", 0, 0, 0.0, 0, 0, 0.0, 0, 0, 0.0, 0, 1, 1, 1, 0, 1, 1, 3, 0, -2.0], ["0021300047", 1610612750, "MIN", "Minnesota", 203133, "Robbie Hummel", "", "DNP - Coach's Decision", null, null, null, null, null, null, null, null, null, null, null, null, null, null, null, null, null, null, null, null], ["0021300047", 1610612750, "MIN", "Minnesota", 203498, "Shabazz Muhammad", "", "DNP - Coach's Decision", null, null, null, null, null, null, null, null, null, null, null, null, null, null, null, null, null, null, null, null], ["0021300047", 1610612750, "MIN", "Minnesota", 201985, "A.J. Price", "", "DNP - Coach's Decision", null, null, null, null, null, null, null, null, null, null, null, null, null, null, null, null, null, null, null, null], ["0021300047", 1610612739, "CLE", "Cleveland", 201947, "Earl Clark", "F", "", "11:15", 3, 4, 0.75, 0, 0, 0.0, 0, 0, 0.0, 0, 0, 0, 1, 2, 0, 1, 4, 6, 3.0], ["0021300047", 1610612739, "CLE", "Cleveland", 202684, "Tristan Thompson", "F", "", "37:26", 5, 13, 0.385, 0, 0, 0.0, 2, 3, 0.667, 3, 8, 11, 1, 1, 0, 6, 3, 12, 3.0], ["0021300047", 1610612739, "CLE", "Cleveland", 2760, "Anderson Varejao", "C", "", "29:20", 6, 7, 0.857, 0, 0, 0.0, 0, 0, 0.0, 2, 4, 6, 4, 1, 1, 0, 3, 12, -2.0], ["0021300047", 1610612739, "CLE", "Cleveland", 203079, "Dion Waiters", "G", "", "20:23", 3, 10, 0.3, 0, 2, 0.0, 2, 2, 1.0, 0, 4, 4, 2, 1, 2, 0, 1, 8, 8.0], ["0021300047", 1610612739, "CLE", "Cleveland", 202681, "Kyrie Irving", "G", "", "32:48", 7, 15, 0.467, 1, 3, 0.333, 0, 0, 0.0, 0, 8, 8, 6, 1, 2, 9, 4, 15, -5.0], ["0021300047", 1610612739, "CLE", "Cleveland", 101127, "Jarrett Jack", "", "", "26:49", 1, 7, 0.143, 0, 2, 0.0, 0, 0, 0.0, 0, 4, 4, 5, 0, 1, 3, 3, 2, -3.0], ["0021300047", 1610612739, "CLE", "Cleveland", 101115, "Andrew Bynum", "", "", "18:40", 2, 6, 0.333, 0, 0, 0.0, 6, 6, 1.0, 2, 2, 4, 1, 0, 3, 1, 2, 10, 3.0], ["0021300047", 1610612739, "CLE", "Cleveland", 202087, "Alonzo Gee", "", "", "34:11", 4, 7, 0.571, 1, 2, 0.5, 0, 0, 0.0, 2, 4, 6, 1, 1, 0, 2, 1, 9, -8.0], ["0021300047", 1610612739, "CLE", "Cleveland", 101139, "CJ Miles", "", "", "18:34", 8, 13, 0.615, 3, 5, 0.6, 0, 0, 0.0, 2, 3, 5, 1, 2, 2, 1, 1, 19, 8.0], ["0021300047", 1610612739, "CLE", "Cleveland", 203461, "Anthony Bennett", "", "", "9:43", 0, 3, 0.0, 0, 2, 0.0, 0, 0, 0.0, 0, 1, 1, 0, 1, 1, 0, 1, 0, 0.0], ["0021300047", 1610612739, "CLE", "Cleveland", 203092, "Tyler Zeller", "", "", "0:51", 0, 0, 0.0, 0, 0, 0.0, 0, 0, 0.0, 0, 0, 0, 0, 0, 0, 0, 1, 0, -2.0], ["0021300047", 1610612739, "CLE", "Cleveland", 203508, "Sergey Karasev", "", "DNP - Coach's Decision", null, null, null, null, null, null, null, null, null, null, null, null, null, null, null, null, null, null, null, null], ["0021300047", 1610612739, "CLE", "Cleveland", 203156, "Henry Sims", "", "DNP - Coach's Decision", null, null, null, null, null, null, null, null, null, null, null, null, null, null, null, null, null, null, null, null]], "name": "PlayerStats"}, {"headers": ["GAME_ID", "TEAM_ID", "TEAM_NAME", "TEAM_ABBREVIATION", "TEAM_CITY", "MIN", "FGM", "FGA", "FG_PCT", "FG3M", "FG3A", "FG3_PCT", "FTM", "FTA", "FT_PCT", "OREB", "DREB", "REB", "AST", "STL", "BLK", "TO", "PF", "PTS", "PLUS_MINUS"], "rowSet": [["0021300047", 1610612750, "Timberwolves", "MIN", "Minnesota", "240:00", 34, 94, 0.362, 5, 28, 0.179, 19, 24, 0.792, 12, 31, 43, 21, 16, 5, 17, 15, 92, -1.0], ["0021300047", 1610612739, "Cavaliers", "CLE", "Cleveland", "240:00", 39, 85, 0.459, 5, 16, 0.313, 10, 11, 0.909, 11, 38, 49, 22, 10, 12, 23, 24, 93, 1.0]], "name": "TeamStats"}, {"headers": ["LEAGUE_ID", "SEASON_ID", "TEAM_ID", "TEAM_ABBREVIATION", "TEAM_CITY", "PTS_PAINT", "PTS_2ND_CHANCE", "PTS_FB", "LARGEST_LEAD", "LEAD_CHANGES", "TIMES_TIED"], "rowSet": [["00", "22013", 1610612739, "CLE", "Cleveland", 42, 13, 8, 22, 7, 4], ["00", "22013", 1610612750, "MIN", "Minnesota", 48, 12, 30, 23, 7, 4]], "name": "OtherStats"}, {"headers": ["OFFICIAL_ID", "FIRST_NAME", "LAST_NAME", "JERSEY_NUM"], "rowSet": [[1148, "James", "Capers", "19"], [1204, "Derek", "Richardson", "63"], [1664, "Gary", "Zielinski", "59"]], "name": "Officials"}, {"headers": ["GAME_DATE", "ATTENDANCE", "GAME_TIME"], "rowSet": [["MONDAY, NOVEMBER 4, 2013", 17892, "2:04"]], "name": "GameInfo"}, {"headers": ["PLAYER_ID", "FIRST_NAME", "LAST_NAME", "JERSEY_NUM", "TEAM_ID", "TEAM_CITY", "TEAM_NAME", "TEAM_ABBREVIATION"], "rowSet": [[203467, "Carrick", "Felix", "30", 1610612739, "Cleveland", "Cavaliers", "CLE"], [203521, "Matthew", "Dellavedova", " 9", 1610612739, "Cleveland", "Cavaliers", "CLE"], [101142, "Ronny", "Turiaf", "32", 1610612750, "Minnesota", "Timberwolves", "MIN"], [201978, "Chase", "Budinger", "10", 1610612750, "Minnesota", "Timberwolves", "MIN"]], "name": "InactivePlayers"}, {"headers": ["VIDEO_AVAILABLE_FLAG"], "rowSet": [[1]], "name": "AvailableVideo"}], "parameters": {"GameID": "0021300047", "RangeType": 0, "StartPeriod": 0, "StartRange": 0, "EndPeriod": 0, "EndRange": 0}}