{"resource": "boxscore", "resultSets": [{"headers": ["GAME_DATE_EST", "GAME_SEQUENCE", "GAME_ID", "GAME_STATUS_ID", "GAME_STATUS_TEXT", "GAMECODE", "HOME_TEAM_ID", "VISITOR_TEAM_ID", "SEASON", "LIVE_PERIOD", "LIVE_PC_TIME", "NATL_TV_BROADCASTER_ABBREVIATION", "LIVE_PERIOD_TIME_BCAST", "WH_STATUS"], "rowSet": [["2013-11-01T00:00:00", 1, "0021300020", 3, "Final", "20131101/CLECHA", 1610612766, 1610612739, "2013", 4, "", null, "Q4  - ", 1]], "name": "GameSummary"}, {"headers": ["GAME_DATE_EST", "GAME_SEQUENCE", "GAME_ID", "TEAM_ID", "TEAM_ABBREVIATION", "TEAM_CITY_NAME", "TEAM_WINS_LOSSES", "PTS_QTR1", "PTS_QTR2", "PTS_QTR3", "PTS_QTR4", "PTS_OT1", "PTS_OT2", "PTS_OT3", "PTS_OT4", "PTS_OT5", "PTS_OT6", "PTS_OT7", "PTS_OT8", "PTS_OT9", "PTS_OT10", "PTS"], "rowSet": [["2013-11-01T00:00:00", 1, "0021300020", 1610612766, "CHA", "Charlotte", "1-1", 30, 24, 21, 15, 0, 0, 0, 0, 0, 0, 0, 0, 0, 0, 90], ["2013-11-01T00:00:00", 1, "0021300020", 1610612739, "CLE", "Cleveland", "1-1", 23, 26, 17, 18, 0, 0, 0, 0, 0, 0, 0, 0, 0, 0, 84]], "name": "LineScore"}, {"headers": ["GAME_ID", "HOME_TEAM_ID", "VISITOR_TEAM_ID", "GAME_DATE_EST", "HOME_TEAM_WINS", "HOME_TEAM_LOSSES", "SERIES_LEADER"], "rowSet": [["0021300020", 1610612766, 1610612739, "2013-11-01T00:00:00", 2, 0, "Charlotte"]], "name": "SeasonSeries"}, {"headers": ["GAME_ID", "LAST_GAME_ID", "LAST_GAME_DATE_EST", "LAST_GAME_HOME_TEAM_ID", "LAST_GAME_HOME_TEAM_CITY", "LAST_GAME_HOME_TEAM_NAME", "LAST_GAME_HOME_TEAM_ABBREVIATION", "LAST_GAME_HOME_TEAM_POINTS", "LAST_GAME_VISITOR_TEAM_ID", "LAST_GAME_VISITOR_TEAM_CITY", "LAST_GAME_VISITOR_TEAM_NAME", "LAST_GAME_VISITOR_TEAM_CITY1", "LAST_GAME_VISITOR_TEAM_POINTS"], "rowSet": [["0021300020", "0011300104", "2013-10-24T00:00:00", 1610612766, "Charlotte", "Bobcats", "CHA", 105, 1610612739, "Cleveland", "Cavaliers", "CLE", 92]], "name": "LastMeeting"}, {"headers": ["GAME_ID", "TEAM_ID", "TEAM_ABBREVIATION", "TEAM_CITY", "PLAYER_ID", "PLAYER_NAME", "START_POSITION", "COMMENT", "MIN", "FGM", "FGA", "FG_PCT", "FG3M", "FG3A", "FG3_PCT", "FTM", "FTA", "FT_PCT", "OREB", "DREB", "REB", "AST", "STL", "BLK", "TO", "PF", "PTS", "PLUS_MINUS"], "rowSet": [["0021300020", 1610612739, "CLE", "Cleveland", 201947, "Earl Clark", "F", "", "16:59", 0, 4, 0.0, 0, 0, 0.0, 0, 0, 0.0, 0, 3, 3, 0, 1, 0, 1, 0, 0, -5.0], ["0021300020", 1610612739, "CLE", "Cleveland", 202684, "Tristan Thompson", "F", "", "34:40", 6, 11, 0.545, 0, 0, 0.0, 9, 10, 0.9, 4, 7, 11, 0, 1, 1, 4, 5, 21, 4.0], ["0021300020", 1610612739, "CLE", "Cleveland", 2760, "Anderson Varejao", "C", "", "29:25", 0, 4, 0.0, 0, 1, 0.0, 2, 2, 1.0, 3, 4, 7, 2, 0, 0, 2, 4, 2, -7.0], ["0021300020", 1610612739, "CLE", "Cleveland", 203079, "Dion Waiters", "G", "", "14:23", 1, 5, 0.2, 0, 1, 0.0, 0, 0, 0.0, 0, 0, 0, 0, 0, 0, 2, 2, 2, -7.0], ["0021300020", 1610612739, "CLE", "Cleveland", 202681, "Kyrie Irving", "G", "", "30:53", 7, 17, 0.412, 0, 3, 0.0, 2, 5, 0.4, 2, 2, 4, 7, 0, 0, 3, 3, 16, -7.0], ["0021300020", 1610612739, "CLE", "Cleveland", 101127, "Jarrett Jack", "", "", "27:40", 7, 13, 0.538, 1, 3, 0.333, 0, 0, 0.0, 0, 3, 3, 3, 0, 0, 3, 0, 15, -5.0], ["0021300020", 1610612739, "CLE", "Cleveland", 202087, "Alonzo Gee", "", "", "24:41", 0, 2, 0.0, 0, 1, 0.0, 1, 2, 0.5, 0, 3, 3, 1, 2, 0, 1, 4, 1, -2.0], ["0021300020", 1610612739, "CLE", "Cleveland", 101115, "Andrew Bynum", "", "", "10:46", 2, 7, 0.286, 0, 0, 0.0, 1, 2, 0.5, 1, 2, 3, 0, 0, 0, 0, 1, 5, -1.0], ["0021300020", 1610612739, "CLE", "Cleveland", 101139, "CJ Miles", "", "", "29:25", 9, 16, 0.563, 3, 7, 0.429, 1, 1, 1.0, 0, 5, 5, 1, 3, 0, 1, 3, 22, 6.0], ["0021300020", 1610612739, "CLE", "Cleveland", 203461, "Anthony Bennett", "", "", "12:32", 0, 3, 0.0, 0, 2, 0.0, 0, 0, 0.0, 0, 1, 1, 0, 1, 0, 0, 4, 0, -3.0], ["0021300020", 1610612739, "CLE", "Cleveland", 203092, "Tyler Zeller", "", "", "8:36", 0, 2, 0.0, 0, 0, 0.0, 0, 0, 0.0, 1, 1, 2, 0, 1, 0, 0, 3, 0, -3.0], ["0021300020", 1610612739, "CLE", "Cleveland", 203521, "Matthew Dellavedova", "", "DNP - Coach's Decision", null, null, null, null, null, null, null, null, null, null, null, null, null, null, null, null, null, null, null, null], ["0021300020", 1610612739, "CLE", "Cleveland", 203156, "Henry Sims", "", "DNP - Coach's Decision", null, null, null, null, null, null, null, null, null, null, null, null, null, null, null, null, null, null, null, null], ["0021300020", 1610612766, "CHA", "Charlotte", 203077, "Michael Kidd-Gilchrist", "F", "", "37:06", 6, 12, 0.5, 0, 0, 0.0, 3, 4, 0.75, 2, 4, 6, 0, 1, 1, 0, 3, 15, -1.0], ["0021300020", 1610612766, "CHA", "Charlotte", 201177, "Josh McRoberts", "F", "", "29:08", 0, 3, 0.0, 0, 1, 0.0, 0, 0, 0.0, 2, 2, 4, 8, 2, 1, 2, 5, 0, 4.0], ["0021300020", 1610612766, "CHA", "Charlotte", 202687, "Bismack Biyombo", "C", "", "36:49", 5, 6, 0.833, 0, 0, 0.0, 1, 2, 0.5, 1, 9, 10, 0, 0, 2, 1, 3, 11, 5.0], ["0021300020", 1610612766, "CHA", "Charlotte", 201945, "Gerald Henderson", "G", "", "28:11", 2, 10, 0.2, 0, 0, 0.0, 6, 8, 0.75, 0, 3, 3, 1, 1, 0, 3, 3, 10, 5.0], ["0021300020", 1610612766, "CHA", "Charlotte", 202689, "Kemba Walker", "G", "", "37:31", 8, 14, 0.571, 3, 6, 0.5, 4, 8, 0.5, 0, 4, 4, 7, 3, 2, 4, 2, 23, 16.0], ["0021300020", 1610612766, "CHA", "Charlotte", 203469, "Cody Zeller", "", "", "18:52", 4, 9, 0.444, 0, 0, 0.0, 1, 2, 0.5, 0, 5, 5, 0, 0, 0, 0, 2, 9, 2.0], ["0021300020", 1610612766, "CHA", "Charlotte", 203106, "Jeff Taylor", "", "", "21:36", 3, 8, 0.375, 0, 4, 0.0, 2, 4, 0.5, 0, 1, 1, 1, 0, 0, 2, 0, 8, -6.0], ["0021300020", 1610612766, "CHA", "Charlotte", 201196, "Ramon Sessions", "", "", "19:36", 4, 10, 0.4, 0, 1, 0.0, 1, 3, 0.333, 0, 1, 1, 4, 0, 0, 3, 1, 9, 4.0], ["0021300020", 1610612766, "CHA", "Charlotte", 202399, "Jeff Adrien", "", "", "11:11", 1, 1, 1.0, 0, 0, 0.0, 3, 3, 1.0, 0, 3, 3, 0, 0, 2, 0, 1, 5, 1.0], ["0021300020", 1610612766, "CHA", "Charlotte", 2732, "Ben Gordon", "", "DNP - Coach's Decision", null, null, null, null, null, null, null, null, null, null, null, null, null, null, null, null, null, null, null, null], ["0021300020", 1610612766, "CHA", "Charlotte", 2457, "Jannero Pargo", "", "DNP - Coach's Decision", null, null, null, null, null, null, null, null, null, null, null, null, null, null, null, null, null, null, null, null], ["0021300020", 1610612766, "CHA", "Charlotte", 203480, "James Southerland", "", "DNP - Coach's Decision", null, null, null, null, null, null, null, null, null, null, null, null, null, null, null, null, null, null, null, null], ["0021300020", 1610612766, "CHA", "Charlotte", 201229, "Anthony Tolliver", "", "DNP - Coach's Decision", null, null, null, null, null, null, null, null, null, null, null, null, null, null, null, null, null, null, null, null]], "name": "PlayerStats"}, {"headers": ["GAME_ID", "TEAM_ID", "TEAM_NAME", "TEAM_ABBREVIATION", "TEAM_CITY", "MIN", "FGM", "FGA", "FG_PCT", "FG3M", "FG3A", "FG3_PCT", "FTM", "FTA", "FT_PCT", "OREB", "DREB", "REB", "AST", "STL", "BLK", "TO", "PF", "PTS", "PLUS_MINUS"], "rowSet": [["0021300020", 1610612739, "Cavaliers", "CLE", "Cleveland", "240:00", 32, 84, 0.381, 4, 18, 0.222, 16, 22, 0.727, 11, 31, 42, 14, 9, 1, 17, 29, 84, -6.0], ["0021300020", 1610612766, "Bobcats", "CHA", "Charlotte", "240:00", 33, 73, 0.452, 3, 12, 0.25, 21, 34, 0.618, 5, 32, 37, 21, 7, 8, 15, 20, 90, 6.0]], "name": "TeamStats"}, {"headers": ["LEAGUE_ID", "SEASON_ID", "TEAM_ID", "TEAM_ABBREVIATION", "TEAM_CITY", "PTS_PAINT", "PTS_2ND_CHANCE", "PTS_FB", "LARGEST_LEAD", "LEAD_CHANGES", "TIMES_TIED"], "rowSet": [["00", "22013", 1610612766, "CHA", "Charlotte", 38, 3, 17, 10, 2, 5], ["00", "22013", 1610612739, "CLE", "Cleveland", 36, 21, 12, 11, 2, 5]], "name": "OtherStats"}, {"headers": ["OFFICIAL_ID", "FIRST_NAME", "LAST_NAME", "JERSEY_NUM"], "rowSet": [[1179, "Rodney", "Mott", "71"], [101284, "John", "Goble", "30"], [200833, "Eric", "Dalen", "37"]], "name": "Officials"}, {"headers": ["GAME_DATE", "ATTENDANCE", "GAME_TIME"], "rowSet": [["FRIDAY, NOVEMBER 1, 2013", 18017, "2:23"]], "name": "GameInfo"}, {"headers": ["PLAYER_ID", "FIRST_NAME", "LAST_NAME", "JERSEY_NUM", "TEAM_ID", "TEAM_CITY", "TEAM_NAME", "TEAM_ABBREVIATION"], "rowSet": [[2217, "Brendan", "Haywood", "33", 1610612766, "Charlotte", "Bobcats", "CHA"], [2744, "Al", "Jefferson", "25", 1610612766, "Charlotte", "Bobcats", "CHA"], [203467, "Carrick", "Felix", "30", 1610612739, "Cleveland", "Cavaliers", "CLE"], [203508, "Sergey", "Karasev", "10", 1610612739, "Cleveland", "Cavaliers", "CLE"]], "name": "InactivePlayers"}, {"headers": ["VIDEO_AVAILABLE_FLAG"], "rowSet": [[1]], "name": "AvailableVideo"}], "parameters": {"GameID": "0021300020", "RangeType": 0, "StartPeriod": 0, "StartRange": 0, "EndPeriod": 0, "EndRange": 0}}