{"resource": "boxscore", "resultSets": [{"headers": ["GAME_DATE_EST", "GAME_SEQUENCE", "GAME_ID", "GAME_STATUS_ID", "GAME_STATUS_TEXT", "GAMECODE", "HOME_TEAM_ID", "VISITOR_TEAM_ID", "SEASON", "LIVE_PERIOD", "LIVE_PC_TIME", "NATL_TV_BROADCASTER_ABBREVIATION", "LIVE_PERIOD_TIME_BCAST", "WH_STATUS"], "rowSet": [["2013-11-01T00:00:00", 6, "0021300025", 3, "Final", "20131101/DALHOU", 1610612745, 1610612742, "2013", 4, "", null, "Q4  - ", 1]], "name": "GameSummary"}, {"headers": ["GAME_DATE_EST", "GAME_SEQUENCE", "GAME_ID", "TEAM_ID", "TEAM_ABBREVIATION", "TEAM_CITY_NAME", "TEAM_WINS_LOSSES", "PTS_QTR1", "PTS_QTR2", "PTS_QTR3", "PTS_QTR4", "PTS_OT1", "PTS_OT2", "PTS_OT3", "PTS_OT4", "PTS_OT5", "PTS_OT6", "PTS_OT7", "PTS_OT8", "PTS_OT9", "PTS_OT10", "PTS"], "rowSet": [["2013-11-01T00:00:00", 6, "0021300025", 1610612742, "DAL", "Dallas", "1-1", 22, 28, 22, 33, 0, 0, 0, 0, 0, 0, 0, 0, 0, 0, 105], ["2013-11-01T00:00:00", 6, "0021300025", 1610612745, "HOU", "Houston", "2-0", 38, 23, 24, 28, 0, 0, 0, 0, 0, 0, 0, 0, 0, 0, 113]], "name": "LineScore"}, {"headers": ["GAME_ID", "HOME_TEAM_ID", "VISITOR_TEAM_ID", "GAME_DATE_EST", "HOME_TEAM_WINS", "HOME_TEAM_LOSSES", "SERIES_LEADER"], "rowSet": [["0021300025", 1610612745, 1610612742, "2013-11-01T00:00:00", 1, 2, "Dallas"]], "name": "SeasonSeries"}, {"headers": ["GAME_ID", "LAST_GAME_ID", "LAST_GAME_DATE_EST", "LAST_GAME_HOME_TEAM_ID", "LAST_GAME_HOME_TEAM_CITY", "LAST_GAME_HOME_TEAM_NAME", "LAST_GAME_HOME_TEAM_ABBREVIATION", "LAST_GAME_HOME_TEAM_POINTS", "LAST_GAME_VISITOR_TEAM_ID", "LAST_GAME_VISITOR_TEAM_CITY", "LAST_GAME_VISITOR_TEAM_NAME", "LAST_GAME_VISITOR_TEAM_CITY1", "LAST_GAME_VISITOR_TEAM_POINTS"], "rowSet": [["0021300025", "0011300087", "2013-10-21T00:00:00", 1610612745, "Houston", "Rockets", "HOU", 100, 1610612742, "Dallas", "Mavericks", "DAL", 95]], "name": "LastMeeting"}, {"headers": ["GAME_ID", "TEAM_ID", "TEAM_ABBREVIATION", "TEAM_CITY", "PLAYER_ID", "PLAYER_NAME", "START_POSITION", "COMMENT", "MIN", "FGM", "FGA", "FG_PCT", "FG3M", "FG3A", "FG3_PCT", "FTM", "FTA", "FT_PCT", "OREB", "DREB", "REB", "AST", "STL", "BLK", "TO", "PF", "PTS", "PLUS_MINUS"], "rowSet": [["0021300025", 1610612742, "DAL", "Dallas", 1890, "Shawn Marion", "F", "", "25:01", 3, 9, 0.333, 0, 0, 0.0, 1, 2, 0.5, 5, 5, 10, 0, 2, 1, 1, 2, 7, -16.0], ["0021300025", 1610612742, "DAL", "Dallas", 1717, "Dirk Nowitzki", "F", "", "29:43", 6, 15, 0.4, 0, 2, 0.0, 10, 11, 0.909, 2, 2, 4, 2, 0, 0, 1, 6, 22, 3.0], ["0021300025", 1610612742, "DAL", "Dallas", 2223, "Samuel Dalembert", "C", "", "22:21", 3, 5, 0.6, 0, 0, 0.0, 0, 1, 0.0, 1, 4, 5, 0, 1, 1, 1, 5, 6, -3.0], ["0021300025", 1610612742, "DAL", "Dallas", 101145, "Monta Ellis", "G", "", "32:26", 7, 19, 0.368, 1, 4, 0.25, 5, 6, 0.833, 0, 4, 4, 1, 3, 0, 5, 4, 20, -6.0], ["0021300025", 1610612742, "DAL", "Dallas", 101181, "Jose Calderon", "G", "", "25:05", 0, 8, 0.0, 0, 3, 0.0, 0, 0, 0.0, 0, 1, 1, 6, 1, 0, 1, 2, 0, -5.0], ["0021300025", 1610612742, "DAL", "Dallas", 201971, "DeJuan Blair", "", "", "17:53", 5, 11, 0.455, 0, 1, 0.0, 1, 2, 0.5, 5, 5, 10, 0, 2, 2, 2, 5, 11, -16.0], ["0021300025", 1610612742, "DAL", "Dallas", 1713, "Vince Carter", "", "", "26:41", 2, 8, 0.25, 0, 3, 0.0, 2, 2, 1.0, 2, 3, 5, 1, 0, 1, 1, 3, 6, -5.0], ["0021300025", 1610612742, "DAL", "Dallas", 203539, "Gal Mekel", "", "", "22:48", 5, 7, 0.714, 1, 2, 0.5, 0, 0, 0.0, 0, 1, 1, 6, 0, 0, 1, 4, 11, -3.0], ["0021300025", 1610612742, "DAL", "Dallas", 201961, "Wayne Ellington", "", "", "15:41", 1, 7, 0.143, 1, 4, 0.25, 1, 1, 1.0, 1, 1, 2, 2, 0, 1, 0, 1, 4, -2.0], ["0021300025", 1610612742, "DAL", "Dallas", 203108, "Bernard James", "", "", "5:10", 0, 0, 0.0, 0, 0, 0.0, 0, 0, 0.0, 0, 0, 0, 1, 0, 0, 0, 1, 0, 7.0], ["0021300025", 1610612742, "DAL", "Dallas", 203109, "Jae Crowder", "", "", "12:49", 5, 8, 0.625, 5, 7, 0.714, 0, 0, 0.0, 0, 1, 1, 0, 0, 1, 0, 3, 15, -2.0], ["0021300025", 1610612742, "DAL", "Dallas", 203495, "Ricky Ledo", "", "", "4:22", 1, 3, 0.333, 1, 1, 1.0, 0, 0, 0.0, 0, 0, 0, 1, 0, 0, 1, 1, 3, 8.0], ["0021300025", 1610612745, "HOU", "Houston", 202718, "Chandler Parsons", "F", "", "35:22", 3, 8, 0.375, 0, 5, 0.0, 3, 6, 0.5, 2, 5, 7, 2, 1, 0, 3, 1, 9, 6.0], ["0021300025", 1610612745, "HOU", "Houston", 2730, "Dwight Howard", "F", "", "31:44", 4, 10, 0.4, 0, 0, 0.0, 5, 12, 0.417, 5, 11, 16, 0, 1, 1, 3, 4, 13, 4.0], ["0021300025", 1610612745, "HOU", "Houston", 201600, "Omer Asik", "C", "", "15:28", 2, 4, 0.5, 0, 0, 0.0, 2, 4, 0.5, 1, 11, 12, 0, 0, 0, 2, 6, 6, 12.0], ["0021300025", 1610612745, "HOU", "Houston", 201935, "James Harden", "G", "", "39:07", 11, 17, 0.647, 4, 8, 0.5, 8, 9, 0.889, 1, 3, 4, 3, 4, 0, 4, 2, 34, 20.0], ["0021300025", 1610612745, "HOU", "Houston", 202391, "Jeremy Lin", "G", "", "29:58", 4, 9, 0.444, 0, 3, 0.0, 6, 7, 0.857, 0, 3, 3, 4, 3, 0, 6, 1, 14, 14.0], ["0021300025", 1610612745, "HOU", "Houston", 201956, "Omri Casspi", "", "", "21:14", 4, 8, 0.5, 3, 3, 1.0, 1, 2, 0.5, 1, 1, 2, 2, 1, 0, 1, 3, 12, 17.0], ["0021300025", 1610612745, "HOU", "Houston", 201166, "Aaron Brooks", "", "", "22:57", 3, 8, 0.375, 2, 5, 0.4, 5, 5, 1.0, 1, 1, 2, 2, 0, 0, 1, 0, 13, -9.0], ["0021300025", 1610612745, "HOU", "Houston", 101128, "Francisco Garcia", "", "", "24:47", 3, 6, 0.5, 2, 5, 0.4, 0, 0, 0.0, 1, 1, 2, 3, 1, 3, 1, 2, 8, 18.0], ["0021300025", 1610612745, "HOU", "Houston", 200758, "Ronnie Brewer", "", "", "7:29", 0, 0, 0.0, 0, 0, 0.0, 0, 0, 0.0, 0, 1, 1, 1, 0, 0, 0, 1, 0, -15.0], ["0021300025", 1610612745, "HOU", "Houston", 203093, "Terrence Jones", "", "", "3:58", 0, 1, 0.0, 0, 0, 0.0, 3, 4, 0.75, 0, 1, 1, 0, 0, 0, 0, 0, 3, -9.0], ["0021300025", 1610612745, "HOU", "Houston", 202700, "Donatas Motiejunas", "", "", "3:58", 0, 1, 0.0, 0, 0, 0.0, 1, 2, 0.5, 0, 0, 0, 0, 0, 0, 0, 0, 1, -9.0], ["0021300025", 1610612745, "HOU", "Houston", 202962, "Greg Smith", "", "", "3:58", 0, 1, 0.0, 0, 0, 0.0, 0, 0, 0.0, 1, 0, 1, 0, 0, 0, 1, 0, 0, -9.0]], "name": "PlayerStats"}, {"headers": ["GAME_ID", "TEAM_ID", "TEAM_NAME", "TEAM_ABBREVIATION", "TEAM_CITY", "MIN", "FGM", "FGA", "FG_PCT", "FG3M", "FG3A", "FG3_PCT", "FTM", "FTA", "FT_PCT", "OREB", "DREB", "REB", "AST", "STL", "BLK", "TO", "PF", "PTS", "PLUS_MINUS"], "rowSet": [["0021300025", 1610612745, "Rockets", "HOU", "Houston", "240:00", 34, 73, 0.466, 11, 29, 0.379, 34, 51, 0.667, 13, 38, 51, 17, 11, 4, 22, 20, 113, 8.0], ["0021300025", 1610612742, "Mavericks", "DAL", "Dallas", "240:00", 38, 100, 0.38, 9, 27, 0.333, 20, 25, 0.8, 16, 27, 43, 20, 9, 7, 14, 37, 105, -8.0]], "name": "TeamStats"}, {"headers": ["LEAGUE_ID", "SEASON_ID", "TEAM_ID", "TEAM_ABBREVIATION", "TEAM_CITY", "PTS_PAINT", "PTS_2ND_CHANCE", "PTS_FB", "LARGEST_LEAD", "LEAD_CHANGES", "TIMES_TIED"], "rowSet": [["00", "22013", 1610612745, "HOU", "Houston", 40, 18, 19, 20, 1, 1], ["00", "22013", 1610612742, "DAL", "Dallas", 44, 17, 17, 22, 1, 1]], "name": "OtherStats"}, {"headers": ["OFFICIAL_ID", "FIRST_NAME", "LAST_NAME", "JERSEY_NUM"], "rowSet": [[1194, "Bill", "Spooner", "22"], [1198, "Scott", "Wall", "31"], [202007, "Nick", "Buchert", "54"]], "name": "Officials"}, {"headers": ["GAME_DATE", "ATTENDANCE", "GAME_TIME"], "rowSet": [["FRIDAY, NOVEMBER 1, 2013", 18142, "2:32"]], "name": "GameInfo"}, {"headers": ["PLAYER_ID", "FIRST_NAME", "LAST_NAME", "JERSEY_NUM", "TEAM_ID", "TEAM_CITY", "TEAM_NAME", "TEAM_ABBREVIATION"], "rowSet": [[2734, "Devin", "Harris", "20", 1610612742, "Dallas", "Mavericks", "DAL"], [203499, "Shane", "Larkin", " 3", 1610612742, "Dallas", "Mavericks", "DAL"], [201148, "Brandan", "Wright", "34", 1610612742, "Dallas", "Mavericks", "DAL"], [203496, "Robert", "Covington", "33", 1610612745, "Houston", "Rockets", "HOU"], [201976, "Patrick", "Beverley", " 2", 1610612745, "Houston", "Rockets", "HOU"], [203477, "Isaiah", "Canaan", " 1", 1610612745, "Houston", "Rockets", "HOU"]], "name": "InactivePlayers"}, {"headers": ["VIDEO_AVAILABLE_FLAG"], "rowSet": [[1]], "name": "AvailableVideo"}], "parameters": {"GameID": "0021300025", "RangeType": 0, "StartPeriod": 0, "StartRange": 0, "EndPeriod": 0, "EndRange": 0}}