{"resource": "boxscore", "resultSets": [{"headers": ["GAME_DATE_EST", "GAME_SEQUENCE", "GAME_ID", "GAME_STATUS_ID", "GAME_STATUS_TEXT", "GAMECODE", "HOME_TEAM_ID", "VISITOR_TEAM_ID", "SEASON", "LIVE_PERIOD", "LIVE_PC_TIME", "NATL_TV_BROADCASTER_ABBREVIATION", "LIVE_PERIOD_TIME_BCAST", "WH_STATUS"], "rowSet": [["2013-11-01T00:00:00", 9, "0021300028", 3, "Final", "20131101/MIABKN", 1610612751, 1610612748, "2013", 4, "", "ESPN", "Q4  - ESPN", 1]], "name": "GameSummary"}, {"headers": ["GAME_DATE_EST", "GAME_SEQUENCE", "GAME_ID", "TEAM_ID", "TEAM_ABBREVIATION", "TEAM_CITY_NAME", "TEAM_WINS_LOSSES", "PTS_QTR1", "PTS_QTR2", "PTS_QTR3", "PTS_QTR4", "PTS_OT1", "PTS_OT2", "PTS_OT3", "PTS_OT4", "PTS_OT5", "PTS_OT6", "PTS_OT7", "PTS_OT8", "PTS_OT9", "PTS_OT10", "PTS"], "rowSet": [["2013-11-01T00:00:00", 9, "0021300028", 1610612751, "BKN", "Brooklyn", "1-1", 27, 20, 31, 23, 0, 0, 0, 0, 0, 0, 0, 0, 0, 0, 101], ["2013-11-01T00:00:00", 9, "0021300028", 1610612748, "MIA", "Miami", "1-2", 18, 29, 20, 33, 0, 0, 0, 0, 0, 0, 0, 0, 0, 0, 100]], "name": "LineScore"}, {"headers": ["GAME_ID", "HOME_TEAM_ID", "VISITOR_TEAM_ID", "GAME_DATE_EST", "HOME_TEAM_WINS", "HOME_TEAM_LOSSES", "SERIES_LEADER"], "rowSet": [["0021300028", 1610612751, 1610612748, "2013-11-01T00:00:00", 2, 0, "Brooklyn"]], "name": "SeasonSeries"}, {"headers": ["GAME_ID", "LAST_GAME_ID", "LAST_GAME_DATE_EST", "LAST_GAME_HOME_TEAM_ID", "LAST_GAME_HOME_TEAM_CITY", "LAST_GAME_HOME_TEAM_NAME", "LAST_GAME_HOME_TEAM_ABBREVIATION", "LAST_GAME_HOME_TEAM_POINTS", "LAST_GAME_VISITOR_TEAM_ID", "LAST_GAME_VISITOR_TEAM_CITY", "LAST_GAME_VISITOR_TEAM_NAME", "LAST_GAME_VISITOR_TEAM_CITY1", "LAST_GAME_VISITOR_TEAM_POINTS"], "rowSet": [["0021300028", "0011300113", "2013-10-25T00:00:00", 1610612751, "Brooklyn", "Nets", "BKN", 108, 1610612748, "Miami", "Heat", "MIA", 87]], "name": "LastMeeting"}, {"headers": ["GAME_ID", "TEAM_ID", "TEAM_ABBREVIATION", "TEAM_CITY", "PLAYER_ID", "PLAYER_NAME", "START_POSITION", "COMMENT", "MIN", "FGM", "FGA", "FG_PCT", "FG3M", "FG3A", "FG3_PCT", "FTM", "FTA", "FT_PCT", "OREB", "DREB", "REB", "AST", "STL", "BLK", "TO", "PF", "PTS", "PLUS_MINUS"], "rowSet": [["0021300028", 1610612748, "MIA", "Miami", 2544, "LeBron James", "F", "", "42:14", 11, 19, 0.579, 1, 2, 0.5, 3, 5, 0.6, 1, 6, 7, 6, 2, 1, 5, 2, 26, -3.0], ["0021300028", 1610612748, "MIA", "Miami", 2617, "Udonis Haslem", "F", "", "9:27", 1, 4, 0.25, 0, 0, 0.0, 0, 2, 0.0, 0, 1, 1, 0, 1, 0, 0, 5, 2, -8.0], ["0021300028", 1610612748, "MIA", "Miami", 2547, "Chris Bosh", "C", "", "34:28", 4, 8, 0.5, 1, 2, 0.5, 8, 8, 1.0, 0, 4, 4, 1, 0, 1, 3, 5, 17, 0.0], ["0021300028", 1610612748, "MIA", "Miami", 2548, "Dwyane Wade", "G", "", "37:35", 5, 12, 0.417, 1, 2, 0.5, 10, 11, 0.909, 2, 3, 5, 4, 2, 0, 3, 4, 21, -1.0], ["0021300028", 1610612748, "MIA", "Miami", 201596, "Mario Chalmers", "G", "", "31:51", 3, 8, 0.375, 3, 4, 0.75, 3, 3, 1.0, 0, 1, 1, 3, 2, 0, 3, 3, 12, -3.0], ["0021300028", 1610612748, "MIA", "Miami", 951, "Ray Allen", "", "", "29:08", 4, 6, 0.667, 1, 2, 0.5, 3, 4, 0.75, 0, 4, 4, 2, 1, 0, 0, 0, 12, 10.0], ["0021300028", 1610612748, "MIA", "Miami", 2203, "Shane Battier", "", "", "14:41", 0, 2, 0.0, 0, 2, 0.0, 0, 0, 0.0, 0, 4, 4, 1, 0, 0, 0, 2, 0, -7.0], ["0021300028", 1610612748, "MIA", "Miami", 2365, "Chris Andersen", "", "", "13:35", 1, 3, 0.333, 0, 0, 0.0, 2, 3, 0.667, 1, 0, 1, 1, 1, 0, 0, 5, 4, -1.0], ["0021300028", 1610612748, "MIA", "Miami", 202708, "Norris Cole", "", "", "17:28", 3, 5, 0.6, 0, 0, 0.0, 0, 0, 0.0, 0, 1, 1, 5, 0, 0, 1, 1, 6, 5.0], ["0021300028", 1610612748, "MIA", "Miami", 1740, "Rashard Lewis", "", "", "6:14", 0, 0, 0.0, 0, 0, 0.0, 0, 0, 0.0, 0, 2, 2, 1, 1, 0, 0, 2, 0, 7.0], ["0021300028", 1610612748, "MIA", "Miami", 201202, "Joel Anthony", "", "", "3:19", 0, 0, 0.0, 0, 0, 0.0, 0, 0, 0.0, 0, 0, 0, 0, 0, 0, 0, 0, 0, -4.0], ["0021300028", 1610612748, "MIA", "Miami", 201563, "Michael Beasley", "", "DNP - Coach's Decision", null, null, null, null, null, null, null, null, null, null, null, null, null, null, null, null, null, null, null, null], ["0021300028", 1610612748, "MIA", "Miami", 2592, "James Jones", "", "DNP - Coach's Decision", null, null, null, null, null, null, null, null, null, null, null, null, null, null, null, null, null, null, null, null], ["0021300028", 1610612751, "BKN", "Brooklyn", 1718, "Paul Pierce", "F", "", "31:03", 5, 10, 0.5, 1, 4, 0.25, 8, 8, 1.0, 0, 5, 5, 6, 0, 1, 4, 3, 19, 2.0], ["0021300028", 1610612751, "BKN", "Brooklyn", 708, "Kevin Garnett", "F", "", "25:48", 3, 11, 0.273, 0, 0, 0.0, 0, 0, 0.0, 1, 6, 7, 2, 1, 0, 3, 3, 6, 2.0], ["0021300028", 1610612751, "BKN", "Brooklyn", 201572, "Brook Lopez", "C", "", "20:25", 4, 7, 0.571, 0, 0, 0.0, 5, 6, 0.833, 0, 6, 6, 0, 1, 2, 3, 5, 13, 3.0], ["0021300028", 1610612751, "BKN", "Brooklyn", 2207, "Joe Johnson", "G", "", "27:16", 6, 8, 0.75, 2, 2, 1.0, 5, 6, 0.833, 0, 1, 1, 0, 0, 0, 1, 3, 19, 6.0], ["0021300028", 1610612751, "BKN", "Brooklyn", 101114, "Deron Williams", "G", "", "27:09", 3, 7, 0.429, 1, 4, 0.25, 1, 2, 0.5, 0, 4, 4, 8, 0, 0, 1, 1, 8, 1.0], ["0021300028", 1610612751, "BKN", "Brooklyn", 101154, "Andray Blatche", "", "", "24:46", 4, 8, 0.5, 0, 0, 0.0, 1, 4, 0.25, 2, 4, 6, 1, 2, 0, 2, 1, 9, 1.0], ["0021300028", 1610612751, "BKN", "Brooklyn", 2733, "Shaun Livingston", "", "", "20:51", 2, 4, 0.5, 0, 0, 0.0, 0, 0, 0.0, 0, 0, 0, 1, 1, 1, 1, 2, 4, 0.0], ["0021300028", 1610612751, "BKN", "Brooklyn", 101187, "Alan Anderson", "", "", "25:29", 2, 5, 0.4, 2, 2, 1.0, 2, 3, 0.667, 2, 2, 4, 0, 0, 1, 0, 4, 8, -14.0], ["0021300028", 1610612751, "BKN", "Brooklyn", 1905, "Andrei Kirilenko", "", "", "11:46", 2, 4, 0.5, 0, 0, 0.0, 4, 8, 0.5, 2, 0, 2, 1, 0, 0, 1, 3, 8, 0.0], ["0021300028", 1610612751, "BKN", "Brooklyn", 1891, "Jason Terry", "", "", "19:28", 2, 4, 0.5, 2, 4, 0.5, 0, 0, 0.0, 0, 4, 4, 2, 0, 0, 1, 1, 6, -2.0], ["0021300028", 1610612751, "BKN", "Brooklyn", 2501, "Reggie Evans", "", "", "5:59", 0, 0, 0.0, 0, 0, 0.0, 1, 2, 0.5, 0, 1, 1, 0, 0, 0, 1, 3, 1, 6.0], ["0021300028", 1610612751, "BKN", "Brooklyn", 203486, "Mason Plumlee", "", "DNP - Coach's Decision", null, null, null, null, null, null, null, null, null, null, null, null, null, null, null, null, null, null, null, null], ["0021300028", 1610612751, "BKN", "Brooklyn", 203141, "Mirza Teletovic", "", "DNP - Coach's Decision", null, null, null, null, null, null, null, null, null, null, null, null, null, null, null, null, null, null, null, null]], "name": "PlayerStats"}, {"headers": ["GAME_ID", "TEAM_ID", "TEAM_NAME", "TEAM_ABBREVIATION", "TEAM_CITY", "MIN", "FGM", "FGA", "FG_PCT", "FG3M", "FG3A", "FG3_PCT", "FTM", "FTA", "FT_PCT", "OREB", "DREB", "REB", "AST", "STL", "BLK", "TO", "PF", "PTS", "PLUS_MINUS"], "rowSet": [["0021300028", 1610612748, "Heat", "MIA", "Miami", "240:00", 32, 67, 0.478, 7, 14, 0.5, 29, 36, 0.806, 4, 26, 30, 24, 10, 2, 15, 29, 100, -1.0], ["0021300028", 1610612751, "Nets", "BKN", "Brooklyn", "240:00", 33, 68, 0.485, 8, 16, 0.5, 27, 39, 0.692, 7, 33, 40, 21, 5, 5, 18, 29, 101, 1.0]], "name": "TeamStats"}, {"headers": ["LEAGUE_ID", "SEASON_ID", "TEAM_ID", "TEAM_ABBREVIATION", "TEAM_CITY", "PTS_PAINT", "PTS_2ND_CHANCE", "PTS_FB", "LARGEST_LEAD", "LEAD_CHANGES", "TIMES_TIED"], "rowSet": [["00", "22013", 1610612748, "MIA", "Miami", 40, 4, 7, 16, 5, 4], ["00", "22013", 1610612751, "BKN", "Brooklyn", 32, 10, 10, 15, 5, 4]], "name": "OtherStats"}, {"headers": ["OFFICIAL_ID", "FIRST_NAME", "LAST_NAME", "JERSEY_NUM"], "rowSet": [[1168, "David", "Jones", "36"], [1176, "Monty", "McCutchen", "13"], [201638, "Brent", "Barnaky", "70"]], "name": "Officials"}, {"headers": ["GAME_DATE", "ATTENDANCE", "GAME_TIME"], "rowSet": [["FRIDAY, NOVEMBER 1, 2013", 17732, "2:55"]], "name": "GameInfo"}, {"headers": ["PLAYER_ID", "FIRST_NAME", "LAST_NAME", "JERSEY_NUM", "TEAM_ID", "TEAM_CITY", "TEAM_NAME", "TEAM_ABBREVIATION"], "rowSet": [[201141, "Greg", "Oden", "20", 1610612748, "Miami", "Heat", "MIA"], [2427, "Roger", "Mason Jr.", "21", 1610612748, "Miami", "Heat", "MIA"], [203116, "Tyshawn", "Taylor", "10", 1610612751, "Brooklyn", "Nets", "BKN"], [203129, "Tornike", "Shengelia", "20", 1610612751, "Brooklyn", "Nets", "BKN"]], "name": "InactivePlayers"}, {"headers": ["VIDEO_AVAILABLE_FLAG"], "rowSet": [[1]], "name": "AvailableVideo"}], "parameters": {"GameID": "0021300028", "RangeType": 0, "StartPeriod": 0, "StartRange": 0, "EndPeriod": 0, "EndRange": 0}}