{"resource": "boxscore", "resultSets": [{"headers": ["GAME_DATE_EST", "GAME_SEQUENCE", "GAME_ID", "GAME_STATUS_ID", "GAME_STATUS_TEXT", "GAMECODE", "HOME_TEAM_ID", "VISITOR_TEAM_ID", "SEASON", "LIVE_PERIOD", "LIVE_PC_TIME", "NATL_TV_BROADCASTER_ABBREVIATION", "LIVE_PERIOD_TIME_BCAST", "WH_STATUS"], "rowSet": [["2013-11-02T00:00:00", 5, "0021300037", 3, "Final", "20131102/TORMIL", 1610612749, 1610612761, "2013", 4, "", null, "Q4  - ", 1]], "name": "GameSummary"}, {"headers": ["GAME_DATE_EST", "GAME_SEQUENCE", "GAME_ID", "TEAM_ID", "TEAM_ABBREVIATION", "TEAM_CITY_NAME", "TEAM_WINS_LOSSES", "PTS_QTR1", "PTS_QTR2", "PTS_QTR3", "PTS_QTR4", "PTS_OT1", "PTS_OT2", "PTS_OT3", "PTS_OT4", "PTS_OT5", "PTS_OT6", "PTS_OT7", "PTS_OT8", "PTS_OT9", "PTS_OT10", "PTS"], "rowSet": [["2013-11-02T00:00:00", 5, "0021300037", 1610612749, "MIL", "Milwaukee", "1-2", 19, 27, 19, 25, 0, 0, 0, 0, 0, 0, 0, 0, 0, 0, 90], ["2013-11-02T00:00:00", 5, "0021300037", 1610612761, "TOR", "Toronto", "2-1", 25, 26, 26, 20, 0, 0, 0, 0, 0, 0, 0, 0, 0, 0, 97]], "name": "LineScore"}, {"headers": ["GAME_ID", "HOME_TEAM_ID", "VISITOR_TEAM_ID", "GAME_DATE_EST", "HOME_TEAM_WINS", "HOME_TEAM_LOSSES", "SERIES_LEADER"], "rowSet": [["0021300037", 1610612749, 1610612761, "2013-11-02T00:00:00", 0, 2, "Toronto"]], "name": "SeasonSeries"}, {"headers": ["GAME_ID", "LAST_GAME_ID", "LAST_GAME_DATE_EST", "LAST_GAME_HOME_TEAM_ID", "LAST_GAME_HOME_TEAM_CITY", "LAST_GAME_HOME_TEAM_NAME", "LAST_GAME_HOME_TEAM_ABBREVIATION", "LAST_GAME_HOME_TEAM_POINTS", "LAST_GAME_VISITOR_TEAM_ID", "LAST_GAME_VISITOR_TEAM_CITY", "LAST_GAME_VISITOR_TEAM_NAME", "LAST_GAME_VISITOR_TEAM_CITY1", "LAST_GAME_VISITOR_TEAM_POINTS"], "rowSet": [["0021300037", "0021201142", "2013-04-06T00:00:00", 1610612749, "Milwaukee", "Bucks", "MIL", 100, 1610612761, "Toronto", "Raptors", "TOR", 83]], "name": "LastMeeting"}, {"headers": ["GAME_ID", "TEAM_ID", "TEAM_ABBREVIATION", "TEAM_CITY", "PLAYER_ID", "PLAYER_NAME", "START_POSITION", "COMMENT", "MIN", "FGM", "FGA", "FG_PCT", "FG3M", "FG3A", "FG3_PCT", "FTM", "FTA", "FT_PCT", "OREB", "DREB", "REB", "AST", "STL", "BLK", "TO", "PF", "PTS", "PLUS_MINUS"], "rowSet": [["0021300037", 1610612761, "TOR", "Toronto", 200752, "Rudy Gay", "F", "", "35:21", 4, 14, 0.286, 2, 5, 0.4, 8, 10, 0.8, 2, 13, 15, 0, 3, 0, 5, 2, 18, 2.0], ["0021300037", 1610612761, "TOR", "Toronto", 101161, "Amir Johnson", "F", "", "32:36", 5, 7, 0.714, 1, 2, 0.5, 0, 0, 0.0, 5, 3, 8, 3, 0, 0, 1, 2, 11, 13.0], ["0021300037", 1610612761, "TOR", "Toronto", 202685, "Jonas Valanciunas", "C", "", "16:16", 3, 8, 0.375, 0, 0, 0.0, 1, 2, 0.5, 3, 3, 6, 0, 0, 0, 2, 3, 7, -1.0], ["0021300037", 1610612761, "TOR", "Toronto", 201942, "DeMar DeRozan", "G", "", "34:56", 5, 14, 0.357, 1, 3, 0.333, 6, 8, 0.75, 1, 5, 6, 5, 2, 0, 2, 1, 17, 17.0], ["0021300037", 1610612761, "TOR", "Toronto", 200768, "Kyle Lowry", "G", "", "34:08", 5, 14, 0.357, 2, 4, 0.5, 2, 4, 0.5, 1, 5, 6, 4, 0, 0, 0, 3, 14, 11.0], ["0021300037", 1610612761, "TOR", "Toronto", 201946, "Tyler Hansbrough", "", "", "16:04", 2, 3, 0.667, 0, 0, 0.0, 3, 4, 0.75, 4, 2, 6, 0, 0, 0, 1, 3, 7, 0.0], ["0021300037", 1610612761, "TOR", "Toronto", 202361, "Landry Fields", "", "", "28:25", 3, 7, 0.429, 0, 2, 0.0, 5, 6, 0.833, 1, 4, 5, 4, 0, 0, 1, 2, 11, 3.0], ["0021300037", 1610612761, "TOR", "Toronto", 201571, "D.J. Augustin", "", "", "13:52", 0, 4, 0.0, 0, 3, 0.0, 2, 2, 1.0, 0, 1, 1, 1, 1, 0, 3, 1, 2, -4.0], ["0021300037", 1610612761, "TOR", "Toronto", 203082, "Terrence Ross", "", "", "22:19", 2, 5, 0.4, 1, 4, 0.25, 1, 2, 0.5, 0, 5, 5, 1, 0, 0, 2, 4, 6, -3.0], ["0021300037", 1610612761, "TOR", "Toronto", 201189, "Aaron Gray", "", "", "6:03", 2, 2, 1.0, 0, 0, 0.0, 0, 0, 0.0, 1, 1, 2, 1, 0, 0, 0, 1, 4, -3.0], ["0021300037", 1610612761, "TOR", "Toronto", 202779, "Dwight Buycks", "", "DNP - Coach's Decision", null, null, null, null, null, null, null, null, null, null, null, null, null, null, null, null, null, null, null, null], ["0021300037", 1610612761, "TOR", "Toronto", 201948, "Austin Daye", "", "DNP - Coach's Decision", null, null, null, null, null, null, null, null, null, null, null, null, null, null, null, null, null, null, null, null], ["0021300037", 1610612761, "TOR", "Toronto", 202933, "Julyan Stone", "", "DNP - Coach's Decision", null, null, null, null, null, null, null, null, null, null, null, null, null, null, null, null, null, null, null, null], ["0021300037", 1610612749, "MIL", "Milwaukee", 2406, "Caron Butler", "F", "", "25:06", 3, 9, 0.333, 1, 4, 0.25, 5, 6, 0.833, 0, 6, 6, 0, 0, 0, 1, 3, 12, -9.0], ["0021300037", 1610612749, "MIL", "Milwaukee", 101141, "Ersan Ilyasova", "F", "", "23:30", 6, 12, 0.5, 2, 2, 1.0, 0, 0, 0.0, 2, 2, 4, 2, 0, 1, 2, 1, 14, 0.0], ["0021300037", 1610612749, "MIL", "Milwaukee", 202336, "Larry Sanders", "C", "", "21:37", 2, 8, 0.25, 0, 0, 0.0, 0, 0, 0.0, 1, 3, 4, 1, 0, 1, 0, 2, 4, -1.0], ["0021300037", 1610612749, "MIL", "Milwaukee", 203489, "Nate Wolters", "G", "", "36:30", 3, 8, 0.375, 0, 3, 0.0, 1, 2, 0.5, 0, 4, 4, 10, 0, 0, 1, 4, 7, -1.0], ["0021300037", 1610612749, "MIL", "Milwaukee", 202390, "Gary Neal", "G", "", "25:54", 3, 10, 0.3, 0, 2, 0.0, 2, 2, 1.0, 0, 5, 5, 4, 1, 0, 2, 1, 8, -5.0], ["0021300037", 1610612749, "MIL", "Milwaukee", 201564, "O.J. Mayo", "", "", "32:35", 6, 13, 0.462, 3, 5, 0.6, 1, 2, 0.5, 1, 5, 6, 8, 1, 1, 4, 2, 16, -6.0], ["0021300037", 1610612749, "MIL", "Milwaukee", 2585, "Zaza Pachulia", "", "", "14:23", 3, 4, 0.75, 0, 0, 0.0, 0, 0, 0.0, 1, 2, 3, 0, 0, 0, 1, 3, 6, -11.0], ["0021300037", 1610612749, "MIL", "Milwaukee", 203114, "Khris Middleton", "", "", "18:58", 4, 9, 0.444, 0, 1, 0.0, 0, 2, 0.0, 0, 1, 1, 0, 2, 1, 0, 4, 8, -1.0], ["0021300037", 1610612749, "MIL", "Milwaukee", 203089, "John Henson", "", "", "24:30", 6, 9, 0.667, 0, 0, 0.0, 1, 2, 0.5, 1, 2, 3, 0, 2, 1, 2, 5, 13, -7.0], ["0021300037", 1610612749, "MIL", "Milwaukee", 203507, "Giannis Antetokounmpo", "", "", "16:57", 1, 2, 0.5, 0, 0, 0.0, 0, 2, 0.0, 0, 2, 2, 0, 1, 0, 0, 1, 2, 6.0], ["0021300037", 1610612749, "MIL", "Milwaukee", 202688, "Brandon Knight", "", "DND - Right hamstring strain", null, null, null, null, null, null, null, null, null, null, null, null, null, null, null, null, null, null, null, null], ["0021300037", 1610612749, "MIL", "Milwaukee", 203545, "Miroslav Raduljica", "", "DNP - Coach's Decision", null, null, null, null, null, null, null, null, null, null, null, null, null, null, null, null, null, null, null, null], ["0021300037", 1610612749, "MIL", "Milwaukee", 2557, "Luke Ridnour", "", "DND - Back Spasms", null, null, null, null, null, null, null, null, null, null, null, null, null, null, null, null, null, null, null, null]], "name": "PlayerStats"}, {"headers": ["GAME_ID", "TEAM_ID", "TEAM_NAME", "TEAM_ABBREVIATION", "TEAM_CITY", "MIN", "FGM", "FGA", "FG_PCT", "FG3M", "FG3A", "FG3_PCT", "FTM", "FTA", "FT_PCT", "OREB", "DREB", "REB", "AST", "STL", "BLK", "TO", "PF", "PTS", "PLUS_MINUS"], "rowSet": [["0021300037", 1610612761, "Raptors", "TOR", "Toronto", "240:00", 31, 78, 0.397, 7, 23, 0.304, 28, 38, 0.737, 18, 42, 60, 19, 6, 0, 17, 22, 97, 7.0], ["0021300037", 1610612749, "Bucks", "MIL", "Milwaukee", "240:00", 37, 84, 0.44, 6, 17, 0.353, 10, 18, 0.556, 6, 32, 38, 25, 7, 5, 13, 26, 90, -7.0]], "name": "TeamStats"}, {"headers": ["LEAGUE_ID", "SEASON_ID", "TEAM_ID", "TEAM_ABBREVIATION", "TEAM_CITY", "PTS_PAINT", "PTS_2ND_CHANCE", "PTS_FB", "LARGEST_LEAD", "LEAD_CHANGES", "TIMES_TIED"], "rowSet": [["00", "22013", 1610612749, "MIL", "Milwaukee", 48, 4, 11, 13, 3, 10], ["00", "22013", 1610612761, "TOR", "Toronto", 38, 21, 13, 13, 3, 10]], "name": "OtherStats"}, {"headers": ["OFFICIAL_ID", "FIRST_NAME", "LAST_NAME", "JERSEY_NUM"], "rowSet": [[2001, "Jason", "Phillips", "23"], [201639, "Josh", "Tiven", "58"], [202058, "James", "Williams", "60"]], "name": "Officials"}, {"headers": ["GAME_DATE", "ATTENDANCE", "GAME_TIME"], "rowSet": [["SATURDAY, NOVEMBER 2, 2013", 16046, "2:18"]], "name": "GameInfo"}, {"headers": ["PLAYER_ID", "FIRST_NAME", "LAST_NAME", "JERSEY_NUM", "TEAM_ID", "TEAM_CITY", "TEAM_NAME", "TEAM_ABBREVIATION"], "rowSet": [[2568, "Carlos", "Delfino", "10", 1610612749, "Milwaukee", "Bucks", "MIL"], [202327, "Ekpe", "Udoh", " 5", 1610612749, "Milwaukee", "Bucks", "MIL"], [200779, "Steve", "Novak", "16", 1610612761, "Toronto", "Raptors", "TOR"], [203112, "Quincy", "Acy", " 4", 1610612761, "Toronto", "Raptors", "TOR"]], "name": "InactivePlayers"}, {"headers": ["VIDEO_AVAILABLE_FLAG"], "rowSet": [[0]], "name": "AvailableVideo"}], "parameters": {"GameID": "0021300037", "RangeType": 0, "StartPeriod": 0, "StartRange": 0, "EndPeriod": 0, "EndRange": 0}}