{"resource": "boxscore", "resultSets": [{"headers": ["GAME_DATE_EST", "GAME_SEQUENCE", "GAME_ID", "GAME_STATUS_ID", "GAME_STATUS_TEXT", "GAMECODE", "HOME_TEAM_ID", "VISITOR_TEAM_ID", "SEASON", "LIVE_PERIOD", "LIVE_PC_TIME", "NATL_TV_BROADCASTER_ABBREVIATION", "LIVE_PERIOD_TIME_BCAST", "WH_STATUS"], "rowSet": [["2013-11-02T00:00:00", 7, "0021300039", 3, "Final", "20131102/SASPOR", 1610612757, 1610612759, "2013", 4, "", null, "Q4  - ", 1]], "name": "GameSummary"}, {"headers": ["GAME_DATE_EST", "GAME_SEQUENCE", "GAME_ID", "TEAM_ID", "TEAM_ABBREVIATION", "TEAM_CITY_NAME", "TEAM_WINS_LOSSES", "PTS_QTR1", "PTS_QTR2", "PTS_QTR3", "PTS_QTR4", "PTS_OT1", "PTS_OT2", "PTS_OT3", "PTS_OT4", "PTS_OT5", "PTS_OT6", "PTS_OT7", "PTS_OT8", "PTS_OT9", "PTS_OT10", "PTS"], "rowSet": [["2013-11-02T00:00:00", 7, "0021300039", 1610612757, "POR", "Portland", "2-1", 21, 29, 32, 33, 0, 0, 0, 0, 0, 0, 0, 0, 0, 0, 115], ["2013-11-02T00:00:00", 7, "0021300039", 1610612759, "SAS", "San Antonio", "2-1", 19, 20, 35, 31, 0, 0, 0, 0, 0, 0, 0, 0, 0, 0, 105]], "name": "LineScore"}, {"headers": ["GAME_ID", "HOME_TEAM_ID", "VISITOR_TEAM_ID", "GAME_DATE_EST", "HOME_TEAM_WINS", "HOME_TEAM_LOSSES", "SERIES_LEADER"], "rowSet": [["0021300039", 1610612757, 1610612759, "2013-11-02T00:00:00", 2, 0, "Portland"]], "name": "SeasonSeries"}, {"headers": ["GAME_ID", "LAST_GAME_ID", "LAST_GAME_DATE_EST", "LAST_GAME_HOME_TEAM_ID", "LAST_GAME_HOME_TEAM_CITY", "LAST_GAME_HOME_TEAM_NAME", "LAST_GAME_HOME_TEAM_ABBREVIATION", "LAST_GAME_HOME_TEAM_POINTS", "LAST_GAME_VISITOR_TEAM_ID", "LAST_GAME_VISITOR_TEAM_CITY", "LAST_GAME_VISITOR_TEAM_NAME", "LAST_GAME_VISITOR_TEAM_CITY1", "LAST_GAME_VISITOR_TEAM_POINTS"], "rowSet": [["0021300039", "0021200923", "2013-03-08T00:00:00", 1610612757, "Portland", "Trail Blazers", "POR", 136, 1610612759, "San Antonio", "Spurs", "SAS", 106]], "name": "LastMeeting"}, {"headers": ["GAME_ID", "TEAM_ID", "TEAM_ABBREVIATION", "TEAM_CITY", "PLAYER_ID", "PLAYER_NAME", "START_POSITION", "COMMENT", "MIN", "FGM", "FGA", "FG_PCT", "FG3M", "FG3A", "FG3_PCT", "FTM", "FTA", "FT_PCT", "OREB", "DREB", "REB", "AST", "STL", "BLK", "TO", "PF", "PTS", "PLUS_MINUS"], "rowSet": [["0021300039", 1610612759, "SAS", "San Antonio", 202695, "Kawhi Leonard", "F", "", "26:26", 4, 9, 0.444, 0, 0, 0.0, 1, 1, 1.0, 0, 1, 1, 1, 2, 0, 1, 2, 9, -11.0], ["0021300039", 1610612759, "SAS", "San Antonio", 1495, "Tim Duncan", "F", "", "31:03", 12, 23, 0.522, 0, 1, 0.0, 0, 0, 0.0, 3, 4, 7, 1, 0, 1, 0, 3, 24, -8.0], ["0021300039", 1610612759, "SAS", "San Antonio", 201168, "Tiago Splitter", "C", "", "18:15", 0, 2, 0.0, 0, 0, 0.0, 0, 0, 0.0, 2, 2, 4, 0, 0, 0, 1, 2, 0, -4.0], ["0021300039", 1610612759, "SAS", "San Antonio", 201980, "Danny Green", "G", "", "17:02", 0, 3, 0.0, 0, 1, 0.0, 0, 0, 0.0, 0, 0, 0, 0, 0, 1, 0, 1, 0, 0.0], ["0021300039", 1610612759, "SAS", "San Antonio", 2225, "Tony Parker", "G", "", "33:12", 7, 20, 0.35, 0, 1, 0.0, 3, 5, 0.6, 1, 4, 5, 9, 1, 0, 3, 4, 17, -5.0], ["0021300039", 1610612759, "SAS", "San Antonio", 1938, "Manu Ginobili", "", "", "26:02", 5, 12, 0.417, 1, 4, 0.25, 0, 0, 0.0, 1, 2, 3, 3, 1, 0, 2, 2, 11, -7.0], ["0021300039", 1610612759, "SAS", "San Antonio", 2564, "Boris Diaw", "", "", "30:49", 6, 7, 0.857, 1, 1, 1.0, 1, 1, 1.0, 1, 4, 5, 4, 0, 0, 2, 3, 14, -5.0], ["0021300039", 1610612759, "SAS", "San Antonio", 201158, "Marco Belinelli", "", "", "26:30", 8, 12, 0.667, 3, 3, 1.0, 0, 0, 0.0, 0, 3, 3, 4, 2, 0, 2, 4, 19, -2.0], ["0021300039", 1610612759, "SAS", "San Antonio", 203382, "Aron Baynes", "", "", "7:25", 1, 1, 1.0, 0, 0, 0.0, 0, 0, 0.0, 2, 0, 2, 1, 0, 0, 0, 1, 2, -1.0], ["0021300039", 1610612759, "SAS", "San Antonio", 201988, "Patty Mills", "", "", "14:48", 2, 3, 0.667, 1, 1, 1.0, 0, 0, 0.0, 0, 2, 2, 1, 0, 0, 1, 1, 5, -5.0], ["0021300039", 1610612759, "SAS", "San Antonio", 201965, "Jeff Ayres", "", "", "8:28", 2, 2, 1.0, 0, 0, 0.0, 0, 1, 0.0, 2, 1, 3, 0, 0, 0, 0, 2, 4, -2.0], ["0021300039", 1610612759, "SAS", "San Antonio", 2588, "Matt Bonner", "", "DNP - Coach's Decision", null, null, null, null, null, null, null, null, null, null, null, null, null, null, null, null, null, null, null, null], ["0021300039", 1610612759, "SAS", "San Antonio", 202709, "Cory Joseph", "", "DNP - Coach's Decision", null, null, null, null, null, null, null, null, null, null, null, null, null, null, null, null, null, null, null, null], ["0021300039", 1610612757, "POR", "Portland", 201587, "Nicolas Batum", "F", "", "35:54", 4, 11, 0.364, 1, 4, 0.25, 2, 3, 0.667, 4, 8, 12, 11, 0, 1, 4, 2, 11, 5.0], ["0021300039", 1610612757, "POR", "Portland", 200746, "LaMarcus Aldridge", "F", "", "38:15", 11, 17, 0.647, 0, 0, 0.0, 2, 2, 1.0, 0, 7, 7, 4, 1, 2, 3, 1, 24, 11.0], ["0021300039", 1610612757, "POR", "Portland", 201577, "Robin Lopez", "C", "", "39:45", 6, 10, 0.6, 0, 0, 0.0, 0, 0, 0.0, 3, 3, 6, 1, 0, 2, 0, 1, 12, 13.0], ["0021300039", 1610612757, "POR", "Portland", 202083, "Wesley Matthews", "G", "", "33:29", 8, 13, 0.615, 3, 6, 0.5, 1, 2, 0.5, 0, 3, 3, 2, 1, 1, 1, 1, 20, 4.0], ["0021300039", 1610612757, "POR", "Portland", 203081, "Damian Lillard", "G", "", "36:06", 7, 16, 0.438, 3, 8, 0.375, 8, 8, 1.0, 0, 7, 7, 7, 0, 0, 3, 2, 25, 16.0], ["0021300039", 1610612757, "POR", "Portland", 2590, "Mo Williams", "", "", "23:15", 6, 9, 0.667, 1, 2, 0.5, 0, 0, 0.0, 0, 0, 0, 2, 0, 1, 2, 3, 13, 8.0], ["0021300039", 1610612757, "POR", "Portland", 200777, "Joel Freeland", "", "", "8:15", 1, 2, 0.5, 0, 0, 0.0, 2, 2, 1.0, 0, 1, 1, 0, 0, 0, 2, 2, 4, -3.0], ["0021300039", 1610612757, "POR", "Portland", 2748, "Dorell Wright", "", "", "15:28", 0, 0, 0.0, 0, 0, 0.0, 2, 2, 1.0, 0, 2, 2, 1, 1, 0, 1, 0, 2, 0.0], ["0021300039", 1610612757, "POR", "Portland", 203080, "Thomas Robinson", "", "", "9:33", 2, 3, 0.667, 0, 0, 0.0, 0, 0, 0.0, 0, 1, 1, 1, 0, 0, 0, 3, 4, -4.0], ["0021300039", 1610612757, "POR", "Portland", 203115, "Will Barton", "", "DNP - Coach's Decision", null, null, null, null, null, null, null, null, null, null, null, null, null, null, null, null, null, null, null, null], ["0021300039", 1610612757, "POR", "Portland", 203459, "Allen Crabbe", "", "DNP - Coach's Decision", null, null, null, null, null, null, null, null, null, null, null, null, null, null, null, null, null, null, null, null], ["0021300039", 1610612757, "POR", "Portland", 203086, "Meyers Leonard", "", "DNP - Coach's Decision", null, null, null, null, null, null, null, null, null, null, null, null, null, null, null, null, null, null, null, null], ["0021300039", 1610612757, "POR", "Portland", 2248, "Earl Watson", "", "DNP - Coach's Decision", null, null, null, null, null, null, null, null, null, null, null, null, null, null, null, null, null, null, null, null]], "name": "PlayerStats"}, {"headers": ["GAME_ID", "TEAM_ID", "TEAM_NAME", "TEAM_ABBREVIATION", "TEAM_CITY", "MIN", "FGM", "FGA", "FG_PCT", "FG3M", "FG3A", "FG3_PCT", "FTM", "FTA", "FT_PCT", "OREB", "DREB", "REB", "AST", "STL", "BLK", "TO", "PF", "PTS", "PLUS_MINUS"], "rowSet": [["0021300039", 1610612759, "Spurs", "SAS", "San Antonio", "240:00", 47, 94, 0.5, 6, 12, 0.5, 5, 8, 0.625, 12, 23, 35, 24, 6, 2, 12, 25, 105, -10.0], ["0021300039", 1610612757, "Trail Blazers", "POR", "Portland", "240:00", 45, 81, 0.556, 8, 20, 0.4, 17, 19, 0.895, 7, 32, 39, 29, 3, 7, 16, 15, 115, 10.0]], "name": "TeamStats"}, {"headers": ["LEAGUE_ID", "SEASON_ID", "TEAM_ID", "TEAM_ABBREVIATION", "TEAM_CITY", "PTS_PAINT", "PTS_2ND_CHANCE", "PTS_FB", "LARGEST_LEAD", "LEAD_CHANGES", "TIMES_TIED"], "rowSet": [["00", "22013", 1610612757, "POR", "Portland", 34, 8, 7, 11, 4, 6], ["00", "22013", 1610612759, "SAS", "San Antonio", 52, 18, 2, 13, 4, 6]], "name": "OtherStats"}, {"headers": ["OFFICIAL_ID", "FIRST_NAME", "LAST_NAME", "JERSEY_NUM"], "rowSet": [[2148, "Mark", "Ayotte", "56"], [2003, "Pat", "Fraher", "26"], [2530, "Ed", "Malloy", "14"]], "name": "Officials"}, {"headers": ["GAME_DATE", "ATTENDANCE", "GAME_TIME"], "rowSet": [["SATURDAY, NOVEMBER 2, 2013", 20028, "2:10"]], "name": "GameInfo"}, {"headers": ["PLAYER_ID", "FIRST_NAME", "LAST_NAME", "JERSEY_NUM", "TEAM_ID", "TEAM_CITY", "TEAM_NAME", "TEAM_ABBREVIATION"], "rowSet": [[201986, "Nando", "De Colo", "25", 1610612759, "San Antonio", "Spurs", "SAS"], [203468, "CJ", "McCollum", " 3", 1610612757, "Portland", "Trail Blazers", "POR"], [201964, "Victor", "Claver", "18", 1610612757, "Portland", "Trail Blazers", "POR"]], "name": "InactivePlayers"}, {"headers": ["VIDEO_AVAILABLE_FLAG"], "rowSet": [[1]], "name": "AvailableVideo"}], "parameters": {"GameID": "0021300039", "RangeType": 0, "StartPeriod": 0, "StartRange": 0, "EndPeriod": 0, "EndRange": 0}}