{"resource": "boxscore", "resultSets": [{"headers": ["GAME_DATE_EST", "GAME_SEQUENCE", "GAME_ID", "GAME_STATUS_ID", "GAME_STATUS_TEXT", "GAMECODE", "HOME_TEAM_ID", "VISITOR_TEAM_ID", "SEASON", "LIVE_PERIOD", "LIVE_PC_TIME", "NATL_TV_BROADCASTER_ABBREVIATION", "LIVE_PERIOD_TIME_BCAST", "WH_STATUS"], "rowSet": [["2013-11-02T00:00:00", 1, "0021300033", 3, "Final", "20131102/CLEIND", 1610612754, 1610612739, "2013", 4, "", null, "Q4  - ", 1]], "name": "GameSummary"}, {"headers": ["GAME_DATE_EST", "GAME_SEQUENCE", "GAME_ID", "TEAM_ID", "TEAM_ABBREVIATION", "TEAM_CITY_NAME", "TEAM_WINS_LOSSES", "PTS_QTR1", "PTS_QTR2", "PTS_QTR3", "PTS_QTR4", "PTS_OT1", "PTS_OT2", "PTS_OT3", "PTS_OT4", "PTS_OT5", "PTS_OT6", "PTS_OT7", "PTS_OT8", "PTS_OT9", "PTS_OT10", "PTS"], "rowSet": [["2013-11-02T00:00:00", 1, "0021300033", 1610612739, "CLE", "Cleveland", "1-2", 16, 21, 18, 19, 0, 0, 0, 0, 0, 0, 0, 0, 0, 0, 74], ["2013-11-02T00:00:00", 1, "0021300033", 1610612754, "IND", "Indiana", "3-0", 21, 22, 19, 27, 0, 0, 0, 0, 0, 0, 0, 0, 0, 0, 89]], "name": "LineScore"}, {"headers": ["GAME_ID", "HOME_TEAM_ID", "VISITOR_TEAM_ID", "GAME_DATE_EST", "HOME_TEAM_WINS", "HOME_TEAM_LOSSES", "SERIES_LEADER"], "rowSet": [["0021300033", 1610612754, 1610612739, "2013-11-02T00:00:00", 3, 0, "Indiana"]], "name": "SeasonSeries"}, {"headers": ["GAME_ID", "LAST_GAME_ID", "LAST_GAME_DATE_EST", "LAST_GAME_HOME_TEAM_ID", "LAST_GAME_HOME_TEAM_CITY", "LAST_GAME_HOME_TEAM_NAME", "LAST_GAME_HOME_TEAM_ABBREVIATION", "LAST_GAME_HOME_TEAM_POINTS", "LAST_GAME_VISITOR_TEAM_ID", "LAST_GAME_VISITOR_TEAM_CITY", "LAST_GAME_VISITOR_TEAM_NAME", "LAST_GAME_VISITOR_TEAM_CITY1", "LAST_GAME_VISITOR_TEAM_POINTS"], "rowSet": [["0021300033", "0011300077", "2013-10-19T00:00:00", 1610612754, "Indiana", "Pacers", "IND", 102, 1610612739, "Cleveland", "Cavaliers", "CLE", 79]], "name": "LastMeeting"}, {"headers": ["GAME_ID", "TEAM_ID", "TEAM_ABBREVIATION", "TEAM_CITY", "PLAYER_ID", "PLAYER_NAME", "START_POSITION", "COMMENT", "MIN", "FGM", "FGA", "FG_PCT", "FG3M", "FG3A", "FG3_PCT", "FTM", "FTA", "FT_PCT", "OREB", "DREB", "REB", "AST", "STL", "BLK", "TO", "PF", "PTS", "PLUS_MINUS"], "rowSet": [["0021300033", 1610612739, "CLE", "Cleveland", 202684, "Tristan Thompson", "F", "", "35:28", 1, 5, 0.2, 0, 0, 0.0, 0, 0, 0.0, 1, 3, 4, 0, 0, 0, 1, 1, 2, -4.0], ["0021300033", 1610612739, "CLE", "Cleveland", 201947, "Earl Clark", "F", "", "17:34", 0, 4, 0.0, 0, 1, 0.0, 2, 2, 1.0, 0, 7, 7, 0, 0, 0, 2, 0, 2, -6.0], ["0021300033", 1610612739, "CLE", "Cleveland", 2760, "Anderson Varejao", "C", "", "29:07", 6, 9, 0.667, 0, 0, 0.0, 2, 2, 1.0, 2, 4, 6, 0, 3, 0, 4, 4, 14, -7.0], ["0021300033", 1610612739, "CLE", "Cleveland", 203079, "Dion Waiters", "G", "", "29:19", 7, 21, 0.333, 2, 3, 0.667, 1, 1, 1.0, 0, 2, 2, 0, 4, 0, 2, 3, 17, 3.0], ["0021300033", 1610612739, "CLE", "Cleveland", 202681, "Kyrie Irving", "G", "", "33:50", 6, 17, 0.353, 1, 3, 0.333, 2, 4, 0.5, 0, 3, 3, 5, 0, 0, 1, 3, 15, -5.0], ["0021300033", 1610612739, "CLE", "Cleveland", 203461, "Anthony Bennett", "", "", "12:33", 0, 4, 0.0, 0, 1, 0.0, 0, 0, 0.0, 2, 4, 6, 0, 2, 0, 0, 1, 0, -11.0], ["0021300033", 1610612739, "CLE", "Cleveland", 101127, "Jarrett Jack", "", "", "24:28", 4, 8, 0.5, 0, 2, 0.0, 0, 0, 0.0, 0, 2, 2, 3, 2, 0, 4, 3, 8, -15.0], ["0021300033", 1610612739, "CLE", "Cleveland", 101139, "CJ Miles", "", "", "18:40", 2, 9, 0.222, 0, 5, 0.0, 4, 4, 1.0, 1, 1, 2, 2, 2, 0, 0, 3, 8, -8.0], ["0021300033", 1610612739, "CLE", "Cleveland", 203092, "Tyler Zeller", "", "", "17:48", 2, 3, 0.667, 0, 0, 0.0, 2, 2, 1.0, 0, 3, 3, 0, 0, 1, 1, 3, 6, -8.0], ["0021300033", 1610612739, "CLE", "Cleveland", 202087, "Alonzo Gee", "", "", "18:00", 1, 2, 0.5, 0, 0, 0.0, 0, 0, 0.0, 0, 1, 1, 1, 2, 0, 1, 4, 2, -14.0], ["0021300033", 1610612739, "CLE", "Cleveland", 203521, "Matthew Dellavedova", "", "", "1:05", 0, 0, 0.0, 0, 0, 0.0, 0, 0, 0.0, 0, 0, 0, 0, 0, 0, 0, 0, 0, 0.0], ["0021300033", 1610612739, "CLE", "Cleveland", 203508, "Sergey Karasev", "", "", "1:05", 0, 0, 0.0, 0, 0, 0.0, 0, 0, 0.0, 0, 0, 0, 0, 0, 0, 0, 0, 0, 0.0], ["0021300033", 1610612739, "CLE", "Cleveland", 203156, "Henry Sims", "", "", "1:05", 0, 1, 0.0, 0, 0, 0.0, 0, 0, 0.0, 0, 1, 1, 0, 0, 0, 0, 0, 0, 0.0], ["0021300033", 1610612754, "IND", "Indiana", 202331, "Paul George", "F", "", "30:11", 8, 17, 0.471, 3, 6, 0.5, 2, 2, 1.0, 1, 12, 13, 3, 2, 0, 4, 1, 21, 4.0], ["0021300033", 1610612754, "IND", "Indiana", 2561, "David West", "F", "", "24:59", 2, 7, 0.286, 0, 0, 0.0, 0, 0, 0.0, 1, 2, 3, 2, 0, 2, 0, 4, 4, 4.0], ["0021300033", 1610612754, "IND", "Indiana", 201579, "Roy Hibbert", "C", "", "28:11", 5, 9, 0.556, 0, 0, 0.0, 1, 2, 0.5, 0, 5, 5, 0, 0, 2, 4, 2, 11, 4.0], ["0021300033", 1610612754, "IND", "Indiana", 202362, "Lance Stephenson", "G", "", "31:47", 7, 13, 0.538, 5, 7, 0.714, 3, 5, 0.6, 0, 5, 5, 3, 0, 0, 2, 3, 22, 9.0], ["0021300033", 1610612754, "IND", "Indiana", 201228, "CJ Watson", "G", "", "31:21", 2, 8, 0.25, 0, 3, 0.0, 3, 3, 1.0, 0, 4, 4, 6, 2, 0, 0, 1, 7, 3.0], ["0021300033", 1610612754, "IND", "Indiana", 203524, "Solomon Hill", "", "", "9:23", 2, 2, 1.0, 0, 0, 0.0, 0, 0, 0.0, 1, 2, 3, 1, 0, 1, 1, 0, 4, 4.0], ["0021300033", 1610612754, "IND", "Indiana", 2449, "Luis Scola", "", "", "19:26", 2, 6, 0.333, 0, 1, 0.0, 0, 0, 0.0, 1, 2, 3, 1, 0, 0, 3, 1, 4, 13.0], ["0021300033", 1610612754, "IND", "Indiana", 202388, "Donald Sloan", "", "", "16:30", 1, 3, 0.333, 0, 2, 0.0, 2, 2, 1.0, 0, 1, 1, 3, 1, 0, 1, 1, 4, 12.0], ["0021300033", 1610612754, "IND", "Indiana", 101133, "Ian Mahinmi", "", "", "19:49", 0, 1, 0.0, 0, 0, 0.0, 2, 4, 0.5, 4, 3, 7, 1, 0, 1, 3, 2, 2, 11.0], ["0021300033", 1610612754, "IND", "Indiana", 203111, "Orlando Johnson", "", "", "21:13", 2, 7, 0.286, 1, 5, 0.2, 2, 2, 1.0, 1, 5, 6, 2, 1, 0, 2, 1, 7, 15.0], ["0021300033", 1610612754, "IND", "Indiana", 2446, "Rasual Butler", "", "", "3:35", 1, 2, 0.5, 1, 2, 0.5, 0, 0, 0.0, 1, 0, 1, 1, 0, 0, 0, 0, 3, -2.0], ["0021300033", 1610612754, "IND", "Indiana", 203142, "Chris Copeland", "", "", "3:35", 0, 2, 0.0, 0, 2, 0.0, 0, 0, 0.0, 0, 0, 0, 1, 0, 0, 0, 0, 0, -2.0], ["0021300033", 1610612754, "IND", "Indiana", 201588, "George Hill", "", "DND - Sore Left Hip", null, null, null, null, null, null, null, null, null, null, null, null, null, null, null, null, null, null, null, null]], "name": "PlayerStats"}, {"headers": ["GAME_ID", "TEAM_ID", "TEAM_NAME", "TEAM_ABBREVIATION", "TEAM_CITY", "MIN", "FGM", "FGA", "FG_PCT", "FG3M", "FG3A", "FG3_PCT", "FTM", "FTA", "FT_PCT", "OREB", "DREB", "REB", "AST", "STL", "BLK", "TO", "PF", "PTS", "PLUS_MINUS"], "rowSet": [["0021300033", 1610612754, "Pacers", "IND", "Indiana", "240:00", 32, 77, 0.416, 10, 28, 0.357, 15, 20, 0.75, 10, 41, 51, 24, 6, 6, 20, 16, 89, 15.0], ["0021300033", 1610612739, "Cavaliers", "CLE", "Cleveland", "240:00", 29, 83, 0.349, 3, 15, 0.2, 13, 15, 0.867, 6, 31, 37, 11, 15, 1, 16, 25, 74, -15.0]], "name": "TeamStats"}, {"headers": ["LEAGUE_ID", "SEASON_ID", "TEAM_ID", "TEAM_ABBREVIATION", "TEAM_CITY", "PTS_PAINT", "PTS_2ND_CHANCE", "PTS_FB", "LARGEST_LEAD", "LEAD_CHANGES", "TIMES_TIED"], "rowSet": [["00", "22013", 1610612739, "CLE", "Cleveland", 24, 2, 17, 19, 4, 2], ["00", "22013", 1610612754, "IND", "Indiana", 28, 9, 12, 19, 4, 2]], "name": "OtherStats"}, {"headers": ["OFFICIAL_ID", "FIRST_NAME", "LAST_NAME", "JERSEY_NUM"], "rowSet": [[1662, "Bill", "Kennedy", "55"], [200832, "Curtis", "Blair", "74"], [200834, "Mark", "Lindsay", "29"]], "name": "Officials"}, {"headers": ["GAME_DATE", "ATTENDANCE", "GAME_TIME"], "rowSet": [["SATURDAY, NOVEMBER 2, 2013", 16242, "2:10"]], "name": "GameInfo"}, {"headers": ["PLAYER_ID", "FIRST_NAME", "LAST_NAME", "JERSEY_NUM", "TEAM_ID", "TEAM_CITY", "TEAM_NAME", "TEAM_ABBREVIATION"], "rowSet": [[101115, "Andrew", "Bynum", "21", 1610612739, "Cleveland", "Cavaliers", "CLE"], [203467, "Carrick", "Felix", "30", 1610612739, "Cleveland", "Cavaliers", "CLE"], [101122, "Danny", "Granger", "33", 1610612754, "Indiana", "Pacers", "IND"]], "name": "InactivePlayers"}, {"headers": ["VIDEO_AVAILABLE_FLAG"], "rowSet": [[1]], "name": "AvailableVideo"}], "parameters": {"GameID": "0021300033", "RangeType": 0, "StartPeriod": 0, "StartRange": 0, "EndPeriod": 0, "EndRange": 0}}