{"resource": "boxscore", "resultSets": [{"headers": ["GAME_DATE_EST", "GAME_SEQUENCE", "GAME_ID", "GAME_STATUS_ID", "GAME_STATUS_TEXT", "GAMECODE", "HOME_TEAM_ID", "VISITOR_TEAM_ID", "SEASON", "LIVE_PERIOD", "LIVE_PC_TIME", "NATL_TV_BROADCASTER_ABBREVIATION", "LIVE_PERIOD_TIME_BCAST", "WH_STATUS"], "rowSet": [["2013-11-05T00:00:00", 8, "0021300058", 3, "Final", "20131105/HOUPOR", 1610612757, 1610612745, "2013", 4, "", null, "Q4  - ", 1]], "name": "GameSummary"}, {"headers": ["GAME_DATE_EST", "GAME_SEQUENCE", "GAME_ID", "TEAM_ID", "TEAM_ABBREVIATION", "TEAM_CITY_NAME", "TEAM_WINS_LOSSES", "PTS_QTR1", "PTS_QTR2", "PTS_QTR3", "PTS_QTR4", "PTS_OT1", "PTS_OT2", "PTS_OT3", "PTS_OT4", "PTS_OT5", "PTS_OT6", "PTS_OT7", "PTS_OT8", "PTS_OT9", "PTS_OT10", "PTS"], "rowSet": [["2013-11-05T00:00:00", 8, "0021300058", 1610612757, "POR", "Portland", "2-2", 31, 19, 23, 28, 0, 0, 0, 0, 0, 0, 0, 0, 0, 0, 101], ["2013-11-05T00:00:00", 8, "0021300058", 1610612745, "HOU", "Houston", "4-1", 30, 25, 29, 32, 0, 0, 0, 0, 0, 0, 0, 0, 0, 0, 116]], "name": "LineScore"}, {"headers": ["GAME_ID", "HOME_TEAM_ID", "VISITOR_TEAM_ID", "GAME_DATE_EST", "HOME_TEAM_WINS", "HOME_TEAM_LOSSES", "SERIES_LEADER"], "rowSet": [["0021300058", 1610612757, 1610612745, "2013-11-05T00:00:00", 1, 2, "Houston"]], "name": "SeasonSeries"}, {"headers": ["GAME_ID", "LAST_GAME_ID", "LAST_GAME_DATE_EST", "LAST_GAME_HOME_TEAM_ID", "LAST_GAME_HOME_TEAM_CITY", "LAST_GAME_HOME_TEAM_NAME", "LAST_GAME_HOME_TEAM_ABBREVIATION", "LAST_GAME_HOME_TEAM_POINTS", "LAST_GAME_VISITOR_TEAM_ID", "LAST_GAME_VISITOR_TEAM_CITY", "LAST_GAME_VISITOR_TEAM_NAME", "LAST_GAME_VISITOR_TEAM_CITY1", "LAST_GAME_VISITOR_TEAM_POINTS"], "rowSet": [["0021300058", "0021201136", "2013-04-05T00:00:00", 1610612757, "Portland", "Trail Blazers", "POR", 98, 1610612745, "Houston", "Rockets", "HOU", 116]], "name": "LastMeeting"}, {"headers": ["GAME_ID", "TEAM_ID", "TEAM_ABBREVIATION", "TEAM_CITY", "PLAYER_ID", "PLAYER_NAME", "START_POSITION", "COMMENT", "MIN", "FGM", "FGA", "FG_PCT", "FG3M", "FG3A", "FG3_PCT", "FTM", "FTA", "FT_PCT", "OREB", "DREB", "REB", "AST", "STL", "BLK", "TO", "PF", "PTS", "PLUS_MINUS"], "rowSet": [["0021300058", 1610612745, "HOU", "Houston", 202718, "Chandler Parsons", "F", "", "32:53", 4, 11, 0.364, 0, 3, 0.0, 1, 1, 1.0, 0, 6, 6, 1, 2, 0, 1, 4, 9, 15.0], ["0021300058", 1610612745, "HOU", "Houston", 2730, "Dwight Howard", "F", "", "38:22", 10, 13, 0.769, 0, 0, 0.0, 9, 12, 0.75, 4, 9, 13, 2, 0, 1, 6, 4, 29, 22.0], ["0021300058", 1610612745, "HOU", "Houston", 201600, "Omer Asik", "C", "", "22:00", 3, 5, 0.6, 0, 0, 0.0, 2, 2, 1.0, 1, 4, 5, 1, 0, 0, 2, 4, 8, 1.0], ["0021300058", 1610612745, "HOU", "Houston", 201935, "James Harden", "G", "", "39:34", 11, 18, 0.611, 2, 7, 0.286, 9, 10, 0.9, 0, 7, 7, 3, 1, 2, 8, 5, 33, 11.0], ["0021300058", 1610612745, "HOU", "Houston", 202391, "Jeremy Lin", "G", "", "29:08", 4, 8, 0.5, 1, 2, 0.5, 3, 4, 0.75, 0, 2, 2, 4, 2, 0, 3, 4, 12, 10.0], ["0021300058", 1610612745, "HOU", "Houston", 101128, "Francisco Garcia", "", "", "22:35", 2, 6, 0.333, 2, 4, 0.5, 0, 0, 0.0, 0, 1, 1, 0, 1, 0, 0, 2, 6, 1.0], ["0021300058", 1610612745, "HOU", "Houston", 201976, "Patrick Beverley", "", "", "28:37", 5, 9, 0.556, 1, 3, 0.333, 1, 1, 1.0, 4, 0, 4, 1, 0, 0, 0, 2, 12, 9.0], ["0021300058", 1610612745, "HOU", "Houston", 201956, "Omri Casspi", "", "", "23:48", 2, 4, 0.5, 0, 2, 0.0, 3, 4, 0.75, 1, 7, 8, 5, 0, 0, 0, 2, 7, 3.0], ["0021300058", 1610612745, "HOU", "Houston", 201166, "Aaron Brooks", "", "", "1:01", 0, 1, 0.0, 0, 1, 0.0, 0, 0, 0.0, 0, 0, 0, 0, 0, 0, 0, 0, 0, 1.0], ["0021300058", 1610612745, "HOU", "Houston", 203093, "Terrence Jones", "", "", "1:01", 0, 0, 0.0, 0, 0, 0.0, 0, 0, 0.0, 0, 0, 0, 0, 0, 0, 0, 0, 0, 1.0], ["0021300058", 1610612745, "HOU", "Houston", 202962, "Greg Smith", "", "", "1:01", 0, 0, 0.0, 0, 0, 0.0, 0, 0, 0.0, 0, 1, 1, 0, 0, 0, 0, 0, 0, 1.0], ["0021300058", 1610612745, "HOU", "Houston", 200758, "Ronnie Brewer", "", "DNP - Coach's Decision", null, null, null, null, null, null, null, null, null, null, null, null, null, null, null, null, null, null, null, null], ["0021300058", 1610612745, "HOU", "Houston", 202700, "Donatas Motiejunas", "", "DNP - Coach's Decision", null, null, null, null, null, null, null, null, null, null, null, null, null, null, null, null, null, null, null, null], ["0021300058", 1610612757, "POR", "Portland", 201587, "Nicolas Batum", "F", "", "37:21", 4, 10, 0.4, 1, 5, 0.2, 4, 4, 1.0, 2, 1, 3, 4, 3, 1, 3, 2, 13, -14.0], ["0021300058", 1610612757, "POR", "Portland", 200746, "LaMarcus Aldridge", "F", "", "36:24", 9, 19, 0.474, 0, 0, 0.0, 3, 5, 0.6, 2, 3, 5, 1, 2, 1, 3, 4, 21, -22.0], ["0021300058", 1610612757, "POR", "Portland", 201577, "Robin Lopez", "C", "", "17:35", 0, 3, 0.0, 0, 0, 0.0, 0, 0, 0.0, 4, 2, 6, 2, 1, 3, 1, 5, 0, 1.0], ["0021300058", 1610612757, "POR", "Portland", 202083, "Wesley Matthews", "G", "", "36:19", 6, 12, 0.5, 3, 8, 0.375, 4, 7, 0.571, 1, 2, 3, 0, 1, 0, 0, 5, 19, -12.0], ["0021300058", 1610612757, "POR", "Portland", 203081, "Damian Lillard", "G", "", "42:12", 7, 17, 0.412, 4, 9, 0.444, 4, 7, 0.571, 0, 4, 4, 5, 0, 0, 3, 3, 22, -3.0], ["0021300058", 1610612757, "POR", "Portland", 2590, "Mo Williams", "", "", "23:33", 4, 12, 0.333, 0, 3, 0.0, 0, 0, 0.0, 1, 1, 2, 7, 0, 0, 4, 4, 8, -12.0], ["0021300058", 1610612757, "POR", "Portland", 2748, "Dorell Wright", "", "", "20:44", 3, 8, 0.375, 2, 5, 0.4, 0, 0, 0.0, 0, 3, 3, 2, 2, 1, 0, 1, 8, -4.0], ["0021300058", 1610612757, "POR", "Portland", 203080, "Thomas Robinson", "", "", "8:08", 1, 2, 0.5, 0, 0, 0.0, 2, 4, 0.5, 0, 2, 2, 0, 0, 0, 0, 1, 4, -5.0], ["0021300058", 1610612757, "POR", "Portland", 203086, "Meyers Leonard", "", "", "14:11", 2, 3, 0.667, 0, 0, 0.0, 2, 2, 1.0, 1, 1, 2, 0, 0, 0, 0, 3, 6, -7.0], ["0021300058", 1610612757, "POR", "Portland", 201964, "Victor Claver", "", "", "1:11", 0, 0, 0.0, 0, 0, 0.0, 0, 0, 0.0, 0, 0, 0, 0, 0, 0, 0, 0, 0, 1.0], ["0021300058", 1610612757, "POR", "Portland", 203115, "Will Barton", "", "", "1:11", 0, 1, 0.0, 0, 1, 0.0, 0, 0, 0.0, 0, 0, 0, 1, 0, 0, 0, 0, 0, 1.0], ["0021300058", 1610612757, "POR", "Portland", 203459, "Allen Crabbe", "", "", "1:11", 0, 0, 0.0, 0, 0, 0.0, 0, 0, 0.0, 0, 0, 0, 0, 0, 0, 0, 0, 0, 1.0], ["0021300058", 1610612757, "POR", "Portland", 2248, "Earl Watson", "", "DNP - Coach's Decision", null, null, null, null, null, null, null, null, null, null, null, null, null, null, null, null, null, null, null, null]], "name": "PlayerStats"}, {"headers": ["GAME_ID", "TEAM_ID", "TEAM_NAME", "TEAM_ABBREVIATION", "TEAM_CITY", "MIN", "FGM", "FGA", "FG_PCT", "FG3M", "FG3A", "FG3_PCT", "FTM", "FTA", "FT_PCT", "OREB", "DREB", "REB", "AST", "STL", "BLK", "TO", "PF", "PTS", "PLUS_MINUS"], "rowSet": [["0021300058", 1610612757, "Trail Blazers", "POR", "Portland", "240:00", 36, 87, 0.414, 10, 31, 0.323, 19, 29, 0.655, 11, 19, 30, 22, 9, 6, 14, 28, 101, -15.0], ["0021300058", 1610612745, "Rockets", "HOU", "Houston", "240:00", 41, 75, 0.547, 6, 22, 0.273, 28, 34, 0.824, 10, 37, 47, 17, 6, 3, 20, 27, 116, 15.0]], "name": "TeamStats"}, {"headers": ["LEAGUE_ID", "SEASON_ID", "TEAM_ID", "TEAM_ABBREVIATION", "TEAM_CITY", "PTS_PAINT", "PTS_2ND_CHANCE", "PTS_FB", "LARGEST_LEAD", "LEAD_CHANGES", "TIMES_TIED"], "rowSet": [["00", "22013", 1610612757, "POR", "Portland", 28, 5, 6, 18, 3, 3], ["00", "22013", 1610612745, "HOU", "Houston", 54, 18, 19, 18, 3, 3]], "name": "OtherStats"}, {"headers": ["OFFICIAL_ID", "FIRST_NAME", "LAST_NAME", "JERSEY_NUM"], "rowSet": [[1147, "Mike", "Callahan", "24"], [2532, "Eli", "Roe", "44"], [201640, "Kane", "Fitzgerald", "35"]], "name": "Officials"}, {"headers": ["GAME_DATE", "ATTENDANCE", "GAME_TIME"], "rowSet": [["TUESDAY, NOVEMBER 5, 2013", 17491, "2:20"]], "name": "GameInfo"}, {"headers": ["PLAYER_ID", "FIRST_NAME", "LAST_NAME", "JERSEY_NUM", "TEAM_ID", "TEAM_CITY", "TEAM_NAME", "TEAM_ABBREVIATION"], "rowSet": [[203477, "Isaiah", "Canaan", " 1", 1610612745, "Houston", "Rockets", "HOU"], [203496, "Robert", "Covington", "33", 1610612745, "Houston", "Rockets", "HOU"], [200777, "Joel", "Freeland", "19", 1610612757, "Portland", "Trail Blazers", "POR"], [203468, "CJ", "McCollum", " 3", 1610612757, "Portland", "Trail Blazers", "POR"]], "name": "InactivePlayers"}, {"headers": ["VIDEO_AVAILABLE_FLAG"], "rowSet": [[1]], "name": "AvailableVideo"}], "parameters": {"GameID": "0021300058", "RangeType": 0, "StartPeriod": 0, "StartRange": 0, "EndPeriod": 0, "EndRange": 0}}