{"resource": "boxscore", "resultSets": [{"headers": ["GAME_DATE_EST", "GAME_SEQUENCE", "GAME_ID", "GAME_STATUS_ID", "GAME_STATUS_TEXT", "GAMECODE", "HOME_TEAM_ID", "VISITOR_TEAM_ID", "SEASON", "LIVE_PERIOD", "LIVE_PC_TIME", "NATL_TV_BROADCASTER_ABBREVIATION", "LIVE_PERIOD_TIME_BCAST", "WH_STATUS"], "rowSet": [["2011-12-27T00:00:00", 2, "0021100019", 3, "Final", "20111227/BOSMIA", 1610612748, 1610612738, "2011", 4, "", "TNT", "Q4  - TNT", 1]], "name": "GameSummary"}, {"headers": ["GAME_DATE_EST", "GAME_SEQUENCE", "GAME_ID", "TEAM_ID", "TEAM_ABBREVIATION", "TEAM_CITY_NAME", "TEAM_WINS_LOSSES", "PTS_QTR1", "PTS_QTR2", "PTS_QTR3", "PTS_QTR4", "PTS_OT1", "PTS_OT2", "PTS_OT3", "PTS_OT4", "PTS_OT5", "PTS_OT6", "PTS_OT7", "PTS_OT8", "PTS_OT9", "PTS_OT10", "PTS"], "rowSet": [["2011-12-27T00:00:00", 2, "0021100019", 1610612738, "BOS", "Boston", "0-2", 27, 27, 29, 24, 0, 0, 0, 0, 0, 0, 0, 0, 0, 0, 107], ["2011-12-27T00:00:00", 2, "0021100019", 1610612748, "MIA", "Miami", "2-0", 30, 39, 22, 24, 0, 0, 0, 0, 0, 0, 0, 0, 0, 0, 115]], "name": "LineScore"}, {"headers": ["GAME_ID", "HOME_TEAM_ID", "VISITOR_TEAM_ID", "GAME_DATE_EST", "HOME_TEAM_WINS", "HOME_TEAM_LOSSES", "SERIES_LEADER"], "rowSet": [["0021100019", 1610612748, 1610612738, "2011-12-27T00:00:00", 1, 3, "Boston"]], "name": "SeasonSeries"}, {"headers": ["GAME_ID", "LAST_GAME_ID", "LAST_GAME_DATE_EST", "LAST_GAME_HOME_TEAM_ID", "LAST_GAME_HOME_TEAM_CITY", "LAST_GAME_HOME_TEAM_NAME", "LAST_GAME_HOME_TEAM_ABBREVIATION", "LAST_GAME_HOME_TEAM_POINTS", "LAST_GAME_VISITOR_TEAM_ID", "LAST_GAME_VISITOR_TEAM_CITY", "LAST_GAME_VISITOR_TEAM_NAME", "LAST_GAME_VISITOR_TEAM_CITY1", "LAST_GAME_VISITOR_TEAM_POINTS"], "rowSet": [["0021100019", "0041000215", "2011-05-11T00:00:00", 1610612748, "Miami", "Heat", "MIA", 97, 1610612738, "Boston", "Celtics", "BOS", 87]], "name": "LastMeeting"}, {"headers": ["GAME_ID", "TEAM_ID", "TEAM_ABBREVIATION", "TEAM_CITY", "PLAYER_ID", "PLAYER_NAME", "START_POSITION", "COMMENT", "MIN", "FGM", "FGA", "FG_PCT", "FG3M", "FG3A", "FG3_PCT", "FTM", "FTA", "FT_PCT", "OREB", "DREB", "REB", "AST", "STL", "BLK", "TO", "PF", "PTS", "PLUS_MINUS"], "rowSet": [["0021100019", 1610612738, "BOS", "Boston", 2562, "Sasha Pavlovic", "F", "", "13:11", 2, 4, 0.5, 1, 2, 0.5, 0, 0, 0.0, 0, 0, 0, 0, 0, 0, 2, 4, 5, -6.0], ["0021100019", 1610612738, "BOS", "Boston", 708, "Kevin Garnett", "F", "", "32:34", 6, 12, 0.5, 0, 0, 0.0, 0, 0, 0.0, 0, 5, 5, 2, 3, 1, 3, 1, 12, -12.0], ["0021100019", 1610612738, "BOS", "Boston", 979, "Jermaine O'Neal", "C", "", "21:54", 0, 1, 0.0, 0, 0, 0.0, 0, 0, 0.0, 0, 1, 1, 0, 1, 0, 1, 4, 0, -5.0], ["0021100019", 1610612738, "BOS", "Boston", 951, "Ray Allen", "G", "", "40:14", 8, 12, 0.667, 6, 8, 0.75, 6, 6, 1.0, 0, 3, 3, 4, 2, 0, 3, 2, 28, -11.0], ["0021100019", 1610612738, "BOS", "Boston", 200765, "Rajon Rondo", "G", "", "44:09", 7, 15, 0.467, 1, 3, 0.333, 7, 11, 0.636, 1, 7, 8, 12, 0, 0, 7, 3, 22, -5.0], ["0021100019", 1610612738, "BOS", "Boston", 101138, "Brandon Bass", "", "", "32:29", 5, 10, 0.5, 0, 0, 0.0, 3, 5, 0.6, 1, 4, 5, 1, 0, 2, 2, 3, 13, 1.0], ["0021100019", 1610612738, "BOS", "Boston", 2605, "Marquis Daniels", "", "", "18:55", 4, 8, 0.5, 0, 0, 0.0, 1, 1, 1.0, 1, 2, 3, 1, 2, 0, 2, 5, 9, -10.0], ["0021100019", 1610612738, "BOS", "Boston", 2404, "Chris Wilcox", "", "", "9:03", 0, 0, 0.0, 0, 0, 0.0, 0, 0, 0.0, 1, 2, 3, 0, 0, 0, 1, 0, 0, 0.0], ["0021100019", 1610612738, "BOS", "Boston", 2039, "Keyon Dooling", "", "", "23:40", 5, 10, 0.5, 4, 6, 0.667, 4, 4, 1.0, 0, 0, 0, 0, 1, 0, 3, 4, 18, 11.0], ["0021100019", 1610612738, "BOS", "Boston", 202340, "Avery Bradley", "", "", "3:51", 0, 0, 0.0, 0, 0, 0.0, 0, 0, 0.0, 0, 0, 0, 0, 0, 0, 0, 1, 0, -3.0], ["0021100019", 1610612738, "BOS", "Boston", 202707, "JaJuan Johnson", "", "DNP - Coach's Decision", null, null, null, null, null, null, null, null, null, null, null, null, null, null, null, null, null, null, null, null], ["0021100019", 1610612738, "BOS", "Boston", 202734, "E'Twaun Moore", "", "DNP - Coach's Decision", null, null, null, null, null, null, null, null, null, null, null, null, null, null, null, null, null, null, null, null], ["0021100019", 1610612738, "BOS", "Boston", 201880, "Greg Stiemsma", "", "DNP - Coach's Decision", null, null, null, null, null, null, null, null, null, null, null, null, null, null, null, null, null, null, null, null], ["0021100019", 1610612748, "MIA", "Miami", 2544, "LeBron James", "F", "", "36:00", 9, 14, 0.643, 0, 0, 0.0, 8, 9, 0.889, 1, 5, 6, 5, 2, 1, 3, 3, 26, -8.0], ["0021100019", 1610612748, "MIA", "Miami", 2547, "Chris Bosh", "F", "", "37:07", 8, 11, 0.727, 1, 1, 1.0, 1, 4, 0.25, 1, 10, 11, 1, 0, 1, 3, 2, 18, 17.0], ["0021100019", 1610612748, "MIA", "Miami", 201202, "Joel Anthony", "C", "", "20:24", 2, 2, 1.0, 0, 0, 0.0, 0, 0, 0.0, 1, 1, 2, 0, 1, 2, 1, 4, 4, 8.0], ["0021100019", 1610612748, "MIA", "Miami", 2548, "Dwyane Wade", "G", "", "36:06", 8, 15, 0.533, 0, 0, 0.0, 8, 10, 0.8, 0, 1, 1, 8, 2, 4, 3, 1, 24, 22.0], ["0021100019", 1610612748, "MIA", "Miami", 201596, "Mario Chalmers", "G", "", "18:53", 1, 1, 1.0, 1, 1, 1.0, 1, 2, 0.5, 0, 2, 2, 3, 5, 0, 6, 4, 4, 8.0], ["0021100019", 1610612748, "MIA", "Miami", 2617, "Udonis Haslem", "", "", "31:18", 1, 9, 0.111, 0, 0, 0.0, 2, 2, 1.0, 2, 10, 12, 0, 0, 0, 0, 4, 4, -5.0], ["0021100019", 1610612748, "MIA", "Miami", 2203, "Shane Battier", "", "", "17:19", 1, 2, 0.5, 1, 2, 0.5, 1, 2, 0.5, 0, 0, 0, 1, 2, 0, 1, 2, 4, 1.0], ["0021100019", 1610612748, "MIA", "Miami", 202708, "Norris Cole", "", "", "29:07", 8, 16, 0.5, 0, 3, 0.0, 4, 6, 0.667, 1, 3, 4, 4, 3, 0, 3, 2, 20, 0.0], ["0021100019", 1610612748, "MIA", "Miami", 436, "Juwan Howard", "", "", "6:17", 1, 2, 0.5, 0, 0, 0.0, 0, 0, 0.0, 0, 0, 0, 0, 1, 0, 0, 0, 2, -4.0], ["0021100019", 1610612748, "MIA", "Miami", 2592, "James Jones", "", "", "7:29", 3, 3, 1.0, 3, 3, 1.0, 0, 0, 0.0, 0, 0, 0, 0, 0, 0, 0, 0, 9, 1.0], ["0021100019", 1610612748, "MIA", "Miami", 202148, "Mickell Gladness", "", "DNP - Coach's Decision", null, null, null, null, null, null, null, null, null, null, null, null, null, null, null, null, null, null, null, null], ["0021100019", 1610612748, "MIA", "Miami", 202227, "Terrel Harris", "", "DNP - Coach's Decision", null, null, null, null, null, null, null, null, null, null, null, null, null, null, null, null, null, null, null, null], ["0021100019", 1610612748, "MIA", "Miami", 202354, "Dexter Pittman", "", "DNP - Coach's Decision", null, null, null, null, null, null, null, null, null, null, null, null, null, null, null, null, null, null, null, null]], "name": "PlayerStats"}, {"headers": ["GAME_ID", "TEAM_ID", "TEAM_NAME", "TEAM_ABBREVIATION", "TEAM_CITY", "MIN", "FGM", "FGA", "FG_PCT", "FG3M", "FG3A", "FG3_PCT", "FTM", "FTA", "FT_PCT", "OREB", "DREB", "REB", "AST", "STL", "BLK", "TO", "PF", "PTS", "PLUS_MINUS"], "rowSet": [["0021100019", 1610612748, "Heat", "MIA", "Miami", "240:00", 42, 75, 0.56, 6, 10, 0.6, 25, 35, 0.714, 6, 32, 38, 22, 16, 8, 20, 22, 115, 8.0], ["0021100019", 1610612738, "Celtics", "BOS", "Boston", "240:00", 37, 72, 0.514, 12, 19, 0.632, 21, 27, 0.778, 4, 24, 28, 20, 9, 3, 24, 27, 107, -8.0]], "name": "TeamStats"}, {"headers": ["LEAGUE_ID", "SEASON_ID", "TEAM_ID", "TEAM_ABBREVIATION", "TEAM_CITY", "PTS_PAINT", "PTS_2ND_CHANCE", "PTS_FB", "LARGEST_LEAD", "LEAD_CHANGES", "TIMES_TIED"], "rowSet": [["00", "22011", 1610612738, "BOS", "Boston", 28, 8, 23, 20, 1, 2], ["00", "22011", 1610612748, "MIA", "Miami", 52, 8, 19, 18, 1, 2]], "name": "OtherStats"}, {"headers": ["OFFICIAL_ID", "FIRST_NAME", "LAST_NAME", "JERSEY_NUM"], "rowSet": [[1152, "Dan", "Crawford", "43"], [1142, "Dick", "Bavetta", "27"], [2716, "Olandis", "Poole", "50"]], "name": "Officials"}, {"headers": ["GAME_DATE", "ATTENDANCE", "GAME_TIME"], "rowSet": [["TUESDAY, DECEMBER 27, 2011", 20166, "2:45"]], "name": "GameInfo"}, {"headers": ["PLAYER_ID", "FIRST_NAME", "LAST_NAME", "JERSEY_NUM", "TEAM_ID", "TEAM_CITY", "TEAM_NAME", "TEAM_ABBREVIATION"], "rowSet": [[1718, "Paul", "Pierce", "34", 1610612738, "Boston", "Celtics", "BOS"], [2554, "Mickael", "Pietrus", "28", 1610612738, "Boston", "Celtics", "BOS"], [2034, "Mike", "Miller", "13", 1610612748, "Miami", "Heat", "MIA"], [2201, "Eddy", "Curry", "34", 1610612748, "Miami", "Heat", "MIA"]], "name": "InactivePlayers"}, {"headers": ["VIDEO_AVAILABLE_FLAG"], "rowSet": [[0]], "name": "AvailableVideo"}], "parameters": {"GameID": "0021100019", "RangeType": 0, "StartPeriod": 0, "StartRange": 0, "EndPeriod": 0, "EndRange": 0}}