{"resource": "boxscore", "resultSets": [{"headers": ["GAME_DATE_EST", "GAME_SEQUENCE", "GAME_ID", "GAME_STATUS_ID", "GAME_STATUS_TEXT", "GAMECODE", "HOME_TEAM_ID", "VISITOR_TEAM_ID", "SEASON", "LIVE_PERIOD", "LIVE_PC_TIME", "NATL_TV_BROADCASTER_ABBREVIATION", "LIVE_PERIOD_TIME_BCAST", "WH_STATUS"], "rowSet": [["2011-12-30T00:00:00", 2, "0021100040", 3, "Final", "20111230/CLEIND", 1610612754, 1610612739, "2011", 5, "", null, "Q5  - ", 1]], "name": "GameSummary"}, {"headers": ["GAME_DATE_EST", "GAME_SEQUENCE", "GAME_ID", "TEAM_ID", "TEAM_ABBREVIATION", "TEAM_CITY_NAME", "TEAM_WINS_LOSSES", "PTS_QTR1", "PTS_QTR2", "PTS_QTR3", "PTS_QTR4", "PTS_OT1", "PTS_OT2", "PTS_OT3", "PTS_OT4", "PTS_OT5", "PTS_OT6", "PTS_OT7", "PTS_OT8", "PTS_OT9", "PTS_OT10", "PTS"], "rowSet": [["2011-12-30T00:00:00", 2, "0021100040", 1610612739, "CLE", "Cleveland", "1-2", 24, 23, 14, 23, 7, 0, 0, 0, 0, 0, 0, 0, 0, 0, 91], ["2011-12-30T00:00:00", 2, "0021100040", 1610612754, "IND", "Indiana", "3-0", 22, 23, 25, 14, 14, 0, 0, 0, 0, 0, 0, 0, 0, 0, 98]], "name": "LineScore"}, {"headers": ["GAME_ID", "HOME_TEAM_ID", "VISITOR_TEAM_ID", "GAME_DATE_EST", "HOME_TEAM_WINS", "HOME_TEAM_LOSSES", "SERIES_LEADER"], "rowSet": [["0021100040", 1610612754, 1610612739, "2011-12-30T00:00:00", 3, 1, "Indiana"]], "name": "SeasonSeries"}, {"headers": ["GAME_ID", "LAST_GAME_ID", "LAST_GAME_DATE_EST", "LAST_GAME_HOME_TEAM_ID", "LAST_GAME_HOME_TEAM_CITY", "LAST_GAME_HOME_TEAM_NAME", "LAST_GAME_HOME_TEAM_ABBREVIATION", "LAST_GAME_HOME_TEAM_POINTS", "LAST_GAME_VISITOR_TEAM_ID", "LAST_GAME_VISITOR_TEAM_CITY", "LAST_GAME_VISITOR_TEAM_NAME", "LAST_GAME_VISITOR_TEAM_CITY1", "LAST_GAME_VISITOR_TEAM_POINTS"], "rowSet": [["0021100040", "0021000720", "2011-02-02T00:00:00", 1610612754, "Indiana", "Pacers", "IND", 117, 1610612739, "Cleveland", "Cavaliers", "CLE", 112]], "name": "LastMeeting"}, {"headers": ["GAME_ID", "TEAM_ID", "TEAM_ABBREVIATION", "TEAM_CITY", "PLAYER_ID", "PLAYER_NAME", "START_POSITION", "COMMENT", "MIN", "FGM", "FGA", "FG_PCT", "FG3M", "FG3A", "FG3_PCT", "FTM", "FTA", "FT_PCT", "OREB", "DREB", "REB", "AST", "STL", "BLK", "TO", "PF", "PTS", "PLUS_MINUS"], "rowSet": [["0021100040", 1610612739, "CLE", "Cleveland", 201956, "Omri Casspi", "F", "", "23:00", 1, 6, 0.167, 0, 2, 0.0, 2, 2, 1.0, 1, 4, 5, 0, 1, 0, 2, 2, 4, -6.0], ["0021100040", 1610612739, "CLE", "Cleveland", 1712, "Antawn Jamison", "F", "", "35:52", 4, 14, 0.286, 0, 5, 0.0, 4, 6, 0.667, 0, 5, 5, 0, 0, 3, 2, 5, 12, -3.0], ["0021100040", 1610612739, "CLE", "Cleveland", 2760, "Anderson Varejao", "C", "", "37:54", 5, 10, 0.5, 0, 0, 0.0, 4, 7, 0.571, 3, 10, 13, 0, 1, 1, 1, 4, 14, -5.0], ["0021100040", 1610612739, "CLE", "Cleveland", 1515, "Anthony Parker", "G", "", "34:21", 5, 13, 0.385, 2, 7, 0.286, 0, 0, 0.0, 0, 3, 3, 2, 2, 0, 0, 0, 12, -15.0], ["0021100040", 1610612739, "CLE", "Cleveland", 202681, "Kyrie Irving", "G", "", "33:39", 8, 19, 0.421, 0, 2, 0.0, 4, 7, 0.571, 1, 4, 5, 4, 1, 1, 3, 2, 20, -10.0], ["0021100040", 1610612739, "CLE", "Cleveland", 202087, "Alonzo Gee", "", "", "29:37", 3, 6, 0.5, 1, 2, 0.5, 3, 5, 0.6, 1, 4, 5, 4, 1, 1, 2, 4, 10, 0.0], ["0021100040", 1610612739, "CLE", "Cleveland", 201196, "Ramon Sessions", "", "", "19:22", 3, 9, 0.333, 0, 3, 0.0, 0, 0, 0.0, 0, 4, 4, 2, 1, 0, 4, 1, 6, 1.0], ["0021100040", 1610612739, "CLE", "Cleveland", 200789, "Daniel Gibson", "", "", "19:02", 2, 4, 0.5, 2, 4, 0.5, 0, 0, 0.0, 2, 5, 7, 1, 0, 1, 1, 0, 6, 7.0], ["0021100040", 1610612739, "CLE", "Cleveland", 202684, "Tristan Thompson", "", "", "17:08", 1, 3, 0.333, 0, 0, 0.0, 0, 0, 0.0, 1, 1, 2, 0, 0, 2, 2, 4, 2, -4.0], ["0021100040", 1610612739, "CLE", "Cleveland", 202396, "Samardo Samuels", "", "", "15:05", 2, 4, 0.5, 0, 0, 0.0, 1, 4, 0.25, 0, 0, 0, 0, 0, 0, 1, 6, 5, 0.0], ["0021100040", 1610612739, "CLE", "Cleveland", 201963, "Christian Eyenga", "", "DNP - Coach's Decision", null, null, null, null, null, null, null, null, null, null, null, null, null, null, null, null, null, null, null, null], ["0021100040", 1610612739, "CLE", "Cleveland", 202376, "Luke Harangody", "", "DNP - Coach's Decision", null, null, null, null, null, null, null, null, null, null, null, null, null, null, null, null, null, null, null, null], ["0021100040", 1610612739, "CLE", "Cleveland", 200797, "Ryan Hollins", "", "DNP - Coach's Decision", null, null, null, null, null, null, null, null, null, null, null, null, null, null, null, null, null, null, null, null], ["0021100040", 1610612754, "IND", "Indiana", 101122, "Danny Granger", "F", "", "36:30", 8, 22, 0.364, 2, 5, 0.4, 4, 4, 1.0, 2, 5, 7, 4, 1, 2, 3, 4, 22, 10.0], ["0021100040", 1610612754, "IND", "Indiana", 2561, "David West", "F", "", "38:38", 5, 14, 0.357, 0, 1, 0.0, 4, 4, 1.0, 2, 8, 10, 2, 0, 1, 1, 4, 14, 2.0], ["0021100040", 1610612754, "IND", "Indiana", 201579, "Roy Hibbert", "C", "", "33:39", 7, 11, 0.636, 0, 0, 0.0, 3, 5, 0.6, 5, 8, 13, 0, 1, 3, 3, 4, 17, 15.0], ["0021100040", 1610612754, "IND", "Indiana", 202331, "Paul George", "G", "", "27:26", 0, 4, 0.0, 0, 2, 0.0, 2, 2, 1.0, 0, 5, 5, 2, 1, 1, 2, 3, 2, 13.0], ["0021100040", 1610612754, "IND", "Indiana", 201954, "Darren Collison", "G", "", "35:03", 5, 7, 0.714, 0, 0, 0.0, 1, 4, 0.25, 0, 3, 3, 4, 1, 2, 3, 0, 11, 11.0], ["0021100040", 1610612754, "IND", "Indiana", 201588, "George Hill", "", "", "33:53", 6, 15, 0.4, 0, 2, 0.0, 3, 4, 0.75, 2, 3, 5, 2, 4, 1, 1, 3, 15, -8.0], ["0021100040", 1610612754, "IND", "Indiana", 201946, "Tyler Hansbrough", "", "", "25:46", 4, 14, 0.286, 0, 0, 0.0, 3, 5, 0.6, 4, 8, 12, 0, 0, 0, 1, 3, 11, -6.0], ["0021100040", 1610612754, "IND", "Indiana", 2563, "Dahntay Jones", "", "", "16:30", 1, 4, 0.25, 0, 0, 0.0, 2, 2, 1.0, 0, 1, 1, 0, 0, 0, 1, 1, 4, -3.0], ["0021100040", 1610612754, "IND", "Indiana", 202362, "Lance Stephenson", "", "", "9:59", 0, 2, 0.0, 0, 0, 0.0, 0, 0, 0.0, 1, 1, 2, 1, 1, 0, 1, 1, 0, 1.0], ["0021100040", 1610612754, "IND", "Indiana", 200811, "Lou Amundson", "", "", "7:37", 0, 1, 0.0, 0, 0, 0.0, 2, 2, 1.0, 1, 1, 2, 0, 0, 0, 0, 4, 2, 0.0], ["0021100040", 1610612754, "IND", "Indiana", 201985, "A.J. Price", "", "DNP - Coach's Decision", null, null, null, null, null, null, null, null, null, null, null, null, null, null, null, null, null, null, null, null]], "name": "PlayerStats"}, {"headers": ["GAME_ID", "TEAM_ID", "TEAM_NAME", "TEAM_ABBREVIATION", "TEAM_CITY", "MIN", "FGM", "FGA", "FG_PCT", "FG3M", "FG3A", "FG3_PCT", "FTM", "FTA", "FT_PCT", "OREB", "DREB", "REB", "AST", "STL", "BLK", "TO", "PF", "PTS", "PLUS_MINUS"], "rowSet": [["0021100040", 1610612754, "Pacers", "IND", "Indiana", "265:00", 36, 94, 0.383, 2, 10, 0.2, 24, 32, 0.75, 17, 43, 60, 15, 9, 10, 16, 27, 98, 7.0], ["0021100040", 1610612739, "Cavaliers", "CLE", "Cleveland", "265:00", 34, 88, 0.386, 5, 25, 0.2, 18, 31, 0.581, 9, 40, 49, 13, 7, 9, 18, 28, 91, -7.0]], "name": "TeamStats"}, {"headers": ["LEAGUE_ID", "SEASON_ID", "TEAM_ID", "TEAM_ABBREVIATION", "TEAM_CITY", "PTS_PAINT", "PTS_2ND_CHANCE", "PTS_FB", "LARGEST_LEAD", "LEAD_CHANGES", "TIMES_TIED"], "rowSet": [["00", "22011", 1610612739, "CLE", "Cleveland", 44, 16, 13, 11, 5, 4], ["00", "22011", 1610612754, "IND", "Indiana", 52, 21, 10, 11, 5, 4]], "name": "OtherStats"}, {"headers": ["OFFICIAL_ID", "FIRST_NAME", "LAST_NAME", "JERSEY_NUM"], "rowSet": [[1194, "Bill", "Spooner", "22"], [2714, "David", "Guthrie", "16"], [201639, "Josh", "Tiven", "58"]], "name": "Officials"}, {"headers": ["GAME_DATE", "ATTENDANCE", "GAME_TIME"], "rowSet": [["FRIDAY, DECEMBER 30, 2011", 13004, "2:48"]], "name": "GameInfo"}, {"headers": ["PLAYER_ID", "FIRST_NAME", "LAST_NAME", "JERSEY_NUM", "TEAM_ID", "TEAM_CITY", "TEAM_NAME", "TEAM_ABBREVIATION"], "rowSet": [[201623, "Semih", "Erden", " 9", 1610612739, "Cleveland", "Cavaliers", "CLE"], [202814, "Mychel", "Thompson", "21", 1610612739, "Cleveland", "Cavaliers", "CLE"], [1902, "Jeff", "Foster", "10", 1610612754, "Indiana", "Pacers", "IND"], [201965, "Jeff", "Ayres", "29", 1610612754, "Indiana", "Pacers", "IND"]], "name": "InactivePlayers"}, {"headers": ["VIDEO_AVAILABLE_FLAG"], "rowSet": [[0]], "name": "AvailableVideo"}], "parameters": {"GameID": "0021100040", "RangeType": 0, "StartPeriod": 0, "StartRange": 0, "EndPeriod": 0, "EndRange": 0}}