{"resource": "boxscore", "resultSets": [{"headers": ["GAME_DATE_EST", "GAME_SEQUENCE", "GAME_ID", "GAME_STATUS_ID", "GAME_STATUS_TEXT", "GAMECODE", "HOME_TEAM_ID", "VISITOR_TEAM_ID", "SEASON", "LIVE_PERIOD", "LIVE_PC_TIME", "NATL_TV_BROADCASTER_ABBREVIATION", "LIVE_PERIOD_TIME_BCAST", "WH_STATUS"], "rowSet": [["2012-01-01T00:00:00", 9, "0021100065", 3, "Final", "20120101/PORLAC", 1610612746, 1610612757, "2011", 4, "", null, "Q4  - ", 1]], "name": "GameSummary"}, {"headers": ["GAME_DATE_EST", "GAME_SEQUENCE", "GAME_ID", "TEAM_ID", "TEAM_ABBREVIATION", "TEAM_CITY_NAME", "TEAM_WINS_LOSSES", "PTS_QTR1", "PTS_QTR2", "PTS_QTR3", "PTS_QTR4", "PTS_OT1", "PTS_OT2", "PTS_OT3", "PTS_OT4", "PTS_OT5", "PTS_OT6", "PTS_OT7", "PTS_OT8", "PTS_OT9", "PTS_OT10", "PTS"], "rowSet": [["2012-01-01T00:00:00", 9, "0021100065", 1610612746, "LAC", "Los Angeles", "2-2", 21, 23, 25, 24, 0, 0, 0, 0, 0, 0, 0, 0, 0, 0, 93], ["2012-01-01T00:00:00", 9, "0021100065", 1610612757, "POR", "Portland", "3-1", 17, 19, 16, 36, 0, 0, 0, 0, 0, 0, 0, 0, 0, 0, 88]], "name": "LineScore"}, {"headers": ["GAME_ID", "HOME_TEAM_ID", "VISITOR_TEAM_ID", "GAME_DATE_EST", "HOME_TEAM_WINS", "HOME_TEAM_LOSSES", "SERIES_LEADER"], "rowSet": [["0021100065", 1610612746, 1610612757, "2012-01-01T00:00:00", 3, 1, "L.A. Clippers"]], "name": "SeasonSeries"}, {"headers": ["GAME_ID", "LAST_GAME_ID", "LAST_GAME_DATE_EST", "LAST_GAME_HOME_TEAM_ID", "LAST_GAME_HOME_TEAM_CITY", "LAST_GAME_HOME_TEAM_NAME", "LAST_GAME_HOME_TEAM_ABBREVIATION", "LAST_GAME_HOME_TEAM_POINTS", "LAST_GAME_VISITOR_TEAM_ID", "LAST_GAME_VISITOR_TEAM_CITY", "LAST_GAME_VISITOR_TEAM_NAME", "LAST_GAME_VISITOR_TEAM_CITY1", "LAST_GAME_VISITOR_TEAM_POINTS"], "rowSet": [["0021100065", "0021000628", "2011-01-20T00:00:00", 1610612746, "Los Angeles", "Clippers", "LAC", 93, 1610612757, "Portland", "Trail Blazers", "POR", 108]], "name": "LastMeeting"}, {"headers": ["GAME_ID", "TEAM_ID", "TEAM_ABBREVIATION", "TEAM_CITY", "PLAYER_ID", "PLAYER_NAME", "START_POSITION", "COMMENT", "MIN", "FGM", "FGA", "FG_PCT", "FG3M", "FG3A", "FG3_PCT", "FTM", "FTA", "FT_PCT", "OREB", "DREB", "REB", "AST", "STL", "BLK", "TO", "PF", "PTS", "PLUS_MINUS"], "rowSet": [["0021100065", 1610612757, "POR", "Portland", 2222, "Gerald Wallace", "F", "", "29:34", 0, 5, 0.0, 0, 0, 0.0, 0, 0, 0.0, 1, 6, 7, 0, 3, 0, 2, 4, 0, -10.0], ["0021100065", 1610612757, "POR", "Portland", 200746, "LaMarcus Aldridge", "F", "", "41:39", 9, 21, 0.429, 0, 1, 0.0, 1, 2, 0.5, 4, 5, 9, 2, 1, 0, 2, 3, 19, -2.0], ["0021100065", 1610612757, "POR", "Portland", 948, "Marcus Camby", "C", "", "25:13", 1, 3, 0.333, 0, 0, 0.0, 1, 2, 0.5, 2, 6, 8, 0, 2, 1, 2, 2, 3, -16.0], ["0021100065", 1610612757, "POR", "Portland", 202083, "Wesley Matthews", "G", "", "30:40", 4, 10, 0.4, 1, 2, 0.5, 3, 3, 1.0, 1, 3, 4, 0, 1, 0, 0, 4, 12, -20.0], ["0021100065", 1610612757, "POR", "Portland", 101109, "Raymond Felton", "G", "", "37:47", 4, 10, 0.4, 0, 4, 0.0, 4, 4, 1.0, 0, 1, 1, 8, 0, 0, 6, 3, 12, 1.0], ["0021100065", 1610612757, "POR", "Portland", 2037, "Jamal Crawford", "", "", "27:42", 7, 16, 0.438, 1, 5, 0.2, 8, 9, 0.889, 2, 2, 4, 4, 0, 0, 5, 1, 23, 8.0], ["0021100065", 1610612757, "POR", "Portland", 201587, "Nicolas Batum", "", "", "26:26", 6, 10, 0.6, 2, 3, 0.667, 1, 2, 0.5, 2, 6, 8, 2, 1, 0, 3, 2, 15, 8.0], ["0021100065", 1610612757, "POR", "Portland", 703, "Kurt Thomas", "", "", "18:24", 2, 3, 0.667, 0, 0, 0.0, 0, 0, 0.0, 1, 2, 3, 4, 1, 1, 1, 5, 4, 8.0], ["0021100065", 1610612757, "POR", "Portland", 200783, "Craig Smith", "", "", "2:35", 0, 0, 0.0, 0, 0, 0.0, 0, 0, 0.0, 0, 2, 2, 0, 0, 0, 0, 0, 0, -2.0], ["0021100065", 1610612757, "POR", "Portland", 202337, "Luke Babbitt", "", "DNP - Coach's Decision", null, null, null, null, null, null, null, null, null, null, null, null, null, null, null, null, null, null, null, null], ["0021100065", 1610612757, "POR", "Portland", 202419, "Chris Johnson", "", "DNP - Coach's Decision", null, null, null, null, null, null, null, null, null, null, null, null, null, null, null, null, null, null, null, null], ["0021100065", 1610612757, "POR", "Portland", 202701, "Nolan Smith", "", "DNP - Coach's Decision", null, null, null, null, null, null, null, null, null, null, null, null, null, null, null, null, null, null, null, null], ["0021100065", 1610612757, "POR", "Portland", 202343, "Elliot Williams", "", "DNP - Coach's Decision", null, null, null, null, null, null, null, null, null, null, null, null, null, null, null, null, null, null, null, null], ["0021100065", 1610612746, "LAC", "Los Angeles", 2406, "Caron Butler", "F", "", "41:35", 7, 16, 0.438, 2, 8, 0.25, 3, 5, 0.6, 0, 5, 5, 2, 1, 0, 2, 2, 19, 8.0], ["0021100065", 1610612746, "LAC", "Los Angeles", 201933, "Blake Griffin", "F", "", "37:02", 6, 11, 0.545, 0, 0, 0.0, 8, 10, 0.8, 1, 9, 10, 4, 1, 0, 5, 4, 20, 2.0], ["0021100065", 1610612746, "LAC", "Los Angeles", 201599, "DeAndre Jordan", "C", "", "38:39", 4, 6, 0.667, 0, 0, 0.0, 1, 4, 0.25, 4, 7, 11, 1, 3, 1, 2, 2, 9, 8.0], ["0021100065", 1610612746, "LAC", "Los Angeles", 200751, "Randy Foye", "G", "", "26:19", 3, 9, 0.333, 1, 4, 0.25, 1, 2, 0.5, 1, 2, 3, 3, 1, 1, 1, 2, 8, 12.0], ["0021100065", 1610612746, "LAC", "Los Angeles", 101108, "Chris Paul", "G", "", "36:56", 8, 15, 0.533, 1, 5, 0.2, 0, 0, 0.0, 0, 1, 1, 7, 2, 0, 3, 3, 17, 6.0], ["0021100065", 1610612746, "LAC", "Los Angeles", 2590, "Mo Williams", "", "", "32:45", 5, 13, 0.385, 1, 5, 0.2, 2, 3, 0.667, 1, 3, 4, 8, 3, 0, 3, 2, 13, -8.0], ["0021100065", 1610612746, "LAC", "Los Angeles", 2567, "Brian Cook", "", "", "12:56", 1, 3, 0.333, 1, 2, 0.5, 0, 0, 0.0, 1, 3, 4, 0, 0, 0, 1, 1, 3, -2.0], ["0021100065", 1610612746, "LAC", "Los Angeles", 101155, "Ryan Gomes", "", "", "12:08", 1, 1, 1.0, 0, 0, 0.0, 0, 0, 0.0, 0, 0, 0, 0, 0, 0, 4, 1, 2, -2.0], ["0021100065", 1610612746, "LAC", "Los Angeles", 202717, "Trey Thompkins", "", "", "1:40", 1, 1, 1.0, 0, 0, 0.0, 0, 0, 0.0, 0, 0, 0, 0, 0, 0, 0, 1, 2, 1.0], ["0021100065", 1610612746, "LAC", "Los Angeles", 1497, "Chauncey Billups", "", "DND - Sore right groin.", null, null, null, null, null, null, null, null, null, null, null, null, null, null, null, null, null, null, null, null], ["0021100065", 1610612746, "LAC", "Los Angeles", 202339, "Eric Bledsoe", "", "DND - Torn right lateral meniscus.", null, null, null, null, null, null, null, null, null, null, null, null, null, null, null, null, null, null, null, null], ["0021100065", 1610612746, "LAC", "Los Angeles", 2501, "Reggie Evans", "", "DND - Sprained right foot.", null, null, null, null, null, null, null, null, null, null, null, null, null, null, null, null, null, null, null, null], ["0021100065", 1610612746, "LAC", "Los Angeles", 202727, "Travis Leslie", "", "DNP - Coach's Decision", null, null, null, null, null, null, null, null, null, null, null, null, null, null, null, null, null, null, null, null]], "name": "PlayerStats"}, {"headers": ["GAME_ID", "TEAM_ID", "TEAM_NAME", "TEAM_ABBREVIATION", "TEAM_CITY", "MIN", "FGM", "FGA", "FG_PCT", "FG3M", "FG3A", "FG3_PCT", "FTM", "FTA", "FT_PCT", "OREB", "DREB", "REB", "AST", "STL", "BLK", "TO", "PF", "PTS", "PLUS_MINUS"], "rowSet": [["0021100065", 1610612757, "Trail Blazers", "POR", "Portland", "240:00", 33, 78, 0.423, 4, 15, 0.267, 18, 22, 0.818, 13, 33, 46, 20, 9, 2, 21, 24, 88, -5.0], ["0021100065", 1610612746, "Clippers", "LAC", "Los Angeles", "240:00", 36, 75, 0.48, 6, 24, 0.25, 15, 24, 0.625, 8, 30, 38, 25, 11, 2, 21, 18, 93, 5.0]], "name": "TeamStats"}, {"headers": ["LEAGUE_ID", "SEASON_ID", "TEAM_ID", "TEAM_ABBREVIATION", "TEAM_CITY", "PTS_PAINT", "PTS_2ND_CHANCE", "PTS_FB", "LARGEST_LEAD", "LEAD_CHANGES", "TIMES_TIED"], "rowSet": [["00", "22011", 1610612746, "LAC", "Los Angeles", 34, 8, 15, 16, 1, 1], ["00", "22011", 1610612757, "POR", "Portland", 24, 11, 5, 17, 1, 1]], "name": "OtherStats"}, {"headers": ["OFFICIAL_ID", "FIRST_NAME", "LAST_NAME", "JERSEY_NUM"], "rowSet": [[1199, "Tom", "Washington", "49"], [101284, "John", "Goble", "30"], [101283, "Brian", "Forte", "45"]], "name": "Officials"}, {"headers": ["GAME_DATE", "ATTENDANCE", "GAME_TIME"], "rowSet": [["SUNDAY, JANUARY 1, 2012", 19060, "2:27"]], "name": "GameInfo"}, {"headers": ["PLAYER_ID", "FIRST_NAME", "LAST_NAME", "JERSEY_NUM", "TEAM_ID", "TEAM_CITY", "TEAM_NAME", "TEAM_ABBREVIATION"], "rowSet": [[201141, "Greg", "Oden", "52", 1610612757, "Portland", "Trail Blazers", "POR"], [202356, "Armon", "Johnson", " 1", 1610612757, "Portland", "Trail Blazers", "POR"]], "name": "InactivePlayers"}, {"headers": ["VIDEO_AVAILABLE_FLAG"], "rowSet": [[0]], "name": "AvailableVideo"}], "parameters": {"GameID": "0021100065", "RangeType": 0, "StartPeriod": 0, "StartRange": 0, "EndPeriod": 0, "EndRange": 0}}