{"resource": "boxscore", "resultSets": [{"headers": ["GAME_DATE_EST", "GAME_SEQUENCE", "GAME_ID", "GAME_STATUS_ID", "GAME_STATUS_TEXT", "GAMECODE", "HOME_TEAM_ID", "VISITOR_TEAM_ID", "SEASON", "LIVE_PERIOD", "LIVE_PC_TIME", "NATL_TV_BROADCASTER_ABBREVIATION", "LIVE_PERIOD_TIME_BCAST", "WH_STATUS"], "rowSet": [["2012-01-01T00:00:00", 3, "0021100059", 3, "Final", "20120101/CHAMIA", 1610612748, 1610612766, "2011", 4, "", null, "Q4  - ", 1]], "name": "GameSummary"}, {"headers": ["GAME_DATE_EST", "GAME_SEQUENCE", "GAME_ID", "TEAM_ID", "TEAM_ABBREVIATION", "TEAM_CITY_NAME", "TEAM_WINS_LOSSES", "PTS_QTR1", "PTS_QTR2", "PTS_QTR3", "PTS_QTR4", "PTS_OT1", "PTS_OT2", "PTS_OT3", "PTS_OT4", "PTS_OT5", "PTS_OT6", "PTS_OT7", "PTS_OT8", "PTS_OT9", "PTS_OT10", "PTS"], "rowSet": [["2012-01-01T00:00:00", 3, "0021100059", 1610612766, "CHA", "Charlotte", "1-3", 15, 22, 27, 26, 0, 0, 0, 0, 0, 0, 0, 0, 0, 0, 90], ["2012-01-01T00:00:00", 3, "0021100059", 1610612748, "MIA", "Miami", "5-0", 33, 32, 27, 37, 0, 0, 0, 0, 0, 0, 0, 0, 0, 0, 129]], "name": "LineScore"}, {"headers": ["GAME_ID", "HOME_TEAM_ID", "VISITOR_TEAM_ID", "GAME_DATE_EST", "HOME_TEAM_WINS", "HOME_TEAM_LOSSES", "SERIES_LEADER"], "rowSet": [["0021100059", 1610612748, 1610612766, "2012-01-01T00:00:00", 3, 0, "Miami"]], "name": "SeasonSeries"}, {"headers": ["GAME_ID", "LAST_GAME_ID", "LAST_GAME_DATE_EST", "LAST_GAME_HOME_TEAM_ID", "LAST_GAME_HOME_TEAM_CITY", "LAST_GAME_HOME_TEAM_NAME", "LAST_GAME_HOME_TEAM_ABBREVIATION", "LAST_GAME_HOME_TEAM_POINTS", "LAST_GAME_VISITOR_TEAM_ID", "LAST_GAME_VISITOR_TEAM_CITY", "LAST_GAME_VISITOR_TEAM_NAME", "LAST_GAME_VISITOR_TEAM_CITY1", "LAST_GAME_VISITOR_TEAM_POINTS"], "rowSet": [["0021100059", "0021100024", "2011-12-28T00:00:00", 1610612748, "Miami", "Heat", "MIA", 96, 1610612766, "Charlotte", "Bobcats", "CHA", 95]], "name": "LastMeeting"}, {"headers": ["GAME_ID", "TEAM_ID", "TEAM_ABBREVIATION", "TEAM_CITY", "PLAYER_ID", "PLAYER_NAME", "START_POSITION", "COMMENT", "MIN", "FGM", "FGA", "FG_PCT", "FG3M", "FG3A", "FG3_PCT", "FTM", "FTA", "FT_PCT", "OREB", "DREB", "REB", "AST", "STL", "BLK", "TO", "PF", "PTS", "PLUS_MINUS"], "rowSet": [["0021100059", 1610612766, "CHA", "Charlotte", 1894, "Corey Maggette", "F", "", "18:38", 0, 6, 0.0, 0, 2, 0.0, 2, 2, 1.0, 1, 3, 4, 0, 0, 0, 1, 4, 2, -22.0], ["0021100059", 1610612766, "CHA", "Charlotte", 201591, "DJ White", "F", "", "27:29", 10, 12, 0.833, 1, 1, 1.0, 0, 0, 0.0, 1, 2, 3, 1, 2, 1, 1, 3, 21, -19.0], ["0021100059", 1610612766, "CHA", "Charlotte", 2564, "Boris Diaw", "C", "", "22:31", 2, 4, 0.5, 1, 1, 1.0, 0, 0, 0.0, 0, 2, 2, 3, 0, 0, 2, 3, 5, -17.0], ["0021100059", 1610612766, "CHA", "Charlotte", 201945, "Gerald Henderson", "G", "", "30:06", 4, 13, 0.308, 0, 1, 0.0, 0, 0, 0.0, 0, 1, 1, 2, 3, 0, 1, 2, 8, -27.0], ["0021100059", 1610612766, "CHA", "Charlotte", 201571, "D.J. Augustin", "G", "", "23:40", 1, 11, 0.091, 0, 3, 0.0, 2, 2, 1.0, 1, 3, 4, 7, 0, 0, 3, 1, 4, -21.0], ["0021100059", 1610612766, "CHA", "Charlotte", 2205, "DeSagana Diop", "", "", "4:28", 0, 2, 0.0, 0, 0, 0.0, 0, 0, 0.0, 2, 0, 2, 0, 0, 0, 1, 1, 0, -7.0], ["0021100059", 1610612766, "CHA", "Charlotte", 202687, "Bismack Biyombo", "", "", "19:54", 2, 5, 0.4, 0, 0, 0.0, 2, 6, 0.333, 3, 3, 6, 0, 1, 2, 1, 3, 6, -20.0], ["0021100059", 1610612766, "CHA", "Charlotte", 201957, "Byron Mullens", "", "", "21:38", 1, 6, 0.167, 0, 0, 0.0, 4, 4, 1.0, 0, 3, 3, 0, 0, 0, 2, 1, 6, -15.0], ["0021100059", 1610612766, "CHA", "Charlotte", 202689, "Kemba Walker", "", "", "24:20", 6, 13, 0.462, 2, 4, 0.5, 3, 5, 0.6, 0, 3, 3, 4, 1, 0, 1, 1, 17, -18.0], ["0021100059", 1610612766, "CHA", "Charlotte", 2679, "Matt Carroll", "", "", "12:35", 1, 4, 0.25, 0, 3, 0.0, 0, 0, 0.0, 0, 3, 3, 1, 0, 0, 1, 0, 2, -5.0], ["0021100059", 1610612766, "CHA", "Charlotte", 201974, "Derrick Brown", "", "", "25:30", 6, 11, 0.545, 1, 2, 0.5, 1, 2, 0.5, 2, 5, 7, 2, 2, 0, 2, 0, 14, -21.0], ["0021100059", 1610612766, "CHA", "Charlotte", 202809, "Cory Higgins", "", "", "9:11", 2, 5, 0.4, 1, 1, 1.0, 0, 0, 0.0, 1, 1, 2, 0, 0, 0, 0, 1, 5, -3.0], ["0021100059", 1610612766, "CHA", "Charlotte", 200748, "Tyrus Thomas", "", "DND - Left Ankle Sprain", null, null, null, null, null, null, null, null, null, null, null, null, null, null, null, null, null, null, null, null], ["0021100059", 1610612748, "MIA", "Miami", 2544, "LeBron James", "F", "", "28:02", 6, 10, 0.6, 0, 0, 0.0, 4, 6, 0.667, 0, 9, 9, 5, 1, 0, 2, 2, 16, 24.0], ["0021100059", 1610612748, "MIA", "Miami", 2547, "Chris Bosh", "F", "", "29:22", 9, 13, 0.692, 0, 0, 0.0, 6, 6, 1.0, 1, 9, 10, 1, 2, 0, 3, 1, 24, 33.0], ["0021100059", 1610612748, "MIA", "Miami", 201202, "Joel Anthony", "C", "", "29:17", 3, 5, 0.6, 0, 0, 0.0, 2, 2, 1.0, 1, 5, 6, 0, 0, 1, 1, 2, 8, 23.0], ["0021100059", 1610612748, "MIA", "Miami", 2548, "Dwyane Wade", "G", "", "29:04", 9, 16, 0.563, 0, 0, 0.0, 4, 4, 1.0, 1, 2, 3, 6, 2, 1, 3, 3, 22, 24.0], ["0021100059", 1610612748, "MIA", "Miami", 201596, "Mario Chalmers", "G", "", "28:00", 6, 7, 0.857, 4, 4, 1.0, 0, 0, 0.0, 0, 2, 2, 5, 0, 0, 2, 0, 16, 28.0], ["0021100059", 1610612748, "MIA", "Miami", 2203, "Shane Battier", "", "", "5:51", 0, 3, 0.0, 0, 1, 0.0, 0, 2, 0.0, 0, 0, 0, 1, 0, 0, 0, 0, 0, 6.0], ["0021100059", 1610612748, "MIA", "Miami", 2617, "Udonis Haslem", "", "", "20:57", 1, 4, 0.25, 0, 0, 0.0, 4, 4, 1.0, 2, 7, 9, 2, 0, 0, 0, 0, 6, 18.0], ["0021100059", 1610612748, "MIA", "Miami", 2592, "James Jones", "", "", "23:49", 2, 4, 0.5, 2, 4, 0.5, 0, 0, 0.0, 0, 0, 0, 0, 1, 0, 0, 3, 6, 21.0], ["0021100059", 1610612748, "MIA", "Miami", 202708, "Norris Cole", "", "", "20:03", 6, 8, 0.75, 0, 0, 0.0, 4, 5, 0.8, 0, 1, 1, 9, 3, 0, 2, 2, 16, 11.0], ["0021100059", 1610612748, "MIA", "Miami", 202227, "Terrel Harris", "", "", "9:11", 3, 6, 0.5, 1, 2, 0.5, 2, 2, 1.0, 0, 2, 2, 2, 0, 0, 0, 1, 9, 3.0], ["0021100059", 1610612748, "MIA", "Miami", 202148, "Mickell Gladness", "", "", "8:32", 1, 1, 1.0, 0, 0, 0.0, 0, 0, 0.0, 0, 4, 4, 2, 1, 0, 2, 2, 2, 3.0], ["0021100059", 1610612748, "MIA", "Miami", 202354, "Dexter Pittman", "", "", "7:52", 2, 3, 0.667, 0, 0, 0.0, 0, 0, 0.0, 0, 1, 1, 0, 0, 1, 0, 2, 4, 1.0], ["0021100059", 1610612748, "MIA", "Miami", 436, "Juwan Howard", "", "DNP - Coach's Decision", null, null, null, null, null, null, null, null, null, null, null, null, null, null, null, null, null, null, null, null]], "name": "PlayerStats"}, {"headers": ["GAME_ID", "TEAM_ID", "TEAM_NAME", "TEAM_ABBREVIATION", "TEAM_CITY", "MIN", "FGM", "FGA", "FG_PCT", "FG3M", "FG3A", "FG3_PCT", "FTM", "FTA", "FT_PCT", "OREB", "DREB", "REB", "AST", "STL", "BLK", "TO", "PF", "PTS", "PLUS_MINUS"], "rowSet": [["0021100059", 1610612748, "Heat", "MIA", "Miami", "240:00", 48, 80, 0.6, 7, 11, 0.636, 26, 31, 0.839, 5, 42, 47, 33, 10, 3, 15, 18, 129, 39.0], ["0021100059", 1610612766, "Bobcats", "CHA", "Charlotte", "240:00", 35, 92, 0.38, 6, 18, 0.333, 14, 21, 0.667, 11, 29, 40, 20, 9, 3, 16, 20, 90, -39.0]], "name": "TeamStats"}, {"headers": ["LEAGUE_ID", "SEASON_ID", "TEAM_ID", "TEAM_ABBREVIATION", "TEAM_CITY", "PTS_PAINT", "PTS_2ND_CHANCE", "PTS_FB", "LARGEST_LEAD", "LEAD_CHANGES", "TIMES_TIED"], "rowSet": [["00", "22011", 1610612748, "MIA", "Miami", 58, 8, 30, 44, 0, 0], ["00", "22011", 1610612766, "CHA", "Charlotte", 38, 11, 11, 46, 0, 0]], "name": "OtherStats"}, {"headers": ["OFFICIAL_ID", "FIRST_NAME", "LAST_NAME", "JERSEY_NUM"], "rowSet": [[1174, "Ken", "Mauer", "41"], [1363, "Bennie", "Adams", "47"], [202007, "Nick", "Buchert", "54"]], "name": "Officials"}, {"headers": ["GAME_DATE", "ATTENDANCE", "GAME_TIME"], "rowSet": [["SUNDAY, JANUARY 1, 2012", 20016, "2:10"]], "name": "GameInfo"}, {"headers": ["PLAYER_ID", "FIRST_NAME", "LAST_NAME", "JERSEY_NUM", "TEAM_ID", "TEAM_CITY", "TEAM_NAME", "TEAM_ABBREVIATION"], "rowSet": [[2059, "Eduardo", "Najera", "21", 1610612766, "Charlotte", "Bobcats", "CHA"], [202130, "Reggie", "Williams", "55", 1610612766, "Charlotte", "Bobcats", "CHA"], [2034, "Mike", "Miller", "13", 1610612748, "Miami", "Heat", "MIA"], [2201, "Eddy", "Curry", "34", 1610612748, "Miami", "Heat", "MIA"]], "name": "InactivePlayers"}, {"headers": ["VIDEO_AVAILABLE_FLAG"], "rowSet": [[0]], "name": "AvailableVideo"}], "parameters": {"GameID": "0021100059", "RangeType": 0, "StartPeriod": 0, "StartRange": 0, "EndPeriod": 0, "EndRange": 0}}