{"resource": "boxscore", "resultSets": [{"headers": ["GAME_DATE_EST", "GAME_SEQUENCE", "GAME_ID", "GAME_STATUS_ID", "GAME_STATUS_TEXT", "GAMECODE", "HOME_TEAM_ID", "VISITOR_TEAM_ID", "SEASON", "LIVE_PERIOD", "LIVE_PC_TIME", "NATL_TV_BROADCASTER_ABBREVIATION", "LIVE_PERIOD_TIME_BCAST", "WH_STATUS"], "rowSet": [["2011-12-27T00:00:00", 4, "0021100021", 3, "Final", "20111227/SACPOR", 1610612757, 1610612758, "2011", 4, "", null, "Q4  - ", 1]], "name": "GameSummary"}, {"headers": ["GAME_DATE_EST", "GAME_SEQUENCE", "GAME_ID", "TEAM_ID", "TEAM_ABBREVIATION", "TEAM_CITY_NAME", "TEAM_WINS_LOSSES", "PTS_QTR1", "PTS_QTR2", "PTS_QTR3", "PTS_QTR4", "PTS_OT1", "PTS_OT2", "PTS_OT3", "PTS_OT4", "PTS_OT5", "PTS_OT6", "PTS_OT7", "PTS_OT8", "PTS_OT9", "PTS_OT10", "PTS"], "rowSet": [["2011-12-27T00:00:00", 4, "0021100021", 1610612758, "SAC", "Sacramento", "1-1", 25, 21, 19, 14, 0, 0, 0, 0, 0, 0, 0, 0, 0, 0, 79], ["2011-12-27T00:00:00", 4, "0021100021", 1610612757, "POR", "Portland", "2-0", 23, 23, 28, 27, 0, 0, 0, 0, 0, 0, 0, 0, 0, 0, 101]], "name": "LineScore"}, {"headers": ["GAME_ID", "HOME_TEAM_ID", "VISITOR_TEAM_ID", "GAME_DATE_EST", "HOME_TEAM_WINS", "HOME_TEAM_LOSSES", "SERIES_LEADER"], "rowSet": [["0021100021", 1610612757, 1610612758, "2011-12-27T00:00:00", 2, 2, "Tied"]], "name": "SeasonSeries"}, {"headers": ["GAME_ID", "LAST_GAME_ID", "LAST_GAME_DATE_EST", "LAST_GAME_HOME_TEAM_ID", "LAST_GAME_HOME_TEAM_CITY", "LAST_GAME_HOME_TEAM_NAME", "LAST_GAME_HOME_TEAM_ABBREVIATION", "LAST_GAME_HOME_TEAM_POINTS", "LAST_GAME_VISITOR_TEAM_ID", "LAST_GAME_VISITOR_TEAM_CITY", "LAST_GAME_VISITOR_TEAM_NAME", "LAST_GAME_VISITOR_TEAM_CITY1", "LAST_GAME_VISITOR_TEAM_POINTS"], "rowSet": [["0021100021", "0021000910", "2011-03-02T00:00:00", 1610612757, "Portland", "Trail Blazers", "POR", 107, 1610612758, "Sacramento", "Kings", "SAC", 102]], "name": "LastMeeting"}, {"headers": ["GAME_ID", "TEAM_ID", "TEAM_ABBREVIATION", "TEAM_CITY", "PLAYER_ID", "PLAYER_NAME", "START_POSITION", "COMMENT", "MIN", "FGM", "FGA", "FG_PCT", "FG3M", "FG3A", "FG3_PCT", "FTM", "FTA", "FT_PCT", "OREB", "DREB", "REB", "AST", "STL", "BLK", "TO", "PF", "PTS", "PLUS_MINUS"], "rowSet": [["0021100021", 1610612758, "SAC", "Sacramento", 2422, "John Salmons", "F", "", "19:37", 1, 3, 0.333, 0, 0, 0.0, 0, 0, 0.0, 1, 1, 2, 1, 0, 0, 2, 5, 2, -13.0], ["0021100021", 1610612758, "SAC", "Sacramento", 101236, "Charles Hayes", "F", "", "26:23", 2, 5, 0.4, 0, 0, 0.0, 0, 0, 0.0, 2, 9, 11, 0, 0, 0, 1, 5, 4, -22.0], ["0021100021", 1610612758, "SAC", "Sacramento", 202326, "DeMarcus Cousins", "C", "", "26:59", 7, 18, 0.389, 0, 0, 0.0, 2, 5, 0.4, 4, 7, 11, 0, 0, 2, 4, 5, 16, -3.0], ["0021100021", 1610612758, "SAC", "Sacramento", 201977, "Marcus Thornton", "G", "", "35:26", 5, 15, 0.333, 1, 5, 0.2, 3, 4, 0.75, 0, 0, 0, 3, 0, 0, 2, 1, 14, -15.0], ["0021100021", 1610612758, "SAC", "Sacramento", 201936, "Tyreke Evans", "G", "", "29:13", 2, 8, 0.25, 0, 2, 0.0, 0, 0, 0.0, 0, 2, 2, 3, 0, 1, 5, 3, 4, -21.0], ["0021100021", 1610612758, "SAC", "Sacramento", 201581, "JJ Hickson", "", "", "28:21", 4, 6, 0.667, 0, 0, 0.0, 2, 3, 0.667, 3, 2, 5, 1, 0, 0, 1, 1, 10, -14.0], ["0021100021", 1610612758, "SAC", "Sacramento", 202690, "Jimmer Fredette", "", "", "24:06", 4, 10, 0.4, 1, 5, 0.2, 1, 1, 1.0, 1, 0, 1, 2, 0, 0, 2, 2, 10, -1.0], ["0021100021", 1610612758, "SAC", "Sacramento", 2566, "Travis Outlaw", "", "", "23:58", 0, 5, 0.0, 0, 2, 0.0, 2, 3, 0.667, 1, 6, 7, 0, 1, 0, 1, 0, 2, -2.0], ["0021100021", 1610612758, "SAC", "Sacramento", 201574, "Jason Thompson", "", "", "14:01", 5, 6, 0.833, 0, 0, 0.0, 1, 2, 0.5, 1, 1, 2, 1, 0, 1, 0, 3, 11, -4.0], ["0021100021", 1610612758, "SAC", "Sacramento", 202738, "Isaiah Thomas", "", "", "11:56", 1, 6, 0.167, 1, 2, 0.5, 3, 4, 0.75, 1, 0, 1, 0, 0, 0, 0, 2, 6, -15.0], ["0021100021", 1610612758, "SAC", "Sacramento", 101128, "Francisco Garcia", "", "DNP - Coach's Decision", null, null, null, null, null, null, null, null, null, null, null, null, null, null, null, null, null, null, null, null], ["0021100021", 1610612758, "SAC", "Sacramento", 201590, "Donte Greene", "", "DNP - Coach's Decision", null, null, null, null, null, null, null, null, null, null, null, null, null, null, null, null, null, null, null, null], ["0021100021", 1610612758, "SAC", "Sacramento", 202715, "Tyler Honeycutt", "", "DNP - Coach's Decision", null, null, null, null, null, null, null, null, null, null, null, null, null, null, null, null, null, null, null, null], ["0021100021", 1610612757, "POR", "Portland", 2222, "Gerald Wallace", "F", "", "35:58", 8, 11, 0.727, 1, 3, 0.333, 8, 9, 0.889, 1, 7, 8, 5, 0, 2, 1, 4, 25, 25.0], ["0021100021", 1610612757, "POR", "Portland", 200746, "LaMarcus Aldridge", "F", "", "33:16", 10, 15, 0.667, 0, 0, 0.0, 4, 6, 0.667, 3, 5, 8, 0, 1, 0, 1, 3, 24, 17.0], ["0021100021", 1610612757, "POR", "Portland", 948, "Marcus Camby", "C", "", "23:51", 0, 3, 0.0, 0, 0, 0.0, 2, 4, 0.5, 3, 6, 9, 5, 1, 2, 3, 3, 2, 19.0], ["0021100021", 1610612757, "POR", "Portland", 202083, "Wesley Matthews", "G", "", "22:24", 4, 14, 0.286, 0, 5, 0.0, 0, 0, 0.0, 1, 4, 5, 2, 0, 1, 1, 2, 8, 16.0], ["0021100021", 1610612757, "POR", "Portland", 101109, "Raymond Felton", "G", "", "26:22", 2, 8, 0.25, 1, 3, 0.333, 0, 1, 0.0, 0, 1, 1, 6, 2, 0, 2, 3, 5, 9.0], ["0021100021", 1610612757, "POR", "Portland", 2037, "Jamal Crawford", "", "", "25:11", 2, 11, 0.182, 0, 3, 0.0, 2, 2, 1.0, 1, 0, 1, 4, 1, 0, 1, 2, 6, 5.0], ["0021100021", 1610612757, "POR", "Portland", 703, "Kurt Thomas", "", "", "17:35", 3, 4, 0.75, 0, 0, 0.0, 0, 0, 0.0, 0, 2, 2, 1, 0, 3, 0, 3, 6, 3.0], ["0021100021", 1610612757, "POR", "Portland", 202419, "Chris Johnson", "", "", "8:14", 1, 1, 1.0, 0, 0, 0.0, 0, 0, 0.0, 1, 1, 2, 0, 0, 0, 0, 1, 2, -5.0], ["0021100021", 1610612757, "POR", "Portland", 201587, "Nicolas Batum", "", "", "28:49", 4, 12, 0.333, 1, 4, 0.25, 6, 6, 1.0, 3, 2, 5, 1, 0, 0, 1, 1, 15, 17.0], ["0021100021", 1610612757, "POR", "Portland", 202701, "Nolan Smith", "", "", "6:40", 2, 2, 1.0, 0, 0, 0.0, 0, 0, 0.0, 0, 0, 0, 1, 0, 0, 0, 1, 4, -7.0], ["0021100021", 1610612757, "POR", "Portland", 200783, "Craig Smith", "", "", "7:52", 2, 4, 0.5, 0, 0, 0.0, 0, 0, 0.0, 2, 1, 3, 0, 1, 0, 0, 0, 4, 9.0], ["0021100021", 1610612757, "POR", "Portland", 202343, "Elliot Williams", "", "", "1:54", 0, 0, 0.0, 0, 0, 0.0, 0, 0, 0.0, 0, 0, 0, 0, 0, 0, 0, 0, 0, 1.0], ["0021100021", 1610612757, "POR", "Portland", 202337, "Luke Babbitt", "", "", "1:54", 0, 0, 0.0, 0, 0, 0.0, 0, 0, 0.0, 0, 0, 0, 0, 0, 0, 0, 0, 0, 1.0]], "name": "PlayerStats"}, {"headers": ["GAME_ID", "TEAM_ID", "TEAM_NAME", "TEAM_ABBREVIATION", "TEAM_CITY", "MIN", "FGM", "FGA", "FG_PCT", "FG3M", "FG3A", "FG3_PCT", "FTM", "FTA", "FT_PCT", "OREB", "DREB", "REB", "AST", "STL", "BLK", "TO", "PF", "PTS", "PLUS_MINUS"], "rowSet": [["0021100021", 1610612758, "Kings", "SAC", "Sacramento", "240:00", 31, 82, 0.378, 3, 16, 0.188, 14, 22, 0.636, 14, 28, 42, 11, 1, 4, 18, 27, 79, -22.0], ["0021100021", 1610612757, "Trail Blazers", "POR", "Portland", "240:00", 38, 85, 0.447, 3, 18, 0.167, 22, 28, 0.786, 15, 29, 44, 25, 6, 8, 10, 23, 101, 22.0]], "name": "TeamStats"}, {"headers": ["LEAGUE_ID", "SEASON_ID", "TEAM_ID", "TEAM_ABBREVIATION", "TEAM_CITY", "PTS_PAINT", "PTS_2ND_CHANCE", "PTS_FB", "LARGEST_LEAD", "LEAD_CHANGES", "TIMES_TIED"], "rowSet": [["00", "22011", 1610612757, "POR", "Portland", 52, 18, 17, 23, 10, 1], ["00", "22011", 1610612758, "SAC", "Sacramento", 42, 16, 7, 25, 10, 1]], "name": "OtherStats"}, {"headers": ["OFFICIAL_ID", "FIRST_NAME", "LAST_NAME", "JERSEY_NUM"], "rowSet": [[2530, "Ed", "Malloy", "14"], [2715, "Eric", "Lewis", "42"], [200832, "Curtis", "Blair", "74"]], "name": "Officials"}, {"headers": ["GAME_DATE", "ATTENDANCE", "GAME_TIME"], "rowSet": [["TUESDAY, DECEMBER 27, 2011", 20350, "2:15"]], "name": "GameInfo"}, {"headers": ["PLAYER_ID", "FIRST_NAME", "LAST_NAME", "JERSEY_NUM", "TEAM_ID", "TEAM_CITY", "TEAM_NAME", "TEAM_ABBREVIATION"], "rowSet": [[202355, "Hassan", "Whiteside", "33", 1610612758, "Sacramento", "Kings", "SAC"], [201141, "Greg", "Oden", "52", 1610612757, "Portland", "Trail Blazers", "POR"], [202356, "Armon", "Johnson", " 1", 1610612757, "Portland", "Trail Blazers", "POR"]], "name": "InactivePlayers"}, {"headers": ["VIDEO_AVAILABLE_FLAG"], "rowSet": [[0]], "name": "AvailableVideo"}], "parameters": {"GameID": "0021100021", "RangeType": 0, "StartPeriod": 0, "StartRange": 0, "EndPeriod": 0, "EndRange": 0}}