{"resource": "boxscore", "resultSets": [{"headers": ["GAME_DATE_EST", "GAME_SEQUENCE", "GAME_ID", "GAME_STATUS_ID", "GAME_STATUS_TEXT", "GAMECODE", "HOME_TEAM_ID", "VISITOR_TEAM_ID", "SEASON", "LIVE_PERIOD", "LIVE_PC_TIME", "NATL_TV_BROADCASTER_ABBREVIATION", "LIVE_PERIOD_TIME_BCAST", "WH_STATUS"], "rowSet": [["2011-12-25T00:00:00", 5, "0021100005", 3, "Final", "20111225/LACGSW", 1610612744, 1610612746, "2011", 4, "", "ESPN", "Q4  - ESPN", 1]], "name": "GameSummary"}, {"headers": ["GAME_DATE_EST", "GAME_SEQUENCE", "GAME_ID", "TEAM_ID", "TEAM_ABBREVIATION", "TEAM_CITY_NAME", "TEAM_WINS_LOSSES", "PTS_QTR1", "PTS_QTR2", "PTS_QTR3", "PTS_QTR4", "PTS_OT1", "PTS_OT2", "PTS_OT3", "PTS_OT4", "PTS_OT5", "PTS_OT6", "PTS_OT7", "PTS_OT8", "PTS_OT9", "PTS_OT10", "PTS"], "rowSet": [["2011-12-25T00:00:00", 5, "0021100005", 1610612744, "GSW", "Golden State", "0-1", 20, 23, 25, 18, 0, 0, 0, 0, 0, 0, 0, 0, 0, 0, 86], ["2011-12-25T00:00:00", 5, "0021100005", 1610612746, "LAC", "Los Angeles", "1-0", 24, 17, 34, 30, 0, 0, 0, 0, 0, 0, 0, 0, 0, 0, 105]], "name": "LineScore"}, {"headers": ["GAME_ID", "HOME_TEAM_ID", "VISITOR_TEAM_ID", "GAME_DATE_EST", "HOME_TEAM_WINS", "HOME_TEAM_LOSSES", "SERIES_LEADER"], "rowSet": [["0021100005", 1610612744, 1610612746, "2011-12-25T00:00:00", 2, 2, "Tied"]], "name": "SeasonSeries"}, {"headers": ["GAME_ID", "LAST_GAME_ID", "LAST_GAME_DATE_EST", "LAST_GAME_HOME_TEAM_ID", "LAST_GAME_HOME_TEAM_CITY", "LAST_GAME_HOME_TEAM_NAME", "LAST_GAME_HOME_TEAM_ABBREVIATION", "LAST_GAME_HOME_TEAM_POINTS", "LAST_GAME_VISITOR_TEAM_ID", "LAST_GAME_VISITOR_TEAM_CITY", "LAST_GAME_VISITOR_TEAM_NAME", "LAST_GAME_VISITOR_TEAM_CITY1", "LAST_GAME_VISITOR_TEAM_POINTS"], "rowSet": [["0021100005", "0021000651", "2011-01-22T00:00:00", 1610612744, "Golden State", "Warriors", "GSW", 109, 1610612746, "Los Angeles", "Clippers", "LAC", 113]], "name": "LastMeeting"}, {"headers": ["GAME_ID", "TEAM_ID", "TEAM_ABBREVIATION", "TEAM_CITY", "PLAYER_ID", "PLAYER_NAME", "START_POSITION", "COMMENT", "MIN", "FGM", "FGA", "FG_PCT", "FG3M", "FG3A", "FG3_PCT", "FTM", "FTA", "FT_PCT", "OREB", "DREB", "REB", "AST", "STL", "BLK", "TO", "PF", "PTS", "PLUS_MINUS"], "rowSet": [["0021100005", 1610612746, "LAC", "Los Angeles", 2406, "Caron Butler", "F", "", "36:01", 4, 10, 0.4, 1, 3, 0.333, 2, 3, 0.667, 0, 10, 10, 4, 3, 0, 0, 0, 11, 17.0], ["0021100005", 1610612746, "LAC", "Los Angeles", 201933, "Blake Griffin", "F", "", "34:44", 9, 18, 0.5, 0, 0, 0.0, 4, 8, 0.5, 5, 2, 7, 1, 2, 0, 3, 4, 22, 17.0], ["0021100005", 1610612746, "LAC", "Los Angeles", 201599, "DeAndre Jordan", "C", "", "30:31", 1, 2, 0.5, 0, 0, 0.0, 4, 12, 0.333, 3, 2, 5, 0, 0, 8, 2, 2, 6, 15.0], ["0021100005", 1610612746, "LAC", "Los Angeles", 1497, "Chauncey Billups", "G", "", "38:19", 6, 19, 0.316, 3, 10, 0.3, 6, 6, 1.0, 0, 5, 5, 4, 0, 0, 1, 2, 21, 18.0], ["0021100005", 1610612746, "LAC", "Los Angeles", 101108, "Chris Paul", "G", "", "36:39", 7, 12, 0.583, 1, 3, 0.333, 5, 6, 0.833, 1, 1, 2, 9, 2, 0, 2, 4, 20, 19.0], ["0021100005", 1610612746, "LAC", "Los Angeles", 2590, "Mo Williams", "", "", "22:12", 4, 8, 0.5, 0, 1, 0.0, 0, 0, 0.0, 0, 3, 3, 3, 2, 0, 1, 1, 8, 1.0], ["0021100005", 1610612746, "LAC", "Los Angeles", 2567, "Brian Cook", "", "", "15:45", 2, 7, 0.286, 2, 4, 0.5, 2, 2, 1.0, 2, 4, 6, 0, 0, 0, 0, 5, 8, -6.0], ["0021100005", 1610612746, "LAC", "Los Angeles", 101155, "Ryan Gomes", "", "", "14:26", 3, 4, 0.75, 0, 1, 0.0, 0, 1, 0.0, 1, 3, 4, 0, 0, 0, 0, 1, 6, 12.0], ["0021100005", 1610612746, "LAC", "Los Angeles", 200751, "Randy Foye", "", "", "11:23", 1, 1, 1.0, 1, 1, 1.0, 0, 0, 0.0, 1, 0, 1, 1, 0, 0, 1, 0, 3, 2.0], ["0021100005", 1610612746, "LAC", "Los Angeles", 202339, "Eric Bledsoe", "", "NWT - Torn Right Lateral Meniscus", null, null, null, null, null, null, null, null, null, null, null, null, null, null, null, null, null, null, null, null], ["0021100005", 1610612746, "LAC", "Los Angeles", 2501, "Reggie Evans", "", "NWT - Sprained Right Foot", null, null, null, null, null, null, null, null, null, null, null, null, null, null, null, null, null, null, null, null], ["0021100005", 1610612746, "LAC", "Los Angeles", 202727, "Travis Leslie", "", "DNP - Coach's Decision", null, null, null, null, null, null, null, null, null, null, null, null, null, null, null, null, null, null, null, null], ["0021100005", 1610612746, "LAC", "Los Angeles", 202717, "Trey Thompkins", "", "DNP - Coach's Decision", null, null, null, null, null, null, null, null, null, null, null, null, null, null, null, null, null, null, null, null], ["0021100005", 1610612744, "GSW", "Golden State", 2748, "Dorell Wright", "F", "", "30:50", 1, 6, 0.167, 1, 6, 0.167, 5, 5, 1.0, 4, 5, 9, 1, 0, 0, 0, 1, 8, -2.0], ["0021100005", 1610612744, "GSW", "Golden State", 101135, "David Lee", "F", "", "35:13", 10, 19, 0.526, 0, 0, 0.0, 1, 2, 0.5, 4, 8, 12, 2, 0, 1, 4, 6, 21, -18.0], ["0021100005", 1610612744, "GSW", "Golden State", 2740, "Andris Biedrins", "C", "", "20:27", 5, 5, 1.0, 0, 0, 0.0, 0, 0, 0.0, 2, 6, 8, 0, 0, 3, 0, 4, 10, -1.0], ["0021100005", 1610612744, "GSW", "Golden State", 101145, "Monta Ellis", "G", "", "42:42", 6, 19, 0.316, 0, 5, 0.0, 3, 6, 0.5, 2, 2, 4, 8, 1, 0, 4, 4, 15, -22.0], ["0021100005", 1610612744, "GSW", "Golden State", 201939, "Stephen Curry", "G", "", "33:28", 2, 12, 0.167, 0, 4, 0.0, 0, 1, 0.0, 2, 3, 5, 4, 2, 2, 5, 4, 4, -5.0], ["0021100005", 1610612744, "GSW", "Golden State", 202691, "Klay Thompson", "", "", "19:00", 2, 8, 0.25, 1, 3, 0.333, 2, 2, 1.0, 1, 2, 3, 1, 0, 0, 2, 3, 7, -10.0], ["0021100005", 1610612744, "GSW", "Golden State", 202327, "Ekpe Udoh", "", "", "12:57", 0, 2, 0.0, 0, 0, 0.0, 1, 2, 0.5, 1, 2, 3, 0, 0, 0, 0, 1, 1, -2.0], ["0021100005", 1610612744, "GSW", "Golden State", 201575, "Brandon Rush", "", "", "28:23", 3, 6, 0.5, 2, 2, 1.0, 4, 4, 1.0, 0, 3, 3, 0, 1, 2, 1, 4, 12, -21.0], ["0021100005", 1610612744, "GSW", "Golden State", 202397, "Ish Smith", "", "", "5:22", 3, 4, 0.75, 1, 1, 1.0, 0, 0, 0.0, 0, 0, 0, 0, 0, 0, 0, 2, 7, 0.0], ["0021100005", 1610612744, "GSW", "Golden State", 201187, "Dominic McGuire", "", "", "3:29", 0, 0, 0.0, 0, 0, 0.0, 0, 0, 0.0, 0, 0, 0, 0, 0, 0, 0, 0, 0, -5.0], ["0021100005", 1610612744, "GSW", "Golden State", 2198, "Kwame Brown", "", "", "6:49", 0, 1, 0.0, 0, 0, 0.0, 1, 2, 0.5, 1, 0, 1, 0, 0, 0, 0, 3, 1, -7.0], ["0021100005", 1610612744, "GSW", "Golden State", 202724, "Charles Jenkins", "", "", "0:58", 0, 0, 0.0, 0, 0, 0.0, 0, 0, 0.0, 0, 0, 0, 1, 0, 0, 0, 0, 0, -2.0], ["0021100005", 1610612744, "GSW", "Golden State", 202719, "Jeremy Tyler", "", "", "0:22", 0, 0, 0.0, 0, 0, 0.0, 0, 0, 0.0, 0, 0, 0, 0, 0, 0, 0, 0, 0, 0.0]], "name": "PlayerStats"}, {"headers": ["GAME_ID", "TEAM_ID", "TEAM_NAME", "TEAM_ABBREVIATION", "TEAM_CITY", "MIN", "FGM", "FGA", "FG_PCT", "FG3M", "FG3A", "FG3_PCT", "FTM", "FTA", "FT_PCT", "OREB", "DREB", "REB", "AST", "STL", "BLK", "TO", "PF", "PTS", "PLUS_MINUS"], "rowSet": [["0021100005", 1610612746, "Clippers", "LAC", "Los Angeles", "240:00", 37, 81, 0.457, 8, 23, 0.348, 23, 38, 0.605, 13, 30, 43, 22, 9, 8, 10, 19, 105, 19.0], ["0021100005", 1610612744, "Warriors", "GSW", "Golden State", "240:00", 32, 82, 0.39, 5, 21, 0.238, 17, 24, 0.708, 17, 31, 48, 17, 4, 8, 16, 32, 86, -19.0]], "name": "TeamStats"}, {"headers": ["LEAGUE_ID", "SEASON_ID", "TEAM_ID", "TEAM_ABBREVIATION", "TEAM_CITY", "PTS_PAINT", "PTS_2ND_CHANCE", "PTS_FB", "LARGEST_LEAD", "LEAD_CHANGES", "TIMES_TIED"], "rowSet": [["00", "22011", 1610612746, "LAC", "Los Angeles", 38, 10, 9, 18, 9, 5], ["00", "22011", 1610612744, "GSW", "Golden State", 46, 18, 11, 19, 9, 5]], "name": "OtherStats"}, {"headers": ["OFFICIAL_ID", "FIRST_NAME", "LAST_NAME", "JERSEY_NUM"], "rowSet": [[1201, "Leon", "Wood", "40"], [1164, "Ron", "Garretson", "10"], [2148, "Mark", "Ayotte", "56"]], "name": "Officials"}, {"headers": ["GAME_DATE", "ATTENDANCE", "GAME_TIME"], "rowSet": [["SUNDAY, DECEMBER 25, 2011", 19596, "2:33"]], "name": "GameInfo"}, {"headers": ["PLAYER_ID", "FIRST_NAME", "LAST_NAME", "JERSEY_NUM", "TEAM_ID", "TEAM_CITY", "TEAM_NAME", "TEAM_ABBREVIATION"], "rowSet": [[202874, "Chris", "Wright", "33", 1610612744, "Golden State", "Warriors", "GSW"]], "name": "InactivePlayers"}, {"headers": ["VIDEO_AVAILABLE_FLAG"], "rowSet": [[0]], "name": "AvailableVideo"}], "parameters": {"GameID": "0021100005", "RangeType": 0, "StartPeriod": 0, "StartRange": 0, "EndPeriod": 0, "EndRange": 0}}