{"resource": "boxscore", "resultSets": [{"headers": ["GAME_DATE_EST", "GAME_SEQUENCE", "GAME_ID", "GAME_STATUS_ID", "GAME_STATUS_TEXT", "GAMECODE", "HOME_TEAM_ID", "VISITOR_TEAM_ID", "SEASON", "LIVE_PERIOD", "LIVE_PC_TIME", "NATL_TV_BROADCASTER_ABBREVIATION", "LIVE_PERIOD_TIME_BCAST", "WH_STATUS"], "rowSet": [["2011-12-25T00:00:00", 2, "0021100002", 3, "Final", "20111225/MIADAL", 1610612742, 1610612748, "2011", 4, "", "ABC", "Q4  - ABC", 1]], "name": "GameSummary"}, {"headers": ["GAME_DATE_EST", "GAME_SEQUENCE", "GAME_ID", "TEAM_ID", "TEAM_ABBREVIATION", "TEAM_CITY_NAME", "TEAM_WINS_LOSSES", "PTS_QTR1", "PTS_QTR2", "PTS_QTR3", "PTS_QTR4", "PTS_OT1", "PTS_OT2", "PTS_OT3", "PTS_OT4", "PTS_OT5", "PTS_OT6", "PTS_OT7", "PTS_OT8", "PTS_OT9", "PTS_OT10", "PTS"], "rowSet": [["2011-12-25T00:00:00", 2, "0021100002", 1610612742, "DAL", "Dallas", "0-1", 17, 24, 24, 29, 0, 0, 0, 0, 0, 0, 0, 0, 0, 0, 94], ["2011-12-25T00:00:00", 2, "0021100002", 1610612748, "MIA", "Miami", "1-0", 32, 30, 35, 8, 0, 0, 0, 0, 0, 0, 0, 0, 0, 0, 105]], "name": "LineScore"}, {"headers": ["GAME_ID", "HOME_TEAM_ID", "VISITOR_TEAM_ID", "GAME_DATE_EST", "HOME_TEAM_WINS", "HOME_TEAM_LOSSES", "SERIES_LEADER"], "rowSet": [["0021100002", 1610612742, 1610612748, "2011-12-25T00:00:00", 0, 2, "Miami"]], "name": "SeasonSeries"}, {"headers": ["GAME_ID", "LAST_GAME_ID", "LAST_GAME_DATE_EST", "LAST_GAME_HOME_TEAM_ID", "LAST_GAME_HOME_TEAM_CITY", "LAST_GAME_HOME_TEAM_NAME", "LAST_GAME_HOME_TEAM_ABBREVIATION", "LAST_GAME_HOME_TEAM_POINTS", "LAST_GAME_VISITOR_TEAM_ID", "LAST_GAME_VISITOR_TEAM_CITY", "LAST_GAME_VISITOR_TEAM_NAME", "LAST_GAME_VISITOR_TEAM_CITY1", "LAST_GAME_VISITOR_TEAM_POINTS"], "rowSet": [["0021100002", "0041000406", "2011-06-12T00:00:00", 1610612742, "Dallas", "Mavericks", "DAL", 105, 1610612748, "Miami", "Heat", "MIA", 95]], "name": "LastMeeting"}, {"headers": ["GAME_ID", "TEAM_ID", "TEAM_ABBREVIATION", "TEAM_CITY", "PLAYER_ID", "PLAYER_NAME", "START_POSITION", "COMMENT", "MIN", "FGM", "FGA", "FG_PCT", "FG3M", "FG3A", "FG3_PCT", "FTM", "FTA", "FT_PCT", "OREB", "DREB", "REB", "AST", "STL", "BLK", "TO", "PF", "PTS", "PLUS_MINUS"], "rowSet": [["0021100002", 1610612748, "MIA", "Miami", 2544, "LeBron James", "F", "", "36:16", 11, 19, 0.579, 0, 0, 0.0, 15, 19, 0.789, 3, 7, 10, 6, 2, 2, 3, 3, 37, 27.0], ["0021100002", 1610612748, "MIA", "Miami", 2547, "Chris Bosh", "F", "", "23:59", 2, 9, 0.222, 0, 0, 0.0, 0, 0, 0.0, 1, 6, 7, 1, 1, 1, 2, 5, 4, 16.0], ["0021100002", 1610612748, "MIA", "Miami", 201202, "Joel Anthony", "C", "", "25:38", 2, 3, 0.667, 0, 0, 0.0, 2, 3, 0.667, 1, 1, 2, 0, 0, 1, 0, 1, 6, 23.0], ["0021100002", 1610612748, "MIA", "Miami", 2548, "Dwyane Wade", "G", "", "34:39", 11, 21, 0.524, 0, 0, 0.0, 4, 6, 0.667, 1, 7, 8, 6, 1, 1, 5, 4, 26, 10.0], ["0021100002", 1610612748, "MIA", "Miami", 201596, "Mario Chalmers", "G", "", "24:18", 1, 1, 1.0, 0, 0, 0.0, 1, 1, 1.0, 0, 1, 1, 4, 4, 0, 2, 3, 3, 25.0], ["0021100002", 1610612748, "MIA", "Miami", 202708, "Norris Cole", "", "", "23:42", 3, 8, 0.375, 1, 1, 1.0, 0, 1, 0.0, 0, 2, 2, 0, 1, 0, 4, 3, 7, -14.0], ["0021100002", 1610612748, "MIA", "Miami", 2617, "Udonis Haslem", "", "", "32:16", 3, 6, 0.5, 0, 0, 0.0, 3, 5, 0.6, 6, 8, 14, 1, 0, 1, 3, 5, 9, -4.0], ["0021100002", 1610612748, "MIA", "Miami", 436, "Juwan Howard", "", "", "7:55", 2, 3, 0.667, 0, 0, 0.0, 0, 0, 0.0, 2, 0, 2, 0, 0, 0, 0, 0, 4, 2.0], ["0021100002", 1610612748, "MIA", "Miami", 2203, "Shane Battier", "", "", "4:03", 0, 1, 0.0, 0, 1, 0.0, 0, 0, 0.0, 0, 0, 0, 0, 0, 0, 0, 0, 0, 6.0], ["0021100002", 1610612748, "MIA", "Miami", 2592, "James Jones", "", "", "18:26", 3, 6, 0.5, 3, 5, 0.6, 0, 1, 0.0, 0, 2, 2, 0, 0, 0, 2, 2, 9, -15.0], ["0021100002", 1610612748, "MIA", "Miami", 202227, "Terrel Harris", "", "", "2:56", 0, 0, 0.0, 0, 0, 0.0, 0, 0, 0.0, 1, 1, 2, 0, 0, 0, 1, 0, 0, -7.0], ["0021100002", 1610612748, "MIA", "Miami", 202354, "Dexter Pittman", "", "", "2:56", 0, 1, 0.0, 0, 0, 0.0, 0, 0, 0.0, 0, 1, 1, 0, 0, 0, 0, 0, 0, -7.0], ["0021100002", 1610612748, "MIA", "Miami", 202148, "Mickell Gladness", "", "", "2:56", 0, 0, 0.0, 0, 0, 0.0, 0, 0, 0.0, 0, 0, 0, 0, 0, 0, 0, 2, 0, -7.0], ["0021100002", 1610612742, "DAL", "Dallas", 1890, "Shawn Marion", "F", "", "29:18", 6, 10, 0.6, 0, 0, 0.0, 0, 0, 0.0, 2, 4, 6, 3, 0, 0, 3, 3, 12, -31.0], ["0021100002", 1610612742, "DAL", "Dallas", 1717, "Dirk Nowitzki", "F", "", "29:13", 6, 15, 0.4, 0, 0, 0.0, 9, 10, 0.9, 1, 4, 5, 3, 0, 0, 2, 4, 21, -28.0], ["0021100002", 1610612742, "DAL", "Dallas", 2217, "Brendan Haywood", "C", "", "13:38", 0, 2, 0.0, 0, 0, 0.0, 0, 0, 0.0, 2, 1, 3, 0, 0, 0, 2, 4, 0, -6.0], ["0021100002", 1610612742, "DAL", "Dallas", 1713, "Vince Carter", "G", "", "20:41", 2, 6, 0.333, 1, 3, 0.333, 0, 2, 0.0, 0, 2, 2, 3, 0, 0, 2, 3, 5, 0.0], ["0021100002", 1610612742, "DAL", "Dallas", 467, "Jason Kidd", "G", "", "27:35", 2, 5, 0.4, 2, 5, 0.4, 3, 3, 1.0, 0, 0, 0, 3, 2, 0, 2, 2, 9, -26.0], ["0021100002", 1610612742, "DAL", "Dallas", 1885, "Lamar Odom", "", "", "13:03", 1, 6, 0.167, 1, 2, 0.5, 1, 3, 0.333, 1, 3, 4, 1, 1, 0, 2, 4, 4, -11.0], ["0021100002", 1610612742, "DAL", "Dallas", 1891, "Jason Terry", "", "", "28:49", 9, 18, 0.5, 4, 10, 0.4, 1, 2, 0.5, 0, 1, 1, 3, 2, 0, 0, 2, 23, -1.0], ["0021100002", 1610612742, "DAL", "Dallas", 101133, "Ian Mahinmi", "", "", "15:08", 1, 3, 0.333, 0, 0, 0.0, 0, 1, 0.0, 1, 3, 4, 0, 0, 0, 0, 4, 2, 6.0], ["0021100002", 1610612742, "DAL", "Dallas", 2753, "Delonte West", "", "", "24:38", 3, 7, 0.429, 1, 3, 0.333, 3, 3, 1.0, 0, 0, 0, 3, 3, 0, 3, 0, 10, -4.0], ["0021100002", 1610612742, "DAL", "Dallas", 2073, "Brian Cardinal", "", "", "14:27", 0, 2, 0.0, 0, 2, 0.0, 4, 4, 1.0, 0, 2, 2, 1, 1, 0, 1, 2, 4, 16.0], ["0021100002", 1610612742, "DAL", "Dallas", 201148, "Brandan Wright", "", "", "10:51", 0, 1, 0.0, 0, 0, 0.0, 0, 0, 0.0, 0, 1, 1, 0, 1, 0, 0, 0, 0, 9.0], ["0021100002", 1610612742, "DAL", "Dallas", 201958, "Rodrigue Beaubois", "", "", "8:26", 0, 4, 0.0, 0, 2, 0.0, 0, 0, 0.0, 1, 2, 3, 3, 0, 0, 0, 1, 0, 12.0], ["0021100002", 1610612742, "DAL", "Dallas", 202346, "Dominique Jones", "", "", "4:13", 1, 3, 0.333, 0, 1, 0.0, 2, 2, 1.0, 0, 0, 0, 0, 0, 0, 0, 0, 4, 9.0]], "name": "PlayerStats"}, {"headers": ["GAME_ID", "TEAM_ID", "TEAM_NAME", "TEAM_ABBREVIATION", "TEAM_CITY", "MIN", "FGM", "FGA", "FG_PCT", "FG3M", "FG3A", "FG3_PCT", "FTM", "FTA", "FT_PCT", "OREB", "DREB", "REB", "AST", "STL", "BLK", "TO", "PF", "PTS", "PLUS_MINUS"], "rowSet": [["0021100002", 1610612748, "Heat", "MIA", "Miami", "240:00", 38, 78, 0.487, 4, 7, 0.571, 25, 36, 0.694, 15, 36, 51, 18, 9, 6, 22, 28, 105, 11.0], ["0021100002", 1610612742, "Mavericks", "DAL", "Dallas", "240:00", 31, 82, 0.378, 9, 28, 0.321, 23, 30, 0.767, 8, 23, 31, 23, 10, 0, 17, 29, 94, -11.0]], "name": "TeamStats"}, {"headers": ["LEAGUE_ID", "SEASON_ID", "TEAM_ID", "TEAM_ABBREVIATION", "TEAM_CITY", "PTS_PAINT", "PTS_2ND_CHANCE", "PTS_FB", "LARGEST_LEAD", "LEAD_CHANGES", "TIMES_TIED"], "rowSet": [["00", "22011", 1610612748, "MIA", "Miami", 44, 10, 31, 33, 0, 1], ["00", "22011", 1610612742, "DAL", "Dallas", 28, 8, 10, 35, 0, 1]], "name": "OtherStats"}, {"headers": ["OFFICIAL_ID", "FIRST_NAME", "LAST_NAME", "JERSEY_NUM"], "rowSet": [[1179, "Rodney", "Mott", "71"], [1162, "Scott", "Foster", "48"], [201639, "Josh", "Tiven", "58"]], "name": "Officials"}, {"headers": ["GAME_DATE", "ATTENDANCE", "GAME_TIME"], "rowSet": [["SUNDAY, DECEMBER 25, 2011", 20421, "2:44"]], "name": "GameInfo"}, {"headers": ["PLAYER_ID", "FIRST_NAME", "LAST_NAME", "JERSEY_NUM", "TEAM_ID", "TEAM_CITY", "TEAM_NAME", "TEAM_ABBREVIATION"], "rowSet": [[2034, "Mike", "Miller", "13", 1610612748, "Miami", "Heat", "MIA"], [2201, "Eddy", "Curry", "34", 1610612748, "Miami", "Heat", "MIA"], [201157, "Sean", "Williams", "32", 1610612742, "Dallas", "Mavericks", "DAL"]], "name": "InactivePlayers"}, {"headers": ["VIDEO_AVAILABLE_FLAG"], "rowSet": [[0]], "name": "AvailableVideo"}], "parameters": {"GameID": "0021100002", "RangeType": 0, "StartPeriod": 0, "StartRange": 0, "EndPeriod": 0, "EndRange": 0}}