{"resource": "boxscore", "resultSets": [{"headers": ["GAME_DATE_EST", "GAME_SEQUENCE", "GAME_ID", "GAME_STATUS_ID", "GAME_STATUS_TEXT", "GAMECODE", "HOME_TEAM_ID", "VISITOR_TEAM_ID", "SEASON", "LIVE_PERIOD", "LIVE_PC_TIME", "NATL_TV_BROADCASTER_ABBREVIATION", "LIVE_PERIOD_TIME_BCAST", "WH_STATUS"], "rowSet": [["2011-12-28T00:00:00", 4, "0021100026", 3, "Final", "20111228/CLEDET", 1610612765, 1610612739, "2011", 4, "", null, "Q4  - ", 1]], "name": "GameSummary"}, {"headers": ["GAME_DATE_EST", "GAME_SEQUENCE", "GAME_ID", "TEAM_ID", "TEAM_ABBREVIATION", "TEAM_CITY_NAME", "TEAM_WINS_LOSSES", "PTS_QTR1", "PTS_QTR2", "PTS_QTR3", "PTS_QTR4", "PTS_OT1", "PTS_OT2", "PTS_OT3", "PTS_OT4", "PTS_OT5", "PTS_OT6", "PTS_OT7", "PTS_OT8", "PTS_OT9", "PTS_OT10", "PTS"], "rowSet": [["2011-12-28T00:00:00", 4, "0021100026", 1610612765, "DET", "Detroit", "0-2", 23, 16, 30, 20, 0, 0, 0, 0, 0, 0, 0, 0, 0, 0, 89], ["2011-12-28T00:00:00", 4, "0021100026", 1610612739, "CLE", "Cleveland", "1-1", 25, 25, 29, 26, 0, 0, 0, 0, 0, 0, 0, 0, 0, 0, 105]], "name": "LineScore"}, {"headers": ["GAME_ID", "HOME_TEAM_ID", "VISITOR_TEAM_ID", "GAME_DATE_EST", "HOME_TEAM_WINS", "HOME_TEAM_LOSSES", "SERIES_LEADER"], "rowSet": [["0021100026", 1610612765, 1610612739, "2011-12-28T00:00:00", 2, 2, "Tied"]], "name": "SeasonSeries"}, {"headers": ["GAME_ID", "LAST_GAME_ID", "LAST_GAME_DATE_EST", "LAST_GAME_HOME_TEAM_ID", "LAST_GAME_HOME_TEAM_CITY", "LAST_GAME_HOME_TEAM_NAME", "LAST_GAME_HOME_TEAM_ABBREVIATION", "LAST_GAME_HOME_TEAM_POINTS", "LAST_GAME_VISITOR_TEAM_ID", "LAST_GAME_VISITOR_TEAM_CITY", "LAST_GAME_VISITOR_TEAM_NAME", "LAST_GAME_VISITOR_TEAM_CITY1", "LAST_GAME_VISITOR_TEAM_POINTS"], "rowSet": [["0021100026", "0011100016", "2011-12-20T00:00:00", 1610612765, "Detroit", "Pistons", "DET", 90, 1610612739, "Cleveland", "Cavaliers", "CLE", 89]], "name": "LastMeeting"}, {"headers": ["GAME_ID", "TEAM_ID", "TEAM_ABBREVIATION", "TEAM_CITY", "PLAYER_ID", "PLAYER_NAME", "START_POSITION", "COMMENT", "MIN", "FGM", "FGA", "FG_PCT", "FG3M", "FG3A", "FG3_PCT", "FTM", "FTA", "FT_PCT", "OREB", "DREB", "REB", "AST", "STL", "BLK", "TO", "PF", "PTS", "PLUS_MINUS"], "rowSet": [["0021100026", 1610612739, "CLE", "Cleveland", 201956, "Omri Casspi", "F", "", "19:50", 3, 5, 0.6, 1, 1, 1.0, 0, 0, 0.0, 2, 2, 4, 1, 1, 0, 2, 1, 7, 4.0], ["0021100026", 1610612739, "CLE", "Cleveland", 1712, "Antawn Jamison", "F", "", "23:14", 6, 9, 0.667, 1, 1, 1.0, 2, 3, 0.667, 0, 1, 1, 0, 1, 0, 2, 3, 15, 1.0], ["0021100026", 1610612739, "CLE", "Cleveland", 2760, "Anderson Varejao", "C", "", "23:27", 5, 9, 0.556, 0, 0, 0.0, 0, 1, 0.0, 4, 3, 7, 1, 1, 0, 2, 1, 10, 7.0], ["0021100026", 1610612739, "CLE", "Cleveland", 1515, "Anthony Parker", "G", "", "19:33", 1, 3, 0.333, 1, 3, 0.333, 0, 0, 0.0, 1, 0, 1, 4, 0, 0, 1, 0, 3, 2.0], ["0021100026", 1610612739, "CLE", "Cleveland", 202681, "Kyrie Irving", "G", "", "19:50", 5, 9, 0.556, 0, 0, 0.0, 4, 4, 1.0, 1, 3, 4, 7, 2, 0, 3, 1, 14, 4.0], ["0021100026", 1610612739, "CLE", "Cleveland", 201196, "Ramon Sessions", "", "", "28:10", 4, 11, 0.364, 2, 4, 0.5, 6, 6, 1.0, 1, 6, 7, 6, 1, 0, 2, 4, 16, 12.0], ["0021100026", 1610612739, "CLE", "Cleveland", 202087, "Alonzo Gee", "", "", "28:10", 2, 4, 0.5, 0, 1, 0.0, 1, 2, 0.5, 0, 2, 2, 4, 0, 0, 2, 0, 5, 12.0], ["0021100026", 1610612739, "CLE", "Cleveland", 200789, "Daniel Gibson", "", "", "28:39", 3, 4, 0.75, 2, 2, 1.0, 0, 0, 0.0, 1, 5, 6, 3, 2, 1, 1, 2, 8, 11.0], ["0021100026", 1610612739, "CLE", "Cleveland", 202684, "Tristan Thompson", "", "", "24:34", 5, 8, 0.625, 0, 0, 0.0, 0, 0, 0.0, 1, 3, 4, 1, 1, 2, 3, 1, 10, 18.0], ["0021100026", 1610612739, "CLE", "Cleveland", 202396, "Samardo Samuels", "", "", "24:33", 6, 8, 0.75, 0, 0, 0.0, 5, 6, 0.833, 1, 3, 4, 1, 0, 0, 3, 2, 17, 9.0], ["0021100026", 1610612739, "CLE", "Cleveland", 201963, "Christian Eyenga", "", "DNP - Coach's Decision", null, null, null, null, null, null, null, null, null, null, null, null, null, null, null, null, null, null, null, null], ["0021100026", 1610612739, "CLE", "Cleveland", 202376, "Luke Harangody", "", "DNP - Coach's Decision", null, null, null, null, null, null, null, null, null, null, null, null, null, null, null, null, null, null, null, null], ["0021100026", 1610612739, "CLE", "Cleveland", 200797, "Ryan Hollins", "", "DNP - Coach's Decision", null, null, null, null, null, null, null, null, null, null, null, null, null, null, null, null, null, null, null, null], ["0021100026", 1610612765, "DET", "Detroit", 2419, "Tayshaun Prince", "F", "", "26:38", 4, 8, 0.5, 0, 1, 0.0, 2, 2, 1.0, 0, 3, 3, 1, 0, 0, 3, 1, 10, -15.0], ["0021100026", 1610612765, "DET", "Detroit", 201973, "Jonas Jerebko", "F", "", "31:01", 3, 10, 0.3, 1, 2, 0.5, 1, 2, 0.5, 4, 2, 6, 0, 2, 0, 0, 5, 8, -13.0], ["0021100026", 1610612765, "DET", "Detroit", 202328, "Greg Monroe", "C", "", "36:04", 5, 10, 0.5, 0, 0, 0.0, 0, 0, 0.0, 3, 4, 7, 2, 1, 0, 5, 1, 10, -5.0], ["0021100026", 1610612765, "DET", "Detroit", 2732, "Ben Gordon", "G", "", "39:34", 9, 19, 0.474, 4, 9, 0.444, 3, 4, 0.75, 0, 0, 0, 4, 1, 0, 2, 3, 25, -13.0], ["0021100026", 1610612765, "DET", "Detroit", 201155, "Rodney Stuckey", "G", "", "32:13", 4, 12, 0.333, 1, 3, 0.333, 2, 2, 1.0, 1, 2, 3, 3, 0, 0, 1, 2, 11, -9.0], ["0021100026", 1610612765, "DET", "Detroit", 1112, "Ben Wallace", "", "", "10:21", 0, 1, 0.0, 0, 0, 0.0, 0, 0, 0.0, 0, 1, 1, 0, 2, 0, 0, 1, 0, -13.0], ["0021100026", 1610612765, "DET", "Detroit", 101131, "Jason Maxiell", "", "", "14:58", 0, 1, 0.0, 0, 0, 0.0, 0, 0, 0.0, 2, 1, 3, 0, 1, 0, 0, 1, 0, -6.0], ["0021100026", 1610612765, "DET", "Detroit", 202688, "Brandon Knight", "", "", "28:41", 10, 13, 0.769, 3, 5, 0.6, 0, 1, 0.0, 0, 1, 1, 6, 2, 0, 2, 4, 23, -6.0], ["0021100026", 1610612765, "DET", "Detroit", 201948, "Austin Daye", "", "", "13:56", 0, 5, 0.0, 0, 1, 0.0, 0, 0, 0.0, 0, 0, 0, 0, 2, 1, 3, 2, 0, -5.0], ["0021100026", 1610612765, "DET", "Detroit", 2863, "Damien Wilkins", "", "", "4:59", 0, 0, 0.0, 0, 0, 0.0, 0, 0, 0.0, 0, 2, 2, 0, 0, 0, 0, 1, 0, 3.0], ["0021100026", 1610612765, "DET", "Detroit", 202731, "Vernon Macklin", "", "", "1:35", 1, 2, 0.5, 0, 0, 0.0, 0, 0, 0.0, 0, 0, 0, 0, 0, 0, 0, 0, 2, 2.0], ["0021100026", 1610612765, "DET", "Detroit", 101198, "Will Bynum", "", "DNP - Coach's Decision", null, null, null, null, null, null, null, null, null, null, null, null, null, null, null, null, null, null, null, null], ["0021100026", 1610612765, "DET", "Detroit", 101111, "Charlie Villanueva", "", "NWT - SUSPENSION", null, null, null, null, null, null, null, null, null, null, null, null, null, null, null, null, null, null, null, null]], "name": "PlayerStats"}, {"headers": ["GAME_ID", "TEAM_ID", "TEAM_NAME", "TEAM_ABBREVIATION", "TEAM_CITY", "MIN", "FGM", "FGA", "FG_PCT", "FG3M", "FG3A", "FG3_PCT", "FTM", "FTA", "FT_PCT", "OREB", "DREB", "REB", "AST", "STL", "BLK", "TO", "PF", "PTS", "PLUS_MINUS"], "rowSet": [["0021100026", 1610612765, "Pistons", "DET", "Detroit", "240:00", 36, 81, 0.444, 9, 21, 0.429, 8, 11, 0.727, 10, 16, 26, 16, 11, 1, 16, 21, 89, -16.0], ["0021100026", 1610612739, "Cavaliers", "CLE", "Cleveland", "240:00", 40, 70, 0.571, 7, 12, 0.583, 18, 22, 0.818, 12, 28, 40, 28, 9, 3, 21, 15, 105, 16.0]], "name": "TeamStats"}, {"headers": ["LEAGUE_ID", "SEASON_ID", "TEAM_ID", "TEAM_ABBREVIATION", "TEAM_CITY", "PTS_PAINT", "PTS_2ND_CHANCE", "PTS_FB", "LARGEST_LEAD", "LEAD_CHANGES", "TIMES_TIED"], "rowSet": [["00", "22011", 1610612739, "CLE", "Cleveland", 52, 15, 13, 19, 1, 2], ["00", "22011", 1610612765, "DET", "Detroit", 36, 12, 5, 19, 1, 2]], "name": "OtherStats"}, {"headers": ["OFFICIAL_ID", "FIRST_NAME", "LAST_NAME", "JERSEY_NUM"], "rowSet": [[1193, "Michael", "Smith", "38"], [1195, "Derrick", "Stafford", "9"], [201638, "Brent", "Barnaky", "70"]], "name": "Officials"}, {"headers": ["GAME_DATE", "ATTENDANCE", "GAME_TIME"], "rowSet": [["WEDNESDAY, DECEMBER 28, 2011", 22076, "2:22"]], "name": "GameInfo"}, {"headers": ["PLAYER_ID", "FIRST_NAME", "LAST_NAME", "JERSEY_NUM", "TEAM_ID", "TEAM_CITY", "TEAM_NAME", "TEAM_ABBREVIATION"], "rowSet": [[201623, "Semih", "Erden", " 9", 1610612739, "Cleveland", "Cavaliers", "CLE"], [202814, "Mychel", "Thompson", "21", 1610612739, "Cleveland", "Cavaliers", "CLE"]], "name": "InactivePlayers"}, {"headers": ["VIDEO_AVAILABLE_FLAG"], "rowSet": [[0]], "name": "AvailableVideo"}], "parameters": {"GameID": "0021100026", "RangeType": 0, "StartPeriod": 0, "StartRange": 0, "EndPeriod": 0, "EndRange": 0}}