{"resource": "boxscore", "resultSets": [{"headers": ["GAME_DATE_EST", "GAME_SEQUENCE", "GAME_ID", "GAME_STATUS_ID", "GAME_STATUS_TEXT", "GAMECODE", "HOME_TEAM_ID", "VISITOR_TEAM_ID", "SEASON", "LIVE_PERIOD", "LIVE_PC_TIME", "NATL_TV_BROADCASTER_ABBREVIATION", "LIVE_PERIOD_TIME_BCAST", "WH_STATUS"], "rowSet": [["2011-12-28T00:00:00", 9, "0021100031", 3, "Final", "20111228/PHIPHX", 1610612756, 1610612755, "2011", 4, "", null, "Q4  - ", 1]], "name": "GameSummary"}, {"headers": ["GAME_DATE_EST", "GAME_SEQUENCE", "GAME_ID", "TEAM_ID", "TEAM_ABBREVIATION", "TEAM_CITY_NAME", "TEAM_WINS_LOSSES", "PTS_QTR1", "PTS_QTR2", "PTS_QTR3", "PTS_QTR4", "PTS_OT1", "PTS_OT2", "PTS_OT3", "PTS_OT4", "PTS_OT5", "PTS_OT6", "PTS_OT7", "PTS_OT8", "PTS_OT9", "PTS_OT10", "PTS"], "rowSet": [["2011-12-28T00:00:00", 9, "0021100031", 1610612756, "PHX", "Phoenix", "0-2", 18, 16, 20, 29, 0, 0, 0, 0, 0, 0, 0, 0, 0, 0, 83], ["2011-12-28T00:00:00", 9, "0021100031", 1610612755, "PHI", "Philadelphia", "1-1", 25, 23, 32, 23, 0, 0, 0, 0, 0, 0, 0, 0, 0, 0, 103]], "name": "LineScore"}, {"headers": ["GAME_ID", "HOME_TEAM_ID", "VISITOR_TEAM_ID", "GAME_DATE_EST", "HOME_TEAM_WINS", "HOME_TEAM_LOSSES", "SERIES_LEADER"], "rowSet": [["0021100031", 1610612756, 1610612755, "2011-12-28T00:00:00", 0, 1, "Philadelphia"]], "name": "SeasonSeries"}, {"headers": ["GAME_ID", "LAST_GAME_ID", "LAST_GAME_DATE_EST", "LAST_GAME_HOME_TEAM_ID", "LAST_GAME_HOME_TEAM_CITY", "LAST_GAME_HOME_TEAM_NAME", "LAST_GAME_HOME_TEAM_ABBREVIATION", "LAST_GAME_HOME_TEAM_POINTS", "LAST_GAME_VISITOR_TEAM_ID", "LAST_GAME_VISITOR_TEAM_CITY", "LAST_GAME_VISITOR_TEAM_NAME", "LAST_GAME_VISITOR_TEAM_CITY1", "LAST_GAME_VISITOR_TEAM_POINTS"], "rowSet": [["0021100031", "0021000655", "2011-01-24T00:00:00", 1610612756, "Phoenix", "Suns", "PHX", 95, 1610612755, "Philadelphia", "76ers", "PHI", 105]], "name": "LastMeeting"}, {"headers": ["GAME_ID", "TEAM_ID", "TEAM_ABBREVIATION", "TEAM_CITY", "PLAYER_ID", "PLAYER_NAME", "START_POSITION", "COMMENT", "MIN", "FGM", "FGA", "FG_PCT", "FG3M", "FG3A", "FG3_PCT", "FTM", "FTA", "FT_PCT", "OREB", "DREB", "REB", "AST", "STL", "BLK", "TO", "PF", "PTS", "PLUS_MINUS"], "rowSet": [["0021100031", 1610612755, "PHI", "Philadelphia", 2738, "Andre Iguodala", "F", "", "26:32", 5, 7, 0.714, 3, 3, 1.0, 2, 2, 1.0, 0, 4, 4, 6, 4, 0, 1, 2, 15, 32.0], ["0021100031", 1610612755, "PHI", "Philadelphia", 1882, "Elton Brand", "F", "", "20:43", 2, 7, 0.286, 0, 0, 0.0, 0, 1, 0.0, 2, 7, 9, 1, 2, 0, 1, 0, 4, 25.0], ["0021100031", 1610612755, "PHI", "Philadelphia", 201150, "Spencer Hawes", "C", "", "25:39", 4, 7, 0.571, 0, 0, 0.0, 1, 1, 1.0, 2, 9, 11, 3, 2, 2, 4, 3, 9, 19.0], ["0021100031", 1610612755, "PHI", "Philadelphia", 201975, "Jodie Meeks", "G", "", "30:19", 5, 8, 0.625, 2, 5, 0.4, 0, 0, 0.0, 0, 0, 0, 1, 0, 0, 0, 3, 12, 3.0], ["0021100031", 1610612755, "PHI", "Philadelphia", 201950, "Jrue Holiday", "G", "", "32:31", 5, 15, 0.333, 0, 3, 0.0, 5, 7, 0.714, 2, 1, 3, 2, 1, 0, 1, 2, 15, 22.0], ["0021100031", 1610612755, "PHI", "Philadelphia", 201152, "Thaddeus Young", "", "", "26:25", 7, 14, 0.5, 0, 0, 0.0, 1, 1, 1.0, 2, 3, 5, 0, 0, 0, 0, 1, 15, 2.0], ["0021100031", 1610612755, "PHI", "Philadelphia", 101150, "Louis Williams", "", "", "25:27", 3, 11, 0.273, 2, 4, 0.5, 5, 6, 0.833, 1, 2, 3, 5, 0, 0, 1, 2, 13, 3.0], ["0021100031", 1610612755, "PHI", "Philadelphia", 202323, "Evan Turner", "", "", "29:11", 6, 9, 0.667, 0, 1, 0.0, 0, 0, 0.0, 0, 7, 7, 2, 1, 0, 0, 4, 12, 0.0], ["0021100031", 1610612755, "PHI", "Philadelphia", 202696, "Nikola Vucevic", "", "", "20:07", 3, 6, 0.5, 0, 0, 0.0, 0, 0, 0.0, 3, 3, 6, 2, 1, 0, 2, 2, 6, -3.0], ["0021100031", 1610612755, "PHI", "Philadelphia", 202342, "Craig Brackins", "", "", "3:06", 1, 2, 0.5, 0, 1, 0.0, 0, 0, 0.0, 0, 0, 0, 0, 0, 0, 0, 0, 2, -3.0], ["0021100031", 1610612755, "PHI", "Philadelphia", 1499, "Tony Battie", "", "DNP - Coach's Decision", null, null, null, null, null, null, null, null, null, null, null, null, null, null, null, null, null, null, null, null], ["0021100031", 1610612755, "PHI", "Philadelphia", 2804, "Andres Nocioni", "", "DNP - Coach's Decision", null, null, null, null, null, null, null, null, null, null, null, null, null, null, null, null, null, null, null, null], ["0021100031", 1610612755, "PHI", "Philadelphia", 201578, "Marreese Speights", "", "DNP - Coach's Decision", null, null, null, null, null, null, null, null, null, null, null, null, null, null, null, null, null, null, null, null], ["0021100031", 1610612756, "PHX", "Phoenix", 255, "Grant Hill", "F", "", "26:46", 4, 12, 0.333, 0, 0, 0.0, 6, 6, 1.0, 0, 2, 2, 2, 0, 0, 0, 1, 14, -22.0], ["0021100031", 1610612756, "PHX", "Phoenix", 101112, "Channing Frye", "F", "", "13:00", 0, 4, 0.0, 0, 1, 0.0, 2, 2, 1.0, 2, 6, 8, 0, 0, 0, 1, 0, 2, -16.0], ["0021100031", 1610612756, "PHX", "Phoenix", 101162, "Marcin Gortat", "C", "", "17:54", 1, 6, 0.167, 0, 0, 0.0, 2, 2, 1.0, 3, 5, 8, 0, 0, 1, 1, 0, 4, -18.0], ["0021100031", 1610612756, "PHX", "Phoenix", 201162, "Jared Dudley", "G", "", "24:02", 0, 2, 0.0, 0, 1, 0.0, 0, 0, 0.0, 0, 4, 4, 2, 1, 0, 0, 4, 0, -32.0], ["0021100031", 1610612756, "PHX", "Phoenix", 959, "Steve Nash", "G", "", "17:05", 2, 11, 0.182, 0, 3, 0.0, 0, 0, 0.0, 0, 0, 0, 1, 0, 0, 6, 4, 4, -22.0], ["0021100031", 1610612756, "PHX", "Phoenix", 101124, "Hakim Warrick", "", "", "31:33", 7, 13, 0.538, 0, 0, 0.0, 0, 0, 0.0, 0, 3, 3, 0, 0, 1, 0, 1, 14, -4.0], ["0021100031", 1610612756, "PHX", "Phoenix", 101179, "Ronnie Price", "", "", "30:55", 7, 13, 0.538, 1, 4, 0.25, 1, 1, 1.0, 0, 1, 1, 4, 1, 1, 2, 3, 16, 2.0], ["0021100031", 1610612756, "PHX", "Phoenix", 201577, "Robin Lopez", "", "", "20:10", 3, 4, 0.75, 0, 0, 0.0, 1, 2, 0.5, 1, 5, 6, 3, 0, 0, 0, 1, 7, -2.0], ["0021100031", 1610612756, "PHX", "Phoenix", 200769, "Shannon Brown", "", "", "20:53", 3, 7, 0.429, 0, 0, 0.0, 0, 1, 0.0, 0, 3, 3, 1, 0, 0, 1, 0, 6, -2.0], ["0021100031", 1610612756, "PHX", "Phoenix", 2735, "Josh Childress", "", "", "5:38", 0, 0, 0.0, 0, 0, 0.0, 0, 0, 0.0, 0, 0, 0, 0, 0, 0, 0, 0, 0, 1.0], ["0021100031", 1610612756, "PHX", "Phoenix", 202693, "Markieff Morris", "", "", "26:30", 4, 5, 0.8, 1, 2, 0.5, 0, 0, 0.0, 1, 2, 3, 1, 0, 0, 1, 3, 9, 5.0], ["0021100031", 1610612756, "PHX", "Phoenix", 2742, "Sebastian Telfair", "", "", "5:34", 2, 3, 0.667, 0, 0, 0.0, 3, 4, 0.75, 1, 0, 1, 1, 1, 0, 0, 0, 7, 10.0], ["0021100031", 1610612756, "PHX", "Phoenix", 202081, "Garret Siler", "", "DNP - Coach's Decision", null, null, null, null, null, null, null, null, null, null, null, null, null, null, null, null, null, null, null, null]], "name": "PlayerStats"}, {"headers": ["GAME_ID", "TEAM_ID", "TEAM_NAME", "TEAM_ABBREVIATION", "TEAM_CITY", "MIN", "FGM", "FGA", "FG_PCT", "FG3M", "FG3A", "FG3_PCT", "FTM", "FTA", "FT_PCT", "OREB", "DREB", "REB", "AST", "STL", "BLK", "TO", "PF", "PTS", "PLUS_MINUS"], "rowSet": [["0021100031", 1610612756, "Suns", "PHX", "Phoenix", "240:00", 33, 80, 0.413, 2, 11, 0.182, 15, 18, 0.833, 8, 31, 39, 15, 3, 3, 12, 17, 83, -20.0], ["0021100031", 1610612755, "76ers", "PHI", "Philadelphia", "240:00", 41, 86, 0.477, 7, 17, 0.412, 14, 18, 0.778, 12, 36, 48, 22, 11, 2, 10, 19, 103, 20.0]], "name": "TeamStats"}, {"headers": ["LEAGUE_ID", "SEASON_ID", "TEAM_ID", "TEAM_ABBREVIATION", "TEAM_CITY", "PTS_PAINT", "PTS_2ND_CHANCE", "PTS_FB", "LARGEST_LEAD", "LEAD_CHANGES", "TIMES_TIED"], "rowSet": [["00", "22011", 1610612756, "PHX", "Phoenix", 36, 8, 6, 34, 6, 1], ["00", "22011", 1610612755, "PHI", "Philadelphia", 50, 13, 20, 33, 6, 1]], "name": "OtherStats"}, {"headers": ["OFFICIAL_ID", "FIRST_NAME", "LAST_NAME", "JERSEY_NUM"], "rowSet": [[1199, "Tom", "Washington", "49"], [101284, "John", "Goble", "30"], [101283, "Brian", "Forte", "45"]], "name": "Officials"}, {"headers": ["GAME_DATE", "ATTENDANCE", "GAME_TIME"], "rowSet": [["WEDNESDAY, DECEMBER 28, 2011", 16360, "2:04"]], "name": "GameInfo"}, {"headers": ["PLAYER_ID", "FIRST_NAME", "LAST_NAME", "JERSEY_NUM", "TEAM_ID", "TEAM_CITY", "TEAM_NAME", "TEAM_ABBREVIATION"], "rowSet": [[202730, "Lavoy", "Allen", "50", 1610612755, "Philadelphia", "76ers", "PHI"]], "name": "InactivePlayers"}, {"headers": ["VIDEO_AVAILABLE_FLAG"], "rowSet": [[0]], "name": "AvailableVideo"}], "parameters": {"GameID": "0021100031", "RangeType": 0, "StartPeriod": 0, "StartRange": 0, "EndPeriod": 0, "EndRange": 0}}