{"resource": "boxscore", "resultSets": [{"headers": ["GAME_DATE_EST", "GAME_SEQUENCE", "GAME_ID", "GAME_STATUS_ID", "GAME_STATUS_TEXT", "GAMECODE", "HOME_TEAM_ID", "VISITOR_TEAM_ID", "SEASON", "LIVE_PERIOD", "LIVE_PC_TIME", "NATL_TV_BROADCASTER_ABBREVIATION", "LIVE_PERIOD_TIME_BCAST", "WH_STATUS"], "rowSet": [["2011-12-26T00:00:00", 5, "0021100010", 3, "Final", "20111226/DETIND", 1610612754, 1610612765, "2011", 4, "", null, "Q4  - ", 1]], "name": "GameSummary"}, {"headers": ["GAME_DATE_EST", "GAME_SEQUENCE", "GAME_ID", "TEAM_ID", "TEAM_ABBREVIATION", "TEAM_CITY_NAME", "TEAM_WINS_LOSSES", "PTS_QTR1", "PTS_QTR2", "PTS_QTR3", "PTS_QTR4", "PTS_OT1", "PTS_OT2", "PTS_OT3", "PTS_OT4", "PTS_OT5", "PTS_OT6", "PTS_OT7", "PTS_OT8", "PTS_OT9", "PTS_OT10", "PTS"], "rowSet": [["2011-12-26T00:00:00", 5, "0021100010", 1610612765, "DET", "Detroit", "0-1", 17, 21, 20, 21, 0, 0, 0, 0, 0, 0, 0, 0, 0, 0, 79], ["2011-12-26T00:00:00", 5, "0021100010", 1610612754, "IND", "Indiana", "1-0", 26, 26, 24, 15, 0, 0, 0, 0, 0, 0, 0, 0, 0, 0, 91]], "name": "LineScore"}, {"headers": ["GAME_ID", "HOME_TEAM_ID", "VISITOR_TEAM_ID", "GAME_DATE_EST", "HOME_TEAM_WINS", "HOME_TEAM_LOSSES", "SERIES_LEADER"], "rowSet": [["0021100010", 1610612754, 1610612765, "2011-12-26T00:00:00", 2, 1, "Indiana"]], "name": "SeasonSeries"}, {"headers": ["GAME_ID", "LAST_GAME_ID", "LAST_GAME_DATE_EST", "LAST_GAME_HOME_TEAM_ID", "LAST_GAME_HOME_TEAM_CITY", "LAST_GAME_HOME_TEAM_NAME", "LAST_GAME_HOME_TEAM_ABBREVIATION", "LAST_GAME_HOME_TEAM_POINTS", "LAST_GAME_VISITOR_TEAM_ID", "LAST_GAME_VISITOR_TEAM_CITY", "LAST_GAME_VISITOR_TEAM_NAME", "LAST_GAME_VISITOR_TEAM_CITY1", "LAST_GAME_VISITOR_TEAM_POINTS"], "rowSet": [["0021100010", "0021001107", "2011-03-30T00:00:00", 1610612754, "Indiana", "Pacers", "IND", 111, 1610612765, "Detroit", "Pistons", "DET", 101]], "name": "LastMeeting"}, {"headers": ["GAME_ID", "TEAM_ID", "TEAM_ABBREVIATION", "TEAM_CITY", "PLAYER_ID", "PLAYER_NAME", "START_POSITION", "COMMENT", "MIN", "FGM", "FGA", "FG_PCT", "FG3M", "FG3A", "FG3_PCT", "FTM", "FTA", "FT_PCT", "OREB", "DREB", "REB", "AST", "STL", "BLK", "TO", "PF", "PTS", "PLUS_MINUS"], "rowSet": [["0021100010", 1610612765, "DET", "Detroit", 2419, "Tayshaun Prince", "F", "", "33:37", 3, 10, 0.3, 0, 1, 0.0, 0, 0, 0.0, 0, 3, 3, 2, 0, 1, 0, 0, 6, -7.0], ["0021100010", 1610612765, "DET", "Detroit", 201973, "Jonas Jerebko", "F", "", "37:57", 7, 11, 0.636, 0, 2, 0.0, 3, 4, 0.75, 2, 3, 5, 1, 1, 1, 0, 3, 17, -6.0], ["0021100010", 1610612765, "DET", "Detroit", 202328, "Greg Monroe", "C", "", "21:39", 3, 7, 0.429, 0, 0, 0.0, 2, 2, 1.0, 3, 4, 7, 1, 1, 0, 0, 5, 8, -2.0], ["0021100010", 1610612765, "DET", "Detroit", 201155, "Rodney Stuckey", "G", "", "33:02", 5, 11, 0.455, 2, 3, 0.667, 5, 5, 1.0, 0, 3, 3, 6, 2, 1, 3, 2, 17, 0.0], ["0021100010", 1610612765, "DET", "Detroit", 2732, "Ben Gordon", "G", "", "33:39", 4, 14, 0.286, 1, 4, 0.25, 5, 6, 0.833, 1, 3, 4, 2, 0, 1, 5, 1, 14, -11.0], ["0021100010", 1610612765, "DET", "Detroit", 202688, "Brandon Knight", "", "", "16:25", 3, 9, 0.333, 3, 6, 0.5, 0, 0, 0.0, 0, 1, 1, 0, 1, 0, 4, 0, 9, -10.0], ["0021100010", 1610612765, "DET", "Detroit", 101131, "Jason Maxiell", "", "", "16:41", 0, 2, 0.0, 0, 0, 0.0, 0, 0, 0.0, 0, 0, 0, 0, 0, 1, 0, 1, 0, -5.0], ["0021100010", 1610612765, "DET", "Detroit", 201948, "Austin Daye", "", "", "14:23", 0, 3, 0.0, 0, 1, 0.0, 0, 0, 0.0, 0, 7, 7, 1, 0, 0, 1, 2, 0, -5.0], ["0021100010", 1610612765, "DET", "Detroit", 1112, "Ben Wallace", "", "", "19:43", 1, 3, 0.333, 0, 0, 0.0, 0, 0, 0.0, 2, 5, 7, 1, 0, 3, 1, 1, 2, -11.0], ["0021100010", 1610612765, "DET", "Detroit", 101198, "Will Bynum", "", "", "12:54", 1, 5, 0.2, 1, 2, 0.5, 3, 4, 0.75, 1, 2, 3, 3, 0, 0, 2, 4, 6, -3.0], ["0021100010", 1610612765, "DET", "Detroit", 202731, "Vernon Macklin", "", "DNP - Coach's Decision", null, null, null, null, null, null, null, null, null, null, null, null, null, null, null, null, null, null, null, null], ["0021100010", 1610612765, "DET", "Detroit", 101111, "Charlie Villanueva", "", "NWT - League Suspension", null, null, null, null, null, null, null, null, null, null, null, null, null, null, null, null, null, null, null, null], ["0021100010", 1610612765, "DET", "Detroit", 2863, "Damien Wilkins", "", "DNP - Coach's Decision", null, null, null, null, null, null, null, null, null, null, null, null, null, null, null, null, null, null, null, null], ["0021100010", 1610612754, "IND", "Indiana", 101122, "Danny Granger", "F", "", "35:29", 6, 18, 0.333, 2, 4, 0.5, 2, 4, 0.5, 1, 3, 4, 3, 2, 1, 2, 1, 16, 16.0], ["0021100010", 1610612754, "IND", "Indiana", 2561, "David West", "F", "", "31:25", 3, 12, 0.25, 0, 0, 0.0, 5, 6, 0.833, 7, 5, 12, 3, 0, 2, 1, 1, 11, 14.0], ["0021100010", 1610612754, "IND", "Indiana", 201579, "Roy Hibbert", "C", "", "32:48", 6, 11, 0.545, 0, 0, 0.0, 4, 5, 0.8, 4, 10, 14, 2, 0, 3, 1, 4, 16, 15.0], ["0021100010", 1610612754, "IND", "Indiana", 202331, "Paul George", "G", "", "29:08", 3, 8, 0.375, 2, 3, 0.667, 4, 4, 1.0, 1, 6, 7, 2, 1, 1, 2, 5, 12, 14.0], ["0021100010", 1610612754, "IND", "Indiana", 201954, "Darren Collison", "G", "", "36:30", 3, 11, 0.273, 2, 3, 0.667, 0, 0, 0.0, 0, 0, 0, 5, 2, 1, 2, 2, 8, 11.0], ["0021100010", 1610612754, "IND", "Indiana", 201588, "George Hill", "", "", "24:22", 2, 7, 0.286, 0, 4, 0.0, 0, 0, 0.0, 0, 1, 1, 4, 2, 0, 1, 3, 4, -2.0], ["0021100010", 1610612754, "IND", "Indiana", 201946, "Tyler Hansbrough", "", "", "31:47", 6, 14, 0.429, 0, 0, 0.0, 3, 4, 0.75, 5, 8, 13, 0, 1, 0, 0, 3, 15, -5.0], ["0021100010", 1610612754, "IND", "Indiana", 202362, "Lance Stephenson", "", "", "6:00", 0, 0, 0.0, 0, 0, 0.0, 2, 2, 1.0, 0, 1, 1, 1, 1, 0, 1, 1, 2, 1.0], ["0021100010", 1610612754, "IND", "Indiana", 2563, "Dahntay Jones", "", "", "12:31", 3, 6, 0.5, 1, 1, 1.0, 0, 0, 0.0, 0, 1, 1, 0, 0, 1, 0, 0, 7, -4.0], ["0021100010", 1610612754, "IND", "Indiana", 200811, "Lou Amundson", "", "DNP - Coach's Decision", null, null, null, null, null, null, null, null, null, null, null, null, null, null, null, null, null, null, null, null], ["0021100010", 1610612754, "IND", "Indiana", 201985, "A.J. Price", "", "DNP - Coach's Decision", null, null, null, null, null, null, null, null, null, null, null, null, null, null, null, null, null, null, null, null]], "name": "PlayerStats"}, {"headers": ["GAME_ID", "TEAM_ID", "TEAM_NAME", "TEAM_ABBREVIATION", "TEAM_CITY", "MIN", "FGM", "FGA", "FG_PCT", "FG3M", "FG3A", "FG3_PCT", "FTM", "FTA", "FT_PCT", "OREB", "DREB", "REB", "AST", "STL", "BLK", "TO", "PF", "PTS", "PLUS_MINUS"], "rowSet": [["0021100010", 1610612754, "Pacers", "IND", "Indiana", "240:00", 32, 87, 0.368, 7, 15, 0.467, 20, 25, 0.8, 18, 35, 53, 20, 9, 9, 10, 20, 91, 12.0], ["0021100010", 1610612765, "Pistons", "DET", "Detroit", "240:00", 27, 75, 0.36, 7, 19, 0.368, 18, 21, 0.857, 9, 31, 40, 17, 5, 8, 16, 19, 79, -12.0]], "name": "TeamStats"}, {"headers": ["LEAGUE_ID", "SEASON_ID", "TEAM_ID", "TEAM_ABBREVIATION", "TEAM_CITY", "PTS_PAINT", "PTS_2ND_CHANCE", "PTS_FB", "LARGEST_LEAD", "LEAD_CHANGES", "TIMES_TIED"], "rowSet": [["00", "22011", 1610612754, "IND", "Indiana", 36, 14, 13, 24, 0, 3], ["00", "22011", 1610612765, "DET", "Detroit", 28, 11, 9, 24, 0, 3]], "name": "OtherStats"}, {"headers": ["OFFICIAL_ID", "FIRST_NAME", "LAST_NAME", "JERSEY_NUM"], "rowSet": [[1188, "Leroy", "Richardson", "20"], [1174, "Ken", "Mauer", "41"], [2004, "Courtney", "Kirkland", "61"]], "name": "Officials"}, {"headers": ["GAME_DATE", "ATTENDANCE", "GAME_TIME"], "rowSet": [["MONDAY, DECEMBER 26, 2011", 18165, "2:13"]], "name": "GameInfo"}, {"headers": ["PLAYER_ID", "FIRST_NAME", "LAST_NAME", "JERSEY_NUM", "TEAM_ID", "TEAM_CITY", "TEAM_NAME", "TEAM_ABBREVIATION"], "rowSet": [[1902, "Jeff", "Foster", "10", 1610612754, "Indiana", "Pacers", "IND"], [201965, "Jeff", "Ayres", "29", 1610612754, "Indiana", "Pacers", "IND"]], "name": "InactivePlayers"}, {"headers": ["VIDEO_AVAILABLE_FLAG"], "rowSet": [[0]], "name": "AvailableVideo"}], "parameters": {"GameID": "0021100010", "RangeType": 0, "StartPeriod": 0, "StartRange": 0, "EndPeriod": 0, "EndRange": 0}}