{"resource": "boxscore", "resultSets": [{"headers": ["GAME_DATE_EST", "GAME_SEQUENCE", "GAME_ID", "GAME_STATUS_ID", "GAME_STATUS_TEXT", "GAMECODE", "HOME_TEAM_ID", "VISITOR_TEAM_ID", "SEASON", "LIVE_PERIOD", "LIVE_PC_TIME", "NATL_TV_BROADCASTER_ABBREVIATION", "LIVE_PERIOD_TIME_BCAST", "WH_STATUS"], "rowSet": [["2011-12-30T00:00:00", 4, "0021100042", 3, "Final", "20111230/NJNATL", 1610612737, 1610612751, "2011", 4, "", null, "Q4  - ", 1]], "name": "GameSummary"}, {"headers": ["GAME_DATE_EST", "GAME_SEQUENCE", "GAME_ID", "TEAM_ID", "TEAM_ABBREVIATION", "TEAM_CITY_NAME", "TEAM_WINS_LOSSES", "PTS_QTR1", "PTS_QTR2", "PTS_QTR3", "PTS_QTR4", "PTS_OT1", "PTS_OT2", "PTS_OT3", "PTS_OT4", "PTS_OT5", "PTS_OT6", "PTS_OT7", "PTS_OT8", "PTS_OT9", "PTS_OT10", "PTS"], "rowSet": [["2011-12-30T00:00:00", 4, "0021100042", 1610612751, "NJN", "New Jersey", "1-3", 19, 18, 35, 26, 0, 0, 0, 0, 0, 0, 0, 0, 0, 0, 98], ["2011-12-30T00:00:00", 4, "0021100042", 1610612737, "ATL", "Atlanta", "3-0", 20, 23, 33, 29, 0, 0, 0, 0, 0, 0, 0, 0, 0, 0, 105]], "name": "LineScore"}, {"headers": ["GAME_ID", "HOME_TEAM_ID", "VISITOR_TEAM_ID", "GAME_DATE_EST", "HOME_TEAM_WINS", "HOME_TEAM_LOSSES", "SERIES_LEADER"], "rowSet": [["0021100042", 1610612737, 1610612751, "2011-12-30T00:00:00", 4, 0, "Atlanta"]], "name": "SeasonSeries"}, {"headers": ["GAME_ID", "LAST_GAME_ID", "LAST_GAME_DATE_EST", "LAST_GAME_HOME_TEAM_ID", "LAST_GAME_HOME_TEAM_CITY", "LAST_GAME_HOME_TEAM_NAME", "LAST_GAME_HOME_TEAM_ABBREVIATION", "LAST_GAME_HOME_TEAM_POINTS", "LAST_GAME_VISITOR_TEAM_ID", "LAST_GAME_VISITOR_TEAM_CITY", "LAST_GAME_VISITOR_TEAM_NAME", "LAST_GAME_VISITOR_TEAM_CITY1", "LAST_GAME_VISITOR_TEAM_POINTS"], "rowSet": [["0021100042", "0021100018", "2011-12-27T00:00:00", 1610612737, "Atlanta", "Hawks", "ATL", 106, 1610612751, "New Jersey", "Nets", "NJN", 70]], "name": "LastMeeting"}, {"headers": ["GAME_ID", "TEAM_ID", "TEAM_ABBREVIATION", "TEAM_CITY", "PLAYER_ID", "PLAYER_NAME", "START_POSITION", "COMMENT", "MIN", "FGM", "FGA", "FG_PCT", "FG3M", "FG3A", "FG3_PCT", "FTM", "FTA", "FT_PCT", "OREB", "DREB", "REB", "AST", "STL", "BLK", "TO", "PF", "PTS", "PLUS_MINUS"], "rowSet": [["0021100042", 1610612751, "NJN", "New Jersey", 202345, "Damion James", "F", "", "19:58", 1, 6, 0.167, 0, 0, 0.0, 0, 0, 0.0, 0, 2, 2, 0, 1, 0, 1, 0, 2, -1.0], ["0021100042", 1610612751, "NJN", "New Jersey", 2743, "Kris Humphries", "F", "", "30:51", 4, 8, 0.5, 0, 0, 0.0, 2, 2, 1.0, 5, 8, 13, 2, 0, 0, 2, 4, 10, 11.0], ["0021100042", 1610612751, "NJN", "New Jersey", 2246, "Mehmet Okur", "C", "", "33:12", 6, 9, 0.667, 3, 5, 0.6, 0, 0, 0.0, 1, 4, 5, 3, 0, 0, 2, 2, 15, -6.0], ["0021100042", 1610612751, "NJN", "New Jersey", 202178, "Sundiata Gaines", "G", "", "27:49", 3, 7, 0.429, 1, 1, 1.0, 3, 3, 1.0, 2, 1, 3, 5, 2, 0, 0, 4, 10, 4.0], ["0021100042", 1610612751, "NJN", "New Jersey", 101114, "Deron Williams", "G", "", "33:42", 9, 18, 0.5, 1, 3, 0.333, 4, 4, 1.0, 0, 2, 2, 6, 2, 1, 2, 3, 23, -10.0], ["0021100042", 1610612751, "NJN", "New Jersey", 202705, "MarShon Brooks", "", "", "28:33", 8, 13, 0.615, 1, 2, 0.5, 4, 4, 1.0, 3, 2, 5, 1, 0, 1, 3, 4, 21, -2.0], ["0021100042", 1610612751, "NJN", "New Jersey", 2052, "DeShawn Stevenson", "", "", "10:16", 0, 2, 0.0, 0, 2, 0.0, 0, 0, 0.0, 0, 0, 0, 1, 1, 0, 0, 0, 0, -9.0], ["0021100042", 1610612751, "NJN", "New Jersey", 200761, "Shawne Williams", "", "", "15:53", 0, 4, 0.0, 0, 2, 0.0, 0, 0, 0.0, 1, 3, 4, 1, 0, 0, 0, 3, 0, -3.0], ["0021100042", 1610612751, "NJN", "New Jersey", 201627, "Anthony Morrow", "", "", "25:38", 3, 9, 0.333, 3, 5, 0.6, 0, 0, 0.0, 0, 2, 2, 1, 1, 0, 0, 2, 9, -9.0], ["0021100042", 1610612751, "NJN", "New Jersey", 101130, "Johan Petro", "", "", "5:30", 2, 4, 0.5, 0, 0, 0.0, 0, 1, 0.0, 2, 0, 2, 0, 0, 0, 3, 3, 4, -5.0], ["0021100042", 1610612751, "NJN", "New Jersey", 200749, "Shelden Williams", "", "", "8:37", 2, 2, 1.0, 0, 0, 0.0, 0, 0, 0.0, 1, 1, 2, 0, 0, 0, 0, 1, 4, -5.0], ["0021100042", 1610612751, "NJN", "New Jersey", 200770, "Jordan Farmar", "", "DNP - Coach's Decision", null, null, null, null, null, null, null, null, null, null, null, null, null, null, null, null, null, null, null, null], ["0021100042", 1610612751, "NJN", "New Jersey", 202862, "Dennis Horner", "", "DNP - Coach's Decision", null, null, null, null, null, null, null, null, null, null, null, null, null, null, null, null, null, null, null, null], ["0021100042", 1610612737, "ATL", "Atlanta", 101107, "Marvin Williams", "F", "", "24:50", 4, 9, 0.444, 1, 3, 0.333, 2, 2, 1.0, 2, 4, 6, 2, 1, 0, 0, 0, 11, 1.0], ["0021100042", 1610612737, "ATL", "Atlanta", 2746, "Josh Smith", "F", "", "34:25", 4, 10, 0.4, 0, 1, 0.0, 1, 3, 0.333, 1, 5, 6, 3, 1, 1, 3, 1, 9, -4.0], ["0021100042", 1610612737, "ATL", "Atlanta", 201143, "Al Horford", "C", "", "25:46", 4, 8, 0.5, 0, 0, 0.0, 4, 8, 0.5, 5, 0, 5, 2, 1, 3, 1, 5, 12, -8.0], ["0021100042", 1610612737, "ATL", "Atlanta", 2207, "Joe Johnson", "G", "", "34:13", 6, 13, 0.462, 2, 4, 0.5, 7, 8, 0.875, 1, 0, 1, 1, 0, 0, 0, 1, 21, -2.0], ["0021100042", 1610612737, "ATL", "Atlanta", 201952, "Jeff Teague", "G", "", "33:19", 9, 12, 0.75, 0, 0, 0.0, 4, 5, 0.8, 1, 0, 1, 6, 2, 0, 2, 3, 22, -1.0], ["0021100042", 1610612737, "ATL", "Atlanta", 1503, "Tracy McGrady", "", "", "23:10", 2, 5, 0.4, 0, 0, 0.0, 2, 3, 0.667, 0, 2, 2, 1, 1, 0, 0, 0, 6, 6.0], ["0021100042", 1610612737, "ATL", "Atlanta", 2585, "Zaza Pachulia", "", "", "22:42", 3, 6, 0.5, 0, 0, 0.0, 5, 6, 0.833, 3, 5, 8, 2, 1, 1, 2, 1, 11, 14.0], ["0021100042", 1610612737, "ATL", "Atlanta", 2457, "Jannero Pargo", "", "", "14:41", 1, 5, 0.2, 0, 3, 0.0, 2, 2, 1.0, 1, 4, 5, 5, 0, 0, 2, 2, 4, 8.0], ["0021100042", 1610612737, "ATL", "Atlanta", 2209, "Vladimir Radmanovic", "", "", "13:07", 2, 4, 0.5, 1, 3, 0.333, 0, 0, 0.0, 0, 2, 2, 0, 0, 1, 2, 2, 5, 12.0], ["0021100042", 1610612737, "ATL", "Atlanta", 2584, "Willie Green", "", "", "13:47", 2, 5, 0.4, 0, 1, 0.0, 0, 1, 0.0, 1, 1, 2, 0, 0, 0, 0, 0, 4, 9.0], ["0021100042", 1610612737, "ATL", "Atlanta", 2215, "Jason Collins", "", "DNP - Coach's Decision", null, null, null, null, null, null, null, null, null, null, null, null, null, null, null, null, null, null, null, null], ["0021100042", 1610612737, "ATL", "Atlanta", 201274, "Ivan Johnson", "", "DNP - Coach's Decision", null, null, null, null, null, null, null, null, null, null, null, null, null, null, null, null, null, null, null, null], ["0021100042", 1610612737, "ATL", "Atlanta", 711, "Jerry Stackhouse", "", "DNP - Coach's Decision", null, null, null, null, null, null, null, null, null, null, null, null, null, null, null, null, null, null, null, null]], "name": "PlayerStats"}, {"headers": ["GAME_ID", "TEAM_ID", "TEAM_NAME", "TEAM_ABBREVIATION", "TEAM_CITY", "MIN", "FGM", "FGA", "FG_PCT", "FG3M", "FG3A", "FG3_PCT", "FTM", "FTA", "FT_PCT", "OREB", "DREB", "REB", "AST", "STL", "BLK", "TO", "PF", "PTS", "PLUS_MINUS"], "rowSet": [["0021100042", 1610612751, "Nets", "NJN", "New Jersey", "240:00", 38, 82, 0.463, 9, 20, 0.45, 13, 14, 0.929, 15, 25, 40, 20, 7, 2, 13, 26, 98, -7.0], ["0021100042", 1610612737, "Hawks", "ATL", "Atlanta", "240:00", 37, 77, 0.481, 4, 15, 0.267, 27, 38, 0.711, 15, 23, 38, 22, 7, 6, 12, 15, 105, 7.0]], "name": "TeamStats"}, {"headers": ["LEAGUE_ID", "SEASON_ID", "TEAM_ID", "TEAM_ABBREVIATION", "TEAM_CITY", "PTS_PAINT", "PTS_2ND_CHANCE", "PTS_FB", "LARGEST_LEAD", "LEAD_CHANGES", "TIMES_TIED"], "rowSet": [["00", "22011", 1610612737, "ATL", "Atlanta", 50, 17, 13, 9, 10, 2], ["00", "22011", 1610612751, "NJN", "New Jersey", 40, 21, 10, 9, 10, 2]], "name": "OtherStats"}, {"headers": ["OFFICIAL_ID", "FIRST_NAME", "LAST_NAME", "JERSEY_NUM"], "rowSet": [[1176, "Monty", "McCutchen", "13"], [2004, "Courtney", "Kirkland", "61"], [202037, "JT", "Orr", "72"]], "name": "Officials"}, {"headers": ["GAME_DATE", "ATTENDANCE", "GAME_TIME"], "rowSet": [["FRIDAY, DECEMBER 30, 2011", 16300, "2:14"]], "name": "GameInfo"}, {"headers": ["PLAYER_ID", "FIRST_NAME", "LAST_NAME", "JERSEY_NUM", "TEAM_ID", "TEAM_CITY", "TEAM_NAME", "TEAM_ABBREVIATION"], "rowSet": [[2550, "Kirk", "Hinrich", " 6", 1610612737, "Atlanta", "Hawks", "ATL"], [202388, "Donald", "Sloan", "12", 1610612737, "Atlanta", "Hawks", "ATL"], [201572, "Brook", "Lopez", "11", 1610612751, "New Jersey", "Nets", "NJN"], [202716, "Jordan", "Williams", "20", 1610612751, "New Jersey", "Nets", "NJN"]], "name": "InactivePlayers"}, {"headers": ["VIDEO_AVAILABLE_FLAG"], "rowSet": [[0]], "name": "AvailableVideo"}], "parameters": {"GameID": "0021100042", "RangeType": 0, "StartPeriod": 0, "StartRange": 0, "EndPeriod": 0, "EndRange": 0}}