{"resource": "boxscore", "resultSets": [{"headers": ["GAME_DATE_EST", "GAME_SEQUENCE", "GAME_ID", "GAME_STATUS_ID", "GAME_STATUS_TEXT", "GAMECODE", "HOME_TEAM_ID", "VISITOR_TEAM_ID", "SEASON", "LIVE_PERIOD", "LIVE_PC_TIME", "NATL_TV_BROADCASTER_ABBREVIATION", "LIVE_PERIOD_TIME_BCAST", "WH_STATUS"], "rowSet": [["2011-12-26T00:00:00", 9, "0021100014", 3, "Final", "20111226/NOHPHX", 1610612756, 1610612740, "2011", 4, "", null, "Q4  - ", 1]], "name": "GameSummary"}, {"headers": ["GAME_DATE_EST", "GAME_SEQUENCE", "GAME_ID", "TEAM_ID", "TEAM_ABBREVIATION", "TEAM_CITY_NAME", "TEAM_WINS_LOSSES", "PTS_QTR1", "PTS_QTR2", "PTS_QTR3", "PTS_QTR4", "PTS_OT1", "PTS_OT2", "PTS_OT3", "PTS_OT4", "PTS_OT5", "PTS_OT6", "PTS_OT7", "PTS_OT8", "PTS_OT9", "PTS_OT10", "PTS"], "rowSet": [["2011-12-26T00:00:00", 9, "0021100014", 1610612756, "PHX", "Phoenix", "0-1", 20, 21, 24, 19, 0, 0, 0, 0, 0, 0, 0, 0, 0, 0, 84], ["2011-12-26T00:00:00", 9, "0021100014", 1610612740, "NOH", "New Orleans", "1-0", 23, 24, 15, 23, 0, 0, 0, 0, 0, 0, 0, 0, 0, 0, 85]], "name": "LineScore"}, {"headers": ["GAME_ID", "HOME_TEAM_ID", "VISITOR_TEAM_ID", "GAME_DATE_EST", "HOME_TEAM_WINS", "HOME_TEAM_LOSSES", "SERIES_LEADER"], "rowSet": [["0021100014", 1610612756, 1610612740, "2011-12-26T00:00:00", 3, 1, "Phoenix"]], "name": "SeasonSeries"}, {"headers": ["GAME_ID", "LAST_GAME_ID", "LAST_GAME_DATE_EST", "LAST_GAME_HOME_TEAM_ID", "LAST_GAME_HOME_TEAM_CITY", "LAST_GAME_HOME_TEAM_NAME", "LAST_GAME_HOME_TEAM_ABBREVIATION", "LAST_GAME_HOME_TEAM_POINTS", "LAST_GAME_VISITOR_TEAM_ID", "LAST_GAME_VISITOR_TEAM_CITY", "LAST_GAME_VISITOR_TEAM_NAME", "LAST_GAME_VISITOR_TEAM_CITY1", "LAST_GAME_VISITOR_TEAM_POINTS"], "rowSet": [["0021100014", "0021001184", "2011-04-08T00:00:00", 1610612756, "Phoenix", "Suns", "PHX", 97, 1610612740, "New Orleans", "Hornets", "NOH", 109]], "name": "LastMeeting"}, {"headers": ["GAME_ID", "TEAM_ID", "TEAM_ABBREVIATION", "TEAM_CITY", "PLAYER_ID", "PLAYER_NAME", "START_POSITION", "COMMENT", "MIN", "FGM", "FGA", "FG_PCT", "FG3M", "FG3A", "FG3_PCT", "FTM", "FTA", "FT_PCT", "OREB", "DREB", "REB", "AST", "STL", "BLK", "TO", "PF", "PTS", "PLUS_MINUS"], "rowSet": [["0021100014", 1610612740, "NOH", "New Orleans", 2772, "Trevor Ariza", "F", "", "34:12", 6, 11, 0.545, 1, 2, 0.5, 0, 2, 0.0, 1, 6, 7, 1, 0, 1, 1, 3, 13, 4.0], ["0021100014", 1610612740, "NOH", "New Orleans", 201171, "Carl Landry", "F", "", "33:12", 6, 15, 0.4, 0, 0, 0.0, 2, 5, 0.4, 3, 4, 7, 1, 2, 0, 0, 4, 14, -1.0], ["0021100014", 1610612740, "NOH", "New Orleans", 2731, "Emeka Okafor", "C", "", "26:27", 1, 5, 0.2, 0, 0, 0.0, 2, 4, 0.5, 1, 8, 9, 0, 0, 2, 1, 2, 4, -1.0], ["0021100014", 1610612740, "NOH", "New Orleans", 201569, "Eric Gordon", "G", "", "39:08", 9, 18, 0.5, 0, 6, 0.0, 2, 3, 0.667, 0, 4, 4, 3, 1, 1, 1, 4, 20, 7.0], ["0021100014", 1610612740, "NOH", "New Orleans", 201158, "Marco Belinelli", "G", "", "30:24", 4, 11, 0.364, 0, 5, 0.0, 2, 2, 1.0, 1, 4, 5, 1, 0, 0, 1, 2, 10, -9.0], ["0021100014", 1610612740, "NOH", "New Orleans", 202349, "Greivis Vasquez", "", "", "26:36", 3, 7, 0.429, 1, 3, 0.333, 3, 3, 1.0, 0, 3, 3, 2, 3, 0, 5, 0, 10, 1.0], ["0021100014", 1610612740, "NOH", "New Orleans", 2549, "Chris Kaman", "", "", "20:38", 5, 8, 0.625, 0, 0, 0.0, 0, 0, 0.0, 3, 2, 5, 0, 1, 0, 3, 4, 10, 4.0], ["0021100014", 1610612740, "NOH", "New Orleans", 202329, "Al-Farouq Aminu", "", "", "11:16", 0, 1, 0.0, 0, 0, 0.0, 0, 0, 0.0, 1, 3, 4, 0, 0, 0, 1, 1, 0, -3.0], ["0021100014", 1610612740, "NOH", "New Orleans", 201160, "Jason Smith", "", "", "15:44", 1, 3, 0.333, 0, 0, 0.0, 2, 2, 1.0, 2, 0, 2, 1, 2, 1, 0, 2, 4, 0.0], ["0021100014", 1610612740, "NOH", "New Orleans", 201291, "Carldell Johnson", "", "", "2:24", 0, 0, 0.0, 0, 0, 0.0, 0, 0, 0.0, 0, 1, 1, 1, 0, 0, 0, 0, 0, 3.0], ["0021100014", 1610612740, "NOH", "New Orleans", 101127, "Jarrett Jack", "", "NWT - NBA Suspension", null, null, null, null, null, null, null, null, null, null, null, null, null, null, null, null, null, null, null, null], ["0021100014", 1610612740, "NOH", "New Orleans", 201234, "Trey Johnson", "", "DNP - Coach's Decision", null, null, null, null, null, null, null, null, null, null, null, null, null, null, null, null, null, null, null, null], ["0021100014", 1610612740, "NOH", "New Orleans", 202498, "Lance Thomas", "", "DNP - Coach's Decision", null, null, null, null, null, null, null, null, null, null, null, null, null, null, null, null, null, null, null, null], ["0021100014", 1610612756, "PHX", "Phoenix", 255, "Grant Hill", "F", "", "22:39", 3, 10, 0.3, 0, 4, 0.0, 0, 0, 0.0, 1, 6, 7, 1, 0, 0, 2, 0, 6, 6.0], ["0021100014", 1610612756, "PHX", "Phoenix", 101112, "Channing Frye", "F", "", "23:06", 1, 6, 0.167, 0, 2, 0.0, 1, 1, 1.0, 0, 4, 4, 0, 2, 0, 0, 0, 3, 5.0], ["0021100014", 1610612756, "PHX", "Phoenix", 101162, "Marcin Gortat", "C", "", "21:05", 6, 9, 0.667, 0, 0, 0.0, 1, 3, 0.333, 3, 2, 5, 0, 1, 0, 0, 3, 13, 1.0], ["0021100014", 1610612756, "PHX", "Phoenix", 201162, "Jared Dudley", "G", "", "35:09", 3, 11, 0.273, 1, 5, 0.2, 2, 3, 0.667, 1, 7, 8, 3, 1, 0, 1, 3, 9, 1.0], ["0021100014", 1610612756, "PHX", "Phoenix", 959, "Steve Nash", "G", "", "29:41", 5, 10, 0.5, 2, 3, 0.667, 2, 2, 1.0, 0, 0, 0, 12, 0, 0, 4, 3, 14, 5.0], ["0021100014", 1610612756, "PHX", "Phoenix", 201577, "Robin Lopez", "", "", "26:55", 8, 12, 0.667, 0, 0, 0.0, 5, 6, 0.833, 2, 5, 7, 1, 0, 0, 1, 3, 21, -2.0], ["0021100014", 1610612756, "PHX", "Phoenix", 202693, "Markieff Morris", "", "", "24:54", 2, 5, 0.4, 1, 3, 0.333, 2, 2, 1.0, 3, 6, 9, 2, 2, 2, 1, 4, 7, -6.0], ["0021100014", 1610612756, "PHX", "Phoenix", 2735, "Josh Childress", "", "", "17:50", 3, 6, 0.5, 1, 4, 0.25, 0, 0, 0.0, 0, 3, 3, 1, 1, 1, 1, 1, 7, -7.0], ["0021100014", 1610612756, "PHX", "Phoenix", 101179, "Ronnie Price", "", "", "11:15", 0, 3, 0.0, 0, 1, 0.0, 0, 0, 0.0, 1, 0, 1, 1, 1, 0, 2, 2, 0, -4.0], ["0021100014", 1610612756, "PHX", "Phoenix", 200769, "Shannon Brown", "", "", "20:22", 1, 8, 0.125, 0, 2, 0.0, 0, 0, 0.0, 1, 0, 1, 1, 1, 0, 2, 3, 2, -2.0], ["0021100014", 1610612756, "PHX", "Phoenix", 2742, "Sebastian Telfair", "", "", "7:04", 0, 1, 0.0, 0, 1, 0.0, 2, 2, 1.0, 0, 0, 0, 1, 0, 0, 0, 2, 2, -2.0], ["0021100014", 1610612756, "PHX", "Phoenix", 202081, "Garret Siler", "", "DNP - Coach's Decision", null, null, null, null, null, null, null, null, null, null, null, null, null, null, null, null, null, null, null, null], ["0021100014", 1610612756, "PHX", "Phoenix", 101124, "Hakim Warrick", "", "DNP - Coach's Decision", null, null, null, null, null, null, null, null, null, null, null, null, null, null, null, null, null, null, null, null]], "name": "PlayerStats"}, {"headers": ["GAME_ID", "TEAM_ID", "TEAM_NAME", "TEAM_ABBREVIATION", "TEAM_CITY", "MIN", "FGM", "FGA", "FG_PCT", "FG3M", "FG3A", "FG3_PCT", "FTM", "FTA", "FT_PCT", "OREB", "DREB", "REB", "AST", "STL", "BLK", "TO", "PF", "PTS", "PLUS_MINUS"], "rowSet": [["0021100014", 1610612756, "Suns", "PHX", "Phoenix", "240:00", 32, 81, 0.395, 5, 25, 0.2, 15, 19, 0.789, 12, 33, 45, 23, 9, 3, 14, 24, 84, -1.0], ["0021100014", 1610612740, "Hornets", "NOH", "New Orleans", "240:00", 35, 79, 0.443, 2, 16, 0.125, 13, 21, 0.619, 12, 35, 47, 10, 9, 5, 13, 22, 85, 1.0]], "name": "TeamStats"}, {"headers": ["LEAGUE_ID", "SEASON_ID", "TEAM_ID", "TEAM_ABBREVIATION", "TEAM_CITY", "PTS_PAINT", "PTS_2ND_CHANCE", "PTS_FB", "LARGEST_LEAD", "LEAD_CHANGES", "TIMES_TIED"], "rowSet": [["00", "22011", 1610612756, "PHX", "Phoenix", 36, 23, 14, 9, 12, 7], ["00", "22011", 1610612740, "NOH", "New Orleans", 42, 14, 13, 8, 13, 7]], "name": "OtherStats"}, {"headers": ["OFFICIAL_ID", "FIRST_NAME", "LAST_NAME", "JERSEY_NUM"], "rowSet": [[1146, "Tony", "Brothers", "25"], [1200, "Greg", "Willard", "57"], [2878, "Tommy", "Nunez Jr.", "28"]], "name": "Officials"}, {"headers": ["GAME_DATE", "ATTENDANCE", "GAME_TIME"], "rowSet": [["MONDAY, DECEMBER 26, 2011", 17776, "2:20"]], "name": "GameInfo"}, {"headers": ["PLAYER_ID", "FIRST_NAME", "LAST_NAME", "JERSEY_NUM", "TEAM_ID", "TEAM_CITY", "TEAM_NAME", "TEAM_ABBREVIATION"], "rowSet": [[201969, "DaJuan", "Summers", "22", 1610612740, "New Orleans", "Hornets", "NOH"], [202970, "Gustavo", "Ayon", "15", 1610612740, "New Orleans", "Hornets", "NOH"]], "name": "InactivePlayers"}, {"headers": ["VIDEO_AVAILABLE_FLAG"], "rowSet": [[0]], "name": "AvailableVideo"}], "parameters": {"GameID": "0021100014", "RangeType": 0, "StartPeriod": 0, "StartRange": 0, "EndPeriod": 0, "EndRange": 0}}