{"resource": "boxscore", "resultSets": [{"headers": ["GAME_DATE_EST", "GAME_SEQUENCE", "GAME_ID", "GAME_STATUS_ID", "GAME_STATUS_TEXT", "GAMECODE", "HOME_TEAM_ID", "VISITOR_TEAM_ID", "SEASON", "LIVE_PERIOD", "LIVE_PC_TIME", "NATL_TV_BROADCASTER_ABBREVIATION", "LIVE_PERIOD_TIME_BCAST", "WH_STATUS"], "rowSet": [["2011-12-29T00:00:00", 6, "0021100038", 3, "Final", "20111229/NYKLAL", 1610612747, 1610612752, "2011", 4, "", "TNT", "Q4  - TNT", 1]], "name": "GameSummary"}, {"headers": ["GAME_DATE_EST", "GAME_SEQUENCE", "GAME_ID", "TEAM_ID", "TEAM_ABBREVIATION", "TEAM_CITY_NAME", "TEAM_WINS_LOSSES", "PTS_QTR1", "PTS_QTR2", "PTS_QTR3", "PTS_QTR4", "PTS_OT1", "PTS_OT2", "PTS_OT3", "PTS_OT4", "PTS_OT5", "PTS_OT6", "PTS_OT7", "PTS_OT8", "PTS_OT9", "PTS_OT10", "PTS"], "rowSet": [["2011-12-29T00:00:00", 6, "0021100038", 1610612752, "NYK", "New York", "1-2", 24, 27, 21, 10, 0, 0, 0, 0, 0, 0, 0, 0, 0, 0, 82], ["2011-12-29T00:00:00", 6, "0021100038", 1610612747, "LAL", "Los Angeles", "2-2", 31, 32, 17, 19, 0, 0, 0, 0, 0, 0, 0, 0, 0, 0, 99]], "name": "LineScore"}, {"headers": ["GAME_ID", "HOME_TEAM_ID", "VISITOR_TEAM_ID", "GAME_DATE_EST", "HOME_TEAM_WINS", "HOME_TEAM_LOSSES", "SERIES_LEADER"], "rowSet": [["0021100038", 1610612747, 1610612752, "2011-12-29T00:00:00", 1, 1, "Tied"]], "name": "SeasonSeries"}, {"headers": ["GAME_ID", "LAST_GAME_ID", "LAST_GAME_DATE_EST", "LAST_GAME_HOME_TEAM_ID", "LAST_GAME_HOME_TEAM_CITY", "LAST_GAME_HOME_TEAM_NAME", "LAST_GAME_HOME_TEAM_ABBREVIATION", "LAST_GAME_HOME_TEAM_POINTS", "LAST_GAME_VISITOR_TEAM_ID", "LAST_GAME_VISITOR_TEAM_CITY", "LAST_GAME_VISITOR_TEAM_NAME", "LAST_GAME_VISITOR_TEAM_CITY1", "LAST_GAME_VISITOR_TEAM_POINTS"], "rowSet": [["0021100038", "0021000793", "2011-02-11T00:00:00", 1610612747, "Los Angeles", "Lakers", "LAL", 113, 1610612752, "New York", "Knicks", "NYK", 96]], "name": "LastMeeting"}, {"headers": ["GAME_ID", "TEAM_ID", "TEAM_ABBREVIATION", "TEAM_CITY", "PLAYER_ID", "PLAYER_NAME", "START_POSITION", "COMMENT", "MIN", "FGM", "FGA", "FG_PCT", "FG3M", "FG3A", "FG3_PCT", "FTM", "FTA", "FT_PCT", "OREB", "DREB", "REB", "AST", "STL", "BLK", "TO", "PF", "PTS", "PLUS_MINUS"], "rowSet": [["0021100038", 1610612752, "NYK", "New York", 2546, "Carmelo Anthony", "F", "", "36:47", 8, 14, 0.571, 2, 4, 0.5, 9, 10, 0.9, 1, 6, 7, 5, 0, 1, 5, 3, 27, -16.0], ["0021100038", 1610612752, "NYK", "New York", 2405, "Amar'e Stoudemire", "F", "", "32:15", 4, 17, 0.235, 1, 1, 1.0, 6, 6, 1.0, 1, 1, 2, 0, 3, 2, 4, 3, 15, -15.0], ["0021100038", 1610612752, "NYK", "New York", 2199, "Tyson Chandler", "C", "", "34:56", 1, 3, 0.333, 0, 0, 0.0, 11, 14, 0.786, 4, 7, 11, 1, 3, 2, 1, 1, 13, -16.0], ["0021100038", 1610612752, "NYK", "New York", 202361, "Landry Fields", "G", "", "24:11", 2, 7, 0.286, 1, 3, 0.333, 0, 0, 0.0, 0, 2, 2, 3, 1, 0, 0, 4, 5, 0.0], ["0021100038", 1610612752, "NYK", "New York", 201962, "Toney Douglas", "G", "", "33:01", 2, 8, 0.25, 0, 4, 0.0, 1, 1, 1.0, 0, 3, 3, 5, 1, 0, 1, 1, 5, -6.0], ["0021100038", 1610612752, "NYK", "New York", 1710, "Mike Bibby", "", "", "20:45", 1, 4, 0.25, 0, 3, 0.0, 0, 0, 0.0, 0, 1, 1, 0, 0, 0, 0, 1, 2, -19.0], ["0021100038", 1610612752, "NYK", "New York", 201611, "Henry Walker", "", "", "17:17", 0, 3, 0.0, 0, 2, 0.0, 1, 2, 0.5, 0, 0, 0, 1, 3, 0, 0, 5, 1, -15.0], ["0021100038", 1610612752, "NYK", "New York", 202725, "Josh Harrellson", "", "", "15:45", 1, 6, 0.167, 0, 2, 0.0, 1, 2, 0.5, 2, 1, 3, 0, 0, 1, 0, 1, 3, -2.0], ["0021100038", 1610612752, "NYK", "New York", 200779, "Steve Novak", "", "", "11:24", 2, 3, 0.667, 2, 3, 0.667, 0, 0, 0.0, 0, 0, 0, 0, 0, 0, 1, 0, 6, -3.0], ["0021100038", 1610612752, "NYK", "New York", 200764, "Renaldo Balkman", "", "", "10:19", 0, 1, 0.0, 0, 0, 0.0, 3, 4, 0.75, 1, 2, 3, 0, 0, 0, 0, 1, 3, 3.0], ["0021100038", 1610612752, "NYK", "New York", 202366, "Jerome Jordan", "", "", "1:40", 0, 0, 0.0, 0, 0, 0.0, 0, 0, 0.0, 0, 0, 0, 0, 0, 0, 0, 0, 0, 2.0], ["0021100038", 1610612752, "NYK", "New York", 202391, "Jeremy Lin", "", "", "1:40", 0, 1, 0.0, 0, 0, 0.0, 2, 2, 1.0, 0, 0, 0, 0, 0, 0, 0, 0, 2, 2.0], ["0021100038", 1610612747, "LAL", "Los Angeles", 202365, "Devin Ebanks", "F", "", "14:11", 0, 1, 0.0, 0, 0, 0.0, 0, 2, 0.0, 1, 2, 3, 1, 0, 1, 0, 3, 0, -6.0], ["0021100038", 1610612747, "LAL", "Los Angeles", 201177, "Josh McRoberts", "F", "", "26:40", 4, 7, 0.571, 0, 0, 0.0, 2, 2, 1.0, 1, 5, 6, 1, 3, 2, 0, 5, 10, 6.0], ["0021100038", 1610612747, "LAL", "Los Angeles", 2200, "Pau Gasol", "C", "", "36:02", 7, 12, 0.583, 0, 0, 0.0, 2, 2, 1.0, 1, 9, 10, 5, 0, 2, 1, 4, 16, 16.0], ["0021100038", 1610612747, "LAL", "Los Angeles", 977, "Kobe Bryant", "G", "", "33:43", 10, 17, 0.588, 1, 3, 0.333, 7, 10, 0.7, 0, 4, 4, 6, 1, 1, 5, 3, 28, 7.0], ["0021100038", 1610612747, "LAL", "Los Angeles", 965, "Derek Fisher", "G", "", "21:43", 2, 7, 0.286, 1, 2, 0.5, 0, 2, 0.0, 1, 1, 2, 1, 0, 0, 2, 0, 5, 2.0], ["0021100038", 1610612747, "LAL", "Los Angeles", 1897, "Metta World Peace", "", "", "24:40", 3, 7, 0.429, 1, 1, 1.0, 2, 3, 0.667, 0, 2, 2, 1, 0, 0, 4, 3, 9, 20.0], ["0021100038", 1610612747, "LAL", "Los Angeles", 2581, "Steve Blake", "", "", "24:37", 4, 9, 0.444, 3, 5, 0.6, 0, 0, 0.0, 1, 1, 2, 3, 0, 0, 0, 1, 11, 17.0], ["0021100038", 1610612747, "LAL", "Los Angeles", 2211, "Troy Murphy", "", "", "22:13", 2, 4, 0.5, 0, 0, 0.0, 0, 0, 0.0, 0, 7, 7, 3, 1, 0, 1, 4, 4, 17.0], ["0021100038", 1610612747, "LAL", "Los Angeles", 2574, "Jason Kapono", "", "", "14:24", 3, 3, 1.0, 2, 2, 1.0, 1, 1, 1.0, 0, 2, 2, 0, 1, 0, 0, 0, 9, 6.0], ["0021100038", 1610612747, "LAL", "Los Angeles", 2440, "Matt Barnes", "", "", "17:59", 3, 6, 0.5, 1, 3, 0.333, 0, 0, 0.0, 1, 1, 2, 2, 0, 1, 1, 4, 7, 3.0], ["0021100038", 1610612747, "LAL", "Los Angeles", 2575, "Luke Walton", "", "", "2:08", 0, 0, 0.0, 0, 0, 0.0, 0, 0, 0.0, 0, 0, 0, 0, 0, 0, 0, 0, 0, -1.0], ["0021100038", 1610612747, "LAL", "Los Angeles", 202726, "Andrew Goudelock", "", "", "1:40", 0, 0, 0.0, 0, 0, 0.0, 0, 0, 0.0, 0, 0, 0, 0, 0, 0, 0, 1, 0, -2.0], ["0021100038", 1610612747, "LAL", "Los Angeles", 101115, "Andrew Bynum", "", "NWT - Suspension", null, null, null, null, null, null, null, null, null, null, null, null, null, null, null, null, null, null, null, null]], "name": "PlayerStats"}, {"headers": ["GAME_ID", "TEAM_ID", "TEAM_NAME", "TEAM_ABBREVIATION", "TEAM_CITY", "MIN", "FGM", "FGA", "FG_PCT", "FG3M", "FG3A", "FG3_PCT", "FTM", "FTA", "FT_PCT", "OREB", "DREB", "REB", "AST", "STL", "BLK", "TO", "PF", "PTS", "PLUS_MINUS"], "rowSet": [["0021100038", 1610612752, "Knicks", "NYK", "New York", "240:00", 21, 67, 0.313, 6, 22, 0.273, 34, 41, 0.829, 9, 23, 32, 15, 11, 6, 12, 20, 82, -17.0], ["0021100038", 1610612747, "Lakers", "LAL", "Los Angeles", "240:00", 38, 73, 0.521, 9, 16, 0.563, 14, 22, 0.636, 6, 34, 40, 23, 6, 7, 14, 28, 99, 17.0]], "name": "TeamStats"}, {"headers": ["LEAGUE_ID", "SEASON_ID", "TEAM_ID", "TEAM_ABBREVIATION", "TEAM_CITY", "PTS_PAINT", "PTS_2ND_CHANCE", "PTS_FB", "LARGEST_LEAD", "LEAD_CHANGES", "TIMES_TIED"], "rowSet": [["00", "22011", 1610612747, "LAL", "Los Angeles", 44, 8, 7, 20, 2, 1], ["00", "22011", 1610612752, "NYK", "New York", 26, 5, 6, 22, 2, 1]], "name": "OtherStats"}, {"headers": ["OFFICIAL_ID", "FIRST_NAME", "LAST_NAME", "JERSEY_NUM"], "rowSet": [[2530, "Ed", "Malloy", "14"], [2715, "Eric", "Lewis", "42"], [200832, "Curtis", "Blair", "74"]], "name": "Officials"}, {"headers": ["GAME_DATE", "ATTENDANCE", "GAME_TIME"], "rowSet": [["THURSDAY, DECEMBER 29, 2011", 18997, "2:32"]], "name": "GameInfo"}, {"headers": ["PLAYER_ID", "FIRST_NAME", "LAST_NAME", "JERSEY_NUM", "TEAM_ID", "TEAM_CITY", "TEAM_NAME", "TEAM_ABBREVIATION"], "rowSet": [[1884, "Baron", "Davis", "85", 1610612752, "New York", "Knicks", "NYK"], [2407, "Jared", "Jeffries", " 9", 1610612752, "New York", "Knicks", "NYK"], [202697, "Iman", "Shumpert", "21", 1610612752, "New York", "Knicks", "NYK"], [202382, "Derrick", "Caracter", "45", 1610612747, "Los Angeles", "Lakers", "LAL"], [202721, "Darius", "Morris", " 1", 1610612747, "Los Angeles", "Lakers", "LAL"]], "name": "InactivePlayers"}, {"headers": ["VIDEO_AVAILABLE_FLAG"], "rowSet": [[0]], "name": "AvailableVideo"}], "parameters": {"GameID": "0021100038", "RangeType": 0, "StartPeriod": 0, "StartRange": 0, "EndPeriod": 0, "EndRange": 0}}