{"resource": "boxscore", "resultSets": [{"headers": ["GAME_DATE_EST", "GAME_SEQUENCE", "GAME_ID", "GAME_STATUS_ID", "GAME_STATUS_TEXT", "GAMECODE", "HOME_TEAM_ID", "VISITOR_TEAM_ID", "SEASON", "LIVE_PERIOD", "LIVE_PC_TIME", "NATL_TV_BROADCASTER_ABBREVIATION", "LIVE_PERIOD_TIME_BCAST", "WH_STATUS"], "rowSet": [["2011-12-30T00:00:00", 10, "0021100048", 3, "Final", "20111230/PHIUTA", 1610612762, 1610612755, "2011", 4, "", null, "Q4  - ", 1]], "name": "GameSummary"}, {"headers": ["GAME_DATE_EST", "GAME_SEQUENCE", "GAME_ID", "TEAM_ID", "TEAM_ABBREVIATION", "TEAM_CITY_NAME", "TEAM_WINS_LOSSES", "PTS_QTR1", "PTS_QTR2", "PTS_QTR3", "PTS_QTR4", "PTS_OT1", "PTS_OT2", "PTS_OT3", "PTS_OT4", "PTS_OT5", "PTS_OT6", "PTS_OT7", "PTS_OT8", "PTS_OT9", "PTS_OT10", "PTS"], "rowSet": [["2011-12-30T00:00:00", 10, "0021100048", 1610612762, "UTA", "Utah", "1-2", 22, 31, 18, 31, 0, 0, 0, 0, 0, 0, 0, 0, 0, 0, 102], ["2011-12-30T00:00:00", 10, "0021100048", 1610612755, "PHI", "Philadelphia", "1-2", 29, 22, 22, 26, 0, 0, 0, 0, 0, 0, 0, 0, 0, 0, 99]], "name": "LineScore"}, {"headers": ["GAME_ID", "HOME_TEAM_ID", "VISITOR_TEAM_ID", "GAME_DATE_EST", "HOME_TEAM_WINS", "HOME_TEAM_LOSSES", "SERIES_LEADER"], "rowSet": [["0021100048", 1610612762, 1610612755, "2011-12-30T00:00:00", 1, 1, "Tied"]], "name": "SeasonSeries"}, {"headers": ["GAME_ID", "LAST_GAME_ID", "LAST_GAME_DATE_EST", "LAST_GAME_HOME_TEAM_ID", "LAST_GAME_HOME_TEAM_CITY", "LAST_GAME_HOME_TEAM_NAME", "LAST_GAME_HOME_TEAM_ABBREVIATION", "LAST_GAME_HOME_TEAM_POINTS", "LAST_GAME_VISITOR_TEAM_ID", "LAST_GAME_VISITOR_TEAM_CITY", "LAST_GAME_VISITOR_TEAM_NAME", "LAST_GAME_VISITOR_TEAM_CITY1", "LAST_GAME_VISITOR_TEAM_POINTS"], "rowSet": [["0021100048", "0021000997", "2011-03-14T00:00:00", 1610612762, "Utah", "Jazz", "UTA", 112, 1610612755, "Philadelphia", "76ers", "PHI", 107]], "name": "LastMeeting"}, {"headers": ["GAME_ID", "TEAM_ID", "TEAM_ABBREVIATION", "TEAM_CITY", "PLAYER_ID", "PLAYER_NAME", "START_POSITION", "COMMENT", "MIN", "FGM", "FGA", "FG_PCT", "FG3M", "FG3A", "FG3_PCT", "FTM", "FTA", "FT_PCT", "OREB", "DREB", "REB", "AST", "STL", "BLK", "TO", "PF", "PTS", "PLUS_MINUS"], "rowSet": [["0021100048", 1610612755, "PHI", "Philadelphia", 2738, "Andre Iguodala", "F", "", "39:01", 6, 11, 0.545, 2, 2, 1.0, 2, 5, 0.4, 0, 6, 6, 4, 1, 0, 3, 1, 16, 1.0], ["0021100048", 1610612755, "PHI", "Philadelphia", 1882, "Elton Brand", "F", "", "29:17", 5, 12, 0.417, 0, 0, 0.0, 2, 4, 0.5, 3, 4, 7, 2, 0, 0, 0, 3, 12, -4.0], ["0021100048", 1610612755, "PHI", "Philadelphia", 201150, "Spencer Hawes", "C", "", "37:55", 7, 9, 0.778, 0, 0, 0.0, 1, 1, 1.0, 4, 9, 13, 2, 1, 3, 3, 3, 15, 2.0], ["0021100048", 1610612755, "PHI", "Philadelphia", 201975, "Jodie Meeks", "G", "", "22:15", 2, 4, 0.5, 1, 3, 0.333, 0, 0, 0.0, 0, 2, 2, 1, 0, 0, 0, 1, 5, 4.0], ["0021100048", 1610612755, "PHI", "Philadelphia", 201950, "Jrue Holiday", "G", "", "36:57", 9, 15, 0.6, 1, 3, 0.333, 3, 3, 1.0, 0, 2, 2, 3, 2, 0, 3, 3, 22, 0.0], ["0021100048", 1610612755, "PHI", "Philadelphia", 201152, "Thaddeus Young", "", "", "18:37", 3, 8, 0.375, 0, 0, 0.0, 3, 4, 0.75, 0, 1, 1, 0, 1, 0, 1, 3, 9, 1.0], ["0021100048", 1610612755, "PHI", "Philadelphia", 202323, "Evan Turner", "", "", "18:08", 0, 5, 0.0, 0, 0, 0.0, 0, 0, 0.0, 0, 3, 3, 2, 1, 0, 1, 3, 0, -6.0], ["0021100048", 1610612755, "PHI", "Philadelphia", 101150, "Louis Williams", "", "", "28:48", 5, 12, 0.417, 0, 5, 0.0, 10, 12, 0.833, 0, 4, 4, 5, 0, 0, 1, 4, 20, -10.0], ["0021100048", 1610612755, "PHI", "Philadelphia", 202696, "Nikola Vucevic", "", "", "9:02", 0, 1, 0.0, 0, 0, 0.0, 0, 0, 0.0, 0, 2, 2, 0, 1, 0, 0, 1, 0, -3.0], ["0021100048", 1610612755, "PHI", "Philadelphia", 1499, "Tony Battie", "", "DNP - Coach's Decision", null, null, null, null, null, null, null, null, null, null, null, null, null, null, null, null, null, null, null, null], ["0021100048", 1610612755, "PHI", "Philadelphia", 202342, "Craig Brackins", "", "DNP - Coach's Decision", null, null, null, null, null, null, null, null, null, null, null, null, null, null, null, null, null, null, null, null], ["0021100048", 1610612755, "PHI", "Philadelphia", 2804, "Andres Nocioni", "", "DNP - Coach's Decision", null, null, null, null, null, null, null, null, null, null, null, null, null, null, null, null, null, null, null, null], ["0021100048", 1610612755, "PHI", "Philadelphia", 201578, "Marreese Speights", "", "DNP - Coach's Decision", null, null, null, null, null, null, null, null, null, null, null, null, null, null, null, null, null, null, null, null], ["0021100048", 1610612762, "UTA", "Utah", 202330, "Gordon Hayward", "F", "", "35:04", 5, 9, 0.556, 1, 2, 0.5, 4, 4, 1.0, 0, 2, 2, 3, 1, 2, 1, 3, 15, 0.0], ["0021100048", 1610612762, "UTA", "Utah", 200794, "Paul Millsap", "F", "", "35:37", 4, 16, 0.25, 1, 3, 0.333, 5, 8, 0.625, 2, 12, 14, 2, 3, 2, 0, 3, 14, 7.0], ["0021100048", 1610612762, "UTA", "Utah", 202324, "Derrick Favors", "C", "", "38:59", 10, 16, 0.625, 0, 0, 0.0, 0, 1, 0.0, 3, 8, 11, 0, 0, 1, 1, 3, 20, 1.0], ["0021100048", 1610612762, "UTA", "Utah", 1952, "Raja Bell", "G", "", "18:10", 1, 4, 0.25, 1, 2, 0.5, 0, 0, 0.0, 0, 1, 1, 2, 1, 0, 0, 1, 3, -7.0], ["0021100048", 1610612762, "UTA", "Utah", 2734, "Devin Harris", "G", "", "25:53", 5, 11, 0.455, 1, 5, 0.2, 8, 9, 0.889, 0, 3, 3, 3, 1, 0, 4, 1, 19, 2.0], ["0021100048", 1610612762, "UTA", "Utah", 2248, "Earl Watson", "", "", "22:12", 3, 5, 0.6, 1, 1, 1.0, 2, 2, 1.0, 0, 0, 0, 4, 1, 1, 1, 4, 9, 2.0], ["0021100048", 1610612762, "UTA", "Utah", 101139, "CJ Miles", "", "", "18:46", 3, 8, 0.375, 1, 2, 0.5, 3, 5, 0.6, 1, 1, 2, 1, 0, 1, 2, 3, 10, -4.0], ["0021100048", 1610612762, "UTA", "Utah", 202379, "Jeremy Evans", "", "", "5:11", 0, 1, 0.0, 0, 0, 0.0, 0, 0, 0.0, 0, 0, 0, 0, 0, 2, 0, 1, 0, -12.0], ["0021100048", 1610612762, "UTA", "Utah", 2572, "Josh Howard", "", "", "23:47", 2, 6, 0.333, 0, 1, 0.0, 4, 4, 1.0, 1, 1, 2, 2, 1, 0, 2, 3, 8, 16.0], ["0021100048", 1610612762, "UTA", "Utah", 202683, "Enes Kanter", "", "", "15:29", 2, 3, 0.667, 0, 0, 0.0, 0, 0, 0.0, 2, 4, 6, 0, 0, 0, 0, 0, 4, 7.0], ["0021100048", 1610612762, "UTA", "Utah", 2224, "Jamaal Tinsley", "", "", "0:53", 0, 0, 0.0, 0, 0, 0.0, 0, 0, 0.0, 0, 0, 0, 0, 0, 0, 0, 1, 0, 3.0], ["0021100048", 1610612762, "UTA", "Utah", 202692, "Alec Burks", "", "DNP - Coach's Decision", null, null, null, null, null, null, null, null, null, null, null, null, null, null, null, null, null, null, null, null], ["0021100048", 1610612762, "UTA", "Utah", 2744, "Al Jefferson", "", "DND - Inflamed right ankle", null, null, null, null, null, null, null, null, null, null, null, null, null, null, null, null, null, null, null, null]], "name": "PlayerStats"}, {"headers": ["GAME_ID", "TEAM_ID", "TEAM_NAME", "TEAM_ABBREVIATION", "TEAM_CITY", "MIN", "FGM", "FGA", "FG_PCT", "FG3M", "FG3A", "FG3_PCT", "FTM", "FTA", "FT_PCT", "OREB", "DREB", "REB", "AST", "STL", "BLK", "TO", "PF", "PTS", "PLUS_MINUS"], "rowSet": [["0021100048", 1610612762, "Jazz", "UTA", "Utah", "240:00", 35, 79, 0.443, 6, 16, 0.375, 26, 33, 0.788, 9, 32, 41, 17, 8, 9, 11, 23, 102, 3.0], ["0021100048", 1610612755, "76ers", "PHI", "Philadelphia", "240:00", 37, 77, 0.481, 4, 13, 0.308, 21, 29, 0.724, 7, 33, 40, 19, 7, 3, 12, 22, 99, -3.0]], "name": "TeamStats"}, {"headers": ["LEAGUE_ID", "SEASON_ID", "TEAM_ID", "TEAM_ABBREVIATION", "TEAM_CITY", "PTS_PAINT", "PTS_2ND_CHANCE", "PTS_FB", "LARGEST_LEAD", "LEAD_CHANGES", "TIMES_TIED"], "rowSet": [["00", "22011", 1610612755, "PHI", "Philadelphia", 42, 13, 20, 13, 12, 2], ["00", "22011", 1610612762, "UTA", "Utah", 38, 17, 16, 13, 12, 2]], "name": "OtherStats"}, {"headers": ["OFFICIAL_ID", "FIRST_NAME", "LAST_NAME", "JERSEY_NUM"], "rowSet": [[1201, "Leon", "Wood", "40"], [1146, "Tony", "Brothers", "25"], [2878, "Tommy", "Nunez Jr.", "28"]], "name": "Officials"}, {"headers": ["GAME_DATE", "ATTENDANCE", "GAME_TIME"], "rowSet": [["FRIDAY, DECEMBER 30, 2011", 19911, "2:17"]], "name": "GameInfo"}, {"headers": ["PLAYER_ID", "FIRST_NAME", "LAST_NAME", "JERSEY_NUM", "TEAM_ID", "TEAM_CITY", "TEAM_NAME", "TEAM_ABBREVIATION"], "rowSet": [[202730, "Lavoy", "Allen", "50", 1610612755, "Philadelphia", "76ers", "PHI"]], "name": "InactivePlayers"}, {"headers": ["VIDEO_AVAILABLE_FLAG"], "rowSet": [[0]], "name": "AvailableVideo"}], "parameters": {"GameID": "0021100048", "RangeType": 0, "StartPeriod": 0, "StartRange": 0, "EndPeriod": 0, "EndRange": 0}}