{"resource": "boxscore", "resultSets": [{"headers": ["GAME_DATE_EST", "GAME_SEQUENCE", "GAME_ID", "GAME_STATUS_ID", "GAME_STATUS_TEXT", "GAMECODE", "HOME_TEAM_ID", "VISITOR_TEAM_ID", "SEASON", "LIVE_PERIOD", "LIVE_PC_TIME", "NATL_TV_BROADCASTER_ABBREVIATION", "LIVE_PERIOD_TIME_BCAST", "WH_STATUS"], "rowSet": [["2011-12-31T00:00:00", 6, "0021100055", 3, "Final", "20111231/UTASAS", 1610612759, 1610612762, "2011", 4, "", "NBA TV", "Q4  - NBA TV", 1]], "name": "GameSummary"}, {"headers": ["GAME_DATE_EST", "GAME_SEQUENCE", "GAME_ID", "TEAM_ID", "TEAM_ABBREVIATION", "TEAM_CITY_NAME", "TEAM_WINS_LOSSES", "PTS_QTR1", "PTS_QTR2", "PTS_QTR3", "PTS_QTR4", "PTS_OT1", "PTS_OT2", "PTS_OT3", "PTS_OT4", "PTS_OT5", "PTS_OT6", "PTS_OT7", "PTS_OT8", "PTS_OT9", "PTS_OT10", "PTS"], "rowSet": [["2011-12-31T00:00:00", 6, "0021100055", 1610612762, "UTA", "Utah", "1-3", 18, 21, 21, 29, 0, 0, 0, 0, 0, 0, 0, 0, 0, 0, 89], ["2011-12-31T00:00:00", 6, "0021100055", 1610612759, "SAS", "San Antonio", "3-1", 23, 31, 29, 21, 0, 0, 0, 0, 0, 0, 0, 0, 0, 0, 104]], "name": "LineScore"}, {"headers": ["GAME_ID", "HOME_TEAM_ID", "VISITOR_TEAM_ID", "GAME_DATE_EST", "HOME_TEAM_WINS", "HOME_TEAM_LOSSES", "SERIES_LEADER"], "rowSet": [["0021100055", 1610612759, 1610612762, "2011-12-31T00:00:00", 3, 1, "San Antonio"]], "name": "SeasonSeries"}, {"headers": ["GAME_ID", "LAST_GAME_ID", "LAST_GAME_DATE_EST", "LAST_GAME_HOME_TEAM_ID", "LAST_GAME_HOME_TEAM_CITY", "LAST_GAME_HOME_TEAM_NAME", "LAST_GAME_HOME_TEAM_ABBREVIATION", "LAST_GAME_HOME_TEAM_POINTS", "LAST_GAME_VISITOR_TEAM_ID", "LAST_GAME_VISITOR_TEAM_CITY", "LAST_GAME_VISITOR_TEAM_NAME", "LAST_GAME_VISITOR_TEAM_CITY1", "LAST_GAME_VISITOR_TEAM_POINTS"], "rowSet": [["0021100055", "0021001191", "2011-04-09T00:00:00", 1610612759, "San Antonio", "Spurs", "SAS", 111, 1610612762, "Utah", "Jazz", "UTA", 102]], "name": "LastMeeting"}, {"headers": ["GAME_ID", "TEAM_ID", "TEAM_ABBREVIATION", "TEAM_CITY", "PLAYER_ID", "PLAYER_NAME", "START_POSITION", "COMMENT", "MIN", "FGM", "FGA", "FG_PCT", "FG3M", "FG3A", "FG3_PCT", "FTM", "FTA", "FT_PCT", "OREB", "DREB", "REB", "AST", "STL", "BLK", "TO", "PF", "PTS", "PLUS_MINUS"], "rowSet": [["0021100055", 1610612762, "UTA", "Utah", 202330, "Gordon Hayward", "F", "", "30:45", 1, 9, 0.111, 1, 3, 0.333, 1, 2, 0.5, 1, 2, 3, 4, 0, 0, 1, 2, 4, -7.0], ["0021100055", 1610612762, "UTA", "Utah", 200794, "Paul Millsap", "F", "", "25:07", 4, 7, 0.571, 0, 0, 0.0, 0, 0, 0.0, 3, 4, 7, 2, 3, 0, 0, 4, 8, 1.0], ["0021100055", 1610612762, "UTA", "Utah", 2744, "Al Jefferson", "C", "", "35:03", 10, 19, 0.526, 0, 0, 0.0, 1, 1, 1.0, 2, 9, 11, 0, 0, 2, 0, 5, 21, -5.0], ["0021100055", 1610612762, "UTA", "Utah", 1952, "Raja Bell", "G", "", "17:14", 0, 3, 0.0, 0, 2, 0.0, 0, 0, 0.0, 0, 1, 1, 0, 1, 0, 0, 1, 0, -11.0], ["0021100055", 1610612762, "UTA", "Utah", 2734, "Devin Harris", "G", "", "22:34", 2, 8, 0.25, 0, 3, 0.0, 4, 4, 1.0, 1, 1, 2, 3, 0, 3, 1, 1, 8, -9.0], ["0021100055", 1610612762, "UTA", "Utah", 202324, "Derrick Favors", "", "", "22:53", 2, 6, 0.333, 0, 0, 0.0, 3, 4, 0.75, 3, 4, 7, 0, 0, 0, 1, 2, 7, -16.0], ["0021100055", 1610612762, "UTA", "Utah", 2572, "Josh Howard", "", "", "26:15", 6, 16, 0.375, 0, 1, 0.0, 6, 6, 1.0, 3, 4, 7, 0, 2, 1, 1, 3, 18, -11.0], ["0021100055", 1610612762, "UTA", "Utah", 2248, "Earl Watson", "", "", "22:26", 2, 9, 0.222, 0, 3, 0.0, 1, 2, 0.5, 0, 3, 3, 0, 2, 1, 0, 2, 5, -9.0], ["0021100055", 1610612762, "UTA", "Utah", 202683, "Enes Kanter", "", "", "12:57", 2, 3, 0.667, 0, 0, 0.0, 3, 4, 0.75, 1, 1, 2, 1, 2, 1, 0, 3, 7, -10.0], ["0021100055", 1610612762, "UTA", "Utah", 101139, "CJ Miles", "", "", "16:45", 2, 7, 0.286, 1, 4, 0.25, 2, 2, 1.0, 0, 0, 0, 1, 3, 0, 2, 2, 7, -7.0], ["0021100055", 1610612762, "UTA", "Utah", 2224, "Jamaal Tinsley", "", "", "3:00", 0, 0, 0.0, 0, 0, 0.0, 0, 0, 0.0, 0, 0, 0, 0, 0, 1, 0, 0, 0, 3.0], ["0021100055", 1610612762, "UTA", "Utah", 202692, "Alec Burks", "", "", "2:47", 2, 2, 1.0, 0, 0, 0.0, 0, 0, 0.0, 0, 0, 0, 0, 0, 0, 1, 0, 4, 3.0], ["0021100055", 1610612762, "UTA", "Utah", 202379, "Jeremy Evans", "", "", "2:14", 0, 0, 0.0, 0, 0, 0.0, 0, 0, 0.0, 0, 1, 1, 0, 0, 0, 0, 0, 0, 3.0], ["0021100055", 1610612759, "SAS", "San Antonio", 2210, "Richard Jefferson", "F", "", "28:48", 3, 7, 0.429, 2, 3, 0.667, 0, 0, 0.0, 0, 1, 1, 1, 0, 0, 2, 5, 8, 2.0], ["0021100055", 1610612759, "SAS", "San Antonio", 1495, "Tim Duncan", "F", "", "26:36", 4, 13, 0.308, 0, 0, 0.0, 4, 5, 0.8, 0, 9, 9, 2, 0, 1, 1, 1, 12, 20.0], ["0021100055", 1610612759, "SAS", "San Antonio", 201971, "DeJuan Blair", "C", "", "29:52", 5, 8, 0.625, 0, 0, 0.0, 7, 13, 0.538, 5, 5, 10, 1, 2, 0, 3, 5, 17, -1.0], ["0021100055", 1610612759, "SAS", "San Antonio", 1938, "Manu Ginobili", "G", "", "24:25", 9, 10, 0.9, 5, 6, 0.833, 0, 0, 0.0, 0, 4, 4, 2, 0, 0, 3, 1, 23, 20.0], ["0021100055", 1610612759, "SAS", "San Antonio", 2225, "Tony Parker", "G", "", "28:15", 3, 10, 0.3, 0, 0, 0.0, 8, 8, 1.0, 0, 2, 2, 8, 0, 0, 2, 1, 14, 18.0], ["0021100055", 1610612759, "SAS", "San Antonio", 202695, "Kawhi Leonard", "", "", "15:22", 3, 5, 0.6, 1, 1, 1.0, 0, 1, 0.0, 0, 6, 6, 0, 1, 1, 1, 2, 7, -15.0], ["0021100055", 1610612759, "SAS", "San Antonio", 202341, "James Anderson", "", "", "21:35", 2, 6, 0.333, 1, 3, 0.333, 3, 4, 0.75, 0, 3, 3, 2, 0, 0, 1, 4, 8, 8.0], ["0021100055", 1610612759, "SAS", "San Antonio", 201168, "Tiago Splitter", "", "", "21:07", 4, 7, 0.571, 0, 0, 0.0, 0, 0, 0.0, 0, 4, 4, 2, 0, 3, 2, 1, 8, -2.0], ["0021100055", 1610612759, "SAS", "San Antonio", 2588, "Matt Bonner", "", "", "15:06", 1, 1, 1.0, 1, 1, 1.0, 0, 0, 0.0, 0, 3, 3, 2, 0, 0, 0, 0, 3, 17.0], ["0021100055", 1610612759, "SAS", "San Antonio", 2551, "T.J. Ford", "", "", "16:45", 0, 3, 0.0, 0, 1, 0.0, 0, 0, 0.0, 0, 2, 2, 4, 1, 0, 3, 0, 0, 0.0], ["0021100055", 1610612759, "SAS", "San Antonio", 201980, "Danny Green", "", "", "9:09", 2, 3, 0.667, 0, 1, 0.0, 0, 0, 0.0, 0, 2, 2, 2, 0, 0, 0, 1, 4, 11.0], ["0021100055", 1610612759, "SAS", "San Antonio", 202709, "Cory Joseph", "", "", "3:00", 0, 1, 0.0, 0, 0, 0.0, 0, 0, 0.0, 0, 0, 0, 0, 0, 0, 1, 0, 0, -3.0]], "name": "PlayerStats"}, {"headers": ["GAME_ID", "TEAM_ID", "TEAM_NAME", "TEAM_ABBREVIATION", "TEAM_CITY", "MIN", "FGM", "FGA", "FG_PCT", "FG3M", "FG3A", "FG3_PCT", "FTM", "FTA", "FT_PCT", "OREB", "DREB", "REB", "AST", "STL", "BLK", "TO", "PF", "PTS", "PLUS_MINUS"], "rowSet": [["0021100055", 1610612762, "Jazz", "UTA", "Utah", "240:00", 33, 89, 0.371, 2, 16, 0.125, 21, 25, 0.84, 14, 30, 44, 11, 13, 9, 7, 25, 89, -15.0], ["0021100055", 1610612759, "Spurs", "SAS", "San Antonio", "240:00", 36, 74, 0.486, 10, 16, 0.625, 22, 31, 0.71, 5, 41, 46, 26, 4, 5, 19, 21, 104, 15.0]], "name": "TeamStats"}, {"headers": ["LEAGUE_ID", "SEASON_ID", "TEAM_ID", "TEAM_ABBREVIATION", "TEAM_CITY", "PTS_PAINT", "PTS_2ND_CHANCE", "PTS_FB", "LARGEST_LEAD", "LEAD_CHANGES", "TIMES_TIED"], "rowSet": [["00", "22011", 1610612762, "UTA", "Utah", 48, 17, 19, 27, 0, 1], ["00", "22011", 1610612759, "SAS", "San Antonio", 36, 9, 16, 26, 0, 1]], "name": "OtherStats"}, {"headers": ["OFFICIAL_ID", "FIRST_NAME", "LAST_NAME", "JERSEY_NUM"], "rowSet": [[1153, "Joe", "Crawford", "17"], [1198, "Scott", "Wall", "31"], [2002, "Derrick", "Collins", "11"]], "name": "Officials"}, {"headers": ["GAME_DATE", "ATTENDANCE", "GAME_TIME"], "rowSet": [["SATURDAY, DECEMBER 31, 2011", 17769, "2:06"]], "name": "GameInfo"}, {"headers": ["PLAYER_ID", "FIRST_NAME", "LAST_NAME", "JERSEY_NUM", "TEAM_ID", "TEAM_CITY", "TEAM_NAME", "TEAM_ABBREVIATION"], "rowSet": [[202390, "Gary", "Neal", "14", 1610612759, "San Antonio", "Spurs", "SAS"]], "name": "InactivePlayers"}, {"headers": ["VIDEO_AVAILABLE_FLAG"], "rowSet": [[0]], "name": "AvailableVideo"}], "parameters": {"GameID": "0021100055", "RangeType": 0, "StartPeriod": 0, "StartRange": 0, "EndPeriod": 0, "EndRange": 0}}