{"resource": "boxscore", "resultSets": [{"headers": ["GAME_DATE_EST", "GAME_SEQUENCE", "GAME_ID", "GAME_STATUS_ID", "GAME_STATUS_TEXT", "GAMECODE", "HOME_TEAM_ID", "VISITOR_TEAM_ID", "SEASON", "LIVE_PERIOD", "LIVE_PC_TIME", "NATL_TV_BROADCASTER_ABBREVIATION", "LIVE_PERIOD_TIME_BCAST", "WH_STATUS"], "rowSet": [["2012-01-02T00:00:00", 7, "0021100072", 3, "Final", "20120102/SASMIN", 1610612750, 1610612759, "2011", 4, "", null, "Q4  - ", 1]], "name": "GameSummary"}, {"headers": ["GAME_DATE_EST", "GAME_SEQUENCE", "GAME_ID", "TEAM_ID", "TEAM_ABBREVIATION", "TEAM_CITY_NAME", "TEAM_WINS_LOSSES", "PTS_QTR1", "PTS_QTR2", "PTS_QTR3", "PTS_QTR4", "PTS_OT1", "PTS_OT2", "PTS_OT3", "PTS_OT4", "PTS_OT5", "PTS_OT6", "PTS_OT7", "PTS_OT8", "PTS_OT9", "PTS_OT10", "PTS"], "rowSet": [["2012-01-02T00:00:00", 7, "0021100072", 1610612750, "MIN", "Minnesota", "2-3", 35, 31, 28, 12, 0, 0, 0, 0, 0, 0, 0, 0, 0, 0, 106], ["2012-01-02T00:00:00", 7, "0021100072", 1610612759, "SAS", "San Antonio", "3-2", 25, 34, 21, 16, 0, 0, 0, 0, 0, 0, 0, 0, 0, 0, 96]], "name": "LineScore"}, {"headers": ["GAME_ID", "HOME_TEAM_ID", "VISITOR_TEAM_ID", "GAME_DATE_EST", "HOME_TEAM_WINS", "HOME_TEAM_LOSSES", "SERIES_LEADER"], "rowSet": [["0021100072", 1610612750, 1610612759, "2012-01-02T00:00:00", 2, 1, "Minnesota"]], "name": "SeasonSeries"}, {"headers": ["GAME_ID", "LAST_GAME_ID", "LAST_GAME_DATE_EST", "LAST_GAME_HOME_TEAM_ID", "LAST_GAME_HOME_TEAM_CITY", "LAST_GAME_HOME_TEAM_NAME", "LAST_GAME_HOME_TEAM_ABBREVIATION", "LAST_GAME_HOME_TEAM_POINTS", "LAST_GAME_VISITOR_TEAM_ID", "LAST_GAME_VISITOR_TEAM_CITY", "LAST_GAME_VISITOR_TEAM_NAME", "LAST_GAME_VISITOR_TEAM_CITY1", "LAST_GAME_VISITOR_TEAM_POINTS"], "rowSet": [["0021100072", "0021000557", "2011-01-11T00:00:00", 1610612750, "Minnesota", "Timberwolves", "MIN", 96, 1610612759, "San Antonio", "Spurs", "SAS", 107]], "name": "LastMeeting"}, {"headers": ["GAME_ID", "TEAM_ID", "TEAM_ABBREVIATION", "TEAM_CITY", "PLAYER_ID", "PLAYER_NAME", "START_POSITION", "COMMENT", "MIN", "FGM", "FGA", "FG_PCT", "FG3M", "FG3A", "FG3_PCT", "FTM", "FTA", "FT_PCT", "OREB", "DREB", "REB", "AST", "STL", "BLK", "TO", "PF", "PTS", "PLUS_MINUS"], "rowSet": [["0021100072", 1610612759, "SAS", "San Antonio", 2210, "Richard Jefferson", "F", "", "33:16", 6, 10, 0.6, 4, 7, 0.571, 0, 0, 0.0, 0, 2, 2, 0, 1, 0, 0, 2, 16, -5.0], ["0021100072", 1610612759, "SAS", "San Antonio", 1495, "Tim Duncan", "F", "", "28:15", 7, 12, 0.583, 0, 0, 0.0, 2, 2, 1.0, 0, 2, 2, 5, 0, 1, 1, 1, 16, -15.0], ["0021100072", 1610612759, "SAS", "San Antonio", 201971, "DeJuan Blair", "C", "", "27:46", 2, 9, 0.222, 0, 0, 0.0, 2, 2, 1.0, 3, 0, 3, 2, 1, 0, 2, 4, 6, -6.0], ["0021100072", 1610612759, "SAS", "San Antonio", 1938, "Manu Ginobili", "G", "", "12:40", 3, 6, 0.5, 1, 3, 0.333, 1, 1, 1.0, 0, 2, 2, 2, 1, 0, 0, 1, 8, -5.0], ["0021100072", 1610612759, "SAS", "San Antonio", 2225, "Tony Parker", "G", "", "30:40", 3, 11, 0.273, 0, 0, 0.0, 5, 6, 0.833, 0, 2, 2, 9, 2, 0, 0, 0, 11, -3.0], ["0021100072", 1610612759, "SAS", "San Antonio", 201168, "Tiago Splitter", "", "", "20:14", 5, 7, 0.714, 0, 0, 0.0, 2, 4, 0.5, 1, 2, 3, 0, 0, 1, 2, 4, 12, -4.0], ["0021100072", 1610612759, "SAS", "San Antonio", 202695, "Kawhi Leonard", "", "", "17:22", 2, 6, 0.333, 0, 0, 0.0, 2, 2, 1.0, 2, 1, 3, 1, 2, 0, 0, 1, 6, -2.0], ["0021100072", 1610612759, "SAS", "San Antonio", 202341, "James Anderson", "", "", "22:15", 1, 6, 0.167, 1, 5, 0.2, 1, 2, 0.5, 0, 2, 2, 1, 1, 0, 2, 0, 4, -11.0], ["0021100072", 1610612759, "SAS", "San Antonio", 2551, "T.J. Ford", "", "", "17:20", 2, 3, 0.667, 0, 0, 0.0, 0, 0, 0.0, 1, 1, 2, 5, 1, 0, 1, 2, 4, -7.0], ["0021100072", 1610612759, "SAS", "San Antonio", 2588, "Matt Bonner", "", "", "13:09", 2, 6, 0.333, 0, 3, 0.0, 0, 0, 0.0, 1, 5, 6, 1, 0, 0, 0, 0, 4, 3.0], ["0021100072", 1610612759, "SAS", "San Antonio", 201980, "Danny Green", "", "", "17:03", 3, 6, 0.5, 1, 2, 0.5, 2, 2, 1.0, 1, 2, 3, 0, 0, 1, 1, 0, 9, 5.0], ["0021100072", 1610612759, "SAS", "San Antonio", 202709, "Cory Joseph", "", "DNP - Coach's Decision", null, null, null, null, null, null, null, null, null, null, null, null, null, null, null, null, null, null, null, null], ["0021100072", 1610612750, "MIN", "Minnesota", 201563, "Michael Beasley", "F", "", "43:06", 8, 15, 0.533, 2, 2, 1.0, 1, 2, 0.5, 1, 4, 5, 3, 0, 1, 3, 3, 19, 10.0], ["0021100072", 1610612750, "MIN", "Minnesota", 201567, "Kevin Love", "F", "", "43:32", 8, 15, 0.533, 4, 9, 0.444, 4, 5, 0.8, 3, 12, 15, 1, 3, 2, 6, 2, 24, 10.0], ["0021100072", 1610612750, "MIN", "Minnesota", 2545, "Darko Milicic", "C", "", "21:59", 5, 9, 0.556, 0, 0, 0.0, 0, 0, 0.0, 1, 5, 6, 1, 0, 1, 0, 2, 10, 19.0], ["0021100072", 1610612750, "MIN", "Minnesota", 202325, "Wesley Johnson", "G", "", "29:34", 6, 6, 1.0, 2, 2, 1.0, 0, 0, 0.0, 0, 2, 2, 1, 1, 1, 2, 1, 14, 7.0], ["0021100072", 1610612750, "MIN", "Minnesota", 2557, "Luke Ridnour", "G", "", "36:00", 7, 10, 0.7, 2, 3, 0.667, 3, 4, 0.75, 0, 1, 1, 9, 0, 1, 3, 3, 19, 6.0], ["0021100072", 1610612750, "MIN", "Minnesota", 201937, "Ricky Rubio", "", "", "23:41", 3, 8, 0.375, 0, 2, 0.0, 0, 0, 0.0, 0, 2, 2, 3, 0, 1, 2, 1, 6, 1.0], ["0021100072", 1610612750, "MIN", "Minnesota", 201961, "Wayne Ellington", "", "", "6:45", 0, 2, 0.0, 0, 0, 0.0, 2, 2, 1.0, 0, 0, 0, 0, 0, 0, 1, 2, 2, 6.0], ["0021100072", 1610612750, "MIN", "Minnesota", 202682, "Derrick Williams", "", "", "11:44", 3, 3, 1.0, 1, 1, 1.0, 0, 0, 0.0, 0, 1, 1, 0, 0, 0, 1, 3, 7, -2.0], ["0021100072", 1610612750, "MIN", "Minnesota", 201229, "Anthony Tolliver", "", "", "23:39", 1, 3, 0.333, 1, 2, 0.5, 2, 2, 1.0, 2, 4, 6, 0, 0, 0, 1, 1, 5, -7.0], ["0021100072", 1610612750, "MIN", "Minnesota", 200826, "Jose Juan Barea", "", "DND - Strained Left Hamstring", null, null, null, null, null, null, null, null, null, null, null, null, null, null, null, null, null, null, null, null], ["0021100072", 1610612750, "MIN", "Minnesota", 202723, "Malcolm Lee", "", "DND - Torn Meniscus Left Knee", null, null, null, null, null, null, null, null, null, null, null, null, null, null, null, null, null, null, null, null], ["0021100072", 1610612750, "MIN", "Minnesota", 201593, "Nikola Pekovic", "", "DNP - Coach's Decision", null, null, null, null, null, null, null, null, null, null, null, null, null, null, null, null, null, null, null, null], ["0021100072", 1610612750, "MIN", "Minnesota", 201576, "Anthony Randolph", "", "DNP - Coach's Decision", null, null, null, null, null, null, null, null, null, null, null, null, null, null, null, null, null, null, null, null]], "name": "PlayerStats"}, {"headers": ["GAME_ID", "TEAM_ID", "TEAM_NAME", "TEAM_ABBREVIATION", "TEAM_CITY", "MIN", "FGM", "FGA", "FG_PCT", "FG3M", "FG3A", "FG3_PCT", "FTM", "FTA", "FT_PCT", "OREB", "DREB", "REB", "AST", "STL", "BLK", "TO", "PF", "PTS", "PLUS_MINUS"], "rowSet": [["0021100072", 1610612759, "Spurs", "SAS", "San Antonio", "240:00", 36, 82, 0.439, 7, 20, 0.35, 17, 21, 0.81, 9, 21, 30, 26, 9, 3, 9, 15, 96, -10.0], ["0021100072", 1610612750, "Timberwolves", "MIN", "Minnesota", "240:00", 41, 71, 0.577, 12, 21, 0.571, 12, 15, 0.8, 7, 31, 38, 18, 4, 7, 19, 18, 106, 10.0]], "name": "TeamStats"}, {"headers": ["LEAGUE_ID", "SEASON_ID", "TEAM_ID", "TEAM_ABBREVIATION", "TEAM_CITY", "PTS_PAINT", "PTS_2ND_CHANCE", "PTS_FB", "LARGEST_LEAD", "LEAD_CHANGES", "TIMES_TIED"], "rowSet": [["00", "22011", 1610612750, "MIN", "Minnesota", 36, 6, 8, 15, 3, 1], ["00", "22011", 1610612759, "SAS", "San Antonio", 28, 7, 5, 17, 3, 1]], "name": "OtherStats"}, {"headers": ["OFFICIAL_ID", "FIRST_NAME", "LAST_NAME", "JERSEY_NUM"], "rowSet": [[1204, "Derek", "Richardson", "63"], [1193, "Michael", "Smith", "38"], [1142, "Dick", "Bavetta", "27"]], "name": "Officials"}, {"headers": ["GAME_DATE", "ATTENDANCE", "GAME_TIME"], "rowSet": [["MONDAY, JANUARY 2, 2012", 14514, "2:04"]], "name": "GameInfo"}, {"headers": ["PLAYER_ID", "FIRST_NAME", "LAST_NAME", "JERSEY_NUM", "TEAM_ID", "TEAM_CITY", "TEAM_NAME", "TEAM_ABBREVIATION"], "rowSet": [[202390, "Gary", "Neal", "14", 1610612759, "San Antonio", "Spurs", "SAS"], [1802, "Brad", "Miller", "52", 1610612750, "Minnesota", "Timberwolves", "MIN"], [101110, "Martell", "Webster", " 5", 1610612750, "Minnesota", "Timberwolves", "MIN"]], "name": "InactivePlayers"}, {"headers": ["VIDEO_AVAILABLE_FLAG"], "rowSet": [[0]], "name": "AvailableVideo"}], "parameters": {"GameID": "0021100072", "RangeType": 0, "StartPeriod": 0, "StartRange": 0, "EndPeriod": 0, "EndRange": 0}}