{"resource": "boxscore", "resultSets": [{"headers": ["GAME_DATE_EST", "GAME_SEQUENCE", "GAME_ID", "GAME_STATUS_ID", "GAME_STATUS_TEXT", "GAMECODE", "HOME_TEAM_ID", "VISITOR_TEAM_ID", "SEASON", "LIVE_PERIOD", "LIVE_PC_TIME", "NATL_TV_BROADCASTER_ABBREVIATION", "LIVE_PERIOD_TIME_BCAST", "WH_STATUS"], "rowSet": [["2011-12-30T00:00:00", 6, "0021100044", 3, "Final", "20111230/PHXNOH", 1610612740, 1610612756, "2011", 4, "", "NBA TV", "Q4  - NBA TV", 1]], "name": "GameSummary"}, {"headers": ["GAME_DATE_EST", "GAME_SEQUENCE", "GAME_ID", "TEAM_ID", "TEAM_ABBREVIATION", "TEAM_CITY_NAME", "TEAM_WINS_LOSSES", "PTS_QTR1", "PTS_QTR2", "PTS_QTR3", "PTS_QTR4", "PTS_OT1", "PTS_OT2", "PTS_OT3", "PTS_OT4", "PTS_OT5", "PTS_OT6", "PTS_OT7", "PTS_OT8", "PTS_OT9", "PTS_OT10", "PTS"], "rowSet": [["2011-12-30T00:00:00", 6, "0021100044", 1610612756, "PHX", "Phoenix", "1-2", 22, 30, 23, 18, 0, 0, 0, 0, 0, 0, 0, 0, 0, 0, 93], ["2011-12-30T00:00:00", 6, "0021100044", 1610612740, "NOH", "New Orleans", "2-1", 22, 23, 16, 17, 0, 0, 0, 0, 0, 0, 0, 0, 0, 0, 78]], "name": "LineScore"}, {"headers": ["GAME_ID", "HOME_TEAM_ID", "VISITOR_TEAM_ID", "GAME_DATE_EST", "HOME_TEAM_WINS", "HOME_TEAM_LOSSES", "SERIES_LEADER"], "rowSet": [["0021100044", 1610612740, 1610612756, "2011-12-30T00:00:00", 1, 3, "Phoenix"]], "name": "SeasonSeries"}, {"headers": ["GAME_ID", "LAST_GAME_ID", "LAST_GAME_DATE_EST", "LAST_GAME_HOME_TEAM_ID", "LAST_GAME_HOME_TEAM_CITY", "LAST_GAME_HOME_TEAM_NAME", "LAST_GAME_HOME_TEAM_ABBREVIATION", "LAST_GAME_HOME_TEAM_POINTS", "LAST_GAME_VISITOR_TEAM_ID", "LAST_GAME_VISITOR_TEAM_CITY", "LAST_GAME_VISITOR_TEAM_NAME", "LAST_GAME_VISITOR_TEAM_CITY1", "LAST_GAME_VISITOR_TEAM_POINTS"], "rowSet": [["0021100044", "0021100014", "2011-12-26T00:00:00", 1610612740, "New Orleans", "Hornets", "NOH", 85, 1610612756, "Phoenix", "Suns", "PHX", 84]], "name": "LastMeeting"}, {"headers": ["GAME_ID", "TEAM_ID", "TEAM_ABBREVIATION", "TEAM_CITY", "PLAYER_ID", "PLAYER_NAME", "START_POSITION", "COMMENT", "MIN", "FGM", "FGA", "FG_PCT", "FG3M", "FG3A", "FG3_PCT", "FTM", "FTA", "FT_PCT", "OREB", "DREB", "REB", "AST", "STL", "BLK", "TO", "PF", "PTS", "PLUS_MINUS"], "rowSet": [["0021100044", 1610612756, "PHX", "Phoenix", 255, "Grant Hill", "F", "", "32:43", 3, 9, 0.333, 0, 1, 0.0, 4, 4, 1.0, 0, 3, 3, 3, 1, 2, 0, 1, 10, 15.0], ["0021100044", 1610612756, "PHX", "Phoenix", 101112, "Channing Frye", "F", "", "25:28", 4, 15, 0.267, 2, 9, 0.222, 0, 0, 0.0, 2, 14, 16, 2, 0, 3, 1, 4, 10, 18.0], ["0021100044", 1610612756, "PHX", "Phoenix", 101162, "Marcin Gortat", "C", "", "29:56", 6, 8, 0.75, 0, 0, 0.0, 0, 1, 0.0, 1, 6, 7, 1, 0, 4, 0, 2, 12, 18.0], ["0021100044", 1610612756, "PHX", "Phoenix", 201162, "Jared Dudley", "G", "", "32:43", 5, 9, 0.556, 2, 4, 0.5, 4, 4, 1.0, 0, 1, 1, 0, 0, 0, 0, 1, 16, 12.0], ["0021100044", 1610612756, "PHX", "Phoenix", 959, "Steve Nash", "G", "", "35:56", 2, 8, 0.25, 1, 3, 0.333, 2, 2, 1.0, 1, 2, 3, 12, 0, 0, 3, 0, 7, 17.0], ["0021100044", 1610612756, "PHX", "Phoenix", 202693, "Markieff Morris", "", "", "1:12", 0, 0, 0.0, 0, 0, 0.0, 0, 0, 0.0, 0, 0, 0, 0, 0, 0, 1, 2, 0, -2.0], ["0021100044", 1610612756, "PHX", "Phoenix", 201577, "Robin Lopez", "", "", "17:27", 1, 5, 0.2, 0, 0, 0.0, 2, 2, 1.0, 1, 0, 1, 0, 0, 0, 1, 4, 4, -1.0], ["0021100044", 1610612756, "PHX", "Phoenix", 101124, "Hakim Warrick", "", "", "25:27", 6, 12, 0.5, 0, 2, 0.0, 6, 7, 0.857, 3, 4, 7, 1, 0, 1, 2, 2, 18, -3.0], ["0021100044", 1610612756, "PHX", "Phoenix", 101179, "Ronnie Price", "", "", "12:04", 1, 1, 1.0, 1, 1, 1.0, 0, 0, 0.0, 0, 2, 2, 2, 0, 0, 0, 2, 3, -2.0], ["0021100044", 1610612756, "PHX", "Phoenix", 2735, "Josh Childress", "", "", "11:10", 1, 2, 0.5, 0, 1, 0.0, 0, 0, 0.0, 2, 1, 3, 0, 0, 0, 0, 2, 2, 2.0], ["0021100044", 1610612756, "PHX", "Phoenix", 200769, "Shannon Brown", "", "", "15:54", 4, 9, 0.444, 1, 2, 0.5, 2, 2, 1.0, 0, 4, 4, 1, 2, 0, 2, 2, 11, 1.0], ["0021100044", 1610612756, "PHX", "Phoenix", 202081, "Garret Siler", "", "DNP - Coach's Decision", null, null, null, null, null, null, null, null, null, null, null, null, null, null, null, null, null, null, null, null], ["0021100044", 1610612756, "PHX", "Phoenix", 2742, "Sebastian Telfair", "", "DNP - Coach's Decision", null, null, null, null, null, null, null, null, null, null, null, null, null, null, null, null, null, null, null, null], ["0021100044", 1610612740, "NOH", "New Orleans", 2772, "Trevor Ariza", "F", "", "27:46", 2, 11, 0.182, 1, 2, 0.5, 2, 2, 1.0, 3, 4, 7, 1, 2, 0, 1, 5, 7, -9.0], ["0021100044", 1610612740, "NOH", "New Orleans", 201171, "Carl Landry", "F", "", "32:21", 6, 16, 0.375, 0, 0, 0.0, 5, 5, 1.0, 5, 3, 8, 2, 0, 0, 2, 2, 17, -10.0], ["0021100044", 1610612740, "NOH", "New Orleans", 2731, "Emeka Okafor", "C", "", "27:54", 2, 6, 0.333, 0, 0, 0.0, 6, 10, 0.6, 8, 8, 16, 1, 0, 1, 1, 3, 10, -5.0], ["0021100044", 1610612740, "NOH", "New Orleans", 201158, "Marco Belinelli", "G", "", "35:30", 3, 13, 0.231, 2, 6, 0.333, 0, 1, 0.0, 3, 7, 10, 0, 2, 0, 1, 2, 8, -12.0], ["0021100044", 1610612740, "NOH", "New Orleans", 101127, "Jarrett Jack", "G", "", "39:14", 6, 20, 0.3, 0, 3, 0.0, 0, 0, 0.0, 0, 1, 1, 4, 0, 1, 2, 3, 12, -15.0], ["0021100044", 1610612740, "NOH", "New Orleans", 202329, "Al-Farouq Aminu", "", "", "16:11", 1, 3, 0.333, 0, 1, 0.0, 4, 4, 1.0, 2, 5, 7, 0, 0, 0, 2, 3, 6, -5.0], ["0021100044", 1610612740, "NOH", "New Orleans", 2549, "Chris Kaman", "", "", "19:36", 1, 5, 0.2, 0, 0, 0.0, 2, 2, 1.0, 2, 0, 2, 1, 0, 3, 3, 1, 4, -9.0], ["0021100044", 1610612740, "NOH", "New Orleans", 201160, "Jason Smith", "", "", "17:10", 4, 9, 0.444, 0, 0, 0.0, 0, 0, 0.0, 1, 4, 5, 0, 0, 0, 1, 3, 8, -5.0], ["0021100044", 1610612740, "NOH", "New Orleans", 202349, "Greivis Vasquez", "", "", "16:54", 1, 5, 0.2, 0, 2, 0.0, 2, 2, 1.0, 0, 0, 0, 5, 0, 0, 0, 2, 4, 0.0], ["0021100044", 1610612740, "NOH", "New Orleans", 201234, "Trey Johnson", "", "", "4:22", 0, 1, 0.0, 0, 0, 0.0, 2, 2, 1.0, 0, 1, 1, 0, 0, 0, 0, 0, 2, -3.0], ["0021100044", 1610612740, "NOH", "New Orleans", 201291, "Carldell Johnson", "", "", "1:31", 0, 1, 0.0, 0, 0, 0.0, 0, 0, 0.0, 0, 0, 0, 0, 0, 0, 0, 0, 0, -1.0], ["0021100044", 1610612740, "NOH", "New Orleans", 202498, "Lance Thomas", "", "", "1:31", 0, 0, 0.0, 0, 0, 0.0, 0, 0, 0.0, 0, 0, 0, 0, 0, 0, 0, 0, 0, -1.0], ["0021100044", 1610612740, "NOH", "New Orleans", 201569, "Eric Gordon", "", "DND - Bruised Right Knee", null, null, null, null, null, null, null, null, null, null, null, null, null, null, null, null, null, null, null, null]], "name": "PlayerStats"}, {"headers": ["GAME_ID", "TEAM_ID", "TEAM_NAME", "TEAM_ABBREVIATION", "TEAM_CITY", "MIN", "FGM", "FGA", "FG_PCT", "FG3M", "FG3A", "FG3_PCT", "FTM", "FTA", "FT_PCT", "OREB", "DREB", "REB", "AST", "STL", "BLK", "TO", "PF", "PTS", "PLUS_MINUS"], "rowSet": [["0021100044", 1610612756, "Suns", "PHX", "Phoenix", "240:00", 33, 78, 0.423, 7, 23, 0.304, 20, 22, 0.909, 10, 37, 47, 22, 3, 10, 10, 22, 93, 15.0], ["0021100044", 1610612740, "Hornets", "NOH", "New Orleans", "240:00", 26, 90, 0.289, 3, 14, 0.214, 23, 28, 0.821, 24, 33, 57, 14, 4, 5, 13, 24, 78, -15.0]], "name": "TeamStats"}, {"headers": ["LEAGUE_ID", "SEASON_ID", "TEAM_ID", "TEAM_ABBREVIATION", "TEAM_CITY", "PTS_PAINT", "PTS_2ND_CHANCE", "PTS_FB", "LARGEST_LEAD", "LEAD_CHANGES", "TIMES_TIED"], "rowSet": [["00", "22011", 1610612740, "NOH", "New Orleans", 28, 23, 6, 18, 3, 8], ["00", "22011", 1610612756, "PHX", "Phoenix", 38, 13, 17, 18, 3, 8]], "name": "OtherStats"}, {"headers": ["OFFICIAL_ID", "FIRST_NAME", "LAST_NAME", "JERSEY_NUM"], "rowSet": [[1188, "Leroy", "Richardson", "20"], [2001, "Jason", "Phillips", "23"], [202053, "Scott", "Twardoski", "52"]], "name": "Officials"}, {"headers": ["GAME_DATE", "ATTENDANCE", "GAME_TIME"], "rowSet": [["FRIDAY, DECEMBER 30, 2011", 15790, "2:15"]], "name": "GameInfo"}, {"headers": ["PLAYER_ID", "FIRST_NAME", "LAST_NAME", "JERSEY_NUM", "TEAM_ID", "TEAM_CITY", "TEAM_NAME", "TEAM_ABBREVIATION"], "rowSet": [[201969, "DaJuan", "Summers", "22", 1610612740, "New Orleans", "Hornets", "NOH"], [202970, "Gustavo", "Ayon", "15", 1610612740, "New Orleans", "Hornets", "NOH"], [2072, "Michael", "Redd", " 0", 1610612756, "Phoenix", "Suns", "PHX"]], "name": "InactivePlayers"}, {"headers": ["VIDEO_AVAILABLE_FLAG"], "rowSet": [[0]], "name": "AvailableVideo"}], "parameters": {"GameID": "0021100044", "RangeType": 0, "StartPeriod": 0, "StartRange": 0, "EndPeriod": 0, "EndRange": 0}}