{"resource": "boxscore", "resultSets": [{"headers": ["GAME_DATE_EST", "GAME_SEQUENCE", "GAME_ID", "GAME_STATUS_ID", "GAME_STATUS_TEXT", "GAMECODE", "HOME_TEAM_ID", "VISITOR_TEAM_ID", "SEASON", "LIVE_PERIOD", "LIVE_PC_TIME", "NATL_TV_BROADCASTER_ABBREVIATION", "LIVE_PERIOD_TIME_BCAST", "WH_STATUS"], "rowSet": [["2012-01-01T00:00:00", 7, "0021100063", 3, "Final", "20120101/LALDEN", 1610612743, 1610612747, "2011", 4, "", null, "Q4  - ", 1]], "name": "GameSummary"}, {"headers": ["GAME_DATE_EST", "GAME_SEQUENCE", "GAME_ID", "TEAM_ID", "TEAM_ABBREVIATION", "TEAM_CITY_NAME", "TEAM_WINS_LOSSES", "PTS_QTR1", "PTS_QTR2", "PTS_QTR3", "PTS_QTR4", "PTS_OT1", "PTS_OT2", "PTS_OT3", "PTS_OT4", "PTS_OT5", "PTS_OT6", "PTS_OT7", "PTS_OT8", "PTS_OT9", "PTS_OT10", "PTS"], "rowSet": [["2012-01-01T00:00:00", 7, "0021100063", 1610612743, "DEN", "Denver", "3-2", 26, 21, 25, 27, 0, 0, 0, 0, 0, 0, 0, 0, 0, 0, 99], ["2012-01-01T00:00:00", 7, "0021100063", 1610612747, "LAL", "Los Angeles", "3-3", 21, 15, 35, 19, 0, 0, 0, 0, 0, 0, 0, 0, 0, 0, 90]], "name": "LineScore"}, {"headers": ["GAME_ID", "HOME_TEAM_ID", "VISITOR_TEAM_ID", "GAME_DATE_EST", "HOME_TEAM_WINS", "HOME_TEAM_LOSSES", "SERIES_LEADER"], "rowSet": [["0021100063", 1610612743, 1610612747, "2012-01-01T00:00:00", 1, 3, "L.A. Lakers"]], "name": "SeasonSeries"}, {"headers": ["GAME_ID", "LAST_GAME_ID", "LAST_GAME_DATE_EST", "LAST_GAME_HOME_TEAM_ID", "LAST_GAME_HOME_TEAM_CITY", "LAST_GAME_HOME_TEAM_NAME", "LAST_GAME_HOME_TEAM_ABBREVIATION", "LAST_GAME_HOME_TEAM_POINTS", "LAST_GAME_VISITOR_TEAM_ID", "LAST_GAME_VISITOR_TEAM_CITY", "LAST_GAME_VISITOR_TEAM_NAME", "LAST_GAME_VISITOR_TEAM_CITY1", "LAST_GAME_VISITOR_TEAM_POINTS"], "rowSet": [["0021100063", "0021100050", "2011-12-31T00:00:00", 1610612743, "Denver", "Nuggets", "DEN", 89, 1610612747, "Los Angeles", "Lakers", "LAL", 92]], "name": "LastMeeting"}, {"headers": ["GAME_ID", "TEAM_ID", "TEAM_ABBREVIATION", "TEAM_CITY", "PLAYER_ID", "PLAYER_NAME", "START_POSITION", "COMMENT", "MIN", "FGM", "FGA", "FG_PCT", "FG3M", "FG3A", "FG3_PCT", "FTM", "FTA", "FT_PCT", "OREB", "DREB", "REB", "AST", "STL", "BLK", "TO", "PF", "PTS", "PLUS_MINUS"], "rowSet": [["0021100063", 1610612747, "LAL", "Los Angeles", 2440, "Matt Barnes", "F", "", "22:29", 1, 5, 0.2, 0, 2, 0.0, 0, 0, 0.0, 1, 1, 2, 1, 1, 2, 1, 3, 2, -2.0], ["0021100063", 1610612747, "LAL", "Los Angeles", 2200, "Pau Gasol", "F", "", "36:26", 8, 15, 0.533, 0, 0, 0.0, 4, 4, 1.0, 4, 7, 11, 2, 0, 1, 3, 1, 20, -8.0], ["0021100063", 1610612747, "LAL", "Los Angeles", 101115, "Andrew Bynum", "C", "", "28:17", 7, 12, 0.583, 0, 0, 0.0, 4, 10, 0.4, 3, 13, 16, 0, 1, 1, 0, 5, 18, 9.0], ["0021100063", 1610612747, "LAL", "Los Angeles", 977, "Kobe Bryant", "G", "", "36:39", 6, 28, 0.214, 1, 8, 0.125, 3, 4, 0.75, 0, 2, 2, 4, 1, 0, 6, 3, 16, -17.0], ["0021100063", 1610612747, "LAL", "Los Angeles", 965, "Derek Fisher", "G", "", "20:49", 2, 6, 0.333, 0, 2, 0.0, 0, 0, 0.0, 1, 2, 3, 4, 2, 0, 0, 3, 4, 3.0], ["0021100063", 1610612747, "LAL", "Los Angeles", 2211, "Troy Murphy", "", "", "15:15", 0, 2, 0.0, 0, 1, 0.0, 0, 0, 0.0, 0, 3, 3, 1, 1, 0, 0, 3, 0, -12.0], ["0021100063", 1610612747, "LAL", "Los Angeles", 1897, "Metta World Peace", "", "", "25:32", 3, 7, 0.429, 1, 4, 0.25, 3, 4, 0.75, 1, 0, 1, 3, 0, 0, 2, 1, 10, -10.0], ["0021100063", 1610612747, "LAL", "Los Angeles", 2581, "Steve Blake", "", "", "27:11", 6, 9, 0.667, 2, 5, 0.4, 0, 0, 0.0, 1, 1, 2, 3, 1, 0, 1, 4, 14, -12.0], ["0021100063", 1610612747, "LAL", "Los Angeles", 201177, "Josh McRoberts", "", "", "15:19", 1, 1, 1.0, 0, 0, 0.0, 2, 2, 1.0, 1, 2, 3, 1, 0, 0, 1, 5, 4, -3.0], ["0021100063", 1610612747, "LAL", "Los Angeles", 2574, "Jason Kapono", "", "", "12:04", 1, 3, 0.333, 0, 1, 0.0, 0, 0, 0.0, 0, 1, 1, 0, 1, 0, 1, 0, 2, 7.0], ["0021100063", 1610612747, "LAL", "Los Angeles", 202365, "Devin Ebanks", "", "DNP - Coach's Decision", null, null, null, null, null, null, null, null, null, null, null, null, null, null, null, null, null, null, null, null], ["0021100063", 1610612747, "LAL", "Los Angeles", 202726, "Andrew Goudelock", "", "DNP - Coach's Decision", null, null, null, null, null, null, null, null, null, null, null, null, null, null, null, null, null, null, null, null], ["0021100063", 1610612747, "LAL", "Los Angeles", 2575, "Luke Walton", "", "DNP - Coach's Decision", null, null, null, null, null, null, null, null, null, null, null, null, null, null, null, null, null, null, null, null], ["0021100063", 1610612743, "DEN", "Denver", 201568, "Danilo Gallinari", "F", "", "36:35", 7, 16, 0.438, 1, 7, 0.143, 5, 7, 0.714, 0, 4, 4, 0, 5, 0, 1, 0, 20, 11.0], ["0021100063", 1610612743, "DEN", "Denver", 2403, "Nene", "F", "", "22:27", 4, 7, 0.571, 0, 0, 0.0, 5, 6, 0.833, 0, 5, 5, 0, 0, 0, 3, 4, 13, -1.0], ["0021100063", 1610612743, "DEN", "Denver", 202389, "Timofey Mozgov", "C", "", "13:29", 0, 0, 0.0, 0, 0, 0.0, 3, 4, 0.75, 0, 3, 3, 0, 0, 0, 0, 5, 3, -14.0], ["0021100063", 1610612743, "DEN", "Denver", 201167, "Arron Afflalo", "G", "", "31:17", 2, 7, 0.286, 0, 2, 0.0, 2, 3, 0.667, 0, 3, 3, 1, 0, 1, 1, 4, 6, -10.0], ["0021100063", 1610612743, "DEN", "Denver", 201951, "Ty Lawson", "G", "", "37:00", 5, 11, 0.455, 0, 1, 0.0, 7, 8, 0.875, 0, 3, 3, 11, 0, 0, 2, 1, 17, 18.0], ["0021100063", 1610612743, "DEN", "Denver", 1733, "Al Harrington", "", "", "34:46", 3, 7, 0.429, 0, 2, 0.0, 6, 6, 1.0, 1, 10, 11, 2, 1, 0, 4, 1, 12, 15.0], ["0021100063", 1610612743, "DEN", "Denver", 2365, "Chris Andersen", "", "", "19:36", 5, 6, 0.833, 0, 0, 0.0, 2, 2, 1.0, 3, 6, 9, 0, 1, 1, 0, 1, 12, 17.0], ["0021100063", 1610612743, "DEN", "Denver", 1889, "Andre Miller", "", "", "29:45", 5, 11, 0.455, 1, 3, 0.333, 1, 1, 1.0, 0, 2, 2, 6, 1, 0, 1, 2, 12, 15.0], ["0021100063", 1610612743, "DEN", "Denver", 201164, "Rudy Fernandez", "", "", "15:06", 2, 6, 0.333, 0, 3, 0.0, 0, 0, 0.0, 1, 3, 4, 1, 1, 0, 3, 0, 4, -6.0], ["0021100063", 1610612743, "DEN", "Denver", 201147, "Corey Brewer", "", "DNP - Coach's Decision", null, null, null, null, null, null, null, null, null, null, null, null, null, null, null, null, null, null, null, null], ["0021100063", 1610612743, "DEN", "Denver", 202702, "Kenneth Faried", "", "DNP - Coach's Decision", null, null, null, null, null, null, null, null, null, null, null, null, null, null, null, null, null, null, null, null], ["0021100063", 1610612743, "DEN", "Denver", 202706, "Jordan Hamilton", "", "DNP - Coach's Decision", null, null, null, null, null, null, null, null, null, null, null, null, null, null, null, null, null, null, null, null], ["0021100063", 1610612743, "DEN", "Denver", 201585, "Kosta Koufos", "", "DNP - Coach's Decision", null, null, null, null, null, null, null, null, null, null, null, null, null, null, null, null, null, null, null, null]], "name": "PlayerStats"}, {"headers": ["GAME_ID", "TEAM_ID", "TEAM_NAME", "TEAM_ABBREVIATION", "TEAM_CITY", "MIN", "FGM", "FGA", "FG_PCT", "FG3M", "FG3A", "FG3_PCT", "FTM", "FTA", "FT_PCT", "OREB", "DREB", "REB", "AST", "STL", "BLK", "TO", "PF", "PTS", "PLUS_MINUS"], "rowSet": [["0021100063", 1610612747, "Lakers", "LAL", "Los Angeles", "240:00", 35, 88, 0.398, 4, 23, 0.174, 16, 24, 0.667, 12, 32, 44, 19, 8, 4, 15, 28, 90, -9.0], ["0021100063", 1610612743, "Nuggets", "DEN", "Denver", "240:00", 33, 71, 0.465, 2, 18, 0.111, 31, 37, 0.838, 5, 39, 44, 21, 9, 2, 15, 18, 99, 9.0]], "name": "TeamStats"}, {"headers": ["LEAGUE_ID", "SEASON_ID", "TEAM_ID", "TEAM_ABBREVIATION", "TEAM_CITY", "PTS_PAINT", "PTS_2ND_CHANCE", "PTS_FB", "LARGEST_LEAD", "LEAD_CHANGES", "TIMES_TIED"], "rowSet": [["00", "22011", 1610612747, "LAL", "Los Angeles", 48, 19, 5, 11, 14, 9], ["00", "22011", 1610612743, "DEN", "Denver", 46, 4, 26, 11, 15, 10]], "name": "OtherStats"}, {"headers": ["OFFICIAL_ID", "FIRST_NAME", "LAST_NAME", "JERSEY_NUM"], "rowSet": [[1201, "Leon", "Wood", "40"], [1662, "Bill", "Kennedy", "55"], [2878, "Tommy", "Nunez Jr.", "28"]], "name": "Officials"}, {"headers": ["GAME_DATE", "ATTENDANCE", "GAME_TIME"], "rowSet": [["SUNDAY, JANUARY 1, 2012", 19155, "2:22"]], "name": "GameInfo"}, {"headers": ["PLAYER_ID", "FIRST_NAME", "LAST_NAME", "JERSEY_NUM", "TEAM_ID", "TEAM_CITY", "TEAM_NAME", "TEAM_ABBREVIATION"], "rowSet": [[202382, "Derrick", "Caracter", "45", 1610612747, "Los Angeles", "Lakers", "LAL"], [202721, "Darius", "Morris", " 1", 1610612747, "Los Angeles", "Lakers", "LAL"], [201960, "DeMarre", "Carroll", " 0", 1610612743, "Denver", "Nuggets", "DEN"], [202933, "Julyan", "Stone", "10", 1610612743, "Denver", "Nuggets", "DEN"]], "name": "InactivePlayers"}, {"headers": ["VIDEO_AVAILABLE_FLAG"], "rowSet": [[0]], "name": "AvailableVideo"}], "parameters": {"GameID": "0021100063", "RangeType": 0, "StartPeriod": 0, "StartRange": 0, "EndPeriod": 0, "EndRange": 0}}