{"resource": "boxscore", "resultSets": [{"headers": ["GAME_DATE_EST", "GAME_SEQUENCE", "GAME_ID", "GAME_STATUS_ID", "GAME_STATUS_TEXT", "GAMECODE", "HOME_TEAM_ID", "VISITOR_TEAM_ID", "SEASON", "LIVE_PERIOD", "LIVE_PC_TIME", "NATL_TV_BROADCASTER_ABBREVIATION", "LIVE_PERIOD_TIME_BCAST", "WH_STATUS"], "rowSet": [["2011-12-28T00:00:00", 8, "0021100030", 3, "Final", "20111228/UTADEN", 1610612743, 1610612762, "2011", 4, "", null, "Q4  - ", 1]], "name": "GameSummary"}, {"headers": ["GAME_DATE_EST", "GAME_SEQUENCE", "GAME_ID", "TEAM_ID", "TEAM_ABBREVIATION", "TEAM_CITY_NAME", "TEAM_WINS_LOSSES", "PTS_QTR1", "PTS_QTR2", "PTS_QTR3", "PTS_QTR4", "PTS_OT1", "PTS_OT2", "PTS_OT3", "PTS_OT4", "PTS_OT5", "PTS_OT6", "PTS_OT7", "PTS_OT8", "PTS_OT9", "PTS_OT10", "PTS"], "rowSet": [["2011-12-28T00:00:00", 8, "0021100030", 1610612762, "UTA", "Utah", "0-2", 23, 23, 20, 34, 0, 0, 0, 0, 0, 0, 0, 0, 0, 0, 100], ["2011-12-28T00:00:00", 8, "0021100030", 1610612743, "DEN", "Denver", "2-0", 28, 35, 25, 29, 0, 0, 0, 0, 0, 0, 0, 0, 0, 0, 117]], "name": "LineScore"}, {"headers": ["GAME_ID", "HOME_TEAM_ID", "VISITOR_TEAM_ID", "GAME_DATE_EST", "HOME_TEAM_WINS", "HOME_TEAM_LOSSES", "SERIES_LEADER"], "rowSet": [["0021100030", 1610612743, 1610612762, "2011-12-28T00:00:00", 1, 2, "Utah"]], "name": "SeasonSeries"}, {"headers": ["GAME_ID", "LAST_GAME_ID", "LAST_GAME_DATE_EST", "LAST_GAME_HOME_TEAM_ID", "LAST_GAME_HOME_TEAM_CITY", "LAST_GAME_HOME_TEAM_NAME", "LAST_GAME_HOME_TEAM_ABBREVIATION", "LAST_GAME_HOME_TEAM_POINTS", "LAST_GAME_VISITOR_TEAM_ID", "LAST_GAME_VISITOR_TEAM_CITY", "LAST_GAME_VISITOR_TEAM_NAME", "LAST_GAME_VISITOR_TEAM_CITY1", "LAST_GAME_VISITOR_TEAM_POINTS"], "rowSet": [["0021100030", "0021001226", "2011-04-13T00:00:00", 1610612743, "Denver", "Nuggets", "DEN", 103, 1610612762, "Utah", "Jazz", "UTA", 107]], "name": "LastMeeting"}, {"headers": ["GAME_ID", "TEAM_ID", "TEAM_ABBREVIATION", "TEAM_CITY", "PLAYER_ID", "PLAYER_NAME", "START_POSITION", "COMMENT", "MIN", "FGM", "FGA", "FG_PCT", "FG3M", "FG3A", "FG3_PCT", "FTM", "FTA", "FT_PCT", "OREB", "DREB", "REB", "AST", "STL", "BLK", "TO", "PF", "PTS", "PLUS_MINUS"], "rowSet": [["0021100030", 1610612762, "UTA", "Utah", 202330, "Gordon Hayward", "F", "", "27:15", 3, 6, 0.5, 1, 3, 0.333, 3, 4, 0.75, 0, 2, 2, 7, 0, 0, 1, 1, 10, -20.0], ["0021100030", 1610612762, "UTA", "Utah", 202324, "Derrick Favors", "F", "", "16:47", 1, 4, 0.25, 0, 0, 0.0, 0, 2, 0.0, 2, 8, 10, 0, 0, 0, 3, 2, 2, 5.0], ["0021100030", 1610612762, "UTA", "Utah", 2744, "Al Jefferson", "C", "", "30:09", 8, 14, 0.571, 0, 0, 0.0, 3, 4, 0.75, 1, 4, 5, 4, 1, 1, 4, 3, 19, -21.0], ["0021100030", 1610612762, "UTA", "Utah", 1952, "Raja Bell", "G", "", "18:35", 1, 3, 0.333, 0, 1, 0.0, 0, 0, 0.0, 0, 1, 1, 1, 0, 0, 1, 4, 2, -11.0], ["0021100030", 1610612762, "UTA", "Utah", 2734, "Devin Harris", "G", "", "21:37", 4, 8, 0.5, 2, 4, 0.5, 0, 1, 0.0, 0, 0, 0, 2, 2, 0, 2, 3, 10, -13.0], ["0021100030", 1610612762, "UTA", "Utah", 200794, "Paul Millsap", "", "", "21:44", 6, 9, 0.667, 1, 1, 1.0, 0, 0, 0.0, 1, 7, 8, 1, 2, 0, 1, 1, 13, -20.0], ["0021100030", 1610612762, "UTA", "Utah", 2248, "Earl Watson", "", "", "16:32", 0, 1, 0.0, 0, 1, 0.0, 0, 0, 0.0, 0, 1, 1, 4, 0, 0, 4, 2, 0, -11.0], ["0021100030", 1610612762, "UTA", "Utah", 101139, "CJ Miles", "", "", "21:43", 4, 9, 0.444, 3, 4, 0.75, 2, 4, 0.5, 1, 1, 2, 0, 0, 0, 3, 2, 13, -15.0], ["0021100030", 1610612762, "UTA", "Utah", 202683, "Enes Kanter", "", "", "14:12", 1, 5, 0.2, 0, 0, 0.0, 2, 3, 0.667, 2, 3, 5, 0, 0, 0, 0, 2, 4, 0.0], ["0021100030", 1610612762, "UTA", "Utah", 2572, "Josh Howard", "", "", "18:36", 2, 9, 0.222, 0, 1, 0.0, 4, 4, 1.0, 0, 1, 1, 1, 2, 0, 0, 0, 8, 5.0], ["0021100030", 1610612762, "UTA", "Utah", 202379, "Jeremy Evans", "", "", "13:08", 2, 2, 1.0, 0, 0, 0.0, 0, 0, 0.0, 1, 1, 2, 1, 0, 1, 0, 0, 4, 2.0], ["0021100030", 1610612762, "UTA", "Utah", 202692, "Alec Burks", "", "", "9:51", 6, 9, 0.667, 0, 1, 0.0, 3, 3, 1.0, 0, 0, 0, 0, 2, 0, 1, 2, 15, 7.0], ["0021100030", 1610612762, "UTA", "Utah", 2224, "Jamaal Tinsley", "", "", "9:51", 0, 0, 0.0, 0, 0, 0.0, 0, 0, 0.0, 0, 2, 2, 4, 1, 1, 2, 1, 0, 7.0], ["0021100030", 1610612743, "DEN", "Denver", 201568, "Danilo Gallinari", "F", "", "25:20", 4, 7, 0.571, 1, 2, 0.5, 2, 2, 1.0, 1, 4, 5, 2, 2, 0, 3, 3, 11, 13.0], ["0021100030", 1610612743, "DEN", "Denver", 2403, "Nene", "F", "", "23:48", 10, 13, 0.769, 0, 0, 0.0, 5, 5, 1.0, 0, 7, 7, 2, 3, 2, 1, 1, 25, 15.0], ["0021100030", 1610612743, "DEN", "Denver", 202389, "Timofey Mozgov", "C", "", "17:39", 2, 4, 0.5, 0, 0, 0.0, 0, 0, 0.0, 1, 1, 2, 1, 0, 0, 1, 2, 4, 5.0], ["0021100030", 1610612743, "DEN", "Denver", 201167, "Arron Afflalo", "G", "", "20:05", 4, 10, 0.4, 0, 4, 0.0, 2, 4, 0.5, 4, 1, 5, 1, 1, 0, 1, 2, 10, 1.0], ["0021100030", 1610612743, "DEN", "Denver", 201951, "Ty Lawson", "G", "", "25:04", 6, 11, 0.545, 0, 3, 0.0, 3, 4, 0.75, 0, 2, 2, 2, 1, 0, 1, 0, 15, 19.0], ["0021100030", 1610612743, "DEN", "Denver", 1889, "Andre Miller", "", "", "27:47", 2, 7, 0.286, 0, 1, 0.0, 3, 5, 0.6, 1, 2, 3, 12, 2, 0, 1, 2, 7, 20.0], ["0021100030", 1610612743, "DEN", "Denver", 1733, "Al Harrington", "", "", "20:48", 8, 11, 0.727, 2, 4, 0.5, 0, 1, 0.0, 0, 7, 7, 0, 4, 0, 3, 3, 18, 20.0], ["0021100030", 1610612743, "DEN", "Denver", 201164, "Rudy Fernandez", "", "", "30:16", 4, 7, 0.571, 3, 5, 0.6, 0, 0, 0.0, 0, 0, 0, 8, 1, 0, 4, 4, 11, 13.0], ["0021100030", 1610612743, "DEN", "Denver", 2365, "Chris Andersen", "", "", "14:24", 1, 4, 0.25, 0, 0, 0.0, 2, 2, 1.0, 3, 4, 7, 0, 1, 0, 1, 1, 4, 10.0], ["0021100030", 1610612743, "DEN", "Denver", 201147, "Corey Brewer", "", "", "12:00", 2, 5, 0.4, 0, 0, 0.0, 2, 3, 0.667, 0, 1, 1, 0, 2, 0, 1, 0, 6, -5.0], ["0021100030", 1610612743, "DEN", "Denver", 202702, "Kenneth Faried", "", "", "9:02", 0, 3, 0.0, 0, 0, 0.0, 0, 0, 0.0, 1, 3, 4, 0, 0, 1, 1, 0, 0, -9.0], ["0021100030", 1610612743, "DEN", "Denver", 201585, "Kosta Koufos", "", "", "7:55", 2, 3, 0.667, 0, 0, 0.0, 0, 0, 0.0, 1, 1, 2, 0, 0, 0, 0, 2, 4, -10.0], ["0021100030", 1610612743, "DEN", "Denver", 201960, "DeMarre Carroll", "", "", "5:52", 1, 1, 1.0, 0, 0, 0.0, 0, 0, 0.0, 0, 0, 0, 1, 0, 0, 0, 0, 2, -7.0]], "name": "PlayerStats"}, {"headers": ["GAME_ID", "TEAM_ID", "TEAM_NAME", "TEAM_ABBREVIATION", "TEAM_CITY", "MIN", "FGM", "FGA", "FG_PCT", "FG3M", "FG3A", "FG3_PCT", "FTM", "FTA", "FT_PCT", "OREB", "DREB", "REB", "AST", "STL", "BLK", "TO", "PF", "PTS", "PLUS_MINUS"], "rowSet": [["0021100030", 1610612762, "Jazz", "UTA", "Utah", "240:00", 38, 79, 0.481, 7, 16, 0.438, 17, 25, 0.68, 8, 31, 39, 25, 10, 3, 22, 23, 100, -17.0], ["0021100030", 1610612743, "Nuggets", "DEN", "Denver", "240:00", 46, 86, 0.535, 6, 19, 0.316, 19, 26, 0.731, 12, 33, 45, 29, 17, 3, 18, 20, 117, 17.0]], "name": "TeamStats"}, {"headers": ["LEAGUE_ID", "SEASON_ID", "TEAM_ID", "TEAM_ABBREVIATION", "TEAM_CITY", "PTS_PAINT", "PTS_2ND_CHANCE", "PTS_FB", "LARGEST_LEAD", "LEAD_CHANGES", "TIMES_TIED"], "rowSet": [["00", "22011", 1610612762, "UTA", "Utah", 42, 14, 17, 27, 3, 4], ["00", "22011", 1610612743, "DEN", "Denver", 68, 6, 27, 27, 3, 4]], "name": "OtherStats"}, {"headers": ["OFFICIAL_ID", "FIRST_NAME", "LAST_NAME", "JERSEY_NUM"], "rowSet": [[1164, "Ron", "Garretson", "10"], [1363, "Bennie", "Adams", "47"], [202053, "Scott", "Twardoski", "76"]], "name": "Officials"}, {"headers": ["GAME_DATE", "ATTENDANCE", "GAME_TIME"], "rowSet": [["WEDNESDAY, DECEMBER 28, 2011", 19155, "2:05"]], "name": "GameInfo"}, {"headers": ["PLAYER_ID", "FIRST_NAME", "LAST_NAME", "JERSEY_NUM", "TEAM_ID", "TEAM_CITY", "TEAM_NAME", "TEAM_ABBREVIATION"], "rowSet": [[202706, "Jordan", "Hamilton", " 1", 1610612743, "Denver", "Nuggets", "DEN"], [202933, "Julyan", "Stone", "10", 1610612743, "Denver", "Nuggets", "DEN"]], "name": "InactivePlayers"}, {"headers": ["VIDEO_AVAILABLE_FLAG"], "rowSet": [[0]], "name": "AvailableVideo"}], "parameters": {"GameID": "0021100030", "RangeType": 0, "StartPeriod": 0, "StartRange": 0, "EndPeriod": 0, "EndRange": 0}}