{"resource": "boxscore", "resultSets": [{"headers": ["GAME_DATE_EST", "GAME_SEQUENCE", "GAME_ID", "GAME_STATUS_ID", "GAME_STATUS_TEXT", "GAMECODE", "HOME_TEAM_ID", "VISITOR_TEAM_ID", "SEASON", "LIVE_PERIOD", "LIVE_PC_TIME", "NATL_TV_BROADCASTER_ABBREVIATION", "LIVE_PERIOD_TIME_BCAST", "WH_STATUS"], "rowSet": [["2011-12-25T00:00:00", 3, "0021100003", 3, "Final", "20111225/CHILAL", 1610612747, 1610612741, "2011", 4, "", "ABC", "Q4  - ABC", 1]], "name": "GameSummary"}, {"headers": ["GAME_DATE_EST", "GAME_SEQUENCE", "GAME_ID", "TEAM_ID", "TEAM_ABBREVIATION", "TEAM_CITY_NAME", "TEAM_WINS_LOSSES", "PTS_QTR1", "PTS_QTR2", "PTS_QTR3", "PTS_QTR4", "PTS_OT1", "PTS_OT2", "PTS_OT3", "PTS_OT4", "PTS_OT5", "PTS_OT6", "PTS_OT7", "PTS_OT8", "PTS_OT9", "PTS_OT10", "PTS"], "rowSet": [["2011-12-25T00:00:00", 3, "0021100003", 1610612747, "LAL", "Los Angeles", "0-1", 20, 29, 20, 18, 0, 0, 0, 0, 0, 0, 0, 0, 0, 0, 87], ["2011-12-25T00:00:00", 3, "0021100003", 1610612741, "CHI", "Chicago", "1-0", 22, 34, 12, 20, 0, 0, 0, 0, 0, 0, 0, 0, 0, 0, 88]], "name": "LineScore"}, {"headers": ["GAME_ID", "HOME_TEAM_ID", "VISITOR_TEAM_ID", "GAME_DATE_EST", "HOME_TEAM_WINS", "HOME_TEAM_LOSSES", "SERIES_LEADER"], "rowSet": [["0021100003", 1610612747, 1610612741, "2011-12-25T00:00:00", 0, 1, "Chicago"]], "name": "SeasonSeries"}, {"headers": ["GAME_ID", "LAST_GAME_ID", "LAST_GAME_DATE_EST", "LAST_GAME_HOME_TEAM_ID", "LAST_GAME_HOME_TEAM_CITY", "LAST_GAME_HOME_TEAM_NAME", "LAST_GAME_HOME_TEAM_ABBREVIATION", "LAST_GAME_HOME_TEAM_POINTS", "LAST_GAME_VISITOR_TEAM_ID", "LAST_GAME_VISITOR_TEAM_CITY", "LAST_GAME_VISITOR_TEAM_NAME", "LAST_GAME_VISITOR_TEAM_CITY1", "LAST_GAME_VISITOR_TEAM_POINTS"], "rowSet": [["0021100003", "0021000333", "2010-12-10T00:00:00", 1610612747, "Los Angeles", "Lakers", "LAL", 84, 1610612741, "Chicago", "Bulls", "CHI", 88]], "name": "LastMeeting"}, {"headers": ["GAME_ID", "TEAM_ID", "TEAM_ABBREVIATION", "TEAM_CITY", "PLAYER_ID", "PLAYER_NAME", "START_POSITION", "COMMENT", "MIN", "FGM", "FGA", "FG_PCT", "FG3M", "FG3A", "FG3_PCT", "FTM", "FTA", "FT_PCT", "OREB", "DREB", "REB", "AST", "STL", "BLK", "TO", "PF", "PTS", "PLUS_MINUS"], "rowSet": [["0021100003", 1610612741, "CHI", "Chicago", 2736, "Luol Deng", "F", "", "38:13", 7, 19, 0.368, 1, 4, 0.25, 6, 6, 1.0, 3, 4, 7, 3, 4, 1, 0, 2, 21, 13.0], ["0021100003", 1610612741, "CHI", "Chicago", 2430, "Carlos Boozer", "F", "", "32:32", 7, 13, 0.538, 0, 0, 0.0, 1, 4, 0.25, 1, 5, 6, 2, 1, 1, 2, 3, 15, 2.0], ["0021100003", 1610612741, "CHI", "Chicago", 201149, "Joakim Noah", "C", "", "28:27", 3, 12, 0.25, 0, 0, 0.0, 0, 0, 0.0, 5, 4, 9, 2, 3, 0, 2, 5, 6, 4.0], ["0021100003", 1610612741, "CHI", "Chicago", 1888, "Richard Hamilton", "G", "", "23:06", 3, 8, 0.375, 0, 0, 0.0, 0, 0, 0.0, 1, 1, 2, 3, 2, 0, 0, 5, 6, 0.0], ["0021100003", 1610612741, "CHI", "Chicago", 201565, "Derrick Rose", "G", "", "35:19", 9, 13, 0.692, 4, 6, 0.667, 0, 0, 0.0, 0, 1, 1, 5, 0, 1, 5, 1, 22, 7.0], ["0021100003", 1610612741, "CHI", "Chicago", 200758, "Ronnie Brewer", "", "", "24:54", 3, 6, 0.5, 0, 0, 0.0, 0, 1, 0.0, 0, 3, 3, 2, 1, 0, 2, 3, 6, 1.0], ["0021100003", 1610612741, "CHI", "Chicago", 201600, "Omer Asik", "", "", "19:33", 1, 5, 0.2, 0, 0, 0.0, 1, 1, 1.0, 4, 4, 8, 0, 1, 0, 2, 0, 3, -3.0], ["0021100003", 1610612741, "CHI", "Chicago", 201228, "CJ Watson", "", "", "12:41", 2, 6, 0.333, 2, 3, 0.667, 0, 0, 0.0, 0, 1, 1, 2, 2, 0, 1, 1, 6, -6.0], ["0021100003", 1610612741, "CHI", "Chicago", 201959, "Taj Gibson", "", "", "15:28", 1, 4, 0.25, 0, 0, 0.0, 1, 2, 0.5, 2, 1, 3, 2, 0, 1, 0, 1, 3, -1.0], ["0021100003", 1610612741, "CHI", "Chicago", 2594, "Kyle Korver", "", "", "9:47", 0, 3, 0.0, 0, 2, 0.0, 0, 0, 0.0, 0, 1, 1, 0, 0, 0, 0, 0, 0, -12.0], ["0021100003", 1610612741, "CHI", "Chicago", 202710, "Jimmy Butler", "", "DNP - Coach's Decision", null, null, null, null, null, null, null, null, null, null, null, null, null, null, null, null, null, null, null, null], ["0021100003", 1610612741, "CHI", "Chicago", 101249, "John Lucas III", "", "DNP - Coach's Decision", null, null, null, null, null, null, null, null, null, null, null, null, null, null, null, null, null, null, null, null], ["0021100003", 1610612741, "CHI", "Chicago", 2243, "Brian Scalabrine", "", "DNP - Coach's Decision", null, null, null, null, null, null, null, null, null, null, null, null, null, null, null, null, null, null, null, null], ["0021100003", 1610612747, "LAL", "Los Angeles", 202365, "Devin Ebanks", "F", "", "23:10", 4, 5, 0.8, 0, 0, 0.0, 0, 0, 0.0, 0, 1, 1, 2, 0, 0, 0, 1, 8, 6.0], ["0021100003", 1610612747, "LAL", "Los Angeles", 201177, "Josh McRoberts", "F", "", "35:20", 3, 6, 0.5, 0, 0, 0.0, 0, 2, 0.0, 3, 5, 8, 2, 0, 2, 2, 3, 6, -5.0], ["0021100003", 1610612747, "LAL", "Los Angeles", 2200, "Pau Gasol", "C", "", "37:37", 6, 14, 0.429, 0, 2, 0.0, 2, 6, 0.333, 2, 6, 8, 3, 0, 3, 1, 4, 14, 5.0], ["0021100003", 1610612747, "LAL", "Los Angeles", 977, "Kobe Bryant", "G", "", "35:24", 11, 23, 0.478, 0, 1, 0.0, 6, 7, 0.857, 0, 7, 7, 6, 2, 0, 8, 3, 28, -7.0], ["0021100003", 1610612747, "LAL", "Los Angeles", 965, "Derek Fisher", "G", "", "23:23", 1, 5, 0.2, 0, 2, 0.0, 0, 0, 0.0, 0, 3, 3, 3, 2, 2, 3, 3, 2, 6.0], ["0021100003", 1610612747, "LAL", "Los Angeles", 1897, "Metta World Peace", "", "", "24:50", 2, 6, 0.333, 0, 1, 0.0, 0, 0, 0.0, 0, 2, 2, 3, 2, 0, 0, 0, 4, -7.0], ["0021100003", 1610612747, "LAL", "Los Angeles", 2211, "Troy Murphy", "", "", "22:43", 3, 5, 0.6, 0, 1, 0.0, 1, 2, 0.5, 5, 3, 8, 1, 0, 1, 1, 4, 7, 0.0], ["0021100003", 1610612747, "LAL", "Los Angeles", 2581, "Steve Blake", "", "", "24:57", 4, 9, 0.444, 2, 6, 0.333, 2, 3, 0.667, 1, 2, 3, 2, 0, 0, 1, 2, 12, -9.0], ["0021100003", 1610612747, "LAL", "Los Angeles", 202726, "Andrew Goudelock", "", "", "12:36", 2, 3, 0.667, 2, 3, 0.667, 0, 0, 0.0, 1, 1, 2, 0, 0, 0, 1, 0, 6, 6.0], ["0021100003", 1610612747, "LAL", "Los Angeles", 2440, "Matt Barnes", "", "DNP - Coach's Decision", null, null, null, null, null, null, null, null, null, null, null, null, null, null, null, null, null, null, null, null], ["0021100003", 1610612747, "LAL", "Los Angeles", 101115, "Andrew Bynum", "", "NWT - Suspension", null, null, null, null, null, null, null, null, null, null, null, null, null, null, null, null, null, null, null, null], ["0021100003", 1610612747, "LAL", "Los Angeles", 2574, "Jason Kapono", "", "DNP - Coach's Decision", null, null, null, null, null, null, null, null, null, null, null, null, null, null, null, null, null, null, null, null], ["0021100003", 1610612747, "LAL", "Los Angeles", 2575, "Luke Walton", "", "DNP - Coach's Decision", null, null, null, null, null, null, null, null, null, null, null, null, null, null, null, null, null, null, null, null]], "name": "PlayerStats"}, {"headers": ["GAME_ID", "TEAM_ID", "TEAM_NAME", "TEAM_ABBREVIATION", "TEAM_CITY", "MIN", "FGM", "FGA", "FG_PCT", "FG3M", "FG3A", "FG3_PCT", "FTM", "FTA", "FT_PCT", "OREB", "DREB", "REB", "AST", "STL", "BLK", "TO", "PF", "PTS", "PLUS_MINUS"], "rowSet": [["0021100003", 1610612747, "Lakers", "LAL", "Los Angeles", "240:00", 36, 76, 0.474, 4, 16, 0.25, 11, 20, 0.55, 12, 30, 42, 22, 6, 8, 17, 20, 87, -1.0], ["0021100003", 1610612741, "Bulls", "CHI", "Chicago", "240:00", 36, 89, 0.404, 7, 15, 0.467, 9, 14, 0.643, 16, 25, 41, 21, 14, 4, 14, 21, 88, 1.0]], "name": "TeamStats"}, {"headers": ["LEAGUE_ID", "SEASON_ID", "TEAM_ID", "TEAM_ABBREVIATION", "TEAM_CITY", "PTS_PAINT", "PTS_2ND_CHANCE", "PTS_FB", "LARGEST_LEAD", "LEAD_CHANGES", "TIMES_TIED"], "rowSet": [["00", "22011", 1610612747, "LAL", "Los Angeles", 42, 16, 10, 9, 12, 8], ["00", "22011", 1610612741, "CHI", "Chicago", 42, 12, 12, 11, 13, 8]], "name": "OtherStats"}, {"headers": ["OFFICIAL_ID", "FIRST_NAME", "LAST_NAME", "JERSEY_NUM"], "rowSet": [[1200, "Greg", "Willard", "57"], [1363, "Bennie", "Adams", "47"], [201246, "Kevin", "Cutler", "34"]], "name": "Officials"}, {"headers": ["GAME_DATE", "ATTENDANCE", "GAME_TIME"], "rowSet": [["SUNDAY, DECEMBER 25, 2011", 18997, "2:34"]], "name": "GameInfo"}, {"headers": ["PLAYER_ID", "FIRST_NAME", "LAST_NAME", "JERSEY_NUM", "TEAM_ID", "TEAM_CITY", "TEAM_NAME", "TEAM_ABBREVIATION"], "rowSet": [[202382, "Derrick", "Caracter", "45", 1610612747, "Los Angeles", "Lakers", "LAL"], [202721, "Darius", "Morris", " 1", 1610612747, "Los Angeles", "Lakers", "LAL"]], "name": "InactivePlayers"}, {"headers": ["VIDEO_AVAILABLE_FLAG"], "rowSet": [[0]], "name": "AvailableVideo"}], "parameters": {"GameID": "0021100003", "RangeType": 0, "StartPeriod": 0, "StartRange": 0, "EndPeriod": 0, "EndRange": 0}}