{"resource": "boxscore", "resultSets": [{"headers": ["GAME_DATE_EST", "GAME_SEQUENCE", "GAME_ID", "GAME_STATUS_ID", "GAME_STATUS_TEXT", "GAMECODE", "HOME_TEAM_ID", "VISITOR_TEAM_ID", "SEASON", "LIVE_PERIOD", "LIVE_PC_TIME", "NATL_TV_BROADCASTER_ABBREVIATION", "LIVE_PERIOD_TIME_BCAST", "WH_STATUS"], "rowSet": [["2012-01-01T00:00:00", 8, "0021100064", 3, "Final", "20120101/NOHSAC", 1610612758, 1610612740, "2011", 4, "", null, "Q4  - ", 1]], "name": "GameSummary"}, {"headers": ["GAME_DATE_EST", "GAME_SEQUENCE", "GAME_ID", "TEAM_ID", "TEAM_ABBREVIATION", "TEAM_CITY_NAME", "TEAM_WINS_LOSSES", "PTS_QTR1", "PTS_QTR2", "PTS_QTR3", "PTS_QTR4", "PTS_OT1", "PTS_OT2", "PTS_OT3", "PTS_OT4", "PTS_OT5", "PTS_OT6", "PTS_OT7", "PTS_OT8", "PTS_OT9", "PTS_OT10", "PTS"], "rowSet": [["2012-01-01T00:00:00", 8, "0021100064", 1610612740, "NOH", "New Orleans", "2-2", 22, 18, 18, 22, 0, 0, 0, 0, 0, 0, 0, 0, 0, 0, 80], ["2012-01-01T00:00:00", 8, "0021100064", 1610612758, "SAC", "Sacramento", "2-3", 21, 17, 30, 28, 0, 0, 0, 0, 0, 0, 0, 0, 0, 0, 96]], "name": "LineScore"}, {"headers": ["GAME_ID", "HOME_TEAM_ID", "VISITOR_TEAM_ID", "GAME_DATE_EST", "HOME_TEAM_WINS", "HOME_TEAM_LOSSES", "SERIES_LEADER"], "rowSet": [["0021100064", 1610612758, 1610612740, "2012-01-01T00:00:00", 3, 1, "Sacramento"]], "name": "SeasonSeries"}, {"headers": ["GAME_ID", "LAST_GAME_ID", "LAST_GAME_DATE_EST", "LAST_GAME_HOME_TEAM_ID", "LAST_GAME_HOME_TEAM_CITY", "LAST_GAME_HOME_TEAM_NAME", "LAST_GAME_HOME_TEAM_ABBREVIATION", "LAST_GAME_HOME_TEAM_POINTS", "LAST_GAME_VISITOR_TEAM_ID", "LAST_GAME_VISITOR_TEAM_CITY", "LAST_GAME_VISITOR_TEAM_NAME", "LAST_GAME_VISITOR_TEAM_CITY1", "LAST_GAME_VISITOR_TEAM_POINTS"], "rowSet": [["0021100064", "0021000981", "2011-03-12T00:00:00", 1610612758, "Sacramento", "Kings", "SAC", 103, 1610612740, "New Orleans", "Hornets", "NOH", 115]], "name": "LastMeeting"}, {"headers": ["GAME_ID", "TEAM_ID", "TEAM_ABBREVIATION", "TEAM_CITY", "PLAYER_ID", "PLAYER_NAME", "START_POSITION", "COMMENT", "MIN", "FGM", "FGA", "FG_PCT", "FG3M", "FG3A", "FG3_PCT", "FTM", "FTA", "FT_PCT", "OREB", "DREB", "REB", "AST", "STL", "BLK", "TO", "PF", "PTS", "PLUS_MINUS"], "rowSet": [["0021100064", 1610612740, "NOH", "New Orleans", 2772, "Trevor Ariza", "F", "", "37:30", 8, 14, 0.571, 0, 3, 0.0, 1, 2, 0.5, 2, 3, 5, 3, 1, 0, 1, 3, 17, -18.0], ["0021100064", 1610612740, "NOH", "New Orleans", 201171, "Carl Landry", "F", "", "21:01", 6, 11, 0.545, 0, 0, 0.0, 0, 0, 0.0, 5, 0, 5, 0, 0, 0, 2, 3, 12, -6.0], ["0021100064", 1610612740, "NOH", "New Orleans", 2731, "Emeka Okafor", "C", "", "33:01", 5, 7, 0.714, 0, 0, 0.0, 3, 6, 0.5, 5, 7, 12, 1, 0, 1, 0, 2, 13, -8.0], ["0021100064", 1610612740, "NOH", "New Orleans", 201158, "Marco Belinelli", "G", "", "35:25", 3, 12, 0.25, 0, 7, 0.0, 0, 0, 0.0, 0, 6, 6, 3, 0, 0, 1, 2, 6, -13.0], ["0021100064", 1610612740, "NOH", "New Orleans", 101127, "Jarrett Jack", "G", "", "31:51", 3, 11, 0.273, 0, 3, 0.0, 0, 0, 0.0, 0, 4, 4, 8, 0, 0, 8, 1, 6, -20.0], ["0021100064", 1610612740, "NOH", "New Orleans", 2549, "Chris Kaman", "", "", "26:47", 5, 13, 0.385, 0, 0, 0.0, 4, 4, 1.0, 3, 12, 15, 1, 0, 1, 3, 4, 14, -6.0], ["0021100064", 1610612740, "NOH", "New Orleans", 201160, "Jason Smith", "", "", "12:56", 1, 5, 0.2, 0, 1, 0.0, 0, 4, 0.0, 2, 1, 3, 0, 1, 0, 0, 2, 2, -8.0], ["0021100064", 1610612740, "NOH", "New Orleans", 202349, "Greivis Vasquez", "", "", "27:20", 3, 9, 0.333, 0, 0, 0.0, 0, 0, 0.0, 0, 2, 2, 8, 2, 0, 2, 0, 6, -1.0], ["0021100064", 1610612740, "NOH", "New Orleans", 202329, "Al-Farouq Aminu", "", "", "10:41", 0, 5, 0.0, 0, 1, 0.0, 0, 0, 0.0, 3, 3, 6, 0, 0, 0, 2, 1, 0, 0.0], ["0021100064", 1610612740, "NOH", "New Orleans", 202970, "Gustavo Ayon", "", "", "2:03", 0, 0, 0.0, 0, 0, 0.0, 0, 0, 0.0, 0, 0, 0, 0, 0, 0, 0, 0, 0, -2.0], ["0021100064", 1610612740, "NOH", "New Orleans", 201234, "Trey Johnson", "", "", "1:24", 2, 2, 1.0, 0, 0, 0.0, 0, 0, 0.0, 2, 0, 2, 0, 0, 0, 0, 0, 4, 2.0], ["0021100064", 1610612740, "NOH", "New Orleans", 201569, "Eric Gordon", "", "DND - bruised right knee", null, null, null, null, null, null, null, null, null, null, null, null, null, null, null, null, null, null, null, null], ["0021100064", 1610612740, "NOH", "New Orleans", 201291, "Carldell Johnson", "", "DNP - Coach's Decision", null, null, null, null, null, null, null, null, null, null, null, null, null, null, null, null, null, null, null, null], ["0021100064", 1610612758, "SAC", "Sacramento", 2422, "John Salmons", "F", "", "38:33", 5, 11, 0.455, 2, 6, 0.333, 1, 1, 1.0, 0, 4, 4, 2, 2, 1, 2, 2, 13, 16.0], ["0021100064", 1610612758, "SAC", "Sacramento", 201581, "JJ Hickson", "F", "", "24:51", 1, 6, 0.167, 0, 0, 0.0, 2, 3, 0.667, 3, 6, 9, 0, 0, 1, 1, 2, 4, 19.0], ["0021100064", 1610612758, "SAC", "Sacramento", 101236, "Charles Hayes", "C", "", "35:42", 3, 9, 0.333, 0, 0, 0.0, 0, 0, 0.0, 4, 6, 10, 3, 1, 0, 0, 0, 6, 15.0], ["0021100064", 1610612758, "SAC", "Sacramento", 201977, "Marcus Thornton", "G", "", "35:07", 9, 18, 0.5, 1, 5, 0.2, 6, 7, 0.857, 3, 3, 6, 1, 5, 0, 1, 2, 25, 23.0], ["0021100064", 1610612758, "SAC", "Sacramento", 201936, "Tyreke Evans", "G", "", "37:29", 9, 18, 0.5, 2, 3, 0.667, 7, 8, 0.875, 0, 4, 4, 3, 1, 1, 4, 2, 27, 8.0], ["0021100064", 1610612758, "SAC", "Sacramento", 201574, "Jason Thompson", "", "", "21:06", 2, 7, 0.286, 0, 0, 0.0, 0, 0, 0.0, 2, 3, 5, 1, 1, 1, 0, 1, 4, -5.0], ["0021100064", 1610612758, "SAC", "Sacramento", 202690, "Jimmer Fredette", "", "", "21:25", 3, 8, 0.375, 1, 3, 0.333, 0, 0, 0.0, 0, 0, 0, 5, 2, 0, 1, 0, 7, 1.0], ["0021100064", 1610612758, "SAC", "Sacramento", 2566, "Travis Outlaw", "", "", "11:17", 1, 4, 0.25, 0, 2, 0.0, 2, 2, 1.0, 0, 1, 1, 1, 0, 1, 0, 2, 4, 5.0], ["0021100064", 1610612758, "SAC", "Sacramento", 101128, "Francisco Garcia", "", "", "9:23", 2, 4, 0.5, 2, 4, 0.5, 0, 0, 0.0, 0, 2, 2, 0, 0, 1, 0, 4, 6, 0.0], ["0021100064", 1610612758, "SAC", "Sacramento", 201590, "Donte Greene", "", "", "0:29", 0, 0, 0.0, 0, 0, 0.0, 0, 0, 0.0, 0, 0, 0, 0, 0, 0, 0, 0, 0, 0.0], ["0021100064", 1610612758, "SAC", "Sacramento", 202738, "Isaiah Thomas", "", "", "4:38", 0, 0, 0.0, 0, 0, 0.0, 0, 0, 0.0, 0, 0, 0, 0, 0, 0, 1, 0, 0, -2.0], ["0021100064", 1610612758, "SAC", "Sacramento", 202715, "Tyler Honeycutt", "", "DNP - Coach's Decision", null, null, null, null, null, null, null, null, null, null, null, null, null, null, null, null, null, null, null, null], ["0021100064", 1610612758, "SAC", "Sacramento", 202355, "Hassan Whiteside", "", "DNP - Coach's Decision", null, null, null, null, null, null, null, null, null, null, null, null, null, null, null, null, null, null, null, null]], "name": "PlayerStats"}, {"headers": ["GAME_ID", "TEAM_ID", "TEAM_NAME", "TEAM_ABBREVIATION", "TEAM_CITY", "MIN", "FGM", "FGA", "FG_PCT", "FG3M", "FG3A", "FG3_PCT", "FTM", "FTA", "FT_PCT", "OREB", "DREB", "REB", "AST", "STL", "BLK", "TO", "PF", "PTS", "PLUS_MINUS"], "rowSet": [["0021100064", 1610612758, "Kings", "SAC", "Sacramento", "240:00", 35, 85, 0.412, 8, 23, 0.348, 18, 21, 0.857, 12, 29, 41, 16, 12, 6, 10, 15, 96, 16.0], ["0021100064", 1610612740, "Hornets", "NOH", "New Orleans", "240:00", 36, 89, 0.404, 0, 15, 0.0, 8, 16, 0.5, 22, 38, 60, 24, 4, 2, 19, 18, 80, -16.0]], "name": "TeamStats"}, {"headers": ["LEAGUE_ID", "SEASON_ID", "TEAM_ID", "TEAM_ABBREVIATION", "TEAM_CITY", "PTS_PAINT", "PTS_2ND_CHANCE", "PTS_FB", "LARGEST_LEAD", "LEAD_CHANGES", "TIMES_TIED"], "rowSet": [["00", "22011", 1610612740, "NOH", "New Orleans", 54, 15, 12, 20, 12, 8], ["00", "22011", 1610612758, "SAC", "Sacramento", 46, 6, 32, 20, 12, 8]], "name": "OtherStats"}, {"headers": ["OFFICIAL_ID", "FIRST_NAME", "LAST_NAME", "JERSEY_NUM"], "rowSet": [[2005, "Matt", "Boland", "18"], [1830, "Marc", "Davis", "8"], [201245, "Marat", "Kogut", "68"]], "name": "Officials"}, {"headers": ["GAME_DATE", "ATTENDANCE", "GAME_TIME"], "rowSet": [["SUNDAY, JANUARY 1, 2012", 13628, "2:03"]], "name": "GameInfo"}, {"headers": ["PLAYER_ID", "FIRST_NAME", "LAST_NAME", "JERSEY_NUM", "TEAM_ID", "TEAM_CITY", "TEAM_NAME", "TEAM_ABBREVIATION"], "rowSet": [[201969, "DaJuan", "Summers", "22", 1610612740, "New Orleans", "Hornets", "NOH"], [202326, "DeMarcus", "Cousins", "15", 1610612758, "Sacramento", "Kings", "SAC"]], "name": "InactivePlayers"}, {"headers": ["VIDEO_AVAILABLE_FLAG"], "rowSet": [[0]], "name": "AvailableVideo"}], "parameters": {"GameID": "0021100064", "RangeType": 0, "StartPeriod": 0, "StartRange": 0, "EndPeriod": 0, "EndRange": 0}}