{"resource": "boxscore", "resultSets": [{"headers": ["GAME_DATE_EST", "GAME_SEQUENCE", "GAME_ID", "GAME_STATUS_ID", "GAME_STATUS_TEXT", "GAMECODE", "HOME_TEAM_ID", "VISITOR_TEAM_ID", "SEASON", "LIVE_PERIOD", "LIVE_PC_TIME", "NATL_TV_BROADCASTER_ABBREVIATION", "LIVE_PERIOD_TIME_BCAST", "WH_STATUS"], "rowSet": [["2011-12-30T00:00:00", 11, "0021100049", 3, "Final", "20111230/CHILAC", 1610612746, 1610612741, "2011", 4, "", "NBA TV", "Q4  - NBA TV", 1]], "name": "GameSummary"}, {"headers": ["GAME_DATE_EST", "GAME_SEQUENCE", "GAME_ID", "TEAM_ID", "TEAM_ABBREVIATION", "TEAM_CITY_NAME", "TEAM_WINS_LOSSES", "PTS_QTR1", "PTS_QTR2", "PTS_QTR3", "PTS_QTR4", "PTS_OT1", "PTS_OT2", "PTS_OT3", "PTS_OT4", "PTS_OT5", "PTS_OT6", "PTS_OT7", "PTS_OT8", "PTS_OT9", "PTS_OT10", "PTS"], "rowSet": [["2011-12-30T00:00:00", 11, "0021100049", 1610612746, "LAC", "Los Angeles", "1-2", 28, 24, 25, 24, 0, 0, 0, 0, 0, 0, 0, 0, 0, 0, 101], ["2011-12-30T00:00:00", 11, "0021100049", 1610612741, "CHI", "Chicago", "3-1", 29, 28, 26, 31, 0, 0, 0, 0, 0, 0, 0, 0, 0, 0, 114]], "name": "LineScore"}, {"headers": ["GAME_ID", "HOME_TEAM_ID", "VISITOR_TEAM_ID", "GAME_DATE_EST", "HOME_TEAM_WINS", "HOME_TEAM_LOSSES", "SERIES_LEADER"], "rowSet": [["0021100049", 1610612746, 1610612741, "2011-12-30T00:00:00", 0, 1, "Chicago"]], "name": "SeasonSeries"}, {"headers": ["GAME_ID", "LAST_GAME_ID", "LAST_GAME_DATE_EST", "LAST_GAME_HOME_TEAM_ID", "LAST_GAME_HOME_TEAM_CITY", "LAST_GAME_HOME_TEAM_NAME", "LAST_GAME_HOME_TEAM_ABBREVIATION", "LAST_GAME_HOME_TEAM_POINTS", "LAST_GAME_VISITOR_TEAM_ID", "LAST_GAME_VISITOR_TEAM_CITY", "LAST_GAME_VISITOR_TEAM_NAME", "LAST_GAME_VISITOR_TEAM_CITY1", "LAST_GAME_VISITOR_TEAM_POINTS"], "rowSet": [["0021100049", "0021000729", "2011-02-02T00:00:00", 1610612746, "Los Angeles", "Clippers", "LAC", 88, 1610612741, "Chicago", "Bulls", "CHI", 106]], "name": "LastMeeting"}, {"headers": ["GAME_ID", "TEAM_ID", "TEAM_ABBREVIATION", "TEAM_CITY", "PLAYER_ID", "PLAYER_NAME", "START_POSITION", "COMMENT", "MIN", "FGM", "FGA", "FG_PCT", "FG3M", "FG3A", "FG3_PCT", "FTM", "FTA", "FT_PCT", "OREB", "DREB", "REB", "AST", "STL", "BLK", "TO", "PF", "PTS", "PLUS_MINUS"], "rowSet": [["0021100049", 1610612741, "CHI", "Chicago", 2736, "Luol Deng", "F", "", "41:47", 7, 14, 0.5, 1, 4, 0.25, 4, 5, 0.8, 1, 7, 8, 2, 0, 0, 0, 2, 19, 9.0], ["0021100049", 1610612741, "CHI", "Chicago", 2430, "Carlos Boozer", "F", "", "30:09", 4, 8, 0.5, 0, 0, 0.0, 2, 2, 1.0, 2, 4, 6, 1, 0, 0, 0, 3, 10, 0.0], ["0021100049", 1610612741, "CHI", "Chicago", 201149, "Joakim Noah", "C", "", "34:44", 5, 7, 0.714, 0, 0, 0.0, 9, 10, 0.9, 5, 3, 8, 4, 1, 1, 1, 5, 19, 4.0], ["0021100049", 1610612741, "CHI", "Chicago", 1888, "Richard Hamilton", "G", "", "31:12", 8, 18, 0.444, 0, 3, 0.0, 0, 0, 0.0, 1, 4, 5, 2, 0, 0, 1, 1, 16, 0.0], ["0021100049", 1610612741, "CHI", "Chicago", 201565, "Derrick Rose", "G", "", "42:04", 8, 14, 0.571, 3, 4, 0.75, 10, 11, 0.909, 3, 5, 8, 16, 1, 0, 4, 3, 29, 16.0], ["0021100049", 1610612741, "CHI", "Chicago", 201959, "Taj Gibson", "", "", "19:16", 2, 5, 0.4, 0, 0, 0.0, 2, 2, 1.0, 1, 2, 3, 1, 1, 1, 1, 1, 6, 13.0], ["0021100049", 1610612741, "CHI", "Chicago", 200758, "Ronnie Brewer", "", "", "13:58", 2, 2, 1.0, 1, 1, 1.0, 2, 2, 1.0, 0, 2, 2, 0, 1, 0, 0, 0, 7, 15.0], ["0021100049", 1610612741, "CHI", "Chicago", 201600, "Omer Asik", "", "", "9:50", 1, 1, 1.0, 0, 0, 0.0, 0, 2, 0.0, 2, 3, 5, 2, 0, 0, 4, 2, 2, -1.0], ["0021100049", 1610612741, "CHI", "Chicago", 201228, "CJ Watson", "", "", "7:09", 0, 5, 0.0, 0, 2, 0.0, 0, 0, 0.0, 0, 0, 0, 1, 0, 0, 1, 0, 0, -7.0], ["0021100049", 1610612741, "CHI", "Chicago", 2594, "Kyle Korver", "", "", "9:51", 2, 4, 0.5, 2, 3, 0.667, 0, 0, 0.0, 0, 0, 0, 0, 0, 0, 0, 2, 6, 16.0], ["0021100049", 1610612741, "CHI", "Chicago", 202710, "Jimmy Butler", "", "DNP - Coach's Decision", null, null, null, null, null, null, null, null, null, null, null, null, null, null, null, null, null, null, null, null], ["0021100049", 1610612741, "CHI", "Chicago", 101249, "John Lucas III", "", "DNP - Coach's Decision", null, null, null, null, null, null, null, null, null, null, null, null, null, null, null, null, null, null, null, null], ["0021100049", 1610612741, "CHI", "Chicago", 2243, "Brian Scalabrine", "", "DNP - Coach's Decision", null, null, null, null, null, null, null, null, null, null, null, null, null, null, null, null, null, null, null, null], ["0021100049", 1610612746, "LAC", "Los Angeles", 2406, "Caron Butler", "F", "", "38:58", 6, 11, 0.545, 1, 4, 0.25, 3, 4, 0.75, 0, 1, 1, 4, 1, 0, 2, 4, 16, -2.0], ["0021100049", 1610612746, "LAC", "Los Angeles", 201933, "Blake Griffin", "F", "", "41:33", 14, 25, 0.56, 0, 0, 0.0, 6, 10, 0.6, 6, 7, 13, 3, 1, 0, 2, 1, 34, -9.0], ["0021100049", 1610612746, "LAC", "Los Angeles", 201599, "DeAndre Jordan", "C", "", "25:40", 5, 6, 0.833, 0, 0, 0.0, 2, 4, 0.5, 1, 4, 5, 0, 0, 3, 2, 5, 12, 0.0], ["0021100049", 1610612746, "LAC", "Los Angeles", 2590, "Mo Williams", "G", "", "32:45", 5, 10, 0.5, 2, 2, 1.0, 1, 1, 1.0, 1, 2, 3, 3, 0, 0, 0, 3, 13, 2.0], ["0021100049", 1610612746, "LAC", "Los Angeles", 101108, "Chris Paul", "G", "", "44:06", 7, 14, 0.5, 1, 1, 1.0, 0, 1, 0.0, 0, 4, 4, 14, 4, 0, 3, 2, 15, -13.0], ["0021100049", 1610612746, "LAC", "Los Angeles", 200751, "Randy Foye", "", "", "19:09", 2, 6, 0.333, 2, 4, 0.5, 0, 0, 0.0, 0, 0, 0, 1, 0, 0, 1, 2, 6, -15.0], ["0021100049", 1610612746, "LAC", "Los Angeles", 2567, "Brian Cook", "", "", "17:04", 1, 3, 0.333, 0, 2, 0.0, 0, 0, 0.0, 0, 3, 3, 0, 0, 0, 0, 5, 2, -6.0], ["0021100049", 1610612746, "LAC", "Los Angeles", 101155, "Ryan Gomes", "", "", "12:05", 0, 2, 0.0, 0, 0, 0.0, 0, 0, 0.0, 1, 1, 2, 1, 0, 0, 1, 0, 0, -18.0], ["0021100049", 1610612746, "LAC", "Los Angeles", 202717, "Trey Thompkins", "", "", "8:40", 1, 3, 0.333, 1, 2, 0.5, 0, 0, 0.0, 0, 0, 0, 0, 0, 0, 0, 0, 3, -4.0], ["0021100049", 1610612746, "LAC", "Los Angeles", 1497, "Chauncey Billups", "", "DND - Sore right groin.", null, null, null, null, null, null, null, null, null, null, null, null, null, null, null, null, null, null, null, null], ["0021100049", 1610612746, "LAC", "Los Angeles", 202339, "Eric Bledsoe", "", "DND - Torn right lateral meniscus.", null, null, null, null, null, null, null, null, null, null, null, null, null, null, null, null, null, null, null, null], ["0021100049", 1610612746, "LAC", "Los Angeles", 2501, "Reggie Evans", "", "DND - Sprained right foot.", null, null, null, null, null, null, null, null, null, null, null, null, null, null, null, null, null, null, null, null], ["0021100049", 1610612746, "LAC", "Los Angeles", 202727, "Travis Leslie", "", "DNP - Coach's Decision", null, null, null, null, null, null, null, null, null, null, null, null, null, null, null, null, null, null, null, null]], "name": "PlayerStats"}, {"headers": ["GAME_ID", "TEAM_ID", "TEAM_NAME", "TEAM_ABBREVIATION", "TEAM_CITY", "MIN", "FGM", "FGA", "FG_PCT", "FG3M", "FG3A", "FG3_PCT", "FTM", "FTA", "FT_PCT", "OREB", "DREB", "REB", "AST", "STL", "BLK", "TO", "PF", "PTS", "PLUS_MINUS"], "rowSet": [["0021100049", 1610612746, "Clippers", "LAC", "Los Angeles", "240:00", 41, 80, 0.513, 7, 15, 0.467, 12, 20, 0.6, 9, 22, 31, 26, 6, 3, 11, 22, 101, -13.0], ["0021100049", 1610612741, "Bulls", "CHI", "Chicago", "240:00", 39, 78, 0.5, 7, 17, 0.412, 29, 34, 0.853, 15, 30, 45, 29, 4, 2, 12, 19, 114, 13.0]], "name": "TeamStats"}, {"headers": ["LEAGUE_ID", "SEASON_ID", "TEAM_ID", "TEAM_ABBREVIATION", "TEAM_CITY", "PTS_PAINT", "PTS_2ND_CHANCE", "PTS_FB", "LARGEST_LEAD", "LEAD_CHANGES", "TIMES_TIED"], "rowSet": [["00", "22011", 1610612746, "LAC", "Los Angeles", 46, 15, 9, 15, 9, 6], ["00", "22011", 1610612741, "CHI", "Chicago", 40, 19, 10, 15, 9, 6]], "name": "OtherStats"}, {"headers": ["OFFICIAL_ID", "FIRST_NAME", "LAST_NAME", "JERSEY_NUM"], "rowSet": [[2005, "Matt", "Boland", "18"], [1830, "Marc", "Davis", "8"], [201245, "Marat", "Kogut", "68"]], "name": "Officials"}, {"headers": ["GAME_DATE", "ATTENDANCE", "GAME_TIME"], "rowSet": [["FRIDAY, DECEMBER 30, 2011", 19426, "2:20"]], "name": "GameInfo"}, {"headers": ["PLAYER_ID", "FIRST_NAME", "LAST_NAME", "JERSEY_NUM", "TEAM_ID", "TEAM_CITY", "TEAM_NAME", "TEAM_ABBREVIATION"], "rowSet": [], "name": "InactivePlayers"}, {"headers": ["VIDEO_AVAILABLE_FLAG"], "rowSet": [[0]], "name": "AvailableVideo"}], "parameters": {"GameID": "0021100049", "RangeType": 0, "StartPeriod": 0, "StartRange": 0, "EndPeriod": 0, "EndRange": 0}}