{"resource": "boxscore", "resultSets": [{"headers": ["GAME_DATE_EST", "GAME_SEQUENCE", "GAME_ID", "GAME_STATUS_ID", "GAME_STATUS_TEXT", "GAMECODE", "HOME_TEAM_ID", "VISITOR_TEAM_ID", "SEASON", "LIVE_PERIOD", "LIVE_PC_TIME", "NATL_TV_BROADCASTER_ABBREVIATION", "LIVE_PERIOD_TIME_BCAST", "WH_STATUS"], "rowSet": [["2012-01-02T00:00:00", 2, "0021100067", 3, "Final", "20120102/WASBOS", 1610612738, 1610612764, "2011", 4, "", null, "Q4  - ", 1]], "name": "GameSummary"}, {"headers": ["GAME_DATE_EST", "GAME_SEQUENCE", "GAME_ID", "TEAM_ID", "TEAM_ABBREVIATION", "TEAM_CITY_NAME", "TEAM_WINS_LOSSES", "PTS_QTR1", "PTS_QTR2", "PTS_QTR3", "PTS_QTR4", "PTS_OT1", "PTS_OT2", "PTS_OT3", "PTS_OT4", "PTS_OT5", "PTS_OT6", "PTS_OT7", "PTS_OT8", "PTS_OT9", "PTS_OT10", "PTS"], "rowSet": [["2012-01-02T00:00:00", 2, "0021100067", 1610612764, "WAS", "Washington", "0-5", 24, 24, 22, 22, 0, 0, 0, 0, 0, 0, 0, 0, 0, 0, 92], ["2012-01-02T00:00:00", 2, "0021100067", 1610612738, "BOS", "Boston", "3-3", 23, 24, 22, 31, 0, 0, 0, 0, 0, 0, 0, 0, 0, 0, 100]], "name": "LineScore"}, {"headers": ["GAME_ID", "HOME_TEAM_ID", "VISITOR_TEAM_ID", "GAME_DATE_EST", "HOME_TEAM_WINS", "HOME_TEAM_LOSSES", "SERIES_LEADER"], "rowSet": [["0021100067", 1610612738, 1610612764, "2012-01-02T00:00:00", 4, 0, "Boston"]], "name": "SeasonSeries"}, {"headers": ["GAME_ID", "LAST_GAME_ID", "LAST_GAME_DATE_EST", "LAST_GAME_HOME_TEAM_ID", "LAST_GAME_HOME_TEAM_CITY", "LAST_GAME_HOME_TEAM_NAME", "LAST_GAME_HOME_TEAM_ABBREVIATION", "LAST_GAME_HOME_TEAM_POINTS", "LAST_GAME_VISITOR_TEAM_ID", "LAST_GAME_VISITOR_TEAM_CITY", "LAST_GAME_VISITOR_TEAM_NAME", "LAST_GAME_VISITOR_TEAM_CITY1", "LAST_GAME_VISITOR_TEAM_POINTS"], "rowSet": [["0021100067", "0021100057", "2012-01-01T00:00:00", 1610612738, "Boston", "Celtics", "BOS", 94, 1610612764, "Washington", "Wizards", "WAS", 86]], "name": "LastMeeting"}, {"headers": ["GAME_ID", "TEAM_ID", "TEAM_ABBREVIATION", "TEAM_CITY", "PLAYER_ID", "PLAYER_NAME", "START_POSITION", "COMMENT", "MIN", "FGM", "FGA", "FG_PCT", "FG3M", "FG3A", "FG3_PCT", "FTM", "FTA", "FT_PCT", "OREB", "DREB", "REB", "AST", "STL", "BLK", "TO", "PF", "PTS", "PLUS_MINUS"], "rowSet": [["0021100067", 1610612764, "WAS", "Washington", 1740, "Rashard Lewis", "F", "", "39:49", 4, 10, 0.4, 1, 3, 0.333, 0, 0, 0.0, 5, 1, 6, 1, 2, 1, 0, 3, 9, 1.0], ["0021100067", 1610612764, "WAS", "Washington", 101154, "Andray Blatche", "F", "", "38:06", 10, 20, 0.5, 0, 0, 0.0, 8, 10, 0.8, 3, 6, 9, 1, 2, 2, 1, 2, 28, -6.0], ["0021100067", 1610612764, "WAS", "Washington", 201580, "JaVale McGee", "C", "", "31:28", 8, 9, 0.889, 0, 0, 0.0, 1, 2, 0.5, 3, 11, 14, 0, 1, 3, 0, 4, 17, -9.0], ["0021100067", 1610612764, "WAS", "Washington", 201156, "Nick Young", "G", "", "31:57", 3, 14, 0.214, 0, 4, 0.0, 4, 4, 1.0, 1, 1, 2, 1, 0, 0, 1, 1, 10, -11.0], ["0021100067", 1610612764, "WAS", "Washington", 202322, "John Wall", "G", "", "40:11", 4, 13, 0.308, 0, 0, 0.0, 3, 4, 0.75, 0, 3, 3, 8, 2, 2, 7, 2, 11, -2.0], ["0021100067", 1610612764, "WAS", "Washington", 202348, "Jordan Crawford", "", "", "11:21", 1, 6, 0.167, 0, 1, 0.0, 3, 3, 1.0, 1, 0, 1, 1, 2, 1, 1, 0, 5, -4.0], ["0021100067", 1610612764, "WAS", "Washington", 202338, "Kevin Seraphin", "", "", "14:03", 2, 4, 0.5, 0, 0, 0.0, 0, 0, 0.0, 0, 3, 3, 0, 1, 0, 0, 1, 4, 0.0], ["0021100067", 1610612764, "WAS", "Washington", 202344, "Trevor Booker", "", "", "11:53", 0, 1, 0.0, 0, 0, 0.0, 0, 0, 0.0, 0, 4, 4, 0, 0, 1, 0, 2, 0, 0.0], ["0021100067", 1610612764, "WAS", "Washington", 2427, "Roger Mason Jr.", "", "", "13:02", 2, 4, 0.5, 1, 2, 0.5, 0, 0, 0.0, 0, 0, 0, 2, 0, 0, 0, 1, 5, 0.0], ["0021100067", 1610612764, "WAS", "Washington", 202698, "Chris Singleton", "", "", "8:11", 1, 2, 0.5, 1, 1, 1.0, 0, 0, 0.0, 0, 0, 0, 0, 0, 0, 1, 1, 3, -9.0], ["0021100067", 1610612764, "WAS", "Washington", 2230, "Maurice Evans", "", "DNP - Coach's Decision", null, null, null, null, null, null, null, null, null, null, null, null, null, null, null, null, null, null, null, null], ["0021100067", 1610612764, "WAS", "Washington", 202714, "Shelvin Mack", "", "DNP - Coach's Decision", null, null, null, null, null, null, null, null, null, null, null, null, null, null, null, null, null, null, null, null], ["0021100067", 1610612764, "WAS", "Washington", 202686, "Jan Vesely", "", "DNP - Coach's Decision", null, null, null, null, null, null, null, null, null, null, null, null, null, null, null, null, null, null, null, null], ["0021100067", 1610612738, "BOS", "Boston", 1718, "Paul Pierce", "F", "", "34:44", 8, 18, 0.444, 4, 9, 0.444, 1, 1, 1.0, 1, 7, 8, 4, 1, 0, 3, 2, 21, 9.0], ["0021100067", 1610612738, "BOS", "Boston", 708, "Kevin Garnett", "F", "", "33:44", 3, 8, 0.375, 0, 0, 0.0, 4, 6, 0.667, 2, 4, 6, 6, 0, 1, 3, 4, 10, 17.0], ["0021100067", 1610612738, "BOS", "Boston", 201880, "Greg Stiemsma", "C", "", "21:06", 5, 7, 0.714, 0, 0, 0.0, 3, 4, 0.75, 3, 4, 7, 2, 0, 2, 1, 3, 13, 2.0], ["0021100067", 1610612738, "BOS", "Boston", 951, "Ray Allen", "G", "", "34:51", 9, 16, 0.563, 6, 7, 0.857, 3, 5, 0.6, 0, 2, 2, 2, 1, 0, 0, 2, 27, 13.0], ["0021100067", 1610612738, "BOS", "Boston", 200765, "Rajon Rondo", "G", "", "38:11", 3, 8, 0.375, 0, 0, 0.0, 0, 0, 0.0, 3, 4, 7, 13, 1, 0, 7, 3, 6, 6.0], ["0021100067", 1610612738, "BOS", "Boston", 101138, "Brandon Bass", "", "", "31:09", 7, 13, 0.538, 0, 0, 0.0, 0, 0, 0.0, 0, 6, 6, 1, 0, 0, 0, 5, 14, 5.0], ["0021100067", 1610612738, "BOS", "Boston", 2404, "Chris Wilcox", "", "", "10:01", 0, 2, 0.0, 0, 0, 0.0, 0, 2, 0.0, 2, 2, 4, 0, 0, 1, 0, 2, 0, -8.0], ["0021100067", 1610612738, "BOS", "Boston", 2605, "Marquis Daniels", "", "", "13:16", 2, 5, 0.4, 0, 1, 0.0, 3, 3, 1.0, 0, 1, 1, 0, 0, 0, 0, 1, 7, -1.0], ["0021100067", 1610612738, "BOS", "Boston", 2039, "Keyon Dooling", "", "", "13:13", 1, 3, 0.333, 0, 2, 0.0, 0, 0, 0.0, 0, 0, 0, 0, 0, 0, 1, 0, 2, -5.0], ["0021100067", 1610612738, "BOS", "Boston", 202340, "Avery Bradley", "", "", "9:45", 0, 3, 0.0, 0, 1, 0.0, 0, 0, 0.0, 1, 1, 2, 0, 0, 0, 0, 1, 0, 2.0], ["0021100067", 1610612738, "BOS", "Boston", 202707, "JaJuan Johnson", "", "DNP - Coach's Decision", null, null, null, null, null, null, null, null, null, null, null, null, null, null, null, null, null, null, null, null], ["0021100067", 1610612738, "BOS", "Boston", 202734, "E'Twaun Moore", "", "DNP - Coach's Decision", null, null, null, null, null, null, null, null, null, null, null, null, null, null, null, null, null, null, null, null], ["0021100067", 1610612738, "BOS", "Boston", 2562, "Sasha Pavlovic", "", "DNP - Coach's Decision", null, null, null, null, null, null, null, null, null, null, null, null, null, null, null, null, null, null, null, null]], "name": "PlayerStats"}, {"headers": ["GAME_ID", "TEAM_ID", "TEAM_NAME", "TEAM_ABBREVIATION", "TEAM_CITY", "MIN", "FGM", "FGA", "FG_PCT", "FG3M", "FG3A", "FG3_PCT", "FTM", "FTA", "FT_PCT", "OREB", "DREB", "REB", "AST", "STL", "BLK", "TO", "PF", "PTS", "PLUS_MINUS"], "rowSet": [["0021100067", 1610612764, "Wizards", "WAS", "Washington", "240:00", 35, 83, 0.422, 3, 11, 0.273, 19, 23, 0.826, 13, 29, 42, 14, 10, 10, 11, 17, 92, -8.0], ["0021100067", 1610612738, "Celtics", "BOS", "Boston", "240:00", 38, 83, 0.458, 10, 20, 0.5, 14, 21, 0.667, 12, 31, 43, 28, 3, 4, 15, 23, 100, 8.0]], "name": "TeamStats"}, {"headers": ["LEAGUE_ID", "SEASON_ID", "TEAM_ID", "TEAM_ABBREVIATION", "TEAM_CITY", "PTS_PAINT", "PTS_2ND_CHANCE", "PTS_FB", "LARGEST_LEAD", "LEAD_CHANGES", "TIMES_TIED"], "rowSet": [["00", "22011", 1610612738, "BOS", "Boston", 38, 9, 11, 9, 17, 11], ["00", "22011", 1610612764, "WAS", "Washington", 50, 18, 17, 9, 17, 11]], "name": "OtherStats"}, {"headers": ["OFFICIAL_ID", "FIRST_NAME", "LAST_NAME", "JERSEY_NUM"], "rowSet": [[1200, "Greg", "Willard", "57"], [2532, "Eli", "Roe", "44"], [2534, "Zach", "Zarba", "33"]], "name": "Officials"}, {"headers": ["GAME_DATE", "ATTENDANCE", "GAME_TIME"], "rowSet": [["MONDAY, JANUARY 2, 2012", 18624, "2:17"]], "name": "GameInfo"}, {"headers": ["PLAYER_ID", "FIRST_NAME", "LAST_NAME", "JERSEY_NUM", "TEAM_ID", "TEAM_CITY", "TEAM_NAME", "TEAM_ABBREVIATION"], "rowSet": [[979, "Jermaine", "O'Neal", " 7", 1610612738, "Boston", "Celtics", "BOS"], [2554, "Mickael", "Pietrus", "28", 1610612738, "Boston", "Celtics", "BOS"], [101142, "Ronny", "Turiaf", "21", 1610612764, "Washington", "Wizards", "WAS"], [202380, "Hamady", "Ndiaye", "55", 1610612764, "Washington", "Wizards", "WAS"]], "name": "InactivePlayers"}, {"headers": ["VIDEO_AVAILABLE_FLAG"], "rowSet": [[0]], "name": "AvailableVideo"}], "parameters": {"GameID": "0021100067", "RangeType": 0, "StartPeriod": 0, "StartRange": 0, "EndPeriod": 0, "EndRange": 0}}