{"resource": "boxscore", "resultSets": [{"headers": ["GAME_DATE_EST", "GAME_SEQUENCE", "GAME_ID", "GAME_STATUS_ID", "GAME_STATUS_TEXT", "GAMECODE", "HOME_TEAM_ID", "VISITOR_TEAM_ID", "SEASON", "LIVE_PERIOD", "LIVE_PC_TIME", "NATL_TV_BROADCASTER_ABBREVIATION", "LIVE_PERIOD_TIME_BCAST", "WH_STATUS"], "rowSet": [["2012-01-02T00:00:00", 4, "0021100069", 3, "Final", "20120102/TORNYK", 1610612752, 1610612761, "2011", 4, "", null, "Q4  - ", 1]], "name": "GameSummary"}, {"headers": ["GAME_DATE_EST", "GAME_SEQUENCE", "GAME_ID", "TEAM_ID", "TEAM_ABBREVIATION", "TEAM_CITY_NAME", "TEAM_WINS_LOSSES", "PTS_QTR1", "PTS_QTR2", "PTS_QTR3", "PTS_QTR4", "PTS_OT1", "PTS_OT2", "PTS_OT3", "PTS_OT4", "PTS_OT5", "PTS_OT6", "PTS_OT7", "PTS_OT8", "PTS_OT9", "PTS_OT10", "PTS"], "rowSet": [["2012-01-02T00:00:00", 4, "0021100069", 1610612752, "NYK", "New York", "2-3", 23, 11, 24, 27, 0, 0, 0, 0, 0, 0, 0, 0, 0, 0, 85], ["2012-01-02T00:00:00", 4, "0021100069", 1610612761, "TOR", "Toronto", "2-3", 22, 29, 16, 23, 0, 0, 0, 0, 0, 0, 0, 0, 0, 0, 90]], "name": "LineScore"}, {"headers": ["GAME_ID", "HOME_TEAM_ID", "VISITOR_TEAM_ID", "GAME_DATE_EST", "HOME_TEAM_WINS", "HOME_TEAM_LOSSES", "SERIES_LEADER"], "rowSet": [["0021100069", 1610612752, 1610612761, "2012-01-02T00:00:00", 2, 2, "Tied"]], "name": "SeasonSeries"}, {"headers": ["GAME_ID", "LAST_GAME_ID", "LAST_GAME_DATE_EST", "LAST_GAME_HOME_TEAM_ID", "LAST_GAME_HOME_TEAM_CITY", "LAST_GAME_HOME_TEAM_NAME", "LAST_GAME_HOME_TEAM_ABBREVIATION", "LAST_GAME_HOME_TEAM_POINTS", "LAST_GAME_VISITOR_TEAM_ID", "LAST_GAME_VISITOR_TEAM_CITY", "LAST_GAME_VISITOR_TEAM_NAME", "LAST_GAME_VISITOR_TEAM_CITY1", "LAST_GAME_VISITOR_TEAM_POINTS"], "rowSet": [["0021100069", "0021001155", "2011-04-05T00:00:00", 1610612752, "New York", "Knicks", "NYK", 131, 1610612761, "Toronto", "Raptors", "TOR", 118]], "name": "LastMeeting"}, {"headers": ["GAME_ID", "TEAM_ID", "TEAM_ABBREVIATION", "TEAM_CITY", "PLAYER_ID", "PLAYER_NAME", "START_POSITION", "COMMENT", "MIN", "FGM", "FGA", "FG_PCT", "FG3M", "FG3A", "FG3_PCT", "FTM", "FTA", "FT_PCT", "OREB", "DREB", "REB", "AST", "STL", "BLK", "TO", "PF", "PTS", "PLUS_MINUS"], "rowSet": [["0021100069", 1610612761, "TOR", "Toronto", 200745, "Andrea Bargnani", "F", "", "37:54", 7, 13, 0.538, 0, 2, 0.0, 7, 8, 0.875, 0, 5, 5, 1, 0, 0, 3, 3, 21, -6.0], ["0021100069", 1610612761, "TOR", "Toronto", 2446, "Rasual Butler", "F", "", "37:07", 5, 12, 0.417, 3, 7, 0.429, 0, 0, 0.0, 1, 9, 10, 0, 1, 0, 0, 3, 13, 0.0], ["0021100069", 1610612761, "TOR", "Toronto", 101161, "Amir Johnson", "C", "", "24:37", 2, 4, 0.5, 0, 0, 0.0, 1, 2, 0.5, 0, 3, 3, 1, 2, 4, 4, 5, 5, 13.0], ["0021100069", 1610612761, "TOR", "Toronto", 101181, "Jose Calderon", "G", "", "43:01", 3, 8, 0.375, 1, 4, 0.25, 2, 2, 1.0, 1, 3, 4, 12, 1, 0, 2, 4, 9, -2.0], ["0021100069", 1610612761, "TOR", "Toronto", 201942, "DeMar DeRozan", "G", "", "34:35", 7, 13, 0.538, 2, 2, 1.0, 5, 6, 0.833, 0, 3, 3, 2, 0, 0, 4, 4, 21, 0.0], ["0021100069", 1610612761, "TOR", "Toronto", 2048, "Jamaal Magloire", "", "", "18:07", 0, 2, 0.0, 0, 0, 0.0, 0, 2, 0.0, 1, 9, 10, 1, 0, 0, 1, 3, 0, -7.0], ["0021100069", 1610612761, "TOR", "Toronto", 201949, "James Johnson", "", "", "11:12", 2, 4, 0.5, 1, 1, 1.0, 0, 0, 0.0, 0, 0, 0, 0, 1, 1, 1, 5, 5, 1.0], ["0021100069", 1610612761, "TOR", "Toronto", 202334, "Ed Davis", "", "", "15:12", 1, 5, 0.2, 0, 0, 0.0, 0, 0, 0.0, 1, 0, 1, 1, 0, 0, 1, 2, 2, 8.0], ["0021100069", 1610612761, "TOR", "Toronto", 1853, "Anthony Carter", "", "", "4:59", 1, 2, 0.5, 0, 0, 0.0, 2, 2, 1.0, 0, 4, 4, 3, 0, 0, 1, 0, 4, 7.0], ["0021100069", 1610612761, "TOR", "Toronto", 2571, "Leandro Barbosa", "", "", "13:16", 2, 5, 0.4, 0, 1, 0.0, 6, 7, 0.857, 0, 4, 4, 0, 0, 0, 1, 1, 10, 11.0], ["0021100069", 1610612761, "TOR", "Toronto", 202374, "Solomon Alabi", "", "DNP - Coach's Decision", null, null, null, null, null, null, null, null, null, null, null, null, null, null, null, null, null, null, null, null], ["0021100069", 1610612761, "TOR", "Toronto", 201573, "Jerryd Bayless", "", "DND - Sprained Left Ankle", null, null, null, null, null, null, null, null, null, null, null, null, null, null, null, null, null, null, null, null], ["0021100069", 1610612761, "TOR", "Toronto", 201814, "Gary Forbes", "", "DNP - Coach's Decision", null, null, null, null, null, null, null, null, null, null, null, null, null, null, null, null, null, null, null, null], ["0021100069", 1610612752, "NYK", "New York", 2546, "Carmelo Anthony", "F", "", "42:14", 13, 31, 0.419, 4, 9, 0.444, 5, 8, 0.625, 1, 10, 11, 4, 1, 0, 3, 1, 35, -2.0], ["0021100069", 1610612752, "NYK", "New York", 202725, "Josh Harrellson", "F", "", "33:01", 0, 4, 0.0, 0, 4, 0.0, 2, 2, 1.0, 1, 4, 5, 0, 1, 1, 0, 2, 2, 5.0], ["0021100069", 1610612752, "NYK", "New York", 2199, "Tyson Chandler", "C", "", "43:01", 3, 4, 0.75, 0, 0, 0.0, 5, 6, 0.833, 2, 8, 10, 0, 2, 0, 2, 5, 11, 0.0], ["0021100069", 1610612752, "NYK", "New York", 201962, "Toney Douglas", "G", "", "36:34", 8, 19, 0.421, 4, 11, 0.364, 2, 3, 0.667, 1, 3, 4, 4, 1, 0, 1, 3, 22, 3.0], ["0021100069", 1610612752, "NYK", "New York", 202361, "Landry Fields", "G", "", "32:10", 1, 7, 0.143, 0, 2, 0.0, 3, 4, 0.75, 0, 3, 3, 5, 2, 2, 2, 5, 5, 13.0], ["0021100069", 1610612752, "NYK", "New York", 201611, "Henry Walker", "", "", "24:14", 2, 6, 0.333, 1, 3, 0.333, 2, 2, 1.0, 0, 1, 1, 1, 0, 0, 1, 4, 7, -13.0], ["0021100069", 1610612752, "NYK", "New York", 1710, "Mike Bibby", "", "", "15:22", 0, 3, 0.0, 0, 3, 0.0, 0, 0, 0.0, 0, 3, 3, 0, 1, 0, 1, 3, 0, -18.0], ["0021100069", 1610612752, "NYK", "New York", 200779, "Steve Novak", "", "", "10:03", 1, 3, 0.333, 1, 3, 0.333, 0, 0, 0.0, 0, 1, 1, 0, 0, 0, 1, 1, 3, -10.0], ["0021100069", 1610612752, "NYK", "New York", 202366, "Jerome Jordan", "", "", "3:21", 0, 1, 0.0, 0, 0, 0.0, 0, 0, 0.0, 1, 0, 1, 0, 0, 0, 0, 0, 0, -3.0], ["0021100069", 1610612752, "NYK", "New York", 200764, "Renaldo Balkman", "", "DNP - Coach's Decision", null, null, null, null, null, null, null, null, null, null, null, null, null, null, null, null, null, null, null, null], ["0021100069", 1610612752, "NYK", "New York", 202391, "Jeremy Lin", "", "DNP - Coach's Decision", null, null, null, null, null, null, null, null, null, null, null, null, null, null, null, null, null, null, null, null], ["0021100069", 1610612752, "NYK", "New York", 2405, "Amar'e Stoudemire", "", "DND - Sprained Left Ankle", null, null, null, null, null, null, null, null, null, null, null, null, null, null, null, null, null, null, null, null]], "name": "PlayerStats"}, {"headers": ["GAME_ID", "TEAM_ID", "TEAM_NAME", "TEAM_ABBREVIATION", "TEAM_CITY", "MIN", "FGM", "FGA", "FG_PCT", "FG3M", "FG3A", "FG3_PCT", "FTM", "FTA", "FT_PCT", "OREB", "DREB", "REB", "AST", "STL", "BLK", "TO", "PF", "PTS", "PLUS_MINUS"], "rowSet": [["0021100069", 1610612761, "Raptors", "TOR", "Toronto", "240:00", 30, 68, 0.441, 7, 17, 0.412, 23, 29, 0.793, 4, 40, 44, 21, 5, 5, 18, 30, 90, 5.0], ["0021100069", 1610612752, "Knicks", "NYK", "New York", "240:00", 28, 78, 0.359, 10, 35, 0.286, 19, 25, 0.76, 6, 33, 39, 14, 8, 3, 11, 24, 85, -5.0]], "name": "TeamStats"}, {"headers": ["LEAGUE_ID", "SEASON_ID", "TEAM_ID", "TEAM_ABBREVIATION", "TEAM_CITY", "PTS_PAINT", "PTS_2ND_CHANCE", "PTS_FB", "LARGEST_LEAD", "LEAD_CHANGES", "TIMES_TIED"], "rowSet": [["00", "22011", 1610612752, "NYK", "New York", 28, 10, 9, 18, 6, 2], ["00", "22011", 1610612761, "TOR", "Toronto", 28, 4, 8, 18, 6, 2]], "name": "OtherStats"}, {"headers": ["OFFICIAL_ID", "FIRST_NAME", "LAST_NAME", "JERSEY_NUM"], "rowSet": [[1162, "Scott", "Foster", "48"], [2882, "Sean", "Wright", "65"], [202058, "James", "Williams", "60"]], "name": "Officials"}, {"headers": ["GAME_DATE", "ATTENDANCE", "GAME_TIME"], "rowSet": [["MONDAY, JANUARY 2, 2012", 19763, "2:24"]], "name": "GameInfo"}, {"headers": ["PLAYER_ID", "FIRST_NAME", "LAST_NAME", "JERSEY_NUM", "TEAM_ID", "TEAM_CITY", "TEAM_NAME", "TEAM_ABBREVIATION"], "rowSet": [[1884, "Baron", "Davis", "85", 1610612752, "New York", "Knicks", "NYK"], [2407, "Jared", "Jeffries", " 9", 1610612752, "New York", "Knicks", "NYK"], [202697, "Iman", "Shumpert", "21", 1610612752, "New York", "Knicks", "NYK"], [101132, "Linas", "Kleiza", "11", 1610612761, "Toronto", "Raptors", "TOR"], [201189, "Aaron", "Gray", "34", 1610612761, "Toronto", "Raptors", "TOR"]], "name": "InactivePlayers"}, {"headers": ["VIDEO_AVAILABLE_FLAG"], "rowSet": [[0]], "name": "AvailableVideo"}], "parameters": {"GameID": "0021100069", "RangeType": 0, "StartPeriod": 0, "StartRange": 0, "EndPeriod": 0, "EndRange": 0}}