{"resource": "boxscore", "resultSets": [{"headers": ["GAME_DATE_EST", "GAME_SEQUENCE", "GAME_ID", "GAME_STATUS_ID", "GAME_STATUS_TEXT", "GAMECODE", "HOME_TEAM_ID", "VISITOR_TEAM_ID", "SEASON", "LIVE_PERIOD", "LIVE_PC_TIME", "NATL_TV_BROADCASTER_ABBREVIATION", "LIVE_PERIOD_TIME_BCAST", "WH_STATUS"], "rowSet": [["2011-12-26T00:00:00", 2, "0021100007", 3, "Final", "20111226/MILCHA", 1610612766, 1610612749, "2011", 4, "", null, "Q4  - ", 1]], "name": "GameSummary"}, {"headers": ["GAME_DATE_EST", "GAME_SEQUENCE", "GAME_ID", "TEAM_ID", "TEAM_ABBREVIATION", "TEAM_CITY_NAME", "TEAM_WINS_LOSSES", "PTS_QTR1", "PTS_QTR2", "PTS_QTR3", "PTS_QTR4", "PTS_OT1", "PTS_OT2", "PTS_OT3", "PTS_OT4", "PTS_OT5", "PTS_OT6", "PTS_OT7", "PTS_OT8", "PTS_OT9", "PTS_OT10", "PTS"], "rowSet": [["2011-12-26T00:00:00", 2, "0021100007", 1610612749, "MIL", "Milwaukee", "0-1", 27, 25, 14, 29, 0, 0, 0, 0, 0, 0, 0, 0, 0, 0, 95], ["2011-12-26T00:00:00", 2, "0021100007", 1610612766, "CHA", "Charlotte", "1-0", 19, 22, 30, 25, 0, 0, 0, 0, 0, 0, 0, 0, 0, 0, 96]], "name": "LineScore"}, {"headers": ["GAME_ID", "HOME_TEAM_ID", "VISITOR_TEAM_ID", "GAME_DATE_EST", "HOME_TEAM_WINS", "HOME_TEAM_LOSSES", "SERIES_LEADER"], "rowSet": [["0021100007", 1610612766, 1610612749, "2011-12-26T00:00:00", 1, 2, "Milwaukee"]], "name": "SeasonSeries"}, {"headers": ["GAME_ID", "LAST_GAME_ID", "LAST_GAME_DATE_EST", "LAST_GAME_HOME_TEAM_ID", "LAST_GAME_HOME_TEAM_CITY", "LAST_GAME_HOME_TEAM_NAME", "LAST_GAME_HOME_TEAM_ABBREVIATION", "LAST_GAME_HOME_TEAM_POINTS", "LAST_GAME_VISITOR_TEAM_ID", "LAST_GAME_VISITOR_TEAM_CITY", "LAST_GAME_VISITOR_TEAM_NAME", "LAST_GAME_VISITOR_TEAM_CITY1", "LAST_GAME_VISITOR_TEAM_POINTS"], "rowSet": [["0021100007", "0021001096", "2011-03-28T00:00:00", 1610612766, "Charlotte", "Bobcats", "CHA", 87, 1610612749, "Milwaukee", "Bucks", "MIL", 86]], "name": "LastMeeting"}, {"headers": ["GAME_ID", "TEAM_ID", "TEAM_ABBREVIATION", "TEAM_CITY", "PLAYER_ID", "PLAYER_NAME", "START_POSITION", "COMMENT", "MIN", "FGM", "FGA", "FG_PCT", "FG3M", "FG3A", "FG3_PCT", "FTM", "FTA", "FT_PCT", "OREB", "DREB", "REB", "AST", "STL", "BLK", "TO", "PF", "PTS", "PLUS_MINUS"], "rowSet": [["0021100007", 1610612749, "MIL", "Milwaukee", 1536, "Stephen Jackson", "F", "", "17:17", 1, 5, 0.2, 1, 4, 0.25, 3, 3, 1.0, 0, 1, 1, 1, 1, 0, 3, 6, 6, 0.0], ["0021100007", 1610612749, "MIL", "Milwaukee", 101141, "Ersan Ilyasova", "F", "", "26:40", 1, 4, 0.25, 0, 0, 0.0, 0, 0, 0.0, 2, 7, 9, 0, 2, 0, 1, 0, 2, -9.0], ["0021100007", 1610612749, "MIL", "Milwaukee", 101106, "Andrew Bogut", "C", "", "37:31", 7, 14, 0.5, 0, 0, 0.0, 3, 4, 0.75, 2, 7, 9, 2, 2, 1, 1, 1, 17, 3.0], ["0021100007", 1610612749, "MIL", "Milwaukee", 2399, "Mike Dunleavy", "G", "", "37:37", 3, 12, 0.25, 3, 8, 0.375, 4, 4, 1.0, 1, 2, 3, 3, 0, 0, 2, 1, 13, 5.0], ["0021100007", 1610612749, "MIL", "Milwaukee", 201943, "Brandon Jennings", "G", "", "37:11", 8, 21, 0.381, 3, 6, 0.5, 3, 3, 1.0, 1, 2, 3, 4, 0, 0, 0, 3, 22, -6.0], ["0021100007", 1610612749, "MIL", "Milwaukee", 2400, "Drew Gooden", "", "", "13:47", 1, 4, 0.25, 0, 1, 0.0, 2, 2, 1.0, 0, 5, 5, 2, 0, 1, 1, 1, 4, -1.0], ["0021100007", 1610612749, "MIL", "Milwaukee", 2733, "Shaun Livingston", "", "", "34:44", 6, 10, 0.6, 0, 0, 0.0, 2, 3, 0.667, 2, 2, 4, 6, 1, 0, 2, 2, 14, 1.0], ["0021100007", 1610612749, "MIL", "Milwaukee", 2757, "Beno Udrih", "", "", "22:40", 5, 12, 0.417, 1, 4, 0.25, 2, 4, 0.5, 0, 1, 1, 3, 0, 0, 1, 2, 13, 4.0], ["0021100007", 1610612749, "MIL", "Milwaukee", 202336, "Larry Sanders", "", "", "11:15", 2, 2, 1.0, 0, 0, 0.0, 0, 0, 0.0, 0, 4, 4, 0, 0, 0, 1, 4, 4, 0.0], ["0021100007", 1610612749, "MIL", "Milwaukee", 202720, "Jon Leuer", "", "", "1:18", 0, 0, 0.0, 0, 0, 0.0, 0, 0, 0.0, 0, 0, 0, 0, 0, 0, 0, 0, 0, -2.0], ["0021100007", 1610612749, "MIL", "Milwaukee", 201972, "Jon Brockman", "", "DNP - Coach's Decision", null, null, null, null, null, null, null, null, null, null, null, null, null, null, null, null, null, null, null, null], ["0021100007", 1610612749, "MIL", "Milwaukee", 2568, "Carlos Delfino", "", "DND - Right Wrist Sprain", null, null, null, null, null, null, null, null, null, null, null, null, null, null, null, null, null, null, null, null], ["0021100007", 1610612749, "MIL", "Milwaukee", 202359, "Darington Hobson", "", "DNP - Coach's Decision", null, null, null, null, null, null, null, null, null, null, null, null, null, null, null, null, null, null, null, null], ["0021100007", 1610612766, "CHA", "Charlotte", 1894, "Corey Maggette", "F", "", "38:40", 6, 15, 0.4, 0, 2, 0.0, 0, 1, 0.0, 1, 6, 7, 2, 1, 0, 6, 4, 12, 1.0], ["0021100007", 1610612766, "CHA", "Charlotte", 201591, "DJ White", "F", "", "21:41", 3, 6, 0.5, 0, 0, 0.0, 2, 2, 1.0, 0, 5, 5, 1, 0, 1, 0, 0, 8, 5.0], ["0021100007", 1610612766, "CHA", "Charlotte", 2564, "Boris Diaw", "C", "", "30:01", 4, 9, 0.444, 1, 2, 0.5, 0, 0, 0.0, 3, 8, 11, 9, 0, 2, 1, 3, 9, 1.0], ["0021100007", 1610612766, "CHA", "Charlotte", 201945, "Gerald Henderson", "G", "", "38:53", 7, 14, 0.5, 1, 2, 0.5, 3, 3, 1.0, 4, 5, 9, 0, 0, 1, 4, 3, 18, 1.0], ["0021100007", 1610612766, "CHA", "Charlotte", 201571, "D.J. Augustin", "G", "", "30:36", 7, 16, 0.438, 2, 8, 0.25, 3, 4, 0.75, 1, 1, 2, 8, 0, 0, 2, 2, 19, 0.0], ["0021100007", 1610612766, "CHA", "Charlotte", 202689, "Kemba Walker", "", "", "20:37", 3, 10, 0.3, 0, 2, 0.0, 7, 7, 1.0, 2, 5, 7, 3, 1, 0, 0, 1, 13, 5.0], ["0021100007", 1610612766, "CHA", "Charlotte", 202687, "Bismack Biyombo", "", "", "6:08", 0, 0, 0.0, 0, 0, 0.0, 0, 0, 0.0, 0, 0, 0, 0, 0, 0, 1, 0, 0, -7.0], ["0021100007", 1610612766, "CHA", "Charlotte", 201974, "Derrick Brown", "", "", "8:22", 1, 1, 1.0, 0, 0, 0.0, 0, 2, 0.0, 0, 1, 1, 2, 0, 0, 0, 1, 2, -8.0], ["0021100007", 1610612766, "CHA", "Charlotte", 2679, "Matt Carroll", "", "", "9:07", 2, 5, 0.4, 0, 3, 0.0, 1, 2, 0.5, 0, 0, 0, 1, 0, 0, 1, 3, 5, 0.0], ["0021100007", 1610612766, "CHA", "Charlotte", 201957, "Byron Mullens", "", "", "19:45", 5, 7, 0.714, 0, 0, 0.0, 0, 0, 0.0, 2, 0, 2, 0, 0, 1, 1, 2, 10, 6.0], ["0021100007", 1610612766, "CHA", "Charlotte", 2205, "DeSagana Diop", "", "", "16:10", 0, 3, 0.0, 0, 0, 0.0, 0, 0, 0.0, 2, 6, 8, 1, 1, 1, 0, 1, 0, 1.0], ["0021100007", 1610612766, "CHA", "Charlotte", 202809, "Cory Higgins", "", "DNP - Coach's Decision", null, null, null, null, null, null, null, null, null, null, null, null, null, null, null, null, null, null, null, null], ["0021100007", 1610612766, "CHA", "Charlotte", 200748, "Tyrus Thomas", "", "DND - Left Ankle Sprain", null, null, null, null, null, null, null, null, null, null, null, null, null, null, null, null, null, null, null, null]], "name": "PlayerStats"}, {"headers": ["GAME_ID", "TEAM_ID", "TEAM_NAME", "TEAM_ABBREVIATION", "TEAM_CITY", "MIN", "FGM", "FGA", "FG_PCT", "FG3M", "FG3A", "FG3_PCT", "FTM", "FTA", "FT_PCT", "OREB", "DREB", "REB", "AST", "STL", "BLK", "TO", "PF", "PTS", "PLUS_MINUS"], "rowSet": [["0021100007", 1610612749, "Bucks", "MIL", "Milwaukee", "240:00", 34, 84, 0.405, 8, 23, 0.348, 19, 23, 0.826, 8, 31, 39, 21, 6, 2, 12, 20, 95, -1.0], ["0021100007", 1610612766, "Bobcats", "CHA", "Charlotte", "240:00", 38, 86, 0.442, 4, 19, 0.211, 16, 21, 0.762, 15, 37, 52, 27, 3, 6, 16, 20, 96, 1.0]], "name": "TeamStats"}, {"headers": ["LEAGUE_ID", "SEASON_ID", "TEAM_ID", "TEAM_ABBREVIATION", "TEAM_CITY", "PTS_PAINT", "PTS_2ND_CHANCE", "PTS_FB", "LARGEST_LEAD", "LEAD_CHANGES", "TIMES_TIED"], "rowSet": [["00", "22011", 1610612749, "MIL", "Milwaukee", 36, 15, 9, 14, 10, 6], ["00", "22011", 1610612766, "CHA", "Charlotte", 32, 12, 16, 14, 10, 6]], "name": "OtherStats"}, {"headers": ["OFFICIAL_ID", "FIRST_NAME", "LAST_NAME", "JERSEY_NUM"], "rowSet": [[1193, "Michael", "Smith", "38"], [2001, "Jason", "Phillips", "23"], [200834, "Mark", "Lindsay", "29"]], "name": "Officials"}, {"headers": ["GAME_DATE", "ATTENDANCE", "GAME_TIME"], "rowSet": [["MONDAY, DECEMBER 26, 2011", 17173, "2:19"]], "name": "GameInfo"}, {"headers": ["PLAYER_ID", "FIRST_NAME", "LAST_NAME", "JERSEY_NUM", "TEAM_ID", "TEAM_CITY", "TEAM_NAME", "TEAM_ABBREVIATION"], "rowSet": [[2059, "Eduardo", "Najera", "21", 1610612766, "Charlotte", "Bobcats", "CHA"], [202130, "Reggie", "Williams", "55", 1610612766, "Charlotte", "Bobcats", "CHA"], [201601, "Luc", "Mbah a Moute", "12", 1610612749, "Milwaukee", "Bucks", "MIL"], [202699, "Tobias", "Harris", "15", 1610612749, "Milwaukee", "Bucks", "MIL"]], "name": "InactivePlayers"}, {"headers": ["VIDEO_AVAILABLE_FLAG"], "rowSet": [[0]], "name": "AvailableVideo"}], "parameters": {"GameID": "0021100007", "RangeType": 0, "StartPeriod": 0, "StartRange": 0, "EndPeriod": 0, "EndRange": 0}}