{"resource": "boxscore", "resultSets": [{"headers": ["GAME_DATE_EST", "GAME_SEQUENCE", "GAME_ID", "GAME_STATUS_ID", "GAME_STATUS_TEXT", "GAMECODE", "HOME_TEAM_ID", "VISITOR_TEAM_ID", "SEASON", "LIVE_PERIOD", "LIVE_PC_TIME", "NATL_TV_BROADCASTER_ABBREVIATION", "LIVE_PERIOD_TIME_BCAST", "WH_STATUS"], "rowSet": [["2011-12-25T00:00:00", 1, "0021100001", 3, "Final", "20111225/BOSNYK", 1610612752, 1610612738, "2011", 4, "", "TNT", "Q4  - TNT", 1]], "name": "GameSummary"}, {"headers": ["GAME_DATE_EST", "GAME_SEQUENCE", "GAME_ID", "TEAM_ID", "TEAM_ABBREVIATION", "TEAM_CITY_NAME", "TEAM_WINS_LOSSES", "PTS_QTR1", "PTS_QTR2", "PTS_QTR3", "PTS_QTR4", "PTS_OT1", "PTS_OT2", "PTS_OT3", "PTS_OT4", "PTS_OT5", "PTS_OT6", "PTS_OT7", "PTS_OT8", "PTS_OT9", "PTS_OT10", "PTS"], "rowSet": [["2011-12-25T00:00:00", 1, "0021100001", 1610612738, "BOS", "Boston", "0-1", 23, 29, 35, 17, 0, 0, 0, 0, 0, 0, 0, 0, 0, 0, 104], ["2011-12-25T00:00:00", 1, "0021100001", 1610612752, "NYK", "New York", "1-0", 34, 28, 17, 27, 0, 0, 0, 0, 0, 0, 0, 0, 0, 0, 106]], "name": "LineScore"}, {"headers": ["GAME_ID", "HOME_TEAM_ID", "VISITOR_TEAM_ID", "GAME_DATE_EST", "HOME_TEAM_WINS", "HOME_TEAM_LOSSES", "SERIES_LEADER"], "rowSet": [["0021100001", 1610612752, 1610612738, "2011-12-25T00:00:00", 2, 2, "Tied"]], "name": "SeasonSeries"}, {"headers": ["GAME_ID", "LAST_GAME_ID", "LAST_GAME_DATE_EST", "LAST_GAME_HOME_TEAM_ID", "LAST_GAME_HOME_TEAM_CITY", "LAST_GAME_HOME_TEAM_NAME", "LAST_GAME_HOME_TEAM_ABBREVIATION", "LAST_GAME_HOME_TEAM_POINTS", "LAST_GAME_VISITOR_TEAM_ID", "LAST_GAME_VISITOR_TEAM_CITY", "LAST_GAME_VISITOR_TEAM_NAME", "LAST_GAME_VISITOR_TEAM_CITY1", "LAST_GAME_VISITOR_TEAM_POINTS"], "rowSet": [["0021100001", "0041000124", "2011-04-24T00:00:00", 1610612752, "New York", "Knicks", "NYK", 89, 1610612738, "Boston", "Celtics", "BOS", 101]], "name": "LastMeeting"}, {"headers": ["GAME_ID", "TEAM_ID", "TEAM_ABBREVIATION", "TEAM_CITY", "PLAYER_ID", "PLAYER_NAME", "START_POSITION", "COMMENT", "MIN", "FGM", "FGA", "FG_PCT", "FG3M", "FG3A", "FG3_PCT", "FTM", "FTA", "FT_PCT", "OREB", "DREB", "REB", "AST", "STL", "BLK", "TO", "PF", "PTS", "PLUS_MINUS"], "rowSet": [["0021100001", 1610612738, "BOS", "Boston", 708, "Kevin Garnett", "F", "", "37:03", 6, 13, 0.462, 0, 0, 0.0, 3, 6, 0.5, 1, 7, 8, 3, 0, 1, 3, 5, 15, -4.0], ["0021100001", 1610612738, "BOS", "Boston", 2562, "Sasha Pavlovic", "F", "", "15:07", 0, 0, 0.0, 0, 0, 0.0, 0, 0, 0.0, 0, 1, 1, 1, 0, 0, 0, 4, 0, -4.0], ["0021100001", 1610612738, "BOS", "Boston", 979, "Jermaine O'Neal", "C", "", "17:11", 2, 5, 0.4, 0, 0, 0.0, 2, 3, 0.667, 0, 2, 2, 0, 0, 2, 1, 5, 6, 5.0], ["0021100001", 1610612738, "BOS", "Boston", 951, "Ray Allen", "G", "", "37:42", 7, 12, 0.583, 2, 3, 0.667, 4, 4, 1.0, 3, 1, 4, 3, 0, 0, 4, 1, 20, 6.0], ["0021100001", 1610612738, "BOS", "Boston", 200765, "Rajon Rondo", "G", "", "41:16", 11, 19, 0.579, 0, 1, 0.0, 9, 12, 0.75, 1, 4, 5, 13, 5, 0, 5, 2, 31, 3.0], ["0021100001", 1610612738, "BOS", "Boston", 2605, "Marquis Daniels", "", "", "29:48", 2, 8, 0.25, 0, 1, 0.0, 0, 0, 0.0, 1, 5, 6, 5, 1, 1, 0, 5, 4, -2.0], ["0021100001", 1610612738, "BOS", "Boston", 101138, "Brandon Bass", "", "", "27:36", 9, 13, 0.692, 0, 0, 0.0, 2, 2, 1.0, 5, 6, 11, 0, 1, 0, 1, 3, 20, -1.0], ["0021100001", 1610612738, "BOS", "Boston", 2404, "Chris Wilcox", "", "", "14:03", 2, 3, 0.667, 0, 0, 0.0, 0, 0, 0.0, 2, 1, 3, 0, 0, 1, 1, 1, 4, -4.0], ["0021100001", 1610612738, "BOS", "Boston", 2039, "Keyon Dooling", "", "", "11:23", 0, 1, 0.0, 0, 0, 0.0, 4, 4, 1.0, 0, 1, 1, 3, 0, 0, 2, 2, 4, -4.0], ["0021100001", 1610612738, "BOS", "Boston", 202340, "Avery Bradley", "", "", "8:49", 0, 2, 0.0, 0, 0, 0.0, 0, 0, 0.0, 0, 0, 0, 0, 0, 0, 1, 0, 0, -5.0], ["0021100001", 1610612738, "BOS", "Boston", 202734, "E'Twaun Moore", "", "", "0:04", 0, 0, 0.0, 0, 0, 0.0, 0, 0, 0.0, 0, 0, 0, 0, 0, 0, 0, 0, 0, 0.0], ["0021100001", 1610612738, "BOS", "Boston", 202707, "JaJuan Johnson", "", "DNP - Coach's Decision", null, null, null, null, null, null, null, null, null, null, null, null, null, null, null, null, null, null, null, null], ["0021100001", 1610612738, "BOS", "Boston", 201880, "Greg Stiemsma", "", "DNP - Coach's Decision", null, null, null, null, null, null, null, null, null, null, null, null, null, null, null, null, null, null, null, null], ["0021100001", 1610612752, "NYK", "New York", 2546, "Carmelo Anthony", "F", "", "33:35", 10, 17, 0.588, 4, 7, 0.571, 13, 15, 0.867, 1, 7, 8, 3, 2, 1, 5, 4, 37, 15.0], ["0021100001", 1610612752, "NYK", "New York", 2405, "Amar'e Stoudemire", "F", "", "34:42", 8, 11, 0.727, 2, 2, 1.0, 3, 4, 0.75, 0, 6, 6, 2, 2, 2, 1, 2, 21, -3.0], ["0021100001", 1610612752, "NYK", "New York", 2199, "Tyson Chandler", "C", "", "36:48", 1, 2, 0.5, 0, 0, 0.0, 5, 8, 0.625, 2, 1, 3, 2, 0, 6, 0, 2, 7, -5.0], ["0021100001", 1610612752, "NYK", "New York", 201962, "Toney Douglas", "G", "", "35:04", 8, 19, 0.421, 2, 6, 0.333, 1, 2, 0.5, 0, 2, 2, 4, 3, 0, 2, 4, 19, 12.0], ["0021100001", 1610612752, "NYK", "New York", 202361, "Landry Fields", "G", "", "33:52", 3, 7, 0.429, 1, 3, 0.333, 0, 0, 0.0, 1, 1, 2, 3, 2, 0, 2, 3, 7, -11.0], ["0021100001", 1610612752, "NYK", "New York", 2407, "Jared Jeffries", "", "", "12:30", 1, 3, 0.333, 0, 0, 0.0, 0, 0, 0.0, 1, 0, 1, 0, 0, 1, 0, 2, 2, 3.0], ["0021100001", 1610612752, "NYK", "New York", 202697, "Iman Shumpert", "", "", "22:02", 3, 13, 0.231, 0, 1, 0.0, 5, 5, 1.0, 1, 3, 4, 1, 0, 0, 2, 2, 11, -10.0], ["0021100001", 1610612752, "NYK", "New York", 201611, "Henry Walker", "", "", "14:43", 0, 1, 0.0, 0, 1, 0.0, 0, 0, 0.0, 0, 0, 0, 0, 0, 0, 3, 4, 0, -5.0], ["0021100001", 1610612752, "NYK", "New York", 202725, "Josh Harrellson", "", "", "9:03", 0, 0, 0.0, 0, 0, 0.0, 0, 0, 0.0, 0, 2, 2, 1, 0, 1, 1, 0, 0, 9.0], ["0021100001", 1610612752, "NYK", "New York", 200764, "Renaldo Balkman", "", "", "7:41", 1, 1, 1.0, 0, 0, 0.0, 0, 0, 0.0, 2, 1, 3, 1, 0, 0, 0, 2, 2, 5.0], ["0021100001", 1610612752, "NYK", "New York", 1710, "Mike Bibby", "", "DNP - Coach's Decision", null, null, null, null, null, null, null, null, null, null, null, null, null, null, null, null, null, null, null, null], ["0021100001", 1610612752, "NYK", "New York", 202366, "Jerome Jordan", "", "DNP - Coach's Decision", null, null, null, null, null, null, null, null, null, null, null, null, null, null, null, null, null, null, null, null], ["0021100001", 1610612752, "NYK", "New York", 200779, "Steve Novak", "", "DNP - Coach's Decision", null, null, null, null, null, null, null, null, null, null, null, null, null, null, null, null, null, null, null, null]], "name": "PlayerStats"}, {"headers": ["GAME_ID", "TEAM_ID", "TEAM_NAME", "TEAM_ABBREVIATION", "TEAM_CITY", "MIN", "FGM", "FGA", "FG_PCT", "FG3M", "FG3A", "FG3_PCT", "FTM", "FTA", "FT_PCT", "OREB", "DREB", "REB", "AST", "STL", "BLK", "TO", "PF", "PTS", "PLUS_MINUS"], "rowSet": [["0021100001", 1610612752, "Knicks", "NYK", "New York", "240:00", 35, 74, 0.473, 9, 20, 0.45, 27, 34, 0.794, 8, 23, 31, 17, 9, 11, 16, 25, 106, 2.0], ["0021100001", 1610612738, "Celtics", "BOS", "Boston", "240:00", 39, 76, 0.513, 2, 5, 0.4, 24, 31, 0.774, 13, 28, 41, 28, 7, 5, 18, 28, 104, -2.0]], "name": "TeamStats"}, {"headers": ["LEAGUE_ID", "SEASON_ID", "TEAM_ID", "TEAM_ABBREVIATION", "TEAM_CITY", "PTS_PAINT", "PTS_2ND_CHANCE", "PTS_FB", "LARGEST_LEAD", "LEAD_CHANGES", "TIMES_TIED"], "rowSet": [["00", "22011", 1610612738, "BOS", "Boston", 48, 14, 16, 17, 3, 4], ["00", "22011", 1610612752, "NYK", "New York", 30, 15, 8, 17, 3, 4]], "name": "OtherStats"}, {"headers": ["OFFICIAL_ID", "FIRST_NAME", "LAST_NAME", "JERSEY_NUM"], "rowSet": [[1153, "Joe", "Crawford", "17"], [2534, "Zach", "Zarba", "33"], [201245, "Marat", "Kogut", "68"]], "name": "Officials"}, {"headers": ["GAME_DATE", "ATTENDANCE", "GAME_TIME"], "rowSet": [["SUNDAY, DECEMBER 25, 2011", 19763, "2:48"]], "name": "GameInfo"}, {"headers": ["PLAYER_ID", "FIRST_NAME", "LAST_NAME", "JERSEY_NUM", "TEAM_ID", "TEAM_CITY", "TEAM_NAME", "TEAM_ABBREVIATION"], "rowSet": [[1718, "Paul", "Pierce", "34", 1610612738, "Boston", "Celtics", "BOS"], [2554, "Mickael", "Pietrus", "22", 1610612738, "Boston", "Celtics", "BOS"], [1884, "Baron", "Davis", "85", 1610612752, "New York", "Knicks", "NYK"]], "name": "InactivePlayers"}, {"headers": ["VIDEO_AVAILABLE_FLAG"], "rowSet": [[0]], "name": "AvailableVideo"}], "parameters": {"GameID": "0021100001", "RangeType": 0, "StartPeriod": 0, "StartRange": 0, "EndPeriod": 0, "EndRange": 0}}