{"resource": "boxscore", "resultSets": [{"headers": ["GAME_DATE_EST", "GAME_SEQUENCE", "GAME_ID", "GAME_STATUS_ID", "GAME_STATUS_TEXT", "GAMECODE", "HOME_TEAM_ID", "VISITOR_TEAM_ID", "SEASON", "LIVE_PERIOD", "LIVE_PC_TIME", "NATL_TV_BROADCASTER_ABBREVIATION", "LIVE_PERIOD_TIME_BCAST", "WH_STATUS"], "rowSet": [["2011-12-25T00:00:00", 4, "0021100004", 3, "Final", "20111225/ORLOKC", 1610612760, 1610612753, "2011", 4, "", "ESPN", "Q4  - ESPN", 1]], "name": "GameSummary"}, {"headers": ["GAME_DATE_EST", "GAME_SEQUENCE", "GAME_ID", "TEAM_ID", "TEAM_ABBREVIATION", "TEAM_CITY_NAME", "TEAM_WINS_LOSSES", "PTS_QTR1", "PTS_QTR2", "PTS_QTR3", "PTS_QTR4", "PTS_OT1", "PTS_OT2", "PTS_OT3", "PTS_OT4", "PTS_OT5", "PTS_OT6", "PTS_OT7", "PTS_OT8", "PTS_OT9", "PTS_OT10", "PTS"], "rowSet": [["2011-12-25T00:00:00", 4, "0021100004", 1610612753, "ORL", "Orlando", "0-1", 22, 19, 22, 26, 0, 0, 0, 0, 0, 0, 0, 0, 0, 0, 89], ["2011-12-25T00:00:00", 4, "0021100004", 1610612760, "OKC", "Oklahoma City", "1-0", 27, 28, 26, 16, 0, 0, 0, 0, 0, 0, 0, 0, 0, 0, 97]], "name": "LineScore"}, {"headers": ["GAME_ID", "HOME_TEAM_ID", "VISITOR_TEAM_ID", "GAME_DATE_EST", "HOME_TEAM_WINS", "HOME_TEAM_LOSSES", "SERIES_LEADER"], "rowSet": [["0021100004", 1610612760, 1610612753, "2011-12-25T00:00:00", 2, 0, "Oklahoma City"]], "name": "SeasonSeries"}, {"headers": ["GAME_ID", "LAST_GAME_ID", "LAST_GAME_DATE_EST", "LAST_GAME_HOME_TEAM_ID", "LAST_GAME_HOME_TEAM_CITY", "LAST_GAME_HOME_TEAM_NAME", "LAST_GAME_HOME_TEAM_ABBREVIATION", "LAST_GAME_HOME_TEAM_POINTS", "LAST_GAME_VISITOR_TEAM_ID", "LAST_GAME_VISITOR_TEAM_CITY", "LAST_GAME_VISITOR_TEAM_NAME", "LAST_GAME_VISITOR_TEAM_CITY1", "LAST_GAME_VISITOR_TEAM_POINTS"], "rowSet": [["0021100004", "0021000867", "2011-02-25T00:00:00", 1610612760, "Oklahoma City", "Thunder", "OKC", 88, 1610612753, "Orlando", "Magic", "ORL", 111]], "name": "LastMeeting"}, {"headers": ["GAME_ID", "TEAM_ID", "TEAM_ABBREVIATION", "TEAM_CITY", "PLAYER_ID", "PLAYER_NAME", "START_POSITION", "COMMENT", "MIN", "FGM", "FGA", "FG_PCT", "FG3M", "FG3A", "FG3_PCT", "FTM", "FTA", "FT_PCT", "OREB", "DREB", "REB", "AST", "STL", "BLK", "TO", "PF", "PTS", "PLUS_MINUS"], "rowSet": [["0021100004", 1610612753, "ORL", "Orlando", 2045, "Hedo Turkoglu", "F", "", "29:21", 3, 10, 0.3, 2, 5, 0.4, 0, 0, 0.0, 2, 1, 3, 4, 2, 0, 2, 3, 8, -2.0], ["0021100004", 1610612753, "ORL", "Orlando", 201583, "Ryan Anderson", "F", "", "33:35", 9, 17, 0.529, 6, 12, 0.5, 1, 1, 1.0, 4, 6, 10, 1, 2, 0, 2, 4, 25, -7.0], ["0021100004", 1610612753, "ORL", "Orlando", 2730, "Dwight Howard", "C", "", "38:27", 4, 12, 0.333, 0, 1, 0.0, 3, 8, 0.375, 4, 11, 15, 0, 1, 2, 3, 4, 11, -4.0], ["0021100004", 1610612753, "ORL", "Orlando", 2202, "Jason Richardson", "G", "", "28:54", 1, 10, 0.1, 0, 4, 0.0, 0, 0, 0.0, 0, 3, 3, 2, 0, 0, 3, 2, 2, -8.0], ["0021100004", 1610612753, "ORL", "Orlando", 2749, "Jameer Nelson", "G", "", "30:37", 7, 13, 0.538, 0, 2, 0.0, 4, 4, 1.0, 1, 0, 1, 6, 0, 0, 4, 4, 18, 9.0], ["0021100004", 1610612753, "ORL", "Orlando", 201175, "Glen Davis", "", "", "19:03", 3, 9, 0.333, 0, 1, 0.0, 0, 0, 0.0, 0, 5, 5, 0, 1, 1, 2, 4, 6, -8.0], ["0021100004", 1610612753, "ORL", "Orlando", 200755, "JJ Redick", "", "", "22:43", 0, 3, 0.0, 0, 2, 0.0, 8, 8, 1.0, 0, 3, 3, 1, 0, 0, 0, 1, 8, -7.0], ["0021100004", 1610612753, "ORL", "Orlando", 2768, "Chris Duhon", "", "", "17:23", 0, 2, 0.0, 0, 1, 0.0, 0, 0, 0.0, 1, 1, 2, 4, 1, 0, 1, 2, 0, -17.0], ["0021100004", 1610612753, "ORL", "Orlando", 201947, "Earl Clark", "", "", "6:05", 1, 3, 0.333, 0, 0, 0.0, 0, 0, 0.0, 2, 1, 3, 0, 0, 1, 1, 0, 2, -10.0], ["0021100004", 1610612753, "ORL", "Orlando", 2047, "Quentin Richardson", "", "", "4:41", 0, 0, 0.0, 0, 0, 0.0, 0, 0, 0.0, 0, 0, 0, 0, 0, 0, 0, 1, 0, 3.0], ["0021100004", 1610612753, "ORL", "Orlando", 101144, "Von Wafer", "", "", "9:11", 2, 2, 1.0, 0, 0, 0.0, 5, 5, 1.0, 0, 0, 0, 0, 0, 0, 0, 0, 9, 11.0], ["0021100004", 1610612753, "ORL", "Orlando", 202712, "Justin Harper", "", "DNP - Coach's Decision", null, null, null, null, null, null, null, null, null, null, null, null, null, null, null, null, null, null, null, null], ["0021100004", 1610612753, "ORL", "Orlando", 1716, "Larry Hughes", "", "DNP - Coach's Decision", null, null, null, null, null, null, null, null, null, null, null, null, null, null, null, null, null, null, null, null], ["0021100004", 1610612760, "OKC", "Oklahoma City", 201142, "Kevin Durant", "F", "", "37:02", 11, 19, 0.579, 2, 4, 0.5, 6, 11, 0.545, 1, 4, 5, 6, 2, 0, 4, 1, 30, 2.0], ["0021100004", 1610612760, "OKC", "Oklahoma City", 201586, "Serge Ibaka", "F", "", "23:07", 0, 1, 0.0, 0, 0, 0.0, 0, 0, 0.0, 2, 4, 6, 0, 1, 2, 1, 3, 0, -10.0], ["0021100004", 1610612760, "OKC", "Oklahoma City", 2570, "Kendrick Perkins", "C", "", "29:52", 2, 2, 1.0, 0, 0, 0.0, 2, 2, 1.0, 1, 3, 4, 1, 0, 1, 1, 4, 6, -1.0], ["0021100004", 1610612760, "OKC", "Oklahoma City", 200757, "Thabo Sefolosha", "G", "", "20:54", 3, 5, 0.6, 2, 2, 1.0, 0, 0, 0.0, 0, 3, 3, 0, 0, 0, 0, 1, 8, -3.0], ["0021100004", 1610612760, "OKC", "Oklahoma City", 201566, "Russell Westbrook", "G", "", "34:04", 6, 17, 0.353, 1, 2, 0.5, 1, 1, 1.0, 1, 6, 7, 6, 3, 0, 7, 5, 14, -5.0], ["0021100004", 1610612760, "OKC", "Oklahoma City", 201935, "James Harden", "", "", "32:01", 4, 11, 0.364, 1, 4, 0.25, 10, 12, 0.833, 0, 6, 6, 3, 0, 0, 0, 3, 19, 8.0], ["0021100004", 1610612760, "OKC", "Oklahoma City", 2555, "Nick Collison", "", "", "21:49", 2, 3, 0.667, 0, 0, 0.0, 0, 0, 0.0, 0, 2, 2, 1, 1, 0, 2, 2, 4, 18.0], ["0021100004", 1610612760, "OKC", "Oklahoma City", 201953, "Eric Maynor", "", "", "13:56", 3, 5, 0.6, 2, 3, 0.667, 0, 0, 0.0, 0, 2, 2, 3, 0, 0, 1, 1, 8, 13.0], ["0021100004", 1610612760, "OKC", "Oklahoma City", 1737, "Nazr Mohammed", "", "", "16:17", 1, 4, 0.25, 0, 0, 0.0, 0, 0, 0.0, 2, 5, 7, 0, 0, 2, 0, 2, 2, 12.0], ["0021100004", 1610612760, "OKC", "Oklahoma City", 201161, "Daequan Cook", "", "", "10:58", 2, 5, 0.4, 2, 4, 0.5, 0, 0, 0.0, 0, 1, 1, 1, 1, 0, 0, 0, 6, 6.0], ["0021100004", 1610612760, "OKC", "Oklahoma City", 202332, "Cole Aldrich", "", "DNP - Coach's Decision", null, null, null, null, null, null, null, null, null, null, null, null, null, null, null, null, null, null, null, null], ["0021100004", 1610612760, "OKC", "Oklahoma City", 2767, "Royal Ivey", "", "DNP - Coach's Decision", null, null, null, null, null, null, null, null, null, null, null, null, null, null, null, null, null, null, null, null], ["0021100004", 1610612760, "OKC", "Oklahoma City", 202704, "Reggie Jackson", "", "DNP - Coach's Decision", null, null, null, null, null, null, null, null, null, null, null, null, null, null, null, null, null, null, null, null]], "name": "PlayerStats"}, {"headers": ["GAME_ID", "TEAM_ID", "TEAM_NAME", "TEAM_ABBREVIATION", "TEAM_CITY", "MIN", "FGM", "FGA", "FG_PCT", "FG3M", "FG3A", "FG3_PCT", "FTM", "FTA", "FT_PCT", "OREB", "DREB", "REB", "AST", "STL", "BLK", "TO", "PF", "PTS", "PLUS_MINUS"], "rowSet": [["0021100004", 1610612753, "Magic", "ORL", "Orlando", "240:00", 30, 81, 0.37, 8, 28, 0.286, 21, 26, 0.808, 14, 31, 45, 18, 7, 4, 18, 25, 89, -8.0], ["0021100004", 1610612760, "Thunder", "OKC", "Oklahoma City", "240:00", 34, 72, 0.472, 10, 19, 0.526, 19, 26, 0.731, 7, 36, 43, 21, 8, 5, 16, 22, 97, 8.0]], "name": "TeamStats"}, {"headers": ["LEAGUE_ID", "SEASON_ID", "TEAM_ID", "TEAM_ABBREVIATION", "TEAM_CITY", "PTS_PAINT", "PTS_2ND_CHANCE", "PTS_FB", "LARGEST_LEAD", "LEAD_CHANGES", "TIMES_TIED"], "rowSet": [["00", "22011", 1610612753, "ORL", "Orlando", 30, 5, 8, 22, 1, 2], ["00", "22011", 1610612760, "OKC", "Oklahoma City", 32, 7, 9, 20, 1, 2]], "name": "OtherStats"}, {"headers": ["OFFICIAL_ID", "FIRST_NAME", "LAST_NAME", "JERSEY_NUM"], "rowSet": [[2002, "Derrick", "Collins", "11"], [1662, "Bill", "Kennedy", "55"], [202007, "Nick", "Buchert", "54"]], "name": "Officials"}, {"headers": ["GAME_DATE", "ATTENDANCE", "GAME_TIME"], "rowSet": [["SUNDAY, DECEMBER 25, 2011", 18203, "2:27"]], "name": "GameInfo"}, {"headers": ["PLAYER_ID", "FIRST_NAME", "LAST_NAME", "JERSEY_NUM", "TEAM_ID", "TEAM_CITY", "TEAM_NAME", "TEAM_ABBREVIATION"], "rowSet": [[202350, "Daniel", "Orton", "21", 1610612753, "Orlando", "Magic", "ORL"], [202732, "DeAndre", "Liggins", "34", 1610612753, "Orlando", "Magic", "ORL"], [202351, "Lazar", "Hayward", "11", 1610612760, "Oklahoma City", "Thunder", "OKC"], [202385, "Ryan", "Reid", "33", 1610612760, "Oklahoma City", "Thunder", "OKC"]], "name": "InactivePlayers"}, {"headers": ["VIDEO_AVAILABLE_FLAG"], "rowSet": [[0]], "name": "AvailableVideo"}], "parameters": {"GameID": "0021100004", "RangeType": 0, "StartPeriod": 0, "StartRange": 0, "EndPeriod": 0, "EndRange": 0}}