{"resource": "boxscore", "resultSets": [{"headers": ["GAME_DATE_EST", "GAME_SEQUENCE", "GAME_ID", "GAME_STATUS_ID", "GAME_STATUS_TEXT", "GAMECODE", "HOME_TEAM_ID", "VISITOR_TEAM_ID", "SEASON", "LIVE_PERIOD", "LIVE_PC_TIME", "NATL_TV_BROADCASTER_ABBREVIATION", "LIVE_PERIOD_TIME_BCAST", "WH_STATUS"], "rowSet": [["2012-01-02T00:00:00", 3, "0021100068", 3, "Final", "20120102/INDNJN", 1610612751, 1610612754, "2011", 4, "", null, "Q4  - ", 1]], "name": "GameSummary"}, {"headers": ["GAME_DATE_EST", "GAME_SEQUENCE", "GAME_ID", "TEAM_ID", "TEAM_ABBREVIATION", "TEAM_CITY_NAME", "TEAM_WINS_LOSSES", "PTS_QTR1", "PTS_QTR2", "PTS_QTR3", "PTS_QTR4", "PTS_OT1", "PTS_OT2", "PTS_OT3", "PTS_OT4", "PTS_OT5", "PTS_OT6", "PTS_OT7", "PTS_OT8", "PTS_OT9", "PTS_OT10", "PTS"], "rowSet": [["2012-01-02T00:00:00", 3, "0021100068", 1610612751, "NJN", "New Jersey", "1-5", 21, 21, 22, 30, 0, 0, 0, 0, 0, 0, 0, 0, 0, 0, 94], ["2012-01-02T00:00:00", 3, "0021100068", 1610612754, "IND", "Indiana", "4-1", 29, 19, 29, 31, 0, 0, 0, 0, 0, 0, 0, 0, 0, 0, 108]], "name": "LineScore"}, {"headers": ["GAME_ID", "HOME_TEAM_ID", "VISITOR_TEAM_ID", "GAME_DATE_EST", "HOME_TEAM_WINS", "HOME_TEAM_LOSSES", "SERIES_LEADER"], "rowSet": [["0021100068", 1610612751, 1610612754, "2012-01-02T00:00:00", 1, 3, "Indiana"]], "name": "SeasonSeries"}, {"headers": ["GAME_ID", "LAST_GAME_ID", "LAST_GAME_DATE_EST", "LAST_GAME_HOME_TEAM_ID", "LAST_GAME_HOME_TEAM_CITY", "LAST_GAME_HOME_TEAM_NAME", "LAST_GAME_HOME_TEAM_ABBREVIATION", "LAST_GAME_HOME_TEAM_POINTS", "LAST_GAME_VISITOR_TEAM_ID", "LAST_GAME_VISITOR_TEAM_CITY", "LAST_GAME_VISITOR_TEAM_NAME", "LAST_GAME_VISITOR_TEAM_CITY1", "LAST_GAME_VISITOR_TEAM_POINTS"], "rowSet": [["0021100068", "0021001045", "2011-03-21T00:00:00", 1610612751, "New Jersey", "Nets", "NJN", 98, 1610612754, "Indiana", "Pacers", "IND", 102]], "name": "LastMeeting"}, {"headers": ["GAME_ID", "TEAM_ID", "TEAM_ABBREVIATION", "TEAM_CITY", "PLAYER_ID", "PLAYER_NAME", "START_POSITION", "COMMENT", "MIN", "FGM", "FGA", "FG_PCT", "FG3M", "FG3A", "FG3_PCT", "FTM", "FTA", "FT_PCT", "OREB", "DREB", "REB", "AST", "STL", "BLK", "TO", "PF", "PTS", "PLUS_MINUS"], "rowSet": [["0021100068", 1610612754, "IND", "Indiana", 101122, "Danny Granger", "F", "", "32:27", 4, 14, 0.286, 3, 7, 0.429, 4, 6, 0.667, 1, 5, 6, 3, 2, 2, 2, 3, 15, 21.0], ["0021100068", 1610612754, "IND", "Indiana", 2561, "David West", "F", "", "22:43", 6, 10, 0.6, 0, 0, 0.0, 1, 1, 1.0, 3, 2, 5, 4, 0, 1, 0, 2, 13, 8.0], ["0021100068", 1610612754, "IND", "Indiana", 201579, "Roy Hibbert", "C", "", "21:12", 4, 8, 0.5, 0, 0, 0.0, 1, 2, 0.5, 3, 3, 6, 1, 0, 1, 1, 2, 9, 14.0], ["0021100068", 1610612754, "IND", "Indiana", 202331, "Paul George", "G", "", "37:06", 8, 10, 0.8, 5, 5, 1.0, 0, 0, 0.0, 1, 2, 3, 2, 1, 1, 2, 2, 21, 2.0], ["0021100068", 1610612754, "IND", "Indiana", 201954, "Darren Collison", "G", "", "25:34", 2, 4, 0.5, 1, 2, 0.5, 4, 4, 1.0, 0, 1, 1, 7, 2, 0, 1, 3, 9, 15.0], ["0021100068", 1610612754, "IND", "Indiana", 201588, "George Hill", "", "", "19:49", 3, 5, 0.6, 2, 2, 1.0, 0, 0, 0.0, 0, 1, 1, 2, 0, 0, 1, 4, 8, 13.0], ["0021100068", 1610612754, "IND", "Indiana", 201946, "Tyler Hansbrough", "", "", "28:01", 5, 11, 0.455, 0, 0, 0.0, 2, 3, 0.667, 3, 4, 7, 0, 1, 0, 2, 2, 12, 7.0], ["0021100068", 1610612754, "IND", "Indiana", 200811, "Lou Amundson", "", "", "14:37", 3, 6, 0.5, 0, 0, 0.0, 1, 2, 0.5, 2, 4, 6, 2, 0, 1, 2, 1, 7, -3.0], ["0021100068", 1610612754, "IND", "Indiana", 202362, "Lance Stephenson", "", "", "13:31", 0, 2, 0.0, 0, 1, 0.0, 0, 0, 0.0, 1, 2, 3, 1, 1, 0, 2, 1, 0, -2.0], ["0021100068", 1610612754, "IND", "Indiana", 2563, "Dahntay Jones", "", "", "22:09", 5, 6, 0.833, 1, 2, 0.5, 0, 0, 0.0, 0, 3, 3, 2, 0, 0, 2, 3, 11, -2.0], ["0021100068", 1610612754, "IND", "Indiana", 201985, "A.J. Price", "", "", "2:51", 1, 2, 0.5, 1, 2, 0.5, 0, 0, 0.0, 0, 1, 1, 2, 0, 0, 0, 0, 3, -3.0], ["0021100068", 1610612754, "IND", "Indiana", 201965, "Jeff Ayres", "", "DNP - Coach's Decision", null, null, null, null, null, null, null, null, null, null, null, null, null, null, null, null, null, null, null, null], ["0021100068", 1610612751, "NJN", "New Jersey", 202345, "Damion James", "F", "", "25:38", 4, 9, 0.444, 0, 0, 0.0, 2, 4, 0.5, 3, 2, 5, 0, 2, 2, 1, 3, 10, -9.0], ["0021100068", 1610612751, "NJN", "New Jersey", 200749, "Shelden Williams", "F", "", "22:30", 1, 9, 0.111, 0, 0, 0.0, 0, 0, 0.0, 4, 2, 6, 2, 0, 3, 1, 2, 2, -12.0], ["0021100068", 1610612751, "NJN", "New Jersey", 2246, "Mehmet Okur", "C", "", "27:41", 3, 7, 0.429, 2, 3, 0.667, 0, 0, 0.0, 2, 4, 6, 2, 1, 0, 1, 1, 8, -17.0], ["0021100068", 1610612751, "NJN", "New Jersey", 101114, "Deron Williams", "G", "", "34:14", 6, 14, 0.429, 1, 7, 0.143, 9, 11, 0.818, 1, 1, 2, 8, 2, 1, 2, 1, 22, -10.0], ["0021100068", 1610612751, "NJN", "New Jersey", 202178, "Sundiata Gaines", "G", "", "17:21", 4, 6, 0.667, 1, 2, 0.5, 3, 3, 1.0, 0, 2, 2, 0, 1, 0, 2, 1, 12, -7.0], ["0021100068", 1610612751, "NJN", "New Jersey", 202705, "MarShon Brooks", "", "", "31:56", 8, 17, 0.471, 2, 5, 0.4, 3, 4, 0.75, 4, 3, 7, 0, 2, 0, 1, 2, 21, -14.0], ["0021100068", 1610612751, "NJN", "New Jersey", 200761, "Shawne Williams", "", "", "21:60", 3, 9, 0.333, 1, 4, 0.25, 0, 0, 0.0, 2, 1, 3, 0, 0, 0, 2, 2, 7, 1.0], ["0021100068", 1610612751, "NJN", "New Jersey", 101130, "Johan Petro", "", "", "18:46", 1, 3, 0.333, 0, 0, 0.0, 4, 4, 1.0, 2, 2, 4, 2, 0, 4, 0, 2, 6, -2.0], ["0021100068", 1610612751, "NJN", "New Jersey", 2052, "DeShawn Stevenson", "", "", "10:22", 0, 2, 0.0, 0, 1, 0.0, 0, 0, 0.0, 0, 0, 0, 0, 0, 0, 0, 1, 0, -4.0], ["0021100068", 1610612751, "NJN", "New Jersey", 201627, "Anthony Morrow", "", "", "15:10", 1, 8, 0.125, 0, 4, 0.0, 0, 0, 0.0, 2, 2, 4, 1, 0, 0, 0, 0, 2, 0.0], ["0021100068", 1610612751, "NJN", "New Jersey", 200770, "Jordan Farmar", "", "", "9:44", 2, 5, 0.4, 0, 2, 0.0, 0, 0, 0.0, 0, 1, 1, 0, 1, 0, 0, 1, 4, 2.0], ["0021100068", 1610612751, "NJN", "New Jersey", 202716, "Jordan Williams", "", "", "2:51", 0, 0, 0.0, 0, 0, 0.0, 0, 0, 0.0, 0, 0, 0, 0, 0, 0, 0, 0, 0, 3.0], ["0021100068", 1610612751, "NJN", "New Jersey", 202862, "Dennis Horner", "", "", "1:48", 0, 0, 0.0, 0, 0, 0.0, 0, 0, 0.0, 0, 0, 0, 0, 0, 0, 0, 0, 0, -1.0]], "name": "PlayerStats"}, {"headers": ["GAME_ID", "TEAM_ID", "TEAM_NAME", "TEAM_ABBREVIATION", "TEAM_CITY", "MIN", "FGM", "FGA", "FG_PCT", "FG3M", "FG3A", "FG3_PCT", "FTM", "FTA", "FT_PCT", "OREB", "DREB", "REB", "AST", "STL", "BLK", "TO", "PF", "PTS", "PLUS_MINUS"], "rowSet": [["0021100068", 1610612751, "Nets", "NJN", "New Jersey", "240:00", 33, 89, 0.371, 7, 28, 0.25, 21, 26, 0.808, 20, 20, 40, 15, 9, 10, 10, 16, 94, -14.0], ["0021100068", 1610612754, "Pacers", "IND", "Indiana", "240:00", 41, 78, 0.526, 13, 21, 0.619, 13, 18, 0.722, 14, 28, 42, 26, 7, 6, 15, 23, 108, 14.0]], "name": "TeamStats"}, {"headers": ["LEAGUE_ID", "SEASON_ID", "TEAM_ID", "TEAM_ABBREVIATION", "TEAM_CITY", "PTS_PAINT", "PTS_2ND_CHANCE", "PTS_FB", "LARGEST_LEAD", "LEAD_CHANGES", "TIMES_TIED"], "rowSet": [["00", "22011", 1610612754, "IND", "Indiana", 36, 23, 15, 17, 0, 0], ["00", "22011", 1610612751, "NJN", "New Jersey", 44, 19, 18, 19, 0, 0]], "name": "OtherStats"}, {"headers": ["OFFICIAL_ID", "FIRST_NAME", "LAST_NAME", "JERSEY_NUM"], "rowSet": [[1164, "Ron", "Garretson", "10"], [200833, "Eric", "Dalen", "75"], [202026, "Karl", "Lane", "77"]], "name": "Officials"}, {"headers": ["GAME_DATE", "ATTENDANCE", "GAME_TIME"], "rowSet": [["MONDAY, JANUARY 2, 2012", 12519, "2:12"]], "name": "GameInfo"}, {"headers": ["PLAYER_ID", "FIRST_NAME", "LAST_NAME", "JERSEY_NUM", "TEAM_ID", "TEAM_CITY", "TEAM_NAME", "TEAM_ABBREVIATION"], "rowSet": [[2743, "Kris", "Humphries", "43", 1610612751, "New Jersey", "Nets", "NJN"], [201572, "Brook", "Lopez", "11", 1610612751, "New Jersey", "Nets", "NJN"], [1902, "Jeff", "Foster", "10", 1610612754, "Indiana", "Pacers", "IND"]], "name": "InactivePlayers"}, {"headers": ["VIDEO_AVAILABLE_FLAG"], "rowSet": [[0]], "name": "AvailableVideo"}], "parameters": {"GameID": "0021100068", "RangeType": 0, "StartPeriod": 0, "StartRange": 0, "EndPeriod": 0, "EndRange": 0}}