{"resource": "boxscore", "resultSets": [{"headers": ["GAME_DATE_EST", "GAME_SEQUENCE", "GAME_ID", "GAME_STATUS_ID", "GAME_STATUS_TEXT", "GAMECODE", "HOME_TEAM_ID", "VISITOR_TEAM_ID", "SEASON", "LIVE_PERIOD", "LIVE_PC_TIME", "NATL_TV_BROADCASTER_ABBREVIATION", "LIVE_PERIOD_TIME_BCAST", "WH_STATUS"], "rowSet": [["2011-12-26T00:00:00", 8, "0021100013", 3, "Final", "20111226/MEMSAS", 1610612759, 1610612763, "2011", 4, "", null, "Q4  - ", 1]], "name": "GameSummary"}, {"headers": ["GAME_DATE_EST", "GAME_SEQUENCE", "GAME_ID", "TEAM_ID", "TEAM_ABBREVIATION", "TEAM_CITY_NAME", "TEAM_WINS_LOSSES", "PTS_QTR1", "PTS_QTR2", "PTS_QTR3", "PTS_QTR4", "PTS_OT1", "PTS_OT2", "PTS_OT3", "PTS_OT4", "PTS_OT5", "PTS_OT6", "PTS_OT7", "PTS_OT8", "PTS_OT9", "PTS_OT10", "PTS"], "rowSet": [["2011-12-26T00:00:00", 8, "0021100013", 1610612763, "MEM", "Memphis", "0-1", 22, 22, 14, 24, 0, 0, 0, 0, 0, 0, 0, 0, 0, 0, 82], ["2011-12-26T00:00:00", 8, "0021100013", 1610612759, "SAS", "San Antonio", "1-0", 14, 29, 29, 23, 0, 0, 0, 0, 0, 0, 0, 0, 0, 0, 95]], "name": "LineScore"}, {"headers": ["GAME_ID", "HOME_TEAM_ID", "VISITOR_TEAM_ID", "GAME_DATE_EST", "HOME_TEAM_WINS", "HOME_TEAM_LOSSES", "SERIES_LEADER"], "rowSet": [["0021100013", 1610612759, 1610612763, "2011-12-26T00:00:00", 4, 0, "San Antonio"]], "name": "SeasonSeries"}, {"headers": ["GAME_ID", "LAST_GAME_ID", "LAST_GAME_DATE_EST", "LAST_GAME_HOME_TEAM_ID", "LAST_GAME_HOME_TEAM_CITY", "LAST_GAME_HOME_TEAM_NAME", "LAST_GAME_HOME_TEAM_ABBREVIATION", "LAST_GAME_HOME_TEAM_POINTS", "LAST_GAME_VISITOR_TEAM_ID", "LAST_GAME_VISITOR_TEAM_CITY", "LAST_GAME_VISITOR_TEAM_NAME", "LAST_GAME_VISITOR_TEAM_CITY1", "LAST_GAME_VISITOR_TEAM_POINTS"], "rowSet": [["0021100013", "0041000146", "2011-04-29T00:00:00", 1610612759, "San Antonio", "Spurs", "SAS", 91, 1610612763, "Memphis", "Grizzlies", "MEM", 99]], "name": "LastMeeting"}, {"headers": ["GAME_ID", "TEAM_ID", "TEAM_ABBREVIATION", "TEAM_CITY", "PLAYER_ID", "PLAYER_NAME", "START_POSITION", "COMMENT", "MIN", "FGM", "FGA", "FG_PCT", "FG3M", "FG3A", "FG3_PCT", "FTM", "FTA", "FT_PCT", "OREB", "DREB", "REB", "AST", "STL", "BLK", "TO", "PF", "PTS", "PLUS_MINUS"], "rowSet": [["0021100013", 1610612763, "MEM", "Memphis", 200752, "Rudy Gay", "F", "", "35:19", 8, 18, 0.444, 1, 1, 1.0, 2, 3, 0.667, 0, 10, 10, 2, 2, 1, 3, 2, 19, -10.0], ["0021100013", 1610612763, "MEM", "Memphis", 2216, "Zach Randolph", "F", "", "28:53", 3, 8, 0.375, 0, 0, 0.0, 4, 8, 0.5, 3, 3, 6, 1, 1, 0, 3, 3, 10, -16.0], ["0021100013", 1610612763, "MEM", "Memphis", 201188, "Marc Gasol", "C", "", "37:23", 5, 6, 0.833, 0, 0, 0.0, 3, 4, 0.75, 1, 5, 6, 3, 1, 1, 3, 4, 13, -8.0], ["0021100013", 1610612763, "MEM", "Memphis", 2754, "Tony Allen", "G", "", "15:07", 1, 4, 0.25, 0, 0, 0.0, 0, 0, 0.0, 3, 1, 4, 0, 1, 0, 4, 4, 2, -7.0], ["0021100013", 1610612763, "MEM", "Memphis", 201144, "Mike Conley", "G", "", "32:26", 4, 10, 0.4, 1, 1, 1.0, 2, 2, 1.0, 0, 3, 3, 7, 2, 0, 3, 3, 11, -1.0], ["0021100013", 1610612763, "MEM", "Memphis", 201967, "Dante Cunningham", "", "", "16:58", 4, 6, 0.667, 0, 0, 0.0, 0, 2, 0.0, 0, 0, 0, 1, 0, 0, 1, 3, 8, 3.0], ["0021100013", 1610612763, "MEM", "Memphis", 201564, "O.J. Mayo", "", "", "17:12", 2, 4, 0.5, 0, 0, 0.0, 0, 0, 0.0, 0, 4, 4, 1, 0, 0, 2, 0, 4, -8.0], ["0021100013", 1610612763, "MEM", "Memphis", 201970, "Sam Young", "", "", "19:27", 2, 5, 0.4, 0, 1, 0.0, 0, 0, 0.0, 0, 2, 2, 0, 0, 0, 1, 2, 4, -6.0], ["0021100013", 1610612763, "MEM", "Memphis", 202951, "Jeremy Pargo", "", "", "15:34", 2, 6, 0.333, 1, 3, 0.333, 0, 0, 0.0, 1, 1, 2, 3, 2, 0, 3, 1, 5, -12.0], ["0021100013", 1610612763, "MEM", "Memphis", 1730, "Brian Skinner", "", "", "4:22", 0, 1, 0.0, 0, 0, 0.0, 0, 0, 0.0, 0, 0, 0, 0, 0, 0, 0, 1, 0, -7.0], ["0021100013", 1610612763, "MEM", "Memphis", 202347, "Quincy Pondexter", "", "", "17:19", 3, 5, 0.6, 0, 1, 0.0, 0, 0, 0.0, 1, 4, 5, 0, 0, 0, 1, 2, 6, 7.0], ["0021100013", 1610612763, "MEM", "Memphis", 2668, "Josh Davis", "", "DNP - Coach's Decision", null, null, null, null, null, null, null, null, null, null, null, null, null, null, null, null, null, null, null, null], ["0021100013", 1610612763, "MEM", "Memphis", 202729, "Josh Selby", "", "DNP - Coach's Decision", null, null, null, null, null, null, null, null, null, null, null, null, null, null, null, null, null, null, null, null], ["0021100013", 1610612759, "SAS", "San Antonio", 2210, "Richard Jefferson", "F", "", "31:53", 5, 11, 0.455, 3, 7, 0.429, 1, 2, 0.5, 0, 3, 3, 1, 1, 1, 0, 1, 14, 10.0], ["0021100013", 1610612759, "SAS", "San Antonio", 1495, "Tim Duncan", "F", "", "21:12", 4, 7, 0.571, 0, 0, 0.0, 2, 2, 1.0, 2, 4, 6, 3, 0, 1, 4, 4, 10, 10.0], ["0021100013", 1610612759, "SAS", "San Antonio", 201971, "DeJuan Blair", "C", "", "9:46", 3, 4, 0.75, 0, 0, 0.0, 0, 0, 0.0, 0, 1, 1, 0, 0, 0, 1, 4, 6, 9.0], ["0021100013", 1610612759, "SAS", "San Antonio", 1938, "Manu Ginobili", "G", "", "31:22", 7, 15, 0.467, 3, 8, 0.375, 7, 8, 0.875, 1, 4, 5, 4, 3, 1, 2, 1, 24, 17.0], ["0021100013", 1610612759, "SAS", "San Antonio", 2225, "Tony Parker", "G", "", "33:09", 6, 16, 0.375, 0, 1, 0.0, 3, 4, 0.75, 2, 2, 4, 7, 4, 0, 2, 3, 15, 2.0], ["0021100013", 1610612759, "SAS", "San Antonio", 201168, "Tiago Splitter", "", "", "32:54", 2, 7, 0.286, 0, 0, 0.0, 1, 2, 0.5, 2, 6, 8, 0, 2, 2, 2, 3, 5, 4.0], ["0021100013", 1610612759, "SAS", "San Antonio", 202695, "Kawhi Leonard", "", "", "13:33", 2, 9, 0.222, 1, 5, 0.2, 1, 4, 0.25, 4, 2, 6, 1, 2, 0, 1, 1, 6, 0.0], ["0021100013", 1610612759, "SAS", "San Antonio", 2588, "Matt Bonner", "", "", "28:02", 1, 6, 0.167, 1, 5, 0.2, 0, 0, 0.0, 0, 0, 0, 2, 0, 0, 0, 0, 3, 7.0], ["0021100013", 1610612759, "SAS", "San Antonio", 202341, "James Anderson", "", "", "20:46", 4, 9, 0.444, 1, 5, 0.2, 0, 0, 0.0, 0, 2, 2, 2, 0, 0, 0, 1, 9, -3.0], ["0021100013", 1610612759, "SAS", "San Antonio", 2551, "T.J. Ford", "", "", "14:51", 0, 2, 0.0, 0, 1, 0.0, 0, 0, 0.0, 0, 1, 1, 2, 1, 0, 1, 2, 0, 11.0], ["0021100013", 1610612759, "SAS", "San Antonio", 202709, "Cory Joseph", "", "", "1:16", 0, 0, 0.0, 0, 0, 0.0, 0, 0, 0.0, 0, 0, 0, 1, 0, 0, 0, 0, 0, -1.0], ["0021100013", 1610612759, "SAS", "San Antonio", 201980, "Danny Green", "", "", "1:16", 1, 2, 0.5, 1, 1, 1.0, 0, 0, 0.0, 1, 0, 1, 0, 0, 0, 0, 0, 3, -1.0]], "name": "PlayerStats"}, {"headers": ["GAME_ID", "TEAM_ID", "TEAM_NAME", "TEAM_ABBREVIATION", "TEAM_CITY", "MIN", "FGM", "FGA", "FG_PCT", "FG3M", "FG3A", "FG3_PCT", "FTM", "FTA", "FT_PCT", "OREB", "DREB", "REB", "AST", "STL", "BLK", "TO", "PF", "PTS", "PLUS_MINUS"], "rowSet": [["0021100013", 1610612759, "Spurs", "SAS", "San Antonio", "240:00", 35, 88, 0.398, 10, 33, 0.303, 15, 22, 0.682, 12, 25, 37, 23, 13, 5, 13, 20, 95, 13.0], ["0021100013", 1610612763, "Grizzlies", "MEM", "Memphis", "240:00", 34, 73, 0.466, 3, 7, 0.429, 11, 19, 0.579, 9, 33, 42, 18, 9, 2, 24, 25, 82, -13.0]], "name": "TeamStats"}, {"headers": ["LEAGUE_ID", "SEASON_ID", "TEAM_ID", "TEAM_ABBREVIATION", "TEAM_CITY", "PTS_PAINT", "PTS_2ND_CHANCE", "PTS_FB", "LARGEST_LEAD", "LEAD_CHANGES", "TIMES_TIED"], "rowSet": [["00", "22011", 1610612759, "SAS", "San Antonio", 38, 14, 15, 19, 4, 5], ["00", "22011", 1610612763, "MEM", "Memphis", 36, 9, 17, 19, 4, 5]], "name": "OtherStats"}, {"headers": ["OFFICIAL_ID", "FIRST_NAME", "LAST_NAME", "JERSEY_NUM"], "rowSet": [[1162, "Scott", "Foster", "48"], [2529, "Tony", "Brown", "6"], [201639, "Josh", "Tiven", "58"]], "name": "Officials"}, {"headers": ["GAME_DATE", "ATTENDANCE", "GAME_TIME"], "rowSet": [["MONDAY, DECEMBER 26, 2011", 18581, "2:15"]], "name": "GameInfo"}, {"headers": ["PLAYER_ID", "FIRST_NAME", "LAST_NAME", "JERSEY_NUM", "TEAM_ID", "TEAM_CITY", "TEAM_NAME", "TEAM_ABBREVIATION"], "rowSet": [[201589, "Darrell", "Arthur", "00", 1610612763, "Memphis", "Grizzlies", "MEM"], [202333, "Xavier", "Henry", "13", 1610612763, "Memphis", "Grizzlies", "MEM"], [202390, "Gary", "Neal", "14", 1610612759, "San Antonio", "Spurs", "SAS"]], "name": "InactivePlayers"}, {"headers": ["VIDEO_AVAILABLE_FLAG"], "rowSet": [[0]], "name": "AvailableVideo"}], "parameters": {"GameID": "0021100013", "RangeType": 0, "StartPeriod": 0, "StartRange": 0, "EndPeriod": 0, "EndRange": 0}}