{"resource": "boxscore", "resultSets": [{"headers": ["GAME_DATE_EST", "GAME_SEQUENCE", "GAME_ID", "GAME_STATUS_ID", "GAME_STATUS_TEXT", "GAMECODE", "HOME_TEAM_ID", "VISITOR_TEAM_ID", "SEASON", "LIVE_PERIOD", "LIVE_PC_TIME", "NATL_TV_BROADCASTER_ABBREVIATION", "LIVE_PERIOD_TIME_BCAST", "WH_STATUS"], "rowSet": [["2011-12-29T00:00:00", 1, "0021100033", 3, "Final", "20111229/NJNORL", 1610612753, 1610612751, "2011", 4, "", null, "Q4  - ", 1]], "name": "GameSummary"}, {"headers": ["GAME_DATE_EST", "GAME_SEQUENCE", "GAME_ID", "TEAM_ID", "TEAM_ABBREVIATION", "TEAM_CITY_NAME", "TEAM_WINS_LOSSES", "PTS_QTR1", "PTS_QTR2", "PTS_QTR3", "PTS_QTR4", "PTS_OT1", "PTS_OT2", "PTS_OT3", "PTS_OT4", "PTS_OT5", "PTS_OT6", "PTS_OT7", "PTS_OT8", "PTS_OT9", "PTS_OT10", "PTS"], "rowSet": [["2011-12-29T00:00:00", 1, "0021100033", 1610612751, "NJN", "New Jersey", "1-2", 16, 28, 18, 16, 0, 0, 0, 0, 0, 0, 0, 0, 0, 0, 78], ["2011-12-29T00:00:00", 1, "0021100033", 1610612753, "ORL", "Orlando", "2-1", 28, 22, 25, 19, 0, 0, 0, 0, 0, 0, 0, 0, 0, 0, 94]], "name": "LineScore"}, {"headers": ["GAME_ID", "HOME_TEAM_ID", "VISITOR_TEAM_ID", "GAME_DATE_EST", "HOME_TEAM_WINS", "HOME_TEAM_LOSSES", "SERIES_LEADER"], "rowSet": [["0021100033", 1610612753, 1610612751, "2011-12-29T00:00:00", 3, 0, "Orlando"]], "name": "SeasonSeries"}, {"headers": ["GAME_ID", "LAST_GAME_ID", "LAST_GAME_DATE_EST", "LAST_GAME_HOME_TEAM_ID", "LAST_GAME_HOME_TEAM_CITY", "LAST_GAME_HOME_TEAM_NAME", "LAST_GAME_HOME_TEAM_ABBREVIATION", "LAST_GAME_HOME_TEAM_POINTS", "LAST_GAME_VISITOR_TEAM_ID", "LAST_GAME_VISITOR_TEAM_CITY", "LAST_GAME_VISITOR_TEAM_NAME", "LAST_GAME_VISITOR_TEAM_CITY1", "LAST_GAME_VISITOR_TEAM_POINTS"], "rowSet": [["0021100033", "0021001069", "2011-03-25T00:00:00", 1610612753, "Orlando", "Magic", "ORL", 95, 1610612751, "New Jersey", "Nets", "NJN", 85]], "name": "LastMeeting"}, {"headers": ["GAME_ID", "TEAM_ID", "TEAM_ABBREVIATION", "TEAM_CITY", "PLAYER_ID", "PLAYER_NAME", "START_POSITION", "COMMENT", "MIN", "FGM", "FGA", "FG_PCT", "FG3M", "FG3A", "FG3_PCT", "FTM", "FTA", "FT_PCT", "OREB", "DREB", "REB", "AST", "STL", "BLK", "TO", "PF", "PTS", "PLUS_MINUS"], "rowSet": [["0021100033", 1610612751, "NJN", "New Jersey", 202345, "Damion James", "F", "", "12:51", 2, 2, 1.0, 0, 0, 0.0, 0, 0, 0.0, 0, 2, 2, 0, 0, 1, 2, 3, 4, -5.0], ["0021100033", 1610612751, "NJN", "New Jersey", 2743, "Kris Humphries", "F", "", "34:38", 3, 5, 0.6, 0, 0, 0.0, 3, 5, 0.6, 0, 10, 10, 1, 0, 1, 3, 3, 9, -15.0], ["0021100033", 1610612751, "NJN", "New Jersey", 2246, "Mehmet Okur", "C", "", "25:49", 4, 9, 0.444, 1, 1, 1.0, 0, 0, 0.0, 1, 5, 6, 0, 0, 0, 0, 5, 9, -20.0], ["0021100033", 1610612751, "NJN", "New Jersey", 101114, "Deron Williams", "G", "", "32:30", 2, 12, 0.167, 0, 3, 0.0, 6, 8, 0.75, 0, 4, 4, 7, 2, 1, 6, 0, 10, -21.0], ["0021100033", 1610612751, "NJN", "New Jersey", 202178, "Sundiata Gaines", "G", "", "25:05", 3, 9, 0.333, 0, 2, 0.0, 2, 4, 0.5, 1, 3, 4, 3, 1, 0, 0, 2, 8, -2.0], ["0021100033", 1610612751, "NJN", "New Jersey", 2052, "DeShawn Stevenson", "", "", "25:55", 3, 4, 0.75, 3, 4, 0.75, 0, 0, 0.0, 0, 2, 2, 1, 0, 0, 0, 2, 9, -12.0], ["0021100033", 1610612751, "NJN", "New Jersey", 201627, "Anthony Morrow", "", "", "20:58", 2, 10, 0.2, 0, 3, 0.0, 0, 0, 0.0, 1, 1, 2, 1, 0, 0, 2, 1, 4, -12.0], ["0021100033", 1610612751, "NJN", "New Jersey", 101130, "Johan Petro", "", "", "11:16", 1, 2, 0.5, 0, 0, 0.0, 0, 0, 0.0, 2, 1, 3, 0, 1, 0, 0, 4, 2, -7.0], ["0021100033", 1610612751, "NJN", "New Jersey", 200770, "Jordan Farmar", "", "", "7:04", 1, 1, 1.0, 0, 0, 0.0, 0, 0, 0.0, 0, 0, 0, 1, 0, 0, 1, 0, 2, -6.0], ["0021100033", 1610612751, "NJN", "New Jersey", 200761, "Shawne Williams", "", "", "6:43", 1, 4, 0.25, 0, 2, 0.0, 0, 0, 0.0, 1, 1, 2, 0, 0, 0, 0, 2, 2, 0.0], ["0021100033", 1610612751, "NJN", "New Jersey", 202705, "MarShon Brooks", "", "", "20:40", 7, 15, 0.467, 2, 2, 1.0, 1, 2, 0.5, 2, 0, 2, 3, 1, 0, 1, 1, 17, 8.0], ["0021100033", 1610612751, "NJN", "New Jersey", 200749, "Shelden Williams", "", "", "16:32", 0, 4, 0.0, 0, 0, 0.0, 2, 2, 1.0, 1, 4, 5, 0, 0, 2, 0, 3, 2, 12.0], ["0021100033", 1610612751, "NJN", "New Jersey", 202862, "Dennis Horner", "", "DNP - Coach's Decision", null, null, null, null, null, null, null, null, null, null, null, null, null, null, null, null, null, null, null, null], ["0021100033", 1610612753, "ORL", "Orlando", 2045, "Hedo Turkoglu", "F", "", "37:00", 5, 14, 0.357, 1, 4, 0.25, 0, 0, 0.0, 0, 6, 6, 7, 0, 0, 3, 1, 11, 12.0], ["0021100033", 1610612753, "ORL", "Orlando", 201583, "Ryan Anderson", "F", "", "33:06", 7, 14, 0.5, 3, 5, 0.6, 5, 6, 0.833, 2, 1, 3, 0, 0, 0, 0, 3, 22, 10.0], ["0021100033", 1610612753, "ORL", "Orlando", 2730, "Dwight Howard", "C", "", "37:26", 7, 9, 0.778, 0, 0, 0.0, 2, 9, 0.222, 6, 18, 24, 3, 3, 3, 3, 3, 16, 23.0], ["0021100033", 1610612753, "ORL", "Orlando", 2202, "Jason Richardson", "G", "", "32:43", 6, 14, 0.429, 0, 3, 0.0, 4, 6, 0.667, 3, 2, 5, 2, 2, 0, 2, 2, 16, 10.0], ["0021100033", 1610612753, "ORL", "Orlando", 2749, "Jameer Nelson", "G", "", "16:47", 0, 3, 0.0, 0, 1, 0.0, 0, 0, 0.0, 0, 4, 4, 5, 0, 0, 1, 1, 0, 0.0], ["0021100033", 1610612753, "ORL", "Orlando", 201175, "Glen Davis", "", "", "23:58", 2, 8, 0.25, 0, 0, 0.0, 1, 2, 0.5, 0, 1, 1, 1, 0, 1, 2, 2, 5, 1.0], ["0021100033", 1610612753, "ORL", "Orlando", 200755, "JJ Redick", "", "", "23:13", 6, 11, 0.545, 2, 3, 0.667, 1, 2, 0.5, 0, 2, 2, 3, 1, 0, 0, 2, 15, 7.0], ["0021100033", 1610612753, "ORL", "Orlando", 2768, "Chris Duhon", "", "", "28:15", 3, 6, 0.5, 3, 4, 0.75, 0, 0, 0.0, 0, 1, 1, 4, 1, 0, 1, 4, 9, 20.0], ["0021100033", 1610612753, "ORL", "Orlando", 1716, "Larry Hughes", "", "", "6:02", 0, 2, 0.0, 0, 1, 0.0, 0, 0, 0.0, 0, 0, 0, 0, 1, 0, 1, 1, 0, -1.0], ["0021100033", 1610612753, "ORL", "Orlando", 202712, "Justin Harper", "", "", "1:30", 0, 0, 0.0, 0, 0, 0.0, 0, 0, 0.0, 0, 0, 0, 0, 0, 0, 0, 0, 0, -2.0], ["0021100033", 1610612753, "ORL", "Orlando", 201947, "Earl Clark", "", "DNP - Coach's Decision", null, null, null, null, null, null, null, null, null, null, null, null, null, null, null, null, null, null, null, null], ["0021100033", 1610612753, "ORL", "Orlando", 2047, "Quentin Richardson", "", "DNP - Coach's Decision", null, null, null, null, null, null, null, null, null, null, null, null, null, null, null, null, null, null, null, null], ["0021100033", 1610612753, "ORL", "Orlando", 101144, "Von Wafer", "", "DNP - Coach's Decision", null, null, null, null, null, null, null, null, null, null, null, null, null, null, null, null, null, null, null, null]], "name": "PlayerStats"}, {"headers": ["GAME_ID", "TEAM_ID", "TEAM_NAME", "TEAM_ABBREVIATION", "TEAM_CITY", "MIN", "FGM", "FGA", "FG_PCT", "FG3M", "FG3A", "FG3_PCT", "FTM", "FTA", "FT_PCT", "OREB", "DREB", "REB", "AST", "STL", "BLK", "TO", "PF", "PTS", "PLUS_MINUS"], "rowSet": [["0021100033", 1610612753, "Magic", "ORL", "Orlando", "240:00", 36, 81, 0.444, 9, 21, 0.429, 13, 25, 0.52, 11, 35, 46, 25, 8, 4, 13, 19, 94, 16.0], ["0021100033", 1610612751, "Nets", "NJN", "New Jersey", "240:00", 29, 77, 0.377, 6, 17, 0.353, 14, 21, 0.667, 9, 33, 42, 17, 5, 5, 15, 26, 78, -16.0]], "name": "TeamStats"}, {"headers": ["LEAGUE_ID", "SEASON_ID", "TEAM_ID", "TEAM_ABBREVIATION", "TEAM_CITY", "PTS_PAINT", "PTS_2ND_CHANCE", "PTS_FB", "LARGEST_LEAD", "LEAD_CHANGES", "TIMES_TIED"], "rowSet": [["00", "22011", 1610612751, "NJN", "New Jersey", 26, 16, 7, 20, 2, 1], ["00", "22011", 1610612753, "ORL", "Orlando", 42, 15, 14, 18, 2, 1]], "name": "OtherStats"}, {"headers": ["OFFICIAL_ID", "FIRST_NAME", "LAST_NAME", "JERSEY_NUM"], "rowSet": [[1142, "Dick", "Bavetta", "27"], [2882, "Sean", "Wright", "65"], [2716, "Olandis", "Poole", "50"]], "name": "Officials"}, {"headers": ["GAME_DATE", "ATTENDANCE", "GAME_TIME"], "rowSet": [["THURSDAY, DECEMBER 29, 2011", 18954, "2:17"]], "name": "GameInfo"}, {"headers": ["PLAYER_ID", "FIRST_NAME", "LAST_NAME", "JERSEY_NUM", "TEAM_ID", "TEAM_CITY", "TEAM_NAME", "TEAM_ABBREVIATION"], "rowSet": [[202350, "Daniel", "Orton", "21", 1610612753, "Orlando", "Magic", "ORL"], [202732, "DeAndre", "Liggins", "34", 1610612753, "Orlando", "Magic", "ORL"], [201572, "Brook", "Lopez", "11", 1610612751, "New Jersey", "Nets", "NJN"], [202716, "Jordan", "Williams", "20", 1610612751, "New Jersey", "Nets", "NJN"]], "name": "InactivePlayers"}, {"headers": ["VIDEO_AVAILABLE_FLAG"], "rowSet": [[0]], "name": "AvailableVideo"}], "parameters": {"GameID": "0021100033", "RangeType": 0, "StartPeriod": 0, "StartRange": 0, "EndPeriod": 0, "EndRange": 0}}