{"resource": "boxscore", "resultSets": [{"headers": ["GAME_DATE_EST", "GAME_SEQUENCE", "GAME_ID", "GAME_STATUS_ID", "GAME_STATUS_TEXT", "GAMECODE", "HOME_TEAM_ID", "VISITOR_TEAM_ID", "SEASON", "LIVE_PERIOD", "LIVE_PC_TIME", "NATL_TV_BROADCASTER_ABBREVIATION", "LIVE_PERIOD_TIME_BCAST", "WH_STATUS"], "rowSet": [["2012-01-01T00:00:00", 6, "0021100062", 3, "Final", "20120101/MEMCHI", 1610612741, 1610612763, "2011", 4, "", null, "Q4  - ", 1]], "name": "GameSummary"}, {"headers": ["GAME_DATE_EST", "GAME_SEQUENCE", "GAME_ID", "TEAM_ID", "TEAM_ABBREVIATION", "TEAM_CITY_NAME", "TEAM_WINS_LOSSES", "PTS_QTR1", "PTS_QTR2", "PTS_QTR3", "PTS_QTR4", "PTS_OT1", "PTS_OT2", "PTS_OT3", "PTS_OT4", "PTS_OT5", "PTS_OT6", "PTS_OT7", "PTS_OT8", "PTS_OT9", "PTS_OT10", "PTS"], "rowSet": [["2012-01-01T00:00:00", 6, "0021100062", 1610612763, "MEM", "Memphis", "1-3", 12, 16, 16, 20, 0, 0, 0, 0, 0, 0, 0, 0, 0, 0, 64], ["2012-01-01T00:00:00", 6, "0021100062", 1610612741, "CHI", "Chicago", "4-1", 25, 29, 30, 20, 0, 0, 0, 0, 0, 0, 0, 0, 0, 0, 104]], "name": "LineScore"}, {"headers": ["GAME_ID", "HOME_TEAM_ID", "VISITOR_TEAM_ID", "GAME_DATE_EST", "HOME_TEAM_WINS", "HOME_TEAM_LOSSES", "SERIES_LEADER"], "rowSet": [["0021100062", 1610612741, 1610612763, "2012-01-01T00:00:00", 1, 1, "Tied"]], "name": "SeasonSeries"}, {"headers": ["GAME_ID", "LAST_GAME_ID", "LAST_GAME_DATE_EST", "LAST_GAME_HOME_TEAM_ID", "LAST_GAME_HOME_TEAM_CITY", "LAST_GAME_HOME_TEAM_NAME", "LAST_GAME_HOME_TEAM_ABBREVIATION", "LAST_GAME_HOME_TEAM_POINTS", "LAST_GAME_VISITOR_TEAM_ID", "LAST_GAME_VISITOR_TEAM_CITY", "LAST_GAME_VISITOR_TEAM_NAME", "LAST_GAME_VISITOR_TEAM_CITY1", "LAST_GAME_VISITOR_TEAM_POINTS"], "rowSet": [["0021100062", "0021001074", "2011-03-25T00:00:00", 1610612741, "Chicago", "Bulls", "CHI", 99, 1610612763, "Memphis", "Grizzlies", "MEM", 96]], "name": "LastMeeting"}, {"headers": ["GAME_ID", "TEAM_ID", "TEAM_ABBREVIATION", "TEAM_CITY", "PLAYER_ID", "PLAYER_NAME", "START_POSITION", "COMMENT", "MIN", "FGM", "FGA", "FG_PCT", "FG3M", "FG3A", "FG3_PCT", "FTM", "FTA", "FT_PCT", "OREB", "DREB", "REB", "AST", "STL", "BLK", "TO", "PF", "PTS", "PLUS_MINUS"], "rowSet": [["0021100062", 1610612763, "MEM", "Memphis", 200752, "Rudy Gay", "F", "", "28:17", 2, 12, 0.167, 0, 0, 0.0, 1, 1, 1.0, 1, 2, 3, 1, 1, 0, 2, 2, 5, -36.0], ["0021100062", 1610612763, "MEM", "Memphis", 2216, "Zach Randolph", "F", "", "11:04", 1, 5, 0.2, 0, 0, 0.0, 0, 0, 0.0, 1, 2, 3, 0, 1, 1, 0, 1, 2, -14.0], ["0021100062", 1610612763, "MEM", "Memphis", 201188, "Marc Gasol", "C", "", "31:08", 2, 6, 0.333, 0, 0, 0.0, 4, 5, 0.8, 3, 7, 10, 0, 2, 2, 2, 2, 8, -38.0], ["0021100062", 1610612763, "MEM", "Memphis", 2754, "Tony Allen", "G", "", "14:16", 1, 5, 0.2, 0, 0, 0.0, 0, 0, 0.0, 1, 1, 2, 2, 2, 0, 1, 2, 2, -11.0], ["0021100062", 1610612763, "MEM", "Memphis", 202951, "Jeremy Pargo", "G", "", "27:12", 2, 13, 0.154, 0, 2, 0.0, 0, 0, 0.0, 2, 0, 2, 1, 0, 0, 2, 2, 4, -36.0], ["0021100062", 1610612763, "MEM", "Memphis", 201564, "O.J. Mayo", "", "", "27:10", 2, 9, 0.222, 0, 1, 0.0, 2, 2, 1.0, 0, 1, 1, 5, 0, 0, 4, 2, 6, -17.0], ["0021100062", 1610612763, "MEM", "Memphis", 202729, "Josh Selby", "", "", "20:48", 3, 9, 0.333, 0, 2, 0.0, 0, 0, 0.0, 1, 1, 2, 2, 1, 0, 2, 0, 6, -4.0], ["0021100062", 1610612763, "MEM", "Memphis", 202347, "Quincy Pondexter", "", "", "12:52", 3, 3, 1.0, 0, 0, 0.0, 1, 2, 0.5, 0, 0, 0, 0, 0, 0, 0, 3, 7, -16.0], ["0021100062", 1610612763, "MEM", "Memphis", 201967, "Dante Cunningham", "", "", "24:32", 2, 4, 0.5, 0, 0, 0.0, 0, 0, 0.0, 1, 6, 7, 1, 2, 1, 1, 2, 4, -8.0], ["0021100062", 1610612763, "MEM", "Memphis", 2668, "Josh Davis", "", "", "24:20", 3, 9, 0.333, 1, 4, 0.25, 3, 4, 0.75, 3, 3, 6, 1, 0, 0, 1, 2, 10, -16.0], ["0021100062", 1610612763, "MEM", "Memphis", 201970, "Sam Young", "", "", "18:21", 5, 9, 0.556, 0, 0, 0.0, 0, 0, 0.0, 1, 3, 4, 0, 1, 0, 1, 0, 10, -4.0], ["0021100062", 1610612763, "MEM", "Memphis", 201144, "Mike Conley", "", "DND - Left Ankle Sprain", null, null, null, null, null, null, null, null, null, null, null, null, null, null, null, null, null, null, null, null], ["0021100062", 1610612763, "MEM", "Memphis", 202333, "Xavier Henry", "", "DND - Right Ankle Sprain", null, null, null, null, null, null, null, null, null, null, null, null, null, null, null, null, null, null, null, null], ["0021100062", 1610612741, "CHI", "Chicago", 2736, "Luol Deng", "F", "", "32:11", 4, 12, 0.333, 1, 3, 0.333, 2, 4, 0.5, 4, 3, 7, 3, 0, 2, 3, 0, 11, 35.0], ["0021100062", 1610612741, "CHI", "Chicago", 2430, "Carlos Boozer", "F", "", "23:50", 7, 10, 0.7, 0, 0, 0.0, 3, 5, 0.6, 2, 9, 11, 0, 2, 1, 0, 1, 17, 35.0], ["0021100062", 1610612741, "CHI", "Chicago", 201149, "Joakim Noah", "C", "", "22:03", 3, 6, 0.5, 0, 0, 0.0, 2, 4, 0.5, 4, 3, 7, 3, 0, 2, 1, 0, 8, 35.0], ["0021100062", 1610612741, "CHI", "Chicago", 200758, "Ronnie Brewer", "G", "", "34:56", 6, 10, 0.6, 1, 1, 1.0, 4, 4, 1.0, 1, 6, 7, 5, 2, 0, 3, 2, 17, 48.0], ["0021100062", 1610612741, "CHI", "Chicago", 201565, "Derrick Rose", "G", "", "25:34", 4, 10, 0.4, 0, 1, 0.0, 8, 8, 1.0, 0, 3, 3, 6, 2, 2, 2, 1, 16, 43.0], ["0021100062", 1610612741, "CHI", "Chicago", 201600, "Omer Asik", "", "", "24:08", 4, 8, 0.5, 0, 0, 0.0, 0, 0, 0.0, 3, 5, 8, 0, 2, 3, 0, 2, 8, 5.0], ["0021100062", 1610612741, "CHI", "Chicago", 201959, "Taj Gibson", "", "", "20:23", 3, 8, 0.375, 0, 0, 0.0, 1, 2, 0.5, 0, 3, 3, 0, 0, 1, 0, 3, 7, 9.0], ["0021100062", 1610612741, "CHI", "Chicago", 2594, "Kyle Korver", "", "", "23:17", 2, 6, 0.333, 1, 4, 0.25, 1, 2, 0.5, 2, 4, 6, 0, 1, 0, 1, 3, 6, 1.0], ["0021100062", 1610612741, "CHI", "Chicago", 201228, "CJ Watson", "", "", "12:10", 2, 4, 0.5, 0, 0, 0.0, 0, 0, 0.0, 0, 0, 0, 4, 1, 0, 3, 2, 4, -3.0], ["0021100062", 1610612741, "CHI", "Chicago", 101249, "John Lucas III", "", "", "10:16", 3, 7, 0.429, 2, 4, 0.5, 0, 0, 0.0, 0, 1, 1, 2, 0, 0, 1, 0, 8, 0.0], ["0021100062", 1610612741, "CHI", "Chicago", 2243, "Brian Scalabrine", "", "", "5:36", 0, 1, 0.0, 0, 0, 0.0, 0, 0, 0.0, 0, 0, 0, 1, 0, 1, 0, 1, 0, -4.0], ["0021100062", 1610612741, "CHI", "Chicago", 202710, "Jimmy Butler", "", "", "5:36", 1, 2, 0.5, 0, 0, 0.0, 0, 0, 0.0, 1, 1, 2, 0, 0, 0, 0, 0, 2, -4.0], ["0021100062", 1610612741, "CHI", "Chicago", 1888, "Richard Hamilton", "", "DND - Sore Left Groin", null, null, null, null, null, null, null, null, null, null, null, null, null, null, null, null, null, null, null, null]], "name": "PlayerStats"}, {"headers": ["GAME_ID", "TEAM_ID", "TEAM_NAME", "TEAM_ABBREVIATION", "TEAM_CITY", "MIN", "FGM", "FGA", "FG_PCT", "FG3M", "FG3A", "FG3_PCT", "FTM", "FTA", "FT_PCT", "OREB", "DREB", "REB", "AST", "STL", "BLK", "TO", "PF", "PTS", "PLUS_MINUS"], "rowSet": [["0021100062", 1610612763, "Grizzlies", "MEM", "Memphis", "240:00", 26, 84, 0.31, 1, 9, 0.111, 11, 14, 0.786, 14, 26, 40, 13, 10, 4, 16, 18, 64, -40.0], ["0021100062", 1610612741, "Bulls", "CHI", "Chicago", "240:00", 39, 84, 0.464, 5, 13, 0.385, 21, 29, 0.724, 17, 38, 55, 24, 10, 12, 14, 15, 104, 40.0]], "name": "TeamStats"}, {"headers": ["LEAGUE_ID", "SEASON_ID", "TEAM_ID", "TEAM_ABBREVIATION", "TEAM_CITY", "PTS_PAINT", "PTS_2ND_CHANCE", "PTS_FB", "LARGEST_LEAD", "LEAD_CHANGES", "TIMES_TIED"], "rowSet": [["00", "22011", 1610612741, "CHI", "Chicago", 48, 16, 33, 46, 1, 1], ["00", "22011", 1610612763, "MEM", "Memphis", 28, 12, 13, 46, 1, 1]], "name": "OtherStats"}, {"headers": ["OFFICIAL_ID", "FIRST_NAME", "LAST_NAME", "JERSEY_NUM"], "rowSet": [[1185, "Violet", "Palmer", "12"], [1195, "Derrick", "Stafford", "9"], [2532, "Eli", "Roe", "44"]], "name": "Officials"}, {"headers": ["GAME_DATE", "ATTENDANCE", "GAME_TIME"], "rowSet": [["SUNDAY, JANUARY 1, 2012", 22763, "2:11"]], "name": "GameInfo"}, {"headers": ["PLAYER_ID", "FIRST_NAME", "LAST_NAME", "JERSEY_NUM", "TEAM_ID", "TEAM_CITY", "TEAM_NAME", "TEAM_ABBREVIATION"], "rowSet": [[201632, "Hamed", "Haddadi", "15", 1610612763, "Memphis", "Grizzlies", "MEM"], [201589, "Darrell", "Arthur", "00", 1610612763, "Memphis", "Grizzlies", "MEM"]], "name": "InactivePlayers"}, {"headers": ["VIDEO_AVAILABLE_FLAG"], "rowSet": [[0]], "name": "AvailableVideo"}], "parameters": {"GameID": "0021100062", "RangeType": 0, "StartPeriod": 0, "StartRange": 0, "EndPeriod": 0, "EndRange": 0}}