{"resource": "boxscore", "resultSets": [{"headers": ["GAME_DATE_EST", "GAME_SEQUENCE", "GAME_ID", "GAME_STATUS_ID", "GAME_STATUS_TEXT", "GAMECODE", "HOME_TEAM_ID", "VISITOR_TEAM_ID", "SEASON", "LIVE_PERIOD", "LIVE_PC_TIME", "NATL_TV_BROADCASTER_ABBREVIATION", "LIVE_PERIOD_TIME_BCAST", "WH_STATUS"], "rowSet": [["2011-12-27T00:00:00", 1, "0021100018", 3, "Final", "20111227/ATLNJN", 1610612751, 1610612737, "2011", 4, "", null, "Q4  - ", 1]], "name": "GameSummary"}, {"headers": ["GAME_DATE_EST", "GAME_SEQUENCE", "GAME_ID", "TEAM_ID", "TEAM_ABBREVIATION", "TEAM_CITY_NAME", "TEAM_WINS_LOSSES", "PTS_QTR1", "PTS_QTR2", "PTS_QTR3", "PTS_QTR4", "PTS_OT1", "PTS_OT2", "PTS_OT3", "PTS_OT4", "PTS_OT5", "PTS_OT6", "PTS_OT7", "PTS_OT8", "PTS_OT9", "PTS_OT10", "PTS"], "rowSet": [["2011-12-27T00:00:00", 1, "0021100018", 1610612737, "ATL", "Atlanta", "1-0", 28, 24, 25, 29, 0, 0, 0, 0, 0, 0, 0, 0, 0, 0, 106], ["2011-12-27T00:00:00", 1, "0021100018", 1610612751, "NJN", "New Jersey", "1-1", 11, 19, 25, 15, 0, 0, 0, 0, 0, 0, 0, 0, 0, 0, 70]], "name": "LineScore"}, {"headers": ["GAME_ID", "HOME_TEAM_ID", "VISITOR_TEAM_ID", "GAME_DATE_EST", "HOME_TEAM_WINS", "HOME_TEAM_LOSSES", "SERIES_LEADER"], "rowSet": [["0021100018", 1610612751, 1610612737, "2011-12-27T00:00:00", 0, 4, "Atlanta"]], "name": "SeasonSeries"}, {"headers": ["GAME_ID", "LAST_GAME_ID", "LAST_GAME_DATE_EST", "LAST_GAME_HOME_TEAM_ID", "LAST_GAME_HOME_TEAM_CITY", "LAST_GAME_HOME_TEAM_NAME", "LAST_GAME_HOME_TEAM_ABBREVIATION", "LAST_GAME_HOME_TEAM_POINTS", "LAST_GAME_VISITOR_TEAM_ID", "LAST_GAME_VISITOR_TEAM_CITY", "LAST_GAME_VISITOR_TEAM_NAME", "LAST_GAME_VISITOR_TEAM_CITY1", "LAST_GAME_VISITOR_TEAM_POINTS"], "rowSet": [["0021100018", "0021001081", "2011-03-26T00:00:00", 1610612751, "New Jersey", "Nets", "NJN", 87, 1610612737, "Atlanta", "Hawks", "ATL", 98]], "name": "LastMeeting"}, {"headers": ["GAME_ID", "TEAM_ID", "TEAM_ABBREVIATION", "TEAM_CITY", "PLAYER_ID", "PLAYER_NAME", "START_POSITION", "COMMENT", "MIN", "FGM", "FGA", "FG_PCT", "FG3M", "FG3A", "FG3_PCT", "FTM", "FTA", "FT_PCT", "OREB", "DREB", "REB", "AST", "STL", "BLK", "TO", "PF", "PTS", "PLUS_MINUS"], "rowSet": [["0021100018", 1610612737, "ATL", "Atlanta", 101107, "Marvin Williams", "F", "", "21:59", 3, 9, 0.333, 2, 4, 0.5, 6, 7, 0.857, 4, 5, 9, 3, 2, 0, 1, 1, 14, 15.0], ["0021100018", 1610612737, "ATL", "Atlanta", 2746, "Josh Smith", "F", "", "16:35", 2, 7, 0.286, 0, 1, 0.0, 1, 2, 0.5, 1, 5, 6, 3, 1, 1, 1, 4, 5, 10.0], ["0021100018", 1610612737, "ATL", "Atlanta", 201143, "Al Horford", "C", "", "24:24", 4, 6, 0.667, 0, 0, 0.0, 0, 0, 0.0, 1, 3, 4, 1, 1, 1, 0, 1, 8, 19.0], ["0021100018", 1610612737, "ATL", "Atlanta", 2207, "Joe Johnson", "G", "", "26:15", 4, 11, 0.364, 1, 3, 0.333, 2, 2, 1.0, 0, 2, 2, 1, 1, 0, 0, 0, 11, 19.0], ["0021100018", 1610612737, "ATL", "Atlanta", 201952, "Jeff Teague", "G", "", "24:12", 5, 7, 0.714, 3, 4, 0.75, 0, 0, 0.0, 0, 3, 3, 3, 0, 0, 2, 1, 13, 18.0], ["0021100018", 1610612737, "ATL", "Atlanta", 1503, "Tracy McGrady", "", "", "19:34", 5, 10, 0.5, 0, 0, 0.0, 2, 2, 1.0, 0, 2, 2, 0, 1, 1, 1, 1, 12, 18.0], ["0021100018", 1610612737, "ATL", "Atlanta", 2457, "Jannero Pargo", "", "", "23:48", 2, 6, 0.333, 2, 3, 0.667, 0, 0, 0.0, 0, 3, 3, 3, 1, 0, 3, 5, 6, 18.0], ["0021100018", 1610612737, "ATL", "Atlanta", 2209, "Vladimir Radmanovic", "", "", "27:17", 5, 9, 0.556, 3, 5, 0.6, 4, 4, 1.0, 0, 3, 3, 5, 4, 0, 1, 1, 17, 24.0], ["0021100018", 1610612737, "ATL", "Atlanta", 2585, "Zaza Pachulia", "", "", "21:17", 5, 8, 0.625, 0, 0, 0.0, 3, 3, 1.0, 8, 3, 11, 1, 0, 0, 3, 4, 13, 16.0], ["0021100018", 1610612737, "ATL", "Atlanta", 2584, "Willie Green", "", "", "21:45", 2, 10, 0.2, 1, 2, 0.5, 0, 1, 0.0, 2, 1, 3, 1, 0, 1, 0, 4, 5, 17.0], ["0021100018", 1610612737, "ATL", "Atlanta", 711, "Jerry Stackhouse", "", "", "6:27", 0, 1, 0.0, 0, 1, 0.0, 0, 0, 0.0, 0, 1, 1, 1, 0, 0, 0, 0, 0, 3.0], ["0021100018", 1610612737, "ATL", "Atlanta", 201274, "Ivan Johnson", "", "", "6:27", 1, 2, 0.5, 0, 0, 0.0, 0, 0, 0.0, 1, 3, 4, 1, 0, 0, 0, 1, 2, 3.0], ["0021100018", 1610612737, "ATL", "Atlanta", 2215, "Jason Collins", "", "DNP - Coach's Decision", null, null, null, null, null, null, null, null, null, null, null, null, null, null, null, null, null, null, null, null], ["0021100018", 1610612751, "NJN", "New Jersey", 202345, "Damion James", "F", "", "23:37", 0, 4, 0.0, 0, 0, 0.0, 0, 0, 0.0, 0, 3, 3, 0, 1, 0, 4, 2, 0, -24.0], ["0021100018", 1610612751, "NJN", "New Jersey", 2743, "Kris Humphries", "F", "", "24:58", 4, 8, 0.5, 0, 0, 0.0, 3, 4, 0.75, 3, 3, 6, 0, 1, 1, 0, 2, 11, -18.0], ["0021100018", 1610612751, "NJN", "New Jersey", 101130, "Johan Petro", "C", "", "15:25", 0, 2, 0.0, 0, 0, 0.0, 0, 0, 0.0, 0, 3, 3, 0, 0, 1, 0, 2, 0, -18.0], ["0021100018", 1610612751, "NJN", "New Jersey", 201627, "Anthony Morrow", "G", "", "12:51", 1, 5, 0.2, 1, 3, 0.333, 0, 0, 0.0, 0, 1, 1, 0, 1, 0, 1, 2, 3, -13.0], ["0021100018", 1610612751, "NJN", "New Jersey", 101114, "Deron Williams", "G", "", "24:50", 3, 11, 0.273, 2, 3, 0.667, 2, 2, 1.0, 1, 2, 3, 1, 0, 0, 6, 2, 10, -22.0], ["0021100018", 1610612751, "NJN", "New Jersey", 202178, "Sundiata Gaines", "", "", "19:17", 3, 5, 0.6, 0, 1, 0.0, 2, 3, 0.667, 0, 4, 4, 4, 1, 0, 4, 2, 8, -8.0], ["0021100018", 1610612751, "NJN", "New Jersey", 2246, "Mehmet Okur", "", "", "20:15", 1, 6, 0.167, 1, 4, 0.25, 0, 1, 0.0, 0, 2, 2, 1, 0, 0, 2, 5, 3, -15.0], ["0021100018", 1610612751, "NJN", "New Jersey", 202705, "MarShon Brooks", "", "", "27:44", 5, 12, 0.417, 0, 4, 0.0, 7, 8, 0.875, 2, 1, 3, 1, 1, 1, 0, 0, 17, -15.0], ["0021100018", 1610612751, "NJN", "New Jersey", 200749, "Shelden Williams", "", "", "17:20", 2, 3, 0.667, 0, 0, 0.0, 3, 4, 0.75, 2, 2, 4, 0, 0, 1, 0, 3, 7, -19.0], ["0021100018", 1610612751, "NJN", "New Jersey", 200761, "Shawne Williams", "", "", "21:17", 1, 4, 0.25, 0, 2, 0.0, 0, 0, 0.0, 0, 3, 3, 0, 0, 0, 0, 1, 2, -13.0], ["0021100018", 1610612751, "NJN", "New Jersey", 2052, "DeShawn Stevenson", "", "", "12:25", 0, 4, 0.0, 0, 4, 0.0, 2, 2, 1.0, 0, 2, 2, 1, 0, 0, 0, 1, 2, -3.0], ["0021100018", 1610612751, "NJN", "New Jersey", 200770, "Jordan Farmar", "", "", "12:10", 1, 4, 0.25, 1, 2, 0.5, 0, 0, 0.0, 0, 0, 0, 1, 0, 1, 1, 0, 3, -10.0], ["0021100018", 1610612751, "NJN", "New Jersey", 202862, "Dennis Horner", "", "", "7:51", 1, 3, 0.333, 0, 1, 0.0, 2, 2, 1.0, 1, 1, 2, 0, 0, 0, 0, 0, 4, -2.0]], "name": "PlayerStats"}, {"headers": ["GAME_ID", "TEAM_ID", "TEAM_NAME", "TEAM_ABBREVIATION", "TEAM_CITY", "MIN", "FGM", "FGA", "FG_PCT", "FG3M", "FG3A", "FG3_PCT", "FTM", "FTA", "FT_PCT", "OREB", "DREB", "REB", "AST", "STL", "BLK", "TO", "PF", "PTS", "PLUS_MINUS"], "rowSet": [["0021100018", 1610612751, "Nets", "NJN", "New Jersey", "240:00", 22, 71, 0.31, 5, 24, 0.208, 21, 26, 0.808, 9, 27, 36, 9, 5, 5, 18, 22, 70, -36.0], ["0021100018", 1610612737, "Hawks", "ATL", "Atlanta", "240:00", 38, 86, 0.442, 12, 23, 0.522, 18, 21, 0.857, 17, 34, 51, 23, 11, 4, 12, 23, 106, 36.0]], "name": "TeamStats"}, {"headers": ["LEAGUE_ID", "SEASON_ID", "TEAM_ID", "TEAM_ABBREVIATION", "TEAM_CITY", "PTS_PAINT", "PTS_2ND_CHANCE", "PTS_FB", "LARGEST_LEAD", "LEAD_CHANGES", "TIMES_TIED"], "rowSet": [["00", "22011", 1610612751, "NJN", "New Jersey", 22, 18, 8, 39, 0, 0], ["00", "22011", 1610612737, "ATL", "Atlanta", 36, 20, 16, 39, 0, 0]], "name": "OtherStats"}, {"headers": ["OFFICIAL_ID", "FIRST_NAME", "LAST_NAME", "JERSEY_NUM"], "rowSet": [[1159, "Kevin", "Fehr", "7"], [1194, "Bill", "Spooner", "22"], [2005, "Matt", "Boland", "18"]], "name": "Officials"}, {"headers": ["GAME_DATE", "ATTENDANCE", "GAME_TIME"], "rowSet": [["TUESDAY, DECEMBER 27, 2011", 18711, "2:07"]], "name": "GameInfo"}, {"headers": ["PLAYER_ID", "FIRST_NAME", "LAST_NAME", "JERSEY_NUM", "TEAM_ID", "TEAM_CITY", "TEAM_NAME", "TEAM_ABBREVIATION"], "rowSet": [[2550, "Kirk", "Hinrich", " 6", 1610612737, "Atlanta", "Hawks", "ATL"], [202388, "Donald", "Sloan", "12", 1610612737, "Atlanta", "Hawks", "ATL"], [201572, "Brook", "Lopez", "11", 1610612751, "New Jersey", "Nets", "NJN"], [202716, "Jordan", "Williams", "20", 1610612751, "New Jersey", "Nets", "NJN"]], "name": "InactivePlayers"}, {"headers": ["VIDEO_AVAILABLE_FLAG"], "rowSet": [[0]], "name": "AvailableVideo"}], "parameters": {"GameID": "0021100018", "RangeType": 0, "StartPeriod": 0, "StartRange": 0, "EndPeriod": 0, "EndRange": 0}}