{"resource": "boxscore", "resultSets": [{"headers": ["GAME_DATE_EST", "GAME_SEQUENCE", "GAME_ID", "GAME_STATUS_ID", "GAME_STATUS_TEXT", "GAMECODE", "HOME_TEAM_ID", "VISITOR_TEAM_ID", "SEASON", "LIVE_PERIOD", "LIVE_PC_TIME", "NATL_TV_BROADCASTER_ABBREVIATION", "LIVE_PERIOD_TIME_BCAST", "WH_STATUS"], "rowSet": [["2011-12-26T00:00:00", 1, "0021100006", 3, "Final", "20111226/NJNWAS", 1610612764, 1610612751, "2011", 4, "", null, "Q4  - ", 1]], "name": "GameSummary"}, {"headers": ["GAME_DATE_EST", "GAME_SEQUENCE", "GAME_ID", "TEAM_ID", "TEAM_ABBREVIATION", "TEAM_CITY_NAME", "TEAM_WINS_LOSSES", "PTS_QTR1", "PTS_QTR2", "PTS_QTR3", "PTS_QTR4", "PTS_OT1", "PTS_OT2", "PTS_OT3", "PTS_OT4", "PTS_OT5", "PTS_OT6", "PTS_OT7", "PTS_OT8", "PTS_OT9", "PTS_OT10", "PTS"], "rowSet": [["2011-12-26T00:00:00", 1, "0021100006", 1610612764, "WAS", "Washington", "0-1", 26, 19, 22, 17, 0, 0, 0, 0, 0, 0, 0, 0, 0, 0, 84], ["2011-12-26T00:00:00", 1, "0021100006", 1610612751, "NJN", "New Jersey", "1-0", 13, 24, 29, 24, 0, 0, 0, 0, 0, 0, 0, 0, 0, 0, 90]], "name": "LineScore"}, {"headers": ["GAME_ID", "HOME_TEAM_ID", "VISITOR_TEAM_ID", "GAME_DATE_EST", "HOME_TEAM_WINS", "HOME_TEAM_LOSSES", "SERIES_LEADER"], "rowSet": [["0021100006", 1610612764, 1610612751, "2011-12-26T00:00:00", 1, 2, "New Jersey"]], "name": "SeasonSeries"}, {"headers": ["GAME_ID", "LAST_GAME_ID", "LAST_GAME_DATE_EST", "LAST_GAME_HOME_TEAM_ID", "LAST_GAME_HOME_TEAM_CITY", "LAST_GAME_HOME_TEAM_NAME", "LAST_GAME_HOME_TEAM_ABBREVIATION", "LAST_GAME_HOME_TEAM_POINTS", "LAST_GAME_VISITOR_TEAM_ID", "LAST_GAME_VISITOR_TEAM_CITY", "LAST_GAME_VISITOR_TEAM_NAME", "LAST_GAME_VISITOR_TEAM_CITY1", "LAST_GAME_VISITOR_TEAM_POINTS"], "rowSet": [["0021100006", "0021001035", "2011-03-20T00:00:00", 1610612764, "Washington", "Wizards", "WAS", 98, 1610612751, "New Jersey", "Nets", "NJN", 92]], "name": "LastMeeting"}, {"headers": ["GAME_ID", "TEAM_ID", "TEAM_ABBREVIATION", "TEAM_CITY", "PLAYER_ID", "PLAYER_NAME", "START_POSITION", "COMMENT", "MIN", "FGM", "FGA", "FG_PCT", "FG3M", "FG3A", "FG3_PCT", "FTM", "FTA", "FT_PCT", "OREB", "DREB", "REB", "AST", "STL", "BLK", "TO", "PF", "PTS", "PLUS_MINUS"], "rowSet": [["0021100006", 1610612751, "NJN", "New Jersey", 202345, "Damion James", "F", "", "38:15", 2, 7, 0.286, 0, 0, 0.0, 2, 2, 1.0, 3, 11, 14, 0, 0, 1, 1, 4, 6, 14.0], ["0021100006", 1610612751, "NJN", "New Jersey", 2743, "Kris Humphries", "F", "", "38:50", 9, 14, 0.643, 0, 0, 0.0, 3, 4, 0.75, 7, 9, 16, 2, 1, 0, 1, 3, 21, 25.0], ["0021100006", 1610612751, "NJN", "New Jersey", 101130, "Johan Petro", "C", "", "25:22", 5, 8, 0.625, 0, 0, 0.0, 1, 2, 0.5, 0, 5, 5, 0, 0, 1, 2, 5, 11, 24.0], ["0021100006", 1610612751, "NJN", "New Jersey", 201627, "Anthony Morrow", "G", "", "25:06", 4, 12, 0.333, 2, 7, 0.286, 6, 6, 1.0, 0, 1, 1, 0, 0, 0, 1, 1, 16, 13.0], ["0021100006", 1610612751, "NJN", "New Jersey", 101114, "Deron Williams", "G", "", "39:54", 8, 22, 0.364, 4, 12, 0.333, 3, 3, 1.0, 3, 5, 8, 9, 1, 1, 4, 3, 23, 23.0], ["0021100006", 1610612751, "NJN", "New Jersey", 2246, "Mehmet Okur", "", "", "20:24", 0, 3, 0.0, 0, 1, 0.0, 0, 0, 0.0, 1, 4, 5, 2, 1, 0, 1, 2, 0, -10.0], ["0021100006", 1610612751, "NJN", "New Jersey", 200761, "Shawne Williams", "", "", "10:48", 0, 3, 0.0, 0, 3, 0.0, 0, 0, 0.0, 2, 0, 2, 0, 0, 0, 2, 1, 0, -17.0], ["0021100006", 1610612751, "NJN", "New Jersey", 200770, "Jordan Farmar", "", "", "5:59", 0, 1, 0.0, 0, 0, 0.0, 0, 0, 0.0, 0, 0, 0, 0, 1, 0, 2, 1, 0, -10.0], ["0021100006", 1610612751, "NJN", "New Jersey", 200749, "Shelden Williams", "", "", "8:37", 0, 1, 0.0, 0, 0, 0.0, 0, 0, 0.0, 0, 1, 1, 0, 1, 0, 0, 2, 0, -19.0], ["0021100006", 1610612751, "NJN", "New Jersey", 202705, "MarShon Brooks", "", "", "8:08", 3, 7, 0.429, 0, 1, 0.0, 0, 0, 0.0, 2, 0, 2, 0, 0, 0, 0, 3, 6, -17.0], ["0021100006", 1610612751, "NJN", "New Jersey", 202178, "Sundiata Gaines", "", "", "18:24", 3, 8, 0.375, 0, 2, 0.0, 1, 3, 0.333, 0, 4, 4, 4, 2, 0, 1, 1, 7, 3.0], ["0021100006", 1610612751, "NJN", "New Jersey", 2052, "DeShawn Stevenson", "", "", "0:12", 0, 0, 0.0, 0, 0, 0.0, 0, 0, 0.0, 0, 0, 0, 0, 0, 0, 0, 0, 0, 1.0], ["0021100006", 1610612751, "NJN", "New Jersey", 202862, "Dennis Horner", "", "DNP - Coach's Decision", null, null, null, null, null, null, null, null, null, null, null, null, null, null, null, null, null, null, null, null], ["0021100006", 1610612764, "WAS", "Washington", 1740, "Rashard Lewis", "F", "", "24:52", 2, 8, 0.25, 0, 2, 0.0, 5, 6, 0.833, 1, 1, 2, 0, 0, 0, 0, 0, 9, 2.0], ["0021100006", 1610612764, "WAS", "Washington", 101154, "Andray Blatche", "F", "", "38:44", 5, 13, 0.385, 0, 0, 0.0, 1, 2, 0.5, 0, 10, 10, 3, 0, 1, 2, 2, 11, -10.0], ["0021100006", 1610612764, "WAS", "Washington", 201580, "JaVale McGee", "C", "", "25:32", 5, 11, 0.455, 0, 0, 0.0, 1, 6, 0.167, 3, 3, 6, 0, 1, 3, 1, 3, 11, -20.0], ["0021100006", 1610612764, "WAS", "Washington", 202348, "Jordan Crawford", "G", "", "27:53", 7, 12, 0.583, 0, 2, 0.0, 1, 1, 1.0, 1, 2, 3, 1, 1, 0, 1, 2, 15, -5.0], ["0021100006", 1610612764, "WAS", "Washington", 202322, "John Wall", "G", "", "39:13", 3, 13, 0.231, 0, 0, 0.0, 7, 13, 0.538, 3, 5, 8, 5, 3, 1, 4, 2, 13, -6.0], ["0021100006", 1610612764, "WAS", "Washington", 101142, "Ronny Turiaf", "", "", "22:16", 1, 1, 1.0, 0, 0, 0.0, 0, 0, 0.0, 0, 5, 5, 2, 1, 1, 3, 4, 2, 15.0], ["0021100006", 1610612764, "WAS", "Washington", 201156, "Nick Young", "", "", "17:37", 6, 9, 0.667, 0, 0, 0.0, 4, 4, 1.0, 0, 2, 2, 0, 0, 0, 0, 2, 16, 1.0], ["0021100006", 1610612764, "WAS", "Washington", 202698, "Chris Singleton", "", "", "21:44", 1, 3, 0.333, 1, 2, 0.5, 0, 0, 0.0, 0, 2, 2, 0, 2, 1, 0, 1, 3, -11.0], ["0021100006", 1610612764, "WAS", "Washington", 202714, "Shelvin Mack", "", "", "8:15", 0, 2, 0.0, 0, 1, 0.0, 0, 0, 0.0, 0, 0, 0, 1, 0, 0, 0, 0, 0, 0.0], ["0021100006", 1610612764, "WAS", "Washington", 202344, "Trevor Booker", "", "", "8:58", 0, 1, 0.0, 0, 0, 0.0, 2, 2, 1.0, 0, 1, 1, 0, 0, 0, 0, 1, 2, 4.0], ["0021100006", 1610612764, "WAS", "Washington", 2427, "Roger Mason Jr.", "", "", "4:57", 1, 1, 1.0, 0, 0, 0.0, 0, 0, 0.0, 0, 0, 0, 1, 0, 0, 0, 0, 2, 0.0], ["0021100006", 1610612764, "WAS", "Washington", 2230, "Maurice Evans", "", "DNP - Coach's Decision", null, null, null, null, null, null, null, null, null, null, null, null, null, null, null, null, null, null, null, null], ["0021100006", 1610612764, "WAS", "Washington", 202338, "Kevin Seraphin", "", "DNP - Coach's Decision", null, null, null, null, null, null, null, null, null, null, null, null, null, null, null, null, null, null, null, null]], "name": "PlayerStats"}, {"headers": ["GAME_ID", "TEAM_ID", "TEAM_NAME", "TEAM_ABBREVIATION", "TEAM_CITY", "MIN", "FGM", "FGA", "FG_PCT", "FG3M", "FG3A", "FG3_PCT", "FTM", "FTA", "FT_PCT", "OREB", "DREB", "REB", "AST", "STL", "BLK", "TO", "PF", "PTS", "PLUS_MINUS"], "rowSet": [["0021100006", 1610612764, "Wizards", "WAS", "Washington", "240:00", 31, 74, 0.419, 1, 7, 0.143, 21, 34, 0.618, 8, 31, 39, 13, 8, 7, 11, 17, 84, -6.0], ["0021100006", 1610612751, "Nets", "NJN", "New Jersey", "240:00", 34, 86, 0.395, 6, 26, 0.231, 16, 20, 0.8, 18, 40, 58, 17, 7, 3, 15, 26, 90, 6.0]], "name": "TeamStats"}, {"headers": ["LEAGUE_ID", "SEASON_ID", "TEAM_ID", "TEAM_ABBREVIATION", "TEAM_CITY", "PTS_PAINT", "PTS_2ND_CHANCE", "PTS_FB", "LARGEST_LEAD", "LEAD_CHANGES", "TIMES_TIED"], "rowSet": [["00", "22011", 1610612751, "NJN", "New Jersey", 28, 16, 2, 21, 9, 5], ["00", "22011", 1610612764, "WAS", "Washington", 38, 6, 12, 20, 9, 5]], "name": "OtherStats"}, {"headers": ["OFFICIAL_ID", "FIRST_NAME", "LAST_NAME", "JERSEY_NUM"], "rowSet": [[1148, "James", "Capers", "19"], [1168, "David", "Jones", "36"], [202026, "Karl", "Lane", "77"]], "name": "Officials"}, {"headers": ["GAME_DATE", "ATTENDANCE", "GAME_TIME"], "rowSet": [["MONDAY, DECEMBER 26, 2011", 17102, "2:20"]], "name": "GameInfo"}, {"headers": ["PLAYER_ID", "FIRST_NAME", "LAST_NAME", "JERSEY_NUM", "TEAM_ID", "TEAM_CITY", "TEAM_NAME", "TEAM_ABBREVIATION"], "rowSet": [[201572, "Brook", "Lopez", "11", 1610612751, "New Jersey", "Nets", "NJN"], [202716, "Jordan", "Williams", "20", 1610612751, "New Jersey", "Nets", "NJN"], [202380, "Hamady", "Ndiaye", "55", 1610612764, "Washington", "Wizards", "WAS"], [202686, "Jan", "Vesely", "24", 1610612764, "Washington", "Wizards", "WAS"]], "name": "InactivePlayers"}, {"headers": ["VIDEO_AVAILABLE_FLAG"], "rowSet": [[0]], "name": "AvailableVideo"}], "parameters": {"GameID": "0021100006", "RangeType": 0, "StartPeriod": 0, "StartRange": 0, "EndPeriod": 0, "EndRange": 0}}