{"resource": "boxscore", "resultSets": [{"headers": ["GAME_DATE_EST", "GAME_SEQUENCE", "GAME_ID", "GAME_STATUS_ID", "GAME_STATUS_TEXT", "GAMECODE", "HOME_TEAM_ID", "VISITOR_TEAM_ID", "SEASON", "LIVE_PERIOD", "LIVE_PC_TIME", "NATL_TV_BROADCASTER_ABBREVIATION", "LIVE_PERIOD_TIME_BCAST", "WH_STATUS"], "rowSet": [["2011-12-28T00:00:00", 10, "0021100032", 3, "Final", "20111228/NYKGSW", 1610612744, 1610612752, "2011", 4, "", "NBA TV", "Q4  - NBA TV", 1]], "name": "GameSummary"}, {"headers": ["GAME_DATE_EST", "GAME_SEQUENCE", "GAME_ID", "TEAM_ID", "TEAM_ABBREVIATION", "TEAM_CITY_NAME", "TEAM_WINS_LOSSES", "PTS_QTR1", "PTS_QTR2", "PTS_QTR3", "PTS_QTR4", "PTS_OT1", "PTS_OT2", "PTS_OT3", "PTS_OT4", "PTS_OT5", "PTS_OT6", "PTS_OT7", "PTS_OT8", "PTS_OT9", "PTS_OT10", "PTS"], "rowSet": [["2011-12-28T00:00:00", 10, "0021100032", 1610612752, "NYK", "New York", "1-1", 23, 20, 21, 14, 0, 0, 0, 0, 0, 0, 0, 0, 0, 0, 78], ["2011-12-28T00:00:00", 10, "0021100032", 1610612744, "GSW", "Golden State", "2-1", 21, 16, 27, 28, 0, 0, 0, 0, 0, 0, 0, 0, 0, 0, 92]], "name": "LineScore"}, {"headers": ["GAME_ID", "HOME_TEAM_ID", "VISITOR_TEAM_ID", "GAME_DATE_EST", "HOME_TEAM_WINS", "HOME_TEAM_LOSSES", "SERIES_LEADER"], "rowSet": [["0021100032", 1610612744, 1610612752, "2011-12-28T00:00:00", 1, 0, "Golden State"]], "name": "SeasonSeries"}, {"headers": ["GAME_ID", "LAST_GAME_ID", "LAST_GAME_DATE_EST", "LAST_GAME_HOME_TEAM_ID", "LAST_GAME_HOME_TEAM_CITY", "LAST_GAME_HOME_TEAM_NAME", "LAST_GAME_HOME_TEAM_ABBREVIATION", "LAST_GAME_HOME_TEAM_POINTS", "LAST_GAME_VISITOR_TEAM_ID", "LAST_GAME_VISITOR_TEAM_CITY", "LAST_GAME_VISITOR_TEAM_NAME", "LAST_GAME_VISITOR_TEAM_CITY1", "LAST_GAME_VISITOR_TEAM_POINTS"], "rowSet": [["0021100032", "0021000181", "2010-11-19T00:00:00", 1610612744, "Golden State", "Warriors", "GSW", 119, 1610612752, "New York", "Knicks", "NYK", 125]], "name": "LastMeeting"}, {"headers": ["GAME_ID", "TEAM_ID", "TEAM_ABBREVIATION", "TEAM_CITY", "PLAYER_ID", "PLAYER_NAME", "START_POSITION", "COMMENT", "MIN", "FGM", "FGA", "FG_PCT", "FG3M", "FG3A", "FG3_PCT", "FTM", "FTA", "FT_PCT", "OREB", "DREB", "REB", "AST", "STL", "BLK", "TO", "PF", "PTS", "PLUS_MINUS"], "rowSet": [["0021100032", 1610612752, "NYK", "New York", 2546, "Carmelo Anthony", "F", "", "34:38", 3, 13, 0.231, 0, 4, 0.0, 7, 9, 0.778, 0, 2, 2, 1, 0, 0, 1, 4, 13, -16.0], ["0021100032", 1610612752, "NYK", "New York", 2405, "Amar'e Stoudemire", "F", "", "37:50", 5, 14, 0.357, 0, 0, 0.0, 6, 10, 0.6, 2, 8, 10, 0, 1, 0, 4, 3, 16, -16.0], ["0021100032", 1610612752, "NYK", "New York", 2199, "Tyson Chandler", "C", "", "21:34", 1, 1, 1.0, 0, 0, 0.0, 0, 0, 0.0, 0, 3, 3, 2, 0, 0, 1, 5, 2, -9.0], ["0021100032", 1610612752, "NYK", "New York", 201962, "Toney Douglas", "G", "", "28:15", 3, 11, 0.273, 0, 5, 0.0, 0, 0, 0.0, 0, 6, 6, 2, 1, 0, 2, 2, 6, -10.0], ["0021100032", 1610612752, "NYK", "New York", 202361, "Landry Fields", "G", "", "28:31", 5, 10, 0.5, 1, 4, 0.25, 3, 4, 0.75, 0, 2, 2, 3, 3, 0, 4, 0, 14, -5.0], ["0021100032", 1610612752, "NYK", "New York", 1710, "Mike Bibby", "", "", "22:02", 1, 5, 0.2, 0, 2, 0.0, 0, 0, 0.0, 0, 2, 2, 4, 1, 0, 1, 1, 2, -13.0], ["0021100032", 1610612752, "NYK", "New York", 202725, "Josh Harrellson", "", "", "4:19", 0, 1, 0.0, 0, 1, 0.0, 0, 0, 0.0, 0, 0, 0, 0, 0, 0, 1, 2, 0, 0.0], ["0021100032", 1610612752, "NYK", "New York", 201611, "Henry Walker", "", "", "27:18", 6, 8, 0.75, 2, 3, 0.667, 0, 0, 0.0, 1, 1, 2, 0, 1, 0, 1, 2, 14, -11.0], ["0021100032", 1610612752, "NYK", "New York", 200779, "Steve Novak", "", "", "13:31", 1, 1, 1.0, 1, 1, 1.0, 0, 0, 0.0, 0, 0, 0, 1, 0, 0, 0, 1, 3, 4.0], ["0021100032", 1610612752, "NYK", "New York", 200764, "Renaldo Balkman", "", "", "14:58", 2, 4, 0.5, 0, 1, 0.0, 0, 0, 0.0, 0, 2, 2, 2, 0, 0, 0, 1, 4, 2.0], ["0021100032", 1610612752, "NYK", "New York", 202366, "Jerome Jordan", "", "", "5:37", 1, 1, 1.0, 0, 0, 0.0, 2, 2, 1.0, 1, 1, 2, 0, 0, 0, 0, 0, 4, 4.0], ["0021100032", 1610612752, "NYK", "New York", 202391, "Jeremy Lin", "", "", "1:27", 0, 1, 0.0, 0, 0, 0.0, 0, 0, 0.0, 0, 0, 0, 0, 0, 0, 0, 0, 0, 0.0], ["0021100032", 1610612744, "GSW", "Golden State", 2748, "Dorell Wright", "F", "", "41:56", 3, 9, 0.333, 1, 4, 0.25, 1, 2, 0.5, 1, 7, 8, 2, 1, 1, 0, 2, 8, 15.0], ["0021100032", 1610612744, "GSW", "Golden State", 101135, "David Lee", "F", "", "38:44", 4, 8, 0.5, 0, 0, 0.0, 5, 9, 0.556, 1, 4, 5, 1, 1, 0, 4, 1, 13, 12.0], ["0021100032", 1610612744, "GSW", "Golden State", 2740, "Andris Biedrins", "C", "", "13:52", 1, 1, 1.0, 0, 0, 0.0, 0, 0, 0.0, 1, 6, 7, 0, 0, 1, 0, 2, 2, -6.0], ["0021100032", 1610612744, "GSW", "Golden State", 101145, "Monta Ellis", "G", "", "34:25", 8, 22, 0.364, 2, 6, 0.333, 4, 5, 0.8, 0, 1, 1, 8, 1, 0, 3, 1, 22, 4.0], ["0021100032", 1610612744, "GSW", "Golden State", 202397, "Ish Smith", "G", "", "29:09", 5, 13, 0.385, 1, 2, 0.5, 0, 0, 0.0, 1, 5, 6, 4, 2, 0, 1, 0, 11, 2.0], ["0021100032", 1610612744, "GSW", "Golden State", 2198, "Kwame Brown", "", "", "11:40", 1, 3, 0.333, 0, 0, 0.0, 1, 2, 0.5, 5, 5, 10, 1, 0, 0, 3, 3, 3, 9.0], ["0021100032", 1610612744, "GSW", "Golden State", 201575, "Brandon Rush", "", "", "26:17", 7, 13, 0.538, 2, 3, 0.667, 3, 4, 0.75, 1, 5, 6, 2, 2, 2, 1, 4, 19, 21.0], ["0021100032", 1610612744, "GSW", "Golden State", 202691, "Klay Thompson", "", "", "7:30", 1, 2, 0.5, 0, 1, 0.0, 0, 0, 0.0, 0, 0, 0, 0, 0, 0, 1, 1, 2, 1.0], ["0021100032", 1610612744, "GSW", "Golden State", 202327, "Ekpe Udoh", "", "", "12:34", 2, 2, 1.0, 0, 0, 0.0, 0, 0, 0.0, 0, 2, 2, 1, 3, 0, 0, 2, 4, -2.0], ["0021100032", 1610612744, "GSW", "Golden State", 201187, "Dominic McGuire", "", "", "18:11", 3, 3, 1.0, 0, 0, 0.0, 2, 2, 1.0, 1, 1, 2, 0, 1, 0, 1, 1, 8, 18.0], ["0021100032", 1610612744, "GSW", "Golden State", 202724, "Charles Jenkins", "", "", "4:41", 0, 0, 0.0, 0, 0, 0.0, 0, 0, 0.0, 0, 0, 0, 1, 1, 0, 0, 0, 0, -2.0], ["0021100032", 1610612744, "GSW", "Golden State", 202719, "Jeremy Tyler", "", "", "1:01", 0, 1, 0.0, 0, 0, 0.0, 0, 0, 0.0, 0, 0, 0, 0, 0, 0, 0, 0, 0, -2.0], ["0021100032", 1610612744, "GSW", "Golden State", 202874, "Chris Wright", "", "DNP - Coach's Decision", null, null, null, null, null, null, null, null, null, null, null, null, null, null, null, null, null, null, null, null]], "name": "PlayerStats"}, {"headers": ["GAME_ID", "TEAM_ID", "TEAM_NAME", "TEAM_ABBREVIATION", "TEAM_CITY", "MIN", "FGM", "FGA", "FG_PCT", "FG3M", "FG3A", "FG3_PCT", "FTM", "FTA", "FT_PCT", "OREB", "DREB", "REB", "AST", "STL", "BLK", "TO", "PF", "PTS", "PLUS_MINUS"], "rowSet": [["0021100032", 1610612752, "Knicks", "NYK", "New York", "240:00", 28, 70, 0.4, 4, 21, 0.19, 18, 25, 0.72, 4, 27, 31, 15, 7, 0, 15, 21, 78, -14.0], ["0021100032", 1610612744, "Warriors", "GSW", "Golden State", "240:00", 35, 77, 0.455, 6, 16, 0.375, 16, 24, 0.667, 11, 36, 47, 20, 12, 4, 14, 17, 92, 14.0]], "name": "TeamStats"}, {"headers": ["LEAGUE_ID", "SEASON_ID", "TEAM_ID", "TEAM_ABBREVIATION", "TEAM_CITY", "PTS_PAINT", "PTS_2ND_CHANCE", "PTS_FB", "LARGEST_LEAD", "LEAD_CHANGES", "TIMES_TIED"], "rowSet": [["00", "22011", 1610612752, "NYK", "New York", 32, 7, 24, 19, 8, 8], ["00", "22011", 1610612744, "GSW", "Golden State", 44, 13, 8, 17, 8, 8]], "name": "OtherStats"}, {"headers": ["OFFICIAL_ID", "FIRST_NAME", "LAST_NAME", "JERSEY_NUM"], "rowSet": [[1146, "Tony", "Brothers", "25"], [1200, "Greg", "Willard", "57"], [2878, "Tommy", "Nunez Jr.", "28"]], "name": "Officials"}, {"headers": ["GAME_DATE", "ATTENDANCE", "GAME_TIME"], "rowSet": [["WEDNESDAY, DECEMBER 28, 2011", 19596, "2:16"]], "name": "GameInfo"}, {"headers": ["PLAYER_ID", "FIRST_NAME", "LAST_NAME", "JERSEY_NUM", "TEAM_ID", "TEAM_CITY", "TEAM_NAME", "TEAM_ABBREVIATION"], "rowSet": [[1884, "Baron", "Davis", "85", 1610612752, "New York", "Knicks", "NYK"], [2407, "Jared", "Jeffries", " 9", 1610612752, "New York", "Knicks", "NYK"], [202697, "Iman", "Shumpert", "21", 1610612752, "New York", "Knicks", "NYK"], [201939, "Stephen", "Curry", "30", 1610612744, "Golden State", "Warriors", "GSW"]], "name": "InactivePlayers"}, {"headers": ["VIDEO_AVAILABLE_FLAG"], "rowSet": [[0]], "name": "AvailableVideo"}], "parameters": {"GameID": "0021100032", "RangeType": 0, "StartPeriod": 0, "StartRange": 0, "EndPeriod": 0, "EndRange": 0}}