{"resource": "boxscore", "resultSets": [{"headers": ["GAME_DATE_EST", "GAME_SEQUENCE", "GAME_ID", "GAME_STATUS_ID", "GAME_STATUS_TEXT", "GAMECODE", "HOME_TEAM_ID", "VISITOR_TEAM_ID", "SEASON", "LIVE_PERIOD", "LIVE_PC_TIME", "NATL_TV_BROADCASTER_ABBREVIATION", "LIVE_PERIOD_TIME_BCAST", "WH_STATUS"], "rowSet": [["2011-12-27T00:00:00", 5, "0021100022", 3, "Final", "20111227/UTALAL", 1610612747, 1610612762, "2011", 4, "", "TNT", "Q4  - TNT", 1]], "name": "GameSummary"}, {"headers": ["GAME_DATE_EST", "GAME_SEQUENCE", "GAME_ID", "TEAM_ID", "TEAM_ABBREVIATION", "TEAM_CITY_NAME", "TEAM_WINS_LOSSES", "PTS_QTR1", "PTS_QTR2", "PTS_QTR3", "PTS_QTR4", "PTS_OT1", "PTS_OT2", "PTS_OT3", "PTS_OT4", "PTS_OT5", "PTS_OT6", "PTS_OT7", "PTS_OT8", "PTS_OT9", "PTS_OT10", "PTS"], "rowSet": [["2011-12-27T00:00:00", 5, "0021100022", 1610612762, "UTA", "Utah", "0-1", 17, 14, 15, 25, 0, 0, 0, 0, 0, 0, 0, 0, 0, 0, 71], ["2011-12-27T00:00:00", 5, "0021100022", 1610612747, "LAL", "Los Angeles", "1-2", 18, 23, 30, 25, 0, 0, 0, 0, 0, 0, 0, 0, 0, 0, 96]], "name": "LineScore"}, {"headers": ["GAME_ID", "HOME_TEAM_ID", "VISITOR_TEAM_ID", "GAME_DATE_EST", "HOME_TEAM_WINS", "HOME_TEAM_LOSSES", "SERIES_LEADER"], "rowSet": [["0021100022", 1610612747, 1610612762, "2011-12-27T00:00:00", 2, 2, "Tied"]], "name": "SeasonSeries"}, {"headers": ["GAME_ID", "LAST_GAME_ID", "LAST_GAME_DATE_EST", "LAST_GAME_HOME_TEAM_ID", "LAST_GAME_HOME_TEAM_CITY", "LAST_GAME_HOME_TEAM_NAME", "LAST_GAME_HOME_TEAM_ABBREVIATION", "LAST_GAME_HOME_TEAM_POINTS", "LAST_GAME_VISITOR_TEAM_ID", "LAST_GAME_VISITOR_TEAM_CITY", "LAST_GAME_VISITOR_TEAM_NAME", "LAST_GAME_VISITOR_TEAM_CITY1", "LAST_GAME_VISITOR_TEAM_POINTS"], "rowSet": [["0021100022", "0021001161", "2011-04-05T00:00:00", 1610612747, "Los Angeles", "Lakers", "LAL", 85, 1610612762, "Utah", "Jazz", "UTA", 86]], "name": "LastMeeting"}, {"headers": ["GAME_ID", "TEAM_ID", "TEAM_ABBREVIATION", "TEAM_CITY", "PLAYER_ID", "PLAYER_NAME", "START_POSITION", "COMMENT", "MIN", "FGM", "FGA", "FG_PCT", "FG3M", "FG3A", "FG3_PCT", "FTM", "FTA", "FT_PCT", "OREB", "DREB", "REB", "AST", "STL", "BLK", "TO", "PF", "PTS", "PLUS_MINUS"], "rowSet": [["0021100022", 1610612762, "UTA", "Utah", 202330, "Gordon Hayward", "F", "", "23:57", 3, 8, 0.375, 0, 2, 0.0, 1, 1, 1.0, 1, 2, 3, 2, 0, 1, 1, 2, 7, -18.0], ["0021100022", 1610612762, "UTA", "Utah", 202324, "Derrick Favors", "F", "", "18:34", 4, 7, 0.571, 0, 0, 0.0, 0, 0, 0.0, 2, 4, 6, 0, 0, 0, 1, 4, 8, -26.0], ["0021100022", 1610612762, "UTA", "Utah", 2744, "Al Jefferson", "C", "", "24:48", 2, 16, 0.125, 0, 0, 0.0, 0, 0, 0.0, 4, 6, 10, 2, 0, 2, 0, 3, 4, -22.0], ["0021100022", 1610612762, "UTA", "Utah", 1952, "Raja Bell", "G", "", "25:13", 3, 7, 0.429, 0, 2, 0.0, 0, 0, 0.0, 0, 2, 2, 1, 2, 0, 1, 3, 6, -20.0], ["0021100022", 1610612762, "UTA", "Utah", 2734, "Devin Harris", "G", "", "25:26", 2, 6, 0.333, 1, 2, 0.5, 0, 0, 0.0, 0, 0, 0, 6, 1, 0, 1, 2, 5, -23.0], ["0021100022", 1610612762, "UTA", "Utah", 200794, "Paul Millsap", "", "", "27:08", 7, 15, 0.467, 0, 1, 0.0, 4, 6, 0.667, 6, 2, 8, 0, 0, 1, 1, 3, 18, 3.0], ["0021100022", 1610612762, "UTA", "Utah", 101139, "CJ Miles", "", "", "17:32", 1, 8, 0.125, 0, 3, 0.0, 2, 4, 0.5, 0, 1, 1, 0, 2, 0, 0, 4, 4, -5.0], ["0021100022", 1610612762, "UTA", "Utah", 2572, "Josh Howard", "", "", "23:43", 4, 9, 0.444, 0, 2, 0.0, 2, 2, 1.0, 0, 2, 2, 3, 1, 0, 2, 3, 10, -8.0], ["0021100022", 1610612762, "UTA", "Utah", 2248, "Earl Watson", "", "", "20:43", 0, 3, 0.0, 0, 1, 0.0, 0, 0, 0.0, 1, 1, 2, 3, 0, 1, 3, 1, 0, -3.0], ["0021100022", 1610612762, "UTA", "Utah", 202683, "Enes Kanter", "", "", "20:30", 1, 7, 0.143, 0, 0, 0.0, 3, 4, 0.75, 3, 8, 11, 0, 0, 1, 0, 2, 5, -3.0], ["0021100022", 1610612762, "UTA", "Utah", 202692, "Alec Burks", "", "", "5:35", 0, 2, 0.0, 0, 0, 0.0, 0, 0, 0.0, 1, 0, 1, 2, 0, 0, 0, 0, 0, 1.0], ["0021100022", 1610612762, "UTA", "Utah", 202379, "Jeremy Evans", "", "", "5:00", 2, 2, 1.0, 0, 0, 0.0, 0, 0, 0.0, 0, 0, 0, 1, 0, 0, 0, 1, 4, -2.0], ["0021100022", 1610612762, "UTA", "Utah", 2224, "Jamaal Tinsley", "", "", "1:51", 0, 0, 0.0, 0, 0, 0.0, 0, 0, 0.0, 0, 0, 0, 0, 0, 0, 0, 0, 0, 1.0], ["0021100022", 1610612747, "LAL", "Los Angeles", 202365, "Devin Ebanks", "F", "", "26:00", 0, 4, 0.0, 0, 1, 0.0, 6, 6, 1.0, 2, 1, 3, 0, 2, 0, 1, 4, 6, 14.0], ["0021100022", 1610612747, "LAL", "Los Angeles", 201177, "Josh McRoberts", "F", "", "20:10", 3, 7, 0.429, 0, 0, 0.0, 0, 3, 0.0, 2, 4, 6, 0, 0, 2, 0, 3, 6, 16.0], ["0021100022", 1610612747, "LAL", "Los Angeles", 2200, "Pau Gasol", "C", "", "37:07", 6, 11, 0.545, 0, 0, 0.0, 10, 12, 0.833, 2, 7, 9, 0, 2, 5, 3, 2, 22, 24.0], ["0021100022", 1610612747, "LAL", "Los Angeles", 977, "Kobe Bryant", "G", "", "30:51", 8, 17, 0.471, 3, 5, 0.6, 7, 8, 0.875, 0, 8, 8, 5, 1, 1, 3, 1, 26, 33.0], ["0021100022", 1610612747, "LAL", "Los Angeles", 965, "Derek Fisher", "G", "", "26:25", 3, 4, 0.75, 0, 0, 0.0, 3, 3, 1.0, 0, 2, 2, 4, 1, 0, 2, 1, 9, 18.0], ["0021100022", 1610612747, "LAL", "Los Angeles", 2211, "Troy Murphy", "", "", "31:29", 0, 3, 0.0, 0, 0, 0.0, 0, 0, 0.0, 4, 7, 11, 4, 0, 0, 0, 6, 0, 11.0], ["0021100022", 1610612747, "LAL", "Los Angeles", 1897, "Metta World Peace", "", "", "27:23", 5, 9, 0.556, 0, 2, 0.0, 4, 5, 0.8, 0, 5, 5, 1, 1, 1, 0, 2, 14, 11.0], ["0021100022", 1610612747, "LAL", "Los Angeles", 2581, "Steve Blake", "", "", "19:44", 3, 9, 0.333, 2, 5, 0.4, 0, 0, 0.0, 0, 1, 1, 2, 1, 0, 0, 0, 8, 8.0], ["0021100022", 1610612747, "LAL", "Los Angeles", 2574, "Jason Kapono", "", "", "17:09", 2, 6, 0.333, 1, 3, 0.333, 0, 0, 0.0, 1, 0, 1, 1, 0, 0, 0, 2, 5, -8.0], ["0021100022", 1610612747, "LAL", "Los Angeles", 2575, "Luke Walton", "", "", "1:51", 0, 0, 0.0, 0, 0, 0.0, 0, 0, 0.0, 0, 0, 0, 0, 0, 0, 0, 0, 0, -1.0], ["0021100022", 1610612747, "LAL", "Los Angeles", 202726, "Andrew Goudelock", "", "", "1:51", 0, 1, 0.0, 0, 0, 0.0, 0, 0, 0.0, 0, 0, 0, 0, 0, 0, 0, 0, 0, -1.0], ["0021100022", 1610612747, "LAL", "Los Angeles", 2440, "Matt Barnes", "", "DNP - Coach's Decision", null, null, null, null, null, null, null, null, null, null, null, null, null, null, null, null, null, null, null, null]], "name": "PlayerStats"}, {"headers": ["GAME_ID", "TEAM_ID", "TEAM_NAME", "TEAM_ABBREVIATION", "TEAM_CITY", "MIN", "FGM", "FGA", "FG_PCT", "FG3M", "FG3A", "FG3_PCT", "FTM", "FTA", "FT_PCT", "OREB", "DREB", "REB", "AST", "STL", "BLK", "TO", "PF", "PTS", "PLUS_MINUS"], "rowSet": [["0021100022", 1610612762, "Jazz", "UTA", "Utah", "240:00", 29, 90, 0.322, 1, 13, 0.077, 12, 17, 0.706, 18, 28, 46, 20, 6, 6, 10, 28, 71, -25.0], ["0021100022", 1610612747, "Lakers", "LAL", "Los Angeles", "240:00", 30, 71, 0.423, 6, 16, 0.375, 30, 37, 0.811, 11, 35, 46, 17, 8, 9, 9, 21, 96, 25.0]], "name": "TeamStats"}, {"headers": ["LEAGUE_ID", "SEASON_ID", "TEAM_ID", "TEAM_ABBREVIATION", "TEAM_CITY", "PTS_PAINT", "PTS_2ND_CHANCE", "PTS_FB", "LARGEST_LEAD", "LEAD_CHANGES", "TIMES_TIED"], "rowSet": [["00", "22011", 1610612747, "LAL", "Los Angeles", 32, 7, 16, 29, 3, 5], ["00", "22011", 1610612762, "UTA", "Utah", 36, 14, 16, 29, 3, 5]], "name": "OtherStats"}, {"headers": ["OFFICIAL_ID", "FIRST_NAME", "LAST_NAME", "JERSEY_NUM"], "rowSet": [[1199, "Tom", "Washington", "49"], [101284, "John", "Goble", "30"], [101283, "Brian", "Forte", "45"]], "name": "Officials"}, {"headers": ["GAME_DATE", "ATTENDANCE", "GAME_TIME"], "rowSet": [["TUESDAY, DECEMBER 27, 2011", 18997, "2:25"]], "name": "GameInfo"}, {"headers": ["PLAYER_ID", "FIRST_NAME", "LAST_NAME", "JERSEY_NUM", "TEAM_ID", "TEAM_CITY", "TEAM_NAME", "TEAM_ABBREVIATION"], "rowSet": [[101115, "Andrew", "Bynum", "17", 1610612747, "Los Angeles", "Lakers", "LAL"], [202382, "Derrick", "Caracter", "45", 1610612747, "Los Angeles", "Lakers", "LAL"], [202721, "Darius", "Morris", " 1", 1610612747, "Los Angeles", "Lakers", "LAL"]], "name": "InactivePlayers"}, {"headers": ["VIDEO_AVAILABLE_FLAG"], "rowSet": [[0]], "name": "AvailableVideo"}], "parameters": {"GameID": "0021100022", "RangeType": 0, "StartPeriod": 0, "StartRange": 0, "EndPeriod": 0, "EndRange": 0}}