{"resource": "boxscore", "resultSets": [{"headers": ["GAME_DATE_EST", "GAME_SEQUENCE", "GAME_ID", "GAME_STATUS_ID", "GAME_STATUS_TEXT", "GAMECODE", "HOME_TEAM_ID", "VISITOR_TEAM_ID", "SEASON", "LIVE_PERIOD", "LIVE_PC_TIME", "NATL_TV_BROADCASTER_ABBREVIATION", "LIVE_PERIOD_TIME_BCAST", "WH_STATUS"], "rowSet": [["2011-12-30T00:00:00", 7, "0021100045", 3, "Final", "20111230/MIAMIN", 1610612750, 1610612748, "2011", 4, "", null, "Q4  - ", 1]], "name": "GameSummary"}, {"headers": ["GAME_DATE_EST", "GAME_SEQUENCE", "GAME_ID", "TEAM_ID", "TEAM_ABBREVIATION", "TEAM_CITY_NAME", "TEAM_WINS_LOSSES", "PTS_QTR1", "PTS_QTR2", "PTS_QTR3", "PTS_QTR4", "PTS_OT1", "PTS_OT2", "PTS_OT3", "PTS_OT4", "PTS_OT5", "PTS_OT6", "PTS_OT7", "PTS_OT8", "PTS_OT9", "PTS_OT10", "PTS"], "rowSet": [["2011-12-30T00:00:00", 7, "0021100045", 1610612750, "MIN", "Minnesota", "0-3", 20, 33, 22, 26, 0, 0, 0, 0, 0, 0, 0, 0, 0, 0, 101], ["2011-12-30T00:00:00", 7, "0021100045", 1610612748, "MIA", "Miami", "4-0", 31, 20, 31, 21, 0, 0, 0, 0, 0, 0, 0, 0, 0, 0, 103]], "name": "LineScore"}, {"headers": ["GAME_ID", "HOME_TEAM_ID", "VISITOR_TEAM_ID", "GAME_DATE_EST", "HOME_TEAM_WINS", "HOME_TEAM_LOSSES", "SERIES_LEADER"], "rowSet": [["0021100045", 1610612750, 1610612748, "2011-12-30T00:00:00", 0, 1, "Miami"]], "name": "SeasonSeries"}, {"headers": ["GAME_ID", "LAST_GAME_ID", "LAST_GAME_DATE_EST", "LAST_GAME_HOME_TEAM_ID", "LAST_GAME_HOME_TEAM_CITY", "LAST_GAME_HOME_TEAM_NAME", "LAST_GAME_HOME_TEAM_ABBREVIATION", "LAST_GAME_HOME_TEAM_POINTS", "LAST_GAME_VISITOR_TEAM_ID", "LAST_GAME_VISITOR_TEAM_CITY", "LAST_GAME_VISITOR_TEAM_NAME", "LAST_GAME_VISITOR_TEAM_CITY1", "LAST_GAME_VISITOR_TEAM_POINTS"], "rowSet": [["0021100045", "0021001126", "2011-04-01T00:00:00", 1610612750, "Minnesota", "Timberwolves", "MIN", 92, 1610612748, "Miami", "Heat", "MIA", 111]], "name": "LastMeeting"}, {"headers": ["GAME_ID", "TEAM_ID", "TEAM_ABBREVIATION", "TEAM_CITY", "PLAYER_ID", "PLAYER_NAME", "START_POSITION", "COMMENT", "MIN", "FGM", "FGA", "FG_PCT", "FG3M", "FG3A", "FG3_PCT", "FTM", "FTA", "FT_PCT", "OREB", "DREB", "REB", "AST", "STL", "BLK", "TO", "PF", "PTS", "PLUS_MINUS"], "rowSet": [["0021100045", 1610612748, "MIA", "Miami", 2544, "LeBron James", "F", "", "37:13", 16, 26, 0.615, 0, 1, 0.0, 2, 4, 0.5, 1, 7, 8, 10, 4, 1, 4, 2, 34, 14.0], ["0021100045", 1610612748, "MIA", "Miami", 2547, "Chris Bosh", "F", "", "35:58", 9, 17, 0.529, 0, 2, 0.0, 2, 3, 0.667, 1, 8, 9, 4, 1, 1, 3, 4, 20, -4.0], ["0021100045", 1610612748, "MIA", "Miami", 201202, "Joel Anthony", "C", "", "23:09", 0, 3, 0.0, 0, 0, 0.0, 0, 0, 0.0, 3, 5, 8, 0, 2, 1, 0, 1, 0, 8.0], ["0021100045", 1610612748, "MIA", "Miami", 2548, "Dwyane Wade", "G", "", "38:26", 8, 19, 0.421, 0, 0, 0.0, 3, 6, 0.5, 0, 3, 3, 5, 0, 3, 5, 0, 19, 1.0], ["0021100045", 1610612748, "MIA", "Miami", 201596, "Mario Chalmers", "G", "", "14:38", 3, 5, 0.6, 3, 4, 0.75, 0, 0, 0.0, 0, 1, 1, 5, 1, 0, 1, 4, 9, -9.0], ["0021100045", 1610612748, "MIA", "Miami", 2203, "Shane Battier", "", "", "23:02", 0, 5, 0.0, 0, 5, 0.0, 0, 0, 0.0, 0, 3, 3, 0, 3, 0, 0, 3, 0, -5.0], ["0021100045", 1610612748, "MIA", "Miami", 2617, "Udonis Haslem", "", "", "26:34", 4, 7, 0.571, 0, 0, 0.0, 1, 1, 1.0, 4, 5, 9, 1, 1, 0, 0, 2, 9, -3.0], ["0021100045", 1610612748, "MIA", "Miami", 202708, "Norris Cole", "", "", "30:00", 6, 10, 0.6, 0, 1, 0.0, 0, 0, 0.0, 0, 1, 1, 4, 2, 0, 1, 2, 12, 6.0], ["0021100045", 1610612748, "MIA", "Miami", 436, "Juwan Howard", "", "", "8:37", 0, 0, 0.0, 0, 0, 0.0, 0, 0, 0.0, 0, 0, 0, 0, 0, 0, 1, 3, 0, 1.0], ["0021100045", 1610612748, "MIA", "Miami", 2592, "James Jones", "", "", "2:23", 0, 1, 0.0, 0, 1, 0.0, 0, 0, 0.0, 0, 0, 0, 0, 0, 0, 0, 0, 0, 1.0], ["0021100045", 1610612748, "MIA", "Miami", 202148, "Mickell Gladness", "", "DNP - Coach's Decision", null, null, null, null, null, null, null, null, null, null, null, null, null, null, null, null, null, null, null, null], ["0021100045", 1610612748, "MIA", "Miami", 202227, "Terrel Harris", "", "DNP - Coach's Decision", null, null, null, null, null, null, null, null, null, null, null, null, null, null, null, null, null, null, null, null], ["0021100045", 1610612748, "MIA", "Miami", 202354, "Dexter Pittman", "", "DNP - Coach's Decision", null, null, null, null, null, null, null, null, null, null, null, null, null, null, null, null, null, null, null, null], ["0021100045", 1610612750, "MIN", "Minnesota", 201563, "Michael Beasley", "F", "", "21:46", 2, 6, 0.333, 0, 0, 0.0, 0, 0, 0.0, 0, 3, 3, 1, 1, 0, 2, 4, 4, -1.0], ["0021100045", 1610612750, "MIN", "Minnesota", 201567, "Kevin Love", "F", "", "32:32", 10, 19, 0.526, 1, 3, 0.333, 4, 6, 0.667, 4, 8, 12, 3, 2, 0, 6, 4, 25, -10.0], ["0021100045", 1610612750, "MIN", "Minnesota", 2545, "Darko Milicic", "C", "", "17:14", 1, 3, 0.333, 0, 0, 0.0, 1, 2, 0.5, 2, 4, 6, 1, 1, 2, 1, 2, 3, -18.0], ["0021100045", 1610612750, "MIN", "Minnesota", 202325, "Wesley Johnson", "G", "", "17:09", 2, 6, 0.333, 2, 6, 0.333, 0, 0, 0.0, 0, 2, 2, 1, 0, 1, 3, 1, 6, -11.0], ["0021100045", 1610612750, "MIN", "Minnesota", 2557, "Luke Ridnour", "G", "", "17:09", 2, 6, 0.333, 2, 5, 0.4, 0, 0, 0.0, 0, 1, 1, 1, 1, 0, 1, 1, 6, -11.0], ["0021100045", 1610612750, "MIN", "Minnesota", 201937, "Ricky Rubio", "", "", "30:51", 4, 7, 0.571, 2, 2, 1.0, 2, 3, 0.667, 0, 6, 6, 12, 1, 0, 5, 1, 12, 9.0], ["0021100045", 1610612750, "MIN", "Minnesota", 201961, "Wayne Ellington", "", "", "30:51", 5, 13, 0.385, 1, 6, 0.167, 0, 0, 0.0, 2, 3, 5, 1, 3, 0, 1, 3, 11, 9.0], ["0021100045", 1610612750, "MIN", "Minnesota", 201229, "Anthony Tolliver", "", "", "26:55", 3, 8, 0.375, 1, 3, 0.333, 3, 5, 0.6, 1, 6, 7, 1, 0, 0, 2, 3, 10, 1.0], ["0021100045", 1610612750, "MIN", "Minnesota", 201576, "Anthony Randolph", "", "", "24:57", 6, 9, 0.667, 0, 1, 0.0, 2, 2, 1.0, 1, 2, 3, 0, 1, 1, 2, 3, 14, 18.0], ["0021100045", 1610612750, "MIN", "Minnesota", 202682, "Derrick Williams", "", "", "20:36", 4, 6, 0.667, 2, 3, 0.667, 0, 2, 0.0, 2, 2, 4, 0, 1, 0, 2, 0, 10, 4.0], ["0021100045", 1610612750, "MIN", "Minnesota", 200826, "Jose Juan Barea", "", "DND - Strained Left Hamstring", null, null, null, null, null, null, null, null, null, null, null, null, null, null, null, null, null, null, null, null], ["0021100045", 1610612750, "MIN", "Minnesota", 202723, "Malcolm Lee", "", "DND - Left Knee Soreness", null, null, null, null, null, null, null, null, null, null, null, null, null, null, null, null, null, null, null, null], ["0021100045", 1610612750, "MIN", "Minnesota", 201593, "Nikola Pekovic", "", "DND - Strained Left Adductor Muscle", null, null, null, null, null, null, null, null, null, null, null, null, null, null, null, null, null, null, null, null]], "name": "PlayerStats"}, {"headers": ["GAME_ID", "TEAM_ID", "TEAM_NAME", "TEAM_ABBREVIATION", "TEAM_CITY", "MIN", "FGM", "FGA", "FG_PCT", "FG3M", "FG3A", "FG3_PCT", "FTM", "FTA", "FT_PCT", "OREB", "DREB", "REB", "AST", "STL", "BLK", "TO", "PF", "PTS", "PLUS_MINUS"], "rowSet": [["0021100045", 1610612750, "Timberwolves", "MIN", "Minnesota", "240:00", 39, 83, 0.47, 11, 29, 0.379, 12, 20, 0.6, 12, 37, 49, 21, 11, 4, 25, 22, 101, -2.0], ["0021100045", 1610612748, "Heat", "MIA", "Miami", "240:00", 46, 93, 0.495, 3, 14, 0.214, 8, 14, 0.571, 9, 33, 42, 29, 14, 6, 15, 21, 103, 2.0]], "name": "TeamStats"}, {"headers": ["LEAGUE_ID", "SEASON_ID", "TEAM_ID", "TEAM_ABBREVIATION", "TEAM_CITY", "PTS_PAINT", "PTS_2ND_CHANCE", "PTS_FB", "LARGEST_LEAD", "LEAD_CHANGES", "TIMES_TIED"], "rowSet": [["00", "22011", 1610612750, "MIN", "Minnesota", 34, 15, 8, 13, 17, 9], ["00", "22011", 1610612748, "MIA", "Miami", 40, 4, 27, 11, 17, 9]], "name": "OtherStats"}, {"headers": ["OFFICIAL_ID", "FIRST_NAME", "LAST_NAME", "JERSEY_NUM"], "rowSet": [[1168, "David", "Jones", "36"], [2532, "Eli", "Roe", "44"], [2534, "Zach", "Zarba", "33"]], "name": "Officials"}, {"headers": ["GAME_DATE", "ATTENDANCE", "GAME_TIME"], "rowSet": [["FRIDAY, DECEMBER 30, 2011", 19356, "2:16"]], "name": "GameInfo"}, {"headers": ["PLAYER_ID", "FIRST_NAME", "LAST_NAME", "JERSEY_NUM", "TEAM_ID", "TEAM_CITY", "TEAM_NAME", "TEAM_ABBREVIATION"], "rowSet": [[2034, "Mike", "Miller", "13", 1610612748, "Miami", "Heat", "MIA"], [2201, "Eddy", "Curry", "34", 1610612748, "Miami", "Heat", "MIA"], [1802, "Brad", "Miller", "52", 1610612750, "Minnesota", "Timberwolves", "MIN"], [101110, "Martell", "Webster", " 5", 1610612750, "Minnesota", "Timberwolves", "MIN"]], "name": "InactivePlayers"}, {"headers": ["VIDEO_AVAILABLE_FLAG"], "rowSet": [[0]], "name": "AvailableVideo"}], "parameters": {"GameID": "0021100045", "RangeType": 0, "StartPeriod": 0, "StartRange": 0, "EndPeriod": 0, "EndRange": 0}}