{"resource": "boxscore", "resultSets": [{"headers": ["GAME_DATE_EST", "GAME_SEQUENCE", "GAME_ID", "GAME_STATUS_ID", "GAME_STATUS_TEXT", "GAMECODE", "HOME_TEAM_ID", "VISITOR_TEAM_ID", "SEASON", "LIVE_PERIOD", "LIVE_PC_TIME", "NATL_TV_BROADCASTER_ABBREVIATION", "LIVE_PERIOD_TIME_BCAST", "WH_STATUS"], "rowSet": [["2011-12-30T00:00:00", 9, "0021100047", 3, "Final", "20111230/TORDAL", 1610612742, 1610612761, "2011", 4, "", null, "Q4  - ", 1]], "name": "GameSummary"}, {"headers": ["GAME_DATE_EST", "GAME_SEQUENCE", "GAME_ID", "TEAM_ID", "TEAM_ABBREVIATION", "TEAM_CITY_NAME", "TEAM_WINS_LOSSES", "PTS_QTR1", "PTS_QTR2", "PTS_QTR3", "PTS_QTR4", "PTS_OT1", "PTS_OT2", "PTS_OT3", "PTS_OT4", "PTS_OT5", "PTS_OT6", "PTS_OT7", "PTS_OT8", "PTS_OT9", "PTS_OT10", "PTS"], "rowSet": [["2011-12-30T00:00:00", 9, "0021100047", 1610612761, "TOR", "Toronto", "1-2", 23, 23, 24, 16, 0, 0, 0, 0, 0, 0, 0, 0, 0, 0, 86], ["2011-12-30T00:00:00", 9, "0021100047", 1610612742, "DAL", "Dallas", "1-3", 29, 21, 27, 22, 0, 0, 0, 0, 0, 0, 0, 0, 0, 0, 99]], "name": "LineScore"}, {"headers": ["GAME_ID", "HOME_TEAM_ID", "VISITOR_TEAM_ID", "GAME_DATE_EST", "HOME_TEAM_WINS", "HOME_TEAM_LOSSES", "SERIES_LEADER"], "rowSet": [["0021100047", 1610612742, 1610612761, "2011-12-30T00:00:00", 1, 0, "Dallas"]], "name": "SeasonSeries"}, {"headers": ["GAME_ID", "LAST_GAME_ID", "LAST_GAME_DATE_EST", "LAST_GAME_HOME_TEAM_ID", "LAST_GAME_HOME_TEAM_CITY", "LAST_GAME_HOME_TEAM_NAME", "LAST_GAME_HOME_TEAM_ABBREVIATION", "LAST_GAME_HOME_TEAM_POINTS", "LAST_GAME_VISITOR_TEAM_ID", "LAST_GAME_VISITOR_TEAM_CITY", "LAST_GAME_VISITOR_TEAM_NAME", "LAST_GAME_VISITOR_TEAM_CITY1", "LAST_GAME_VISITOR_TEAM_POINTS"], "rowSet": [["0021100047", "0021000884", "2011-02-27T00:00:00", 1610612742, "Dallas", "Mavericks", "DAL", 114, 1610612761, "Toronto", "Raptors", "TOR", 96]], "name": "LastMeeting"}, {"headers": ["GAME_ID", "TEAM_ID", "TEAM_ABBREVIATION", "TEAM_CITY", "PLAYER_ID", "PLAYER_NAME", "START_POSITION", "COMMENT", "MIN", "FGM", "FGA", "FG_PCT", "FG3M", "FG3A", "FG3_PCT", "FTM", "FTA", "FT_PCT", "OREB", "DREB", "REB", "AST", "STL", "BLK", "TO", "PF", "PTS", "PLUS_MINUS"], "rowSet": [["0021100047", 1610612761, "TOR", "Toronto", 2446, "Rasual Butler", "F", "", "11:40", 1, 3, 0.333, 0, 1, 0.0, 0, 0, 0.0, 1, 3, 4, 1, 0, 0, 0, 1, 2, -8.0], ["0021100047", 1610612761, "TOR", "Toronto", 200745, "Andrea Bargnani", "F", "", "41:59", 11, 18, 0.611, 2, 3, 0.667, 6, 8, 0.75, 0, 7, 7, 1, 0, 1, 3, 0, 30, -4.0], ["0021100047", 1610612761, "TOR", "Toronto", 101161, "Amir Johnson", "C", "", "27:57", 3, 3, 1.0, 0, 0, 0.0, 0, 0, 0.0, 1, 3, 4, 1, 0, 0, 2, 5, 6, 5.0], ["0021100047", 1610612761, "TOR", "Toronto", 201942, "DeMar DeRozan", "G", "", "35:19", 4, 12, 0.333, 0, 1, 0.0, 3, 4, 0.75, 0, 4, 4, 4, 1, 0, 1, 2, 11, -3.0], ["0021100047", 1610612761, "TOR", "Toronto", 101181, "Jose Calderon", "G", "", "32:50", 4, 8, 0.5, 2, 4, 0.5, 1, 1, 1.0, 0, 2, 2, 7, 2, 0, 2, 1, 11, 2.0], ["0021100047", 1610612761, "TOR", "Toronto", 201949, "James Johnson", "", "", "14:31", 0, 3, 0.0, 0, 0, 0.0, 0, 0, 0.0, 1, 3, 4, 1, 0, 0, 2, 2, 0, -14.0], ["0021100047", 1610612761, "TOR", "Toronto", 2048, "Jamaal Magloire", "", "", "5:37", 0, 1, 0.0, 0, 0, 0.0, 0, 0, 0.0, 0, 2, 2, 0, 0, 0, 0, 5, 0, -8.0], ["0021100047", 1610612761, "TOR", "Toronto", 201573, "Jerryd Bayless", "", "", "6:59", 1, 3, 0.333, 0, 1, 0.0, 0, 0, 0.0, 0, 1, 1, 1, 0, 0, 2, 2, 2, -1.0], ["0021100047", 1610612761, "TOR", "Toronto", 2571, "Leandro Barbosa", "", "", "31:28", 8, 15, 0.533, 2, 3, 0.667, 2, 3, 0.667, 0, 2, 2, 3, 1, 0, 4, 3, 20, -8.0], ["0021100047", 1610612761, "TOR", "Toronto", 202334, "Ed Davis", "", "", "19:02", 1, 3, 0.333, 0, 0, 0.0, 2, 2, 1.0, 1, 5, 6, 0, 3, 0, 0, 0, 4, -16.0], ["0021100047", 1610612761, "TOR", "Toronto", 1853, "Anthony Carter", "", "", "8:11", 0, 2, 0.0, 0, 1, 0.0, 0, 0, 0.0, 0, 0, 0, 0, 0, 0, 1, 2, 0, -14.0], ["0021100047", 1610612761, "TOR", "Toronto", 201814, "Gary Forbes", "", "", "4:27", 0, 1, 0.0, 0, 0, 0.0, 0, 0, 0.0, 1, 1, 2, 1, 1, 0, 0, 0, 0, 4.0], ["0021100047", 1610612761, "TOR", "Toronto", 202374, "Solomon Alabi", "", "DNP - Coach's Decision", null, null, null, null, null, null, null, null, null, null, null, null, null, null, null, null, null, null, null, null], ["0021100047", 1610612742, "DAL", "Dallas", 1890, "Shawn Marion", "F", "", "30:22", 5, 8, 0.625, 0, 0, 0.0, 2, 3, 0.667, 0, 1, 1, 2, 0, 0, 0, 0, 12, -11.0], ["0021100047", 1610612742, "DAL", "Dallas", 1717, "Dirk Nowitzki", "F", "", "31:08", 7, 16, 0.438, 0, 1, 0.0, 4, 5, 0.8, 0, 4, 4, 4, 4, 1, 2, 0, 18, 5.0], ["0021100047", 1610612742, "DAL", "Dallas", 2217, "Brendan Haywood", "C", "", "19:10", 1, 2, 0.5, 0, 0, 0.0, 2, 4, 0.5, 5, 4, 9, 0, 0, 0, 1, 2, 4, -8.0], ["0021100047", 1610612742, "DAL", "Dallas", 2753, "Delonte West", "G", "", "16:03", 0, 5, 0.0, 0, 2, 0.0, 0, 0, 0.0, 0, 2, 2, 3, 1, 0, 0, 1, 0, -6.0], ["0021100047", 1610612742, "DAL", "Dallas", 467, "Jason Kidd", "G", "", "30:39", 3, 8, 0.375, 3, 7, 0.429, 0, 0, 0.0, 1, 6, 7, 6, 0, 0, 1, 1, 9, 1.0], ["0021100047", 1610612742, "DAL", "Dallas", 1885, "Lamar Odom", "", "", "11:34", 0, 3, 0.0, 0, 1, 0.0, 3, 4, 0.75, 0, 4, 4, 0, 0, 0, 1, 2, 3, 11.0], ["0021100047", 1610612742, "DAL", "Dallas", 1891, "Jason Terry", "", "", "31:18", 5, 10, 0.5, 2, 6, 0.333, 5, 6, 0.833, 0, 2, 2, 3, 0, 0, 1, 0, 17, 19.0], ["0021100047", 1610612742, "DAL", "Dallas", 101133, "Ian Mahinmi", "", "", "28:50", 6, 6, 1.0, 0, 0, 0.0, 7, 11, 0.636, 1, 4, 5, 0, 1, 2, 1, 4, 19, 21.0], ["0021100047", 1610612742, "DAL", "Dallas", 1713, "Vince Carter", "", "", "19:24", 3, 7, 0.429, 1, 4, 0.25, 3, 3, 1.0, 0, 2, 2, 2, 1, 1, 0, 2, 10, 18.0], ["0021100047", 1610612742, "DAL", "Dallas", 201958, "Rodrigue Beaubois", "", "", "17:21", 2, 6, 0.333, 1, 3, 0.333, 2, 2, 1.0, 0, 2, 2, 1, 3, 0, 3, 1, 7, 12.0], ["0021100047", 1610612742, "DAL", "Dallas", 2073, "Brian Cardinal", "", "", "3:32", 0, 1, 0.0, 0, 1, 0.0, 0, 0, 0.0, 0, 1, 1, 0, 1, 0, 0, 0, 0, 3.0], ["0021100047", 1610612742, "DAL", "Dallas", 202346, "Dominique Jones", "", "", "0:39", 0, 0, 0.0, 0, 0, 0.0, 0, 0, 0.0, 0, 1, 1, 0, 0, 0, 0, 0, 0, 0.0], ["0021100047", 1610612742, "DAL", "Dallas", 201157, "Sean Williams", "", "DNP - Coach's Decision", null, null, null, null, null, null, null, null, null, null, null, null, null, null, null, null, null, null, null, null]], "name": "PlayerStats"}, {"headers": ["GAME_ID", "TEAM_ID", "TEAM_NAME", "TEAM_ABBREVIATION", "TEAM_CITY", "MIN", "FGM", "FGA", "FG_PCT", "FG3M", "FG3A", "FG3_PCT", "FTM", "FTA", "FT_PCT", "OREB", "DREB", "REB", "AST", "STL", "BLK", "TO", "PF", "PTS", "PLUS_MINUS"], "rowSet": [["0021100047", 1610612761, "Raptors", "TOR", "Toronto", "240:00", 33, 72, 0.458, 6, 14, 0.429, 14, 18, 0.778, 5, 33, 38, 20, 8, 1, 17, 23, 86, -13.0], ["0021100047", 1610612742, "Mavericks", "DAL", "Dallas", "240:00", 32, 72, 0.444, 7, 25, 0.28, 28, 38, 0.737, 7, 33, 40, 21, 11, 4, 10, 13, 99, 13.0]], "name": "TeamStats"}, {"headers": ["LEAGUE_ID", "SEASON_ID", "TEAM_ID", "TEAM_ABBREVIATION", "TEAM_CITY", "PTS_PAINT", "PTS_2ND_CHANCE", "PTS_FB", "LARGEST_LEAD", "LEAD_CHANGES", "TIMES_TIED"], "rowSet": [["00", "22011", 1610612761, "TOR", "Toronto", 30, 8, 8, 13, 8, 5], ["00", "22011", 1610612742, "DAL", "Dallas", 26, 7, 11, 13, 8, 5]], "name": "OtherStats"}, {"headers": ["OFFICIAL_ID", "FIRST_NAME", "LAST_NAME", "JERSEY_NUM"], "rowSet": [[1159, "Kevin", "Fehr", "7"], [1174, "Ken", "Mauer", "41"], [2148, "Mark", "Ayotte", "56"]], "name": "Officials"}, {"headers": ["GAME_DATE", "ATTENDANCE", "GAME_TIME"], "rowSet": [["FRIDAY, DECEMBER 30, 2011", 20307, "2:15"]], "name": "GameInfo"}, {"headers": ["PLAYER_ID", "FIRST_NAME", "LAST_NAME", "JERSEY_NUM", "TEAM_ID", "TEAM_CITY", "TEAM_NAME", "TEAM_ABBREVIATION"], "rowSet": [[201148, "Brandan", "Wright", "34", 1610612742, "Dallas", "Mavericks", "DAL"], [101132, "Linas", "Kleiza", "11", 1610612761, "Toronto", "Raptors", "TOR"], [201189, "Aaron", "Gray", "34", 1610612761, "Toronto", "Raptors", "TOR"]], "name": "InactivePlayers"}, {"headers": ["VIDEO_AVAILABLE_FLAG"], "rowSet": [[0]], "name": "AvailableVideo"}], "parameters": {"GameID": "0021100047", "RangeType": 0, "StartPeriod": 0, "StartRange": 0, "EndPeriod": 0, "EndRange": 0}}