{"resource": "boxscore", "resultSets": [{"headers": ["GAME_DATE_EST", "GAME_SEQUENCE", "GAME_ID", "GAME_STATUS_ID", "GAME_STATUS_TEXT", "GAMECODE", "HOME_TEAM_ID", "VISITOR_TEAM_ID", "SEASON", "LIVE_PERIOD", "LIVE_PC_TIME", "NATL_TV_BROADCASTER_ABBREVIATION", "LIVE_PERIOD_TIME_BCAST", "WH_STATUS"], "rowSet": [["2011-12-28T00:00:00", 7, "0021100029", 3, "Final", "20111228/LACSAS", 1610612759, 1610612746, "2011", 4, "", null, "Q4  - ", 1]], "name": "GameSummary"}, {"headers": ["GAME_DATE_EST", "GAME_SEQUENCE", "GAME_ID", "TEAM_ID", "TEAM_ABBREVIATION", "TEAM_CITY_NAME", "TEAM_WINS_LOSSES", "PTS_QTR1", "PTS_QTR2", "PTS_QTR3", "PTS_QTR4", "PTS_OT1", "PTS_OT2", "PTS_OT3", "PTS_OT4", "PTS_OT5", "PTS_OT6", "PTS_OT7", "PTS_OT8", "PTS_OT9", "PTS_OT10", "PTS"], "rowSet": [["2011-12-28T00:00:00", 7, "0021100029", 1610612746, "LAC", "Los Angeles", "1-1", 19, 35, 17, 19, 0, 0, 0, 0, 0, 0, 0, 0, 0, 0, 90], ["2011-12-28T00:00:00", 7, "0021100029", 1610612759, "SAS", "San Antonio", "2-0", 26, 32, 38, 19, 0, 0, 0, 0, 0, 0, 0, 0, 0, 0, 115]], "name": "LineScore"}, {"headers": ["GAME_ID", "HOME_TEAM_ID", "VISITOR_TEAM_ID", "GAME_DATE_EST", "HOME_TEAM_WINS", "HOME_TEAM_LOSSES", "SERIES_LEADER"], "rowSet": [["0021100029", 1610612759, 1610612746, "2011-12-28T00:00:00", 2, 1, "San Antonio"]], "name": "SeasonSeries"}, {"headers": ["GAME_ID", "LAST_GAME_ID", "LAST_GAME_DATE_EST", "LAST_GAME_HOME_TEAM_ID", "LAST_GAME_HOME_TEAM_CITY", "LAST_GAME_HOME_TEAM_NAME", "LAST_GAME_HOME_TEAM_ABBREVIATION", "LAST_GAME_HOME_TEAM_POINTS", "LAST_GAME_VISITOR_TEAM_ID", "LAST_GAME_VISITOR_TEAM_CITY", "LAST_GAME_VISITOR_TEAM_NAME", "LAST_GAME_VISITOR_TEAM_CITY1", "LAST_GAME_VISITOR_TEAM_POINTS"], "rowSet": [["0021100029", "0021000272", "2010-12-01T00:00:00", 1610612759, "San Antonio", "Spurs", "SAS", 85, 1610612746, "Los Angeles", "Clippers", "LAC", 90]], "name": "LastMeeting"}, {"headers": ["GAME_ID", "TEAM_ID", "TEAM_ABBREVIATION", "TEAM_CITY", "PLAYER_ID", "PLAYER_NAME", "START_POSITION", "COMMENT", "MIN", "FGM", "FGA", "FG_PCT", "FG3M", "FG3A", "FG3_PCT", "FTM", "FTA", "FT_PCT", "OREB", "DREB", "REB", "AST", "STL", "BLK", "TO", "PF", "PTS", "PLUS_MINUS"], "rowSet": [["0021100029", 1610612746, "LAC", "Los Angeles", 2406, "Caron Butler", "F", "", "25:46", 4, 10, 0.4, 2, 5, 0.4, 2, 3, 0.667, 0, 1, 1, 1, 0, 0, 1, 1, 12, -13.0], ["0021100029", 1610612746, "LAC", "Los Angeles", 201933, "Blake Griffin", "F", "", "33:48", 11, 19, 0.579, 0, 0, 0.0, 6, 8, 0.75, 3, 6, 9, 2, 0, 0, 1, 2, 28, -37.0], ["0021100029", 1610612746, "LAC", "Los Angeles", 201599, "DeAndre Jordan", "C", "", "32:43", 2, 4, 0.5, 0, 0, 0.0, 4, 6, 0.667, 4, 4, 8, 0, 3, 3, 3, 5, 8, -11.0], ["0021100029", 1610612746, "LAC", "Los Angeles", 1497, "Chauncey Billups", "G", "", "28:06", 2, 5, 0.4, 2, 4, 0.5, 5, 5, 1.0, 0, 0, 0, 1, 1, 1, 1, 2, 11, -11.0], ["0021100029", 1610612746, "LAC", "Los Angeles", 101108, "Chris Paul", "G", "", "36:01", 3, 10, 0.3, 1, 2, 0.5, 3, 4, 0.75, 1, 2, 3, 9, 2, 0, 2, 2, 10, -17.0], ["0021100029", 1610612746, "LAC", "Los Angeles", 101155, "Ryan Gomes", "", "", "26:05", 2, 6, 0.333, 1, 4, 0.25, 0, 0, 0.0, 2, 3, 5, 2, 0, 0, 1, 1, 5, -6.0], ["0021100029", 1610612746, "LAC", "Los Angeles", 2590, "Mo Williams", "", "", "28:09", 4, 11, 0.364, 1, 2, 0.5, 3, 4, 0.75, 0, 1, 1, 2, 1, 0, 1, 2, 12, -19.0], ["0021100029", 1610612746, "LAC", "Los Angeles", 200751, "Randy Foye", "", "", "12:47", 1, 6, 0.167, 0, 3, 0.0, 0, 1, 0.0, 0, 0, 0, 0, 0, 0, 1, 1, 2, -9.0], ["0021100029", 1610612746, "LAC", "Los Angeles", 2567, "Brian Cook", "", "", "8:27", 0, 1, 0.0, 0, 0, 0.0, 2, 2, 1.0, 0, 1, 1, 0, 1, 1, 0, 1, 2, -2.0], ["0021100029", 1610612746, "LAC", "Los Angeles", 202717, "Trey Thompkins", "", "", "4:15", 0, 1, 0.0, 0, 0, 0.0, 0, 0, 0.0, 0, 0, 0, 0, 0, 0, 1, 0, 0, -1.0], ["0021100029", 1610612746, "LAC", "Los Angeles", 202727, "Travis Leslie", "", "", "3:53", 0, 1, 0.0, 0, 0, 0.0, 0, 0, 0.0, 0, 2, 2, 0, 0, 0, 0, 0, 0, 1.0], ["0021100029", 1610612746, "LAC", "Los Angeles", 202339, "Eric Bledsoe", "", "DND - Coach's Decision", null, null, null, null, null, null, null, null, null, null, null, null, null, null, null, null, null, null, null, null], ["0021100029", 1610612746, "LAC", "Los Angeles", 2501, "Reggie Evans", "", "DND - Coach's Decision", null, null, null, null, null, null, null, null, null, null, null, null, null, null, null, null, null, null, null, null], ["0021100029", 1610612759, "SAS", "San Antonio", 2210, "Richard Jefferson", "F", "", "27:28", 8, 9, 0.889, 3, 4, 0.75, 0, 0, 0.0, 1, 3, 4, 1, 0, 0, 2, 1, 19, 17.0], ["0021100029", 1610612759, "SAS", "San Antonio", 1495, "Tim Duncan", "F", "", "25:37", 5, 13, 0.385, 0, 0, 0.0, 0, 0, 0.0, 0, 8, 8, 2, 0, 0, 1, 2, 10, 17.0], ["0021100029", 1610612759, "SAS", "San Antonio", 201971, "DeJuan Blair", "C", "", "26:17", 10, 15, 0.667, 0, 0, 0.0, 0, 0, 0.0, 4, 2, 6, 2, 0, 0, 2, 4, 20, 23.0], ["0021100029", 1610612759, "SAS", "San Antonio", 1938, "Manu Ginobili", "G", "", "27:15", 6, 10, 0.6, 5, 8, 0.625, 7, 7, 1.0, 0, 3, 3, 6, 1, 0, 0, 2, 24, 14.0], ["0021100029", 1610612759, "SAS", "San Antonio", 2225, "Tony Parker", "G", "", "26:28", 6, 9, 0.667, 0, 0, 0.0, 2, 2, 1.0, 0, 3, 3, 9, 0, 0, 1, 2, 14, 21.0], ["0021100029", 1610612759, "SAS", "San Antonio", 202695, "Kawhi Leonard", "", "", "20:05", 1, 3, 0.333, 0, 0, 0.0, 0, 0, 0.0, 1, 7, 8, 0, 0, 0, 0, 1, 2, 10.0], ["0021100029", 1610612759, "SAS", "San Antonio", 202341, "James Anderson", "", "", "21:12", 4, 8, 0.5, 0, 2, 0.0, 4, 4, 1.0, 1, 2, 3, 1, 0, 0, 3, 1, 12, 9.0], ["0021100029", 1610612759, "SAS", "San Antonio", 201168, "Tiago Splitter", "", "", "20:03", 2, 3, 0.667, 0, 0, 0.0, 0, 0, 0.0, 0, 3, 3, 1, 1, 1, 3, 4, 4, 9.0], ["0021100029", 1610612759, "SAS", "San Antonio", 2588, "Matt Bonner", "", "", "17:50", 2, 4, 0.5, 2, 4, 0.5, 0, 0, 0.0, 0, 1, 1, 0, 0, 0, 0, 2, 6, 3.0], ["0021100029", 1610612759, "SAS", "San Antonio", 2551, "T.J. Ford", "", "", "20:13", 1, 3, 0.333, 0, 1, 0.0, 2, 2, 1.0, 0, 2, 2, 5, 1, 0, 3, 2, 4, 4.0], ["0021100029", 1610612759, "SAS", "San Antonio", 201980, "Danny Green", "", "", "3:53", 0, 1, 0.0, 0, 0, 0.0, 0, 0, 0.0, 0, 0, 0, 0, 0, 0, 0, 2, 0, -1.0], ["0021100029", 1610612759, "SAS", "San Antonio", 202709, "Cory Joseph", "", "", "3:39", 0, 2, 0.0, 0, 0, 0.0, 0, 0, 0.0, 0, 2, 2, 0, 0, 0, 0, 0, 0, -1.0]], "name": "PlayerStats"}, {"headers": ["GAME_ID", "TEAM_ID", "TEAM_NAME", "TEAM_ABBREVIATION", "TEAM_CITY", "MIN", "FGM", "FGA", "FG_PCT", "FG3M", "FG3A", "FG3_PCT", "FTM", "FTA", "FT_PCT", "OREB", "DREB", "REB", "AST", "STL", "BLK", "TO", "PF", "PTS", "PLUS_MINUS"], "rowSet": [["0021100029", 1610612759, "Spurs", "SAS", "San Antonio", "240:00", 45, 80, 0.563, 10, 19, 0.526, 15, 15, 1.0, 7, 36, 43, 27, 3, 1, 15, 23, 115, 25.0], ["0021100029", 1610612746, "Clippers", "LAC", "Los Angeles", "240:00", 29, 74, 0.392, 7, 20, 0.35, 25, 33, 0.758, 10, 20, 30, 17, 8, 5, 12, 17, 90, -25.0]], "name": "TeamStats"}, {"headers": ["LEAGUE_ID", "SEASON_ID", "TEAM_ID", "TEAM_ABBREVIATION", "TEAM_CITY", "PTS_PAINT", "PTS_2ND_CHANCE", "PTS_FB", "LARGEST_LEAD", "LEAD_CHANGES", "TIMES_TIED"], "rowSet": [["00", "22011", 1610612759, "SAS", "San Antonio", 48, 10, 20, 26, 1, 2], ["00", "22011", 1610612746, "LAC", "Los Angeles", 26, 5, 14, 27, 1, 2]], "name": "OtherStats"}, {"headers": ["OFFICIAL_ID", "FIRST_NAME", "LAST_NAME", "JERSEY_NUM"], "rowSet": [[1179, "Rodney", "Mott", "71"], [1662, "Bill", "Kennedy", "55"], [202007, "Nick", "Buchert", "54"]], "name": "Officials"}, {"headers": ["GAME_DATE", "ATTENDANCE", "GAME_TIME"], "rowSet": [["WEDNESDAY, DECEMBER 28, 2011", 18581, "2:15"]], "name": "GameInfo"}, {"headers": ["PLAYER_ID", "FIRST_NAME", "LAST_NAME", "JERSEY_NUM", "TEAM_ID", "TEAM_CITY", "TEAM_NAME", "TEAM_ABBREVIATION"], "rowSet": [[202390, "Gary", "Neal", "14", 1610612759, "San Antonio", "Spurs", "SAS"]], "name": "InactivePlayers"}, {"headers": ["VIDEO_AVAILABLE_FLAG"], "rowSet": [[0]], "name": "AvailableVideo"}], "parameters": {"GameID": "0021100029", "RangeType": 0, "StartPeriod": 0, "StartRange": 0, "EndPeriod": 0, "EndRange": 0}}