{"resource": "boxscore", "resultSets": [{"headers": ["GAME_DATE_EST", "GAME_SEQUENCE", "GAME_ID", "GAME_STATUS_ID", "GAME_STATUS_TEXT", "GAMECODE", "HOME_TEAM_ID", "VISITOR_TEAM_ID", "SEASON", "LIVE_PERIOD", "LIVE_PC_TIME", "NATL_TV_BROADCASTER_ABBREVIATION", "LIVE_PERIOD_TIME_BCAST", "WH_STATUS"], "rowSet": [["2011-12-26T00:00:00", 10, "0021100015", 3, "Final", "20111226/LALSAC", 1610612758, 1610612747, "2011", 4, "", "NBA TV", "Q4  - NBA TV", 1]], "name": "GameSummary"}, {"headers": ["GAME_DATE_EST", "GAME_SEQUENCE", "GAME_ID", "TEAM_ID", "TEAM_ABBREVIATION", "TEAM_CITY_NAME", "TEAM_WINS_LOSSES", "PTS_QTR1", "PTS_QTR2", "PTS_QTR3", "PTS_QTR4", "PTS_OT1", "PTS_OT2", "PTS_OT3", "PTS_OT4", "PTS_OT5", "PTS_OT6", "PTS_OT7", "PTS_OT8", "PTS_OT9", "PTS_OT10", "PTS"], "rowSet": [["2011-12-26T00:00:00", 10, "0021100015", 1610612747, "LAL", "Los Angeles", "0-2", 20, 20, 24, 27, 0, 0, 0, 0, 0, 0, 0, 0, 0, 0, 91], ["2011-12-26T00:00:00", 10, "0021100015", 1610612758, "SAC", "Sacramento", "1-0", 21, 28, 29, 22, 0, 0, 0, 0, 0, 0, 0, 0, 0, 0, 100]], "name": "LineScore"}, {"headers": ["GAME_ID", "HOME_TEAM_ID", "VISITOR_TEAM_ID", "GAME_DATE_EST", "HOME_TEAM_WINS", "HOME_TEAM_LOSSES", "SERIES_LEADER"], "rowSet": [["0021100015", 1610612758, 1610612747, "2011-12-26T00:00:00", 2, 1, "Sacramento"]], "name": "SeasonSeries"}, {"headers": ["GAME_ID", "LAST_GAME_ID", "LAST_GAME_DATE_EST", "LAST_GAME_HOME_TEAM_ID", "LAST_GAME_HOME_TEAM_CITY", "LAST_GAME_HOME_TEAM_NAME", "LAST_GAME_HOME_TEAM_ABBREVIATION", "LAST_GAME_HOME_TEAM_POINTS", "LAST_GAME_VISITOR_TEAM_ID", "LAST_GAME_VISITOR_TEAM_CITY", "LAST_GAME_VISITOR_TEAM_NAME", "LAST_GAME_VISITOR_TEAM_CITY1", "LAST_GAME_VISITOR_TEAM_POINTS"], "rowSet": [["0021100015", "0021001230", "2011-04-13T00:00:00", 1610612758, "Sacramento", "Kings", "SAC", 108, 1610612747, "Los Angeles", "Lakers", "LAL", 116]], "name": "LastMeeting"}, {"headers": ["GAME_ID", "TEAM_ID", "TEAM_ABBREVIATION", "TEAM_CITY", "PLAYER_ID", "PLAYER_NAME", "START_POSITION", "COMMENT", "MIN", "FGM", "FGA", "FG_PCT", "FG3M", "FG3A", "FG3_PCT", "FTM", "FTA", "FT_PCT", "OREB", "DREB", "REB", "AST", "STL", "BLK", "TO", "PF", "PTS", "PLUS_MINUS"], "rowSet": [["0021100015", 1610612747, "LAL", "Los Angeles", 202365, "Devin Ebanks", "F", "", "18:29", 3, 4, 0.75, 0, 0, 0.0, 0, 0, 0.0, 2, 4, 6, 1, 0, 1, 1, 1, 6, 0.0], ["0021100015", 1610612747, "LAL", "Los Angeles", 201177, "Josh McRoberts", "F", "", "20:38", 0, 2, 0.0, 0, 0, 0.0, 2, 2, 1.0, 2, 3, 5, 3, 0, 0, 2, 0, 2, -7.0], ["0021100015", 1610612747, "LAL", "Los Angeles", 2200, "Pau Gasol", "C", "", "32:31", 7, 12, 0.583, 0, 0, 0.0, 1, 2, 0.5, 4, 5, 9, 3, 1, 0, 2, 5, 15, 1.0], ["0021100015", 1610612747, "LAL", "Los Angeles", 977, "Kobe Bryant", "G", "", "38:22", 10, 24, 0.417, 0, 4, 0.0, 9, 10, 0.9, 2, 3, 5, 6, 2, 0, 2, 4, 29, -4.0], ["0021100015", 1610612747, "LAL", "Los Angeles", 965, "Derek Fisher", "G", "", "29:57", 3, 10, 0.3, 0, 3, 0.0, 0, 0, 0.0, 0, 2, 2, 2, 2, 0, 2, 4, 6, 1.0], ["0021100015", 1610612747, "LAL", "Los Angeles", 2211, "Troy Murphy", "", "", "24:23", 3, 7, 0.429, 1, 2, 0.5, 1, 2, 0.5, 3, 5, 8, 0, 0, 1, 0, 2, 8, -12.0], ["0021100015", 1610612747, "LAL", "Los Angeles", 1897, "Metta World Peace", "", "", "29:12", 8, 14, 0.571, 0, 2, 0.0, 3, 3, 1.0, 2, 2, 4, 4, 1, 1, 0, 2, 19, -8.0], ["0021100015", 1610612747, "LAL", "Los Angeles", 202726, "Andrew Goudelock", "", "", "6:54", 0, 4, 0.0, 0, 2, 0.0, 0, 0, 0.0, 0, 0, 0, 1, 0, 0, 0, 0, 0, 0.0], ["0021100015", 1610612747, "LAL", "Los Angeles", 2581, "Steve Blake", "", "", "19:38", 0, 4, 0.0, 0, 1, 0.0, 0, 0, 0.0, 0, 3, 3, 0, 0, 0, 1, 1, 0, -10.0], ["0021100015", 1610612747, "LAL", "Los Angeles", 2575, "Luke Walton", "", "", "6:22", 1, 3, 0.333, 0, 1, 0.0, 0, 0, 0.0, 0, 0, 0, 1, 0, 0, 0, 3, 2, -5.0], ["0021100015", 1610612747, "LAL", "Los Angeles", 2440, "Matt Barnes", "", "", "13:35", 2, 4, 0.5, 0, 1, 0.0, 0, 0, 0.0, 1, 2, 3, 0, 0, 3, 1, 3, 4, -1.0], ["0021100015", 1610612747, "LAL", "Los Angeles", 101115, "Andrew Bynum", "", "NWT - NBA Suspension", null, null, null, null, null, null, null, null, null, null, null, null, null, null, null, null, null, null, null, null], ["0021100015", 1610612747, "LAL", "Los Angeles", 2574, "Jason Kapono", "", "DNP - Coach's Decision", null, null, null, null, null, null, null, null, null, null, null, null, null, null, null, null, null, null, null, null], ["0021100015", 1610612758, "SAC", "Sacramento", 2422, "John Salmons", "F", "", "29:42", 5, 14, 0.357, 3, 5, 0.6, 0, 2, 0.0, 1, 2, 3, 0, 0, 0, 1, 3, 13, -2.0], ["0021100015", 1610612758, "SAC", "Sacramento", 101236, "Charles Hayes", "F", "", "27:18", 3, 5, 0.6, 0, 0, 0.0, 1, 2, 0.5, 2, 7, 9, 3, 0, 3, 0, 4, 7, 11.0], ["0021100015", 1610612758, "SAC", "Sacramento", 202326, "DeMarcus Cousins", "C", "", "24:53", 4, 9, 0.444, 0, 0, 0.0, 4, 6, 0.667, 6, 5, 11, 0, 1, 1, 2, 4, 12, 11.0], ["0021100015", 1610612758, "SAC", "Sacramento", 201977, "Marcus Thornton", "G", "", "35:58", 9, 13, 0.692, 4, 7, 0.571, 5, 5, 1.0, 0, 5, 5, 3, 1, 0, 3, 2, 27, 2.0], ["0021100015", 1610612758, "SAC", "Sacramento", 201936, "Tyreke Evans", "G", "", "35:16", 6, 13, 0.462, 1, 3, 0.333, 7, 12, 0.583, 0, 2, 2, 3, 0, 1, 0, 1, 20, 4.0], ["0021100015", 1610612758, "SAC", "Sacramento", 202690, "Jimmer Fredette", "", "", "25:34", 3, 8, 0.375, 0, 0, 0.0, 0, 0, 0.0, 0, 1, 1, 3, 0, 0, 3, 2, 6, 8.0], ["0021100015", 1610612758, "SAC", "Sacramento", 201581, "JJ Hickson", "", "", "21:54", 1, 4, 0.25, 0, 0, 0.0, 1, 4, 0.25, 1, 4, 5, 2, 1, 0, 1, 2, 3, -5.0], ["0021100015", 1610612758, "SAC", "Sacramento", 2566, "Travis Outlaw", "", "", "18:18", 2, 5, 0.4, 0, 2, 0.0, 2, 2, 1.0, 0, 1, 1, 0, 1, 1, 1, 1, 6, 11.0], ["0021100015", 1610612758, "SAC", "Sacramento", 201574, "Jason Thompson", "", "", "7:29", 0, 0, 0.0, 0, 0, 0.0, 1, 2, 0.5, 0, 1, 1, 0, 0, 0, 0, 0, 1, -1.0], ["0021100015", 1610612758, "SAC", "Sacramento", 202738, "Isaiah Thomas", "", "", "13:09", 2, 4, 0.5, 1, 1, 1.0, 0, 0, 0.0, 0, 2, 2, 2, 0, 0, 0, 0, 5, 4.0], ["0021100015", 1610612758, "SAC", "Sacramento", 201590, "Donte Greene", "", "", "0:30", 0, 0, 0.0, 0, 0, 0.0, 0, 0, 0.0, 0, 0, 0, 0, 0, 0, 0, 0, 0, 2.0], ["0021100015", 1610612758, "SAC", "Sacramento", 101128, "Francisco Garcia", "", "DNP - Coach's Decision", null, null, null, null, null, null, null, null, null, null, null, null, null, null, null, null, null, null, null, null], ["0021100015", 1610612758, "SAC", "Sacramento", 202715, "Tyler Honeycutt", "", "DNP - Coach's Decision", null, null, null, null, null, null, null, null, null, null, null, null, null, null, null, null, null, null, null, null]], "name": "PlayerStats"}, {"headers": ["GAME_ID", "TEAM_ID", "TEAM_NAME", "TEAM_ABBREVIATION", "TEAM_CITY", "MIN", "FGM", "FGA", "FG_PCT", "FG3M", "FG3A", "FG3_PCT", "FTM", "FTA", "FT_PCT", "OREB", "DREB", "REB", "AST", "STL", "BLK", "TO", "PF", "PTS", "PLUS_MINUS"], "rowSet": [["0021100015", 1610612758, "Kings", "SAC", "Sacramento", "240:00", 35, 75, 0.467, 9, 18, 0.5, 21, 35, 0.6, 10, 30, 40, 16, 4, 6, 11, 19, 100, 9.0], ["0021100015", 1610612747, "Lakers", "LAL", "Los Angeles", "240:00", 37, 88, 0.42, 1, 16, 0.063, 16, 19, 0.842, 16, 29, 45, 21, 6, 6, 11, 25, 91, -9.0]], "name": "TeamStats"}, {"headers": ["LEAGUE_ID", "SEASON_ID", "TEAM_ID", "TEAM_ABBREVIATION", "TEAM_CITY", "PTS_PAINT", "PTS_2ND_CHANCE", "PTS_FB", "LARGEST_LEAD", "LEAD_CHANGES", "TIMES_TIED"], "rowSet": [["00", "22011", 1610612747, "LAL", "Los Angeles", 44, 17, 12, 15, 15, 4], ["00", "22011", 1610612758, "SAC", "Sacramento", 30, 10, 19, 14, 15, 4]], "name": "OtherStats"}, {"headers": ["OFFICIAL_ID", "FIRST_NAME", "LAST_NAME", "JERSEY_NUM"], "rowSet": [[1164, "Ron", "Garretson", "10"], [2148, "Mark", "Ayotte", "56"], [202053, "Scott", "Twardoski", "52"]], "name": "Officials"}, {"headers": ["GAME_DATE", "ATTENDANCE", "GAME_TIME"], "rowSet": [["MONDAY, DECEMBER 26, 2011", 17317, "2:20"]], "name": "GameInfo"}, {"headers": ["PLAYER_ID", "FIRST_NAME", "LAST_NAME", "JERSEY_NUM", "TEAM_ID", "TEAM_CITY", "TEAM_NAME", "TEAM_ABBREVIATION"], "rowSet": [[202355, "Hassan", "Whiteside", "33", 1610612758, "Sacramento", "Kings", "SAC"], [202382, "Derrick", "Caracter", "45", 1610612747, "Los Angeles", "Lakers", "LAL"], [202721, "Darius", "Morris", " 1", 1610612747, "Los Angeles", "Lakers", "LAL"]], "name": "InactivePlayers"}, {"headers": ["VIDEO_AVAILABLE_FLAG"], "rowSet": [[0]], "name": "AvailableVideo"}], "parameters": {"GameID": "0021100015", "RangeType": 0, "StartPeriod": 0, "StartRange": 0, "EndPeriod": 0, "EndRange": 0}}