{"resource": "boxscore", "resultSets": [{"headers": ["GAME_DATE_EST", "GAME_SEQUENCE", "GAME_ID", "GAME_STATUS_ID", "GAME_STATUS_TEXT", "GAMECODE", "HOME_TEAM_ID", "VISITOR_TEAM_ID", "SEASON", "LIVE_PERIOD", "LIVE_PC_TIME", "NATL_TV_BROADCASTER_ABBREVIATION", "LIVE_PERIOD_TIME_BCAST", "WH_STATUS"], "rowSet": [["2011-12-29T00:00:00", 4, "0021100036", 3, "Final", "20111229/CHISAC", 1610612758, 1610612741, "2011", 4, "", null, "Q4  - ", 1]], "name": "GameSummary"}, {"headers": ["GAME_DATE_EST", "GAME_SEQUENCE", "GAME_ID", "TEAM_ID", "TEAM_ABBREVIATION", "TEAM_CITY_NAME", "TEAM_WINS_LOSSES", "PTS_QTR1", "PTS_QTR2", "PTS_QTR3", "PTS_QTR4", "PTS_OT1", "PTS_OT2", "PTS_OT3", "PTS_OT4", "PTS_OT5", "PTS_OT6", "PTS_OT7", "PTS_OT8", "PTS_OT9", "PTS_OT10", "PTS"], "rowSet": [["2011-12-29T00:00:00", 4, "0021100036", 1610612758, "SAC", "Sacramento", "1-2", 24, 29, 22, 23, 0, 0, 0, 0, 0, 0, 0, 0, 0, 0, 98], ["2011-12-29T00:00:00", 4, "0021100036", 1610612741, "CHI", "Chicago", "2-1", 30, 30, 25, 23, 0, 0, 0, 0, 0, 0, 0, 0, 0, 0, 108]], "name": "LineScore"}, {"headers": ["GAME_ID", "HOME_TEAM_ID", "VISITOR_TEAM_ID", "GAME_DATE_EST", "HOME_TEAM_WINS", "HOME_TEAM_LOSSES", "SERIES_LEADER"], "rowSet": [["0021100036", 1610612758, 1610612741, "2011-12-29T00:00:00", 0, 2, "Chicago"]], "name": "SeasonSeries"}, {"headers": ["GAME_ID", "LAST_GAME_ID", "LAST_GAME_DATE_EST", "LAST_GAME_HOME_TEAM_ID", "LAST_GAME_HOME_TEAM_CITY", "LAST_GAME_HOME_TEAM_NAME", "LAST_GAME_HOME_TEAM_ABBREVIATION", "LAST_GAME_HOME_TEAM_POINTS", "LAST_GAME_VISITOR_TEAM_ID", "LAST_GAME_VISITOR_TEAM_CITY", "LAST_GAME_VISITOR_TEAM_NAME", "LAST_GAME_VISITOR_TEAM_CITY1", "LAST_GAME_VISITOR_TEAM_POINTS"], "rowSet": [["0021100036", "0021001047", "2011-03-21T00:00:00", 1610612758, "Sacramento", "Kings", "SAC", 92, 1610612741, "Chicago", "Bulls", "CHI", 132]], "name": "LastMeeting"}, {"headers": ["GAME_ID", "TEAM_ID", "TEAM_ABBREVIATION", "TEAM_CITY", "PLAYER_ID", "PLAYER_NAME", "START_POSITION", "COMMENT", "MIN", "FGM", "FGA", "FG_PCT", "FG3M", "FG3A", "FG3_PCT", "FTM", "FTA", "FT_PCT", "OREB", "DREB", "REB", "AST", "STL", "BLK", "TO", "PF", "PTS", "PLUS_MINUS"], "rowSet": [["0021100036", 1610612741, "CHI", "Chicago", 2736, "Luol Deng", "F", "", "40:22", 4, 9, 0.444, 0, 2, 0.0, 4, 4, 1.0, 0, 6, 6, 4, 0, 1, 2, 2, 12, 9.0], ["0021100036", 1610612741, "CHI", "Chicago", 2430, "Carlos Boozer", "F", "", "37:37", 8, 16, 0.5, 0, 0, 0.0, 0, 0, 0.0, 2, 13, 15, 0, 1, 1, 4, 3, 16, 13.0], ["0021100036", 1610612741, "CHI", "Chicago", 201149, "Joakim Noah", "C", "", "24:01", 3, 5, 0.6, 0, 0, 0.0, 3, 4, 0.75, 1, 3, 4, 2, 0, 2, 2, 5, 9, 15.0], ["0021100036", 1610612741, "CHI", "Chicago", 1888, "Richard Hamilton", "G", "", "35:35", 7, 15, 0.467, 1, 2, 0.5, 1, 1, 1.0, 1, 3, 4, 1, 2, 0, 3, 0, 16, 9.0], ["0021100036", 1610612741, "CHI", "Chicago", 201565, "Derrick Rose", "G", "", "32:12", 7, 14, 0.5, 0, 2, 0.0, 5, 6, 0.833, 0, 1, 1, 8, 0, 0, 6, 5, 19, -1.0], ["0021100036", 1610612741, "CHI", "Chicago", 201600, "Omer Asik", "", "", "23:35", 1, 3, 0.333, 0, 0, 0.0, 2, 2, 1.0, 3, 0, 3, 0, 0, 1, 1, 4, 4, -3.0], ["0021100036", 1610612741, "CHI", "Chicago", 200758, "Ronnie Brewer", "", "", "12:15", 5, 5, 1.0, 2, 2, 1.0, 0, 0, 0.0, 0, 1, 1, 0, 1, 0, 0, 1, 12, 2.0], ["0021100036", 1610612741, "CHI", "Chicago", 201959, "Taj Gibson", "", "", "10:10", 3, 4, 0.75, 0, 0, 0.0, 0, 1, 0.0, 0, 1, 1, 0, 0, 0, 0, 2, 6, -2.0], ["0021100036", 1610612741, "CHI", "Chicago", 201228, "CJ Watson", "", "", "16:12", 3, 7, 0.429, 1, 2, 0.5, 1, 2, 0.5, 1, 4, 5, 9, 2, 0, 0, 3, 8, 9.0], ["0021100036", 1610612741, "CHI", "Chicago", 2594, "Kyle Korver", "", "", "8:02", 2, 2, 1.0, 2, 2, 1.0, 0, 1, 0.0, 0, 1, 1, 1, 0, 0, 0, 2, 6, -1.0], ["0021100036", 1610612741, "CHI", "Chicago", 202710, "Jimmy Butler", "", "DNP - Coach's Decision", null, null, null, null, null, null, null, null, null, null, null, null, null, null, null, null, null, null, null, null], ["0021100036", 1610612741, "CHI", "Chicago", 101249, "John Lucas III", "", "DNP - Coach's Decision", null, null, null, null, null, null, null, null, null, null, null, null, null, null, null, null, null, null, null, null], ["0021100036", 1610612741, "CHI", "Chicago", 2243, "Brian Scalabrine", "", "DNP - Coach's Decision", null, null, null, null, null, null, null, null, null, null, null, null, null, null, null, null, null, null, null, null], ["0021100036", 1610612758, "SAC", "Sacramento", 2422, "John Salmons", "F", "", "33:22", 4, 10, 0.4, 2, 4, 0.5, 2, 2, 1.0, 1, 1, 2, 2, 0, 0, 1, 3, 12, -9.0], ["0021100036", 1610612758, "SAC", "Sacramento", 101236, "Charles Hayes", "F", "", "34:24", 3, 8, 0.375, 0, 0, 0.0, 1, 2, 0.5, 3, 7, 10, 4, 1, 0, 1, 6, 7, -10.0], ["0021100036", 1610612758, "SAC", "Sacramento", 202326, "DeMarcus Cousins", "C", "", "27:57", 4, 16, 0.25, 0, 0, 0.0, 7, 8, 0.875, 7, 5, 12, 0, 1, 2, 2, 6, 15, -11.0], ["0021100036", 1610612758, "SAC", "Sacramento", 201977, "Marcus Thornton", "G", "", "40:16", 8, 17, 0.471, 4, 6, 0.667, 0, 2, 0.0, 2, 3, 5, 1, 2, 0, 3, 1, 20, -11.0], ["0021100036", 1610612758, "SAC", "Sacramento", 201936, "Tyreke Evans", "G", "", "38:22", 7, 14, 0.5, 0, 2, 0.0, 5, 12, 0.417, 0, 2, 2, 2, 3, 0, 1, 2, 19, -9.0], ["0021100036", 1610612758, "SAC", "Sacramento", 201581, "JJ Hickson", "", "", "18:26", 2, 4, 0.5, 0, 0, 0.0, 3, 6, 0.5, 4, 4, 8, 0, 1, 0, 3, 0, 7, 4.0], ["0021100036", 1610612758, "SAC", "Sacramento", 202690, "Jimmer Fredette", "", "", "24:26", 5, 10, 0.5, 2, 4, 0.5, 2, 2, 1.0, 1, 0, 1, 2, 0, 0, 3, 1, 14, -3.0], ["0021100036", 1610612758, "SAC", "Sacramento", 201574, "Jason Thompson", "", "", "13:23", 1, 2, 0.5, 0, 0, 0.0, 0, 0, 0.0, 0, 2, 2, 1, 0, 0, 0, 0, 2, -1.0], ["0021100036", 1610612758, "SAC", "Sacramento", 201590, "Donte Greene", "", "", "0:25", 1, 1, 1.0, 0, 0, 0.0, 0, 0, 0.0, 0, 0, 0, 0, 0, 0, 0, 0, 2, 2.0], ["0021100036", 1610612758, "SAC", "Sacramento", 2566, "Travis Outlaw", "", "", "8:36", 0, 1, 0.0, 0, 1, 0.0, 0, 0, 0.0, 0, 0, 0, 0, 0, 0, 0, 0, 0, -4.0], ["0021100036", 1610612758, "SAC", "Sacramento", 202738, "Isaiah Thomas", "", "", "0:24", 0, 0, 0.0, 0, 0, 0.0, 0, 0, 0.0, 0, 0, 0, 1, 0, 0, 0, 0, 0, 2.0], ["0021100036", 1610612758, "SAC", "Sacramento", 101128, "Francisco Garcia", "", "DNP - Coach's Decision", null, null, null, null, null, null, null, null, null, null, null, null, null, null, null, null, null, null, null, null], ["0021100036", 1610612758, "SAC", "Sacramento", 202715, "Tyler Honeycutt", "", "DNP - Coach's Decision", null, null, null, null, null, null, null, null, null, null, null, null, null, null, null, null, null, null, null, null]], "name": "PlayerStats"}, {"headers": ["GAME_ID", "TEAM_ID", "TEAM_NAME", "TEAM_ABBREVIATION", "TEAM_CITY", "MIN", "FGM", "FGA", "FG_PCT", "FG3M", "FG3A", "FG3_PCT", "FTM", "FTA", "FT_PCT", "OREB", "DREB", "REB", "AST", "STL", "BLK", "TO", "PF", "PTS", "PLUS_MINUS"], "rowSet": [["0021100036", 1610612758, "Kings", "SAC", "Sacramento", "240:00", 35, 83, 0.422, 8, 17, 0.471, 20, 34, 0.588, 18, 24, 42, 13, 8, 2, 14, 19, 98, -10.0], ["0021100036", 1610612741, "Bulls", "CHI", "Chicago", "240:00", 43, 80, 0.538, 6, 12, 0.5, 16, 21, 0.762, 8, 33, 41, 25, 6, 5, 18, 27, 108, 10.0]], "name": "TeamStats"}, {"headers": ["LEAGUE_ID", "SEASON_ID", "TEAM_ID", "TEAM_ABBREVIATION", "TEAM_CITY", "PTS_PAINT", "PTS_2ND_CHANCE", "PTS_FB", "LARGEST_LEAD", "LEAD_CHANGES", "TIMES_TIED"], "rowSet": [["00", "22011", 1610612758, "SAC", "Sacramento", 48, 22, 14, 15, 3, 1], ["00", "22011", 1610612741, "CHI", "Chicago", 54, 14, 33, 15, 3, 1]], "name": "OtherStats"}, {"headers": ["OFFICIAL_ID", "FIRST_NAME", "LAST_NAME", "JERSEY_NUM"], "rowSet": [[1201, "Leon", "Wood", "40"], [1204, "Derek", "Richardson", "63"], [1664, "Gary", "Zielinski", "59"]], "name": "Officials"}, {"headers": ["GAME_DATE", "ATTENDANCE", "GAME_TIME"], "rowSet": [["THURSDAY, DECEMBER 29, 2011", 17317, "2:19"]], "name": "GameInfo"}, {"headers": ["PLAYER_ID", "FIRST_NAME", "LAST_NAME", "JERSEY_NUM", "TEAM_ID", "TEAM_CITY", "TEAM_NAME", "TEAM_ABBREVIATION"], "rowSet": [[202355, "Hassan", "Whiteside", "33", 1610612758, "Sacramento", "Kings", "SAC"]], "name": "InactivePlayers"}, {"headers": ["VIDEO_AVAILABLE_FLAG"], "rowSet": [[0]], "name": "AvailableVideo"}], "parameters": {"GameID": "0021100036", "RangeType": 0, "StartPeriod": 0, "StartRange": 0, "EndPeriod": 0, "EndRange": 0}}