{"resource": "boxscore", "resultSets": [{"headers": ["GAME_DATE_EST", "GAME_SEQUENCE", "GAME_ID", "GAME_STATUS_ID", "GAME_STATUS_TEXT", "GAMECODE", "HOME_TEAM_ID", "VISITOR_TEAM_ID", "SEASON", "LIVE_PERIOD", "LIVE_PC_TIME", "NATL_TV_BROADCASTER_ABBREVIATION", "LIVE_PERIOD_TIME_BCAST", "WH_STATUS"], "rowSet": [["2011-12-26T00:00:00", 12, "0021100017", 3, "Final", "20111226/CHIGSW", 1610612744, 1610612741, "2011", 4, "", null, "Q4  - ", 1]], "name": "GameSummary"}, {"headers": ["GAME_DATE_EST", "GAME_SEQUENCE", "GAME_ID", "TEAM_ID", "TEAM_ABBREVIATION", "TEAM_CITY_NAME", "TEAM_WINS_LOSSES", "PTS_QTR1", "PTS_QTR2", "PTS_QTR3", "PTS_QTR4", "PTS_OT1", "PTS_OT2", "PTS_OT3", "PTS_OT4", "PTS_OT5", "PTS_OT6", "PTS_OT7", "PTS_OT8", "PTS_OT9", "PTS_OT10", "PTS"], "rowSet": [["2011-12-26T00:00:00", 12, "0021100017", 1610612744, "GSW", "Golden State", "1-1", 30, 27, 21, 21, 0, 0, 0, 0, 0, 0, 0, 0, 0, 0, 99], ["2011-12-26T00:00:00", 12, "0021100017", 1610612741, "CHI", "Chicago", "1-1", 22, 19, 20, 30, 0, 0, 0, 0, 0, 0, 0, 0, 0, 0, 91]], "name": "LineScore"}, {"headers": ["GAME_ID", "HOME_TEAM_ID", "VISITOR_TEAM_ID", "GAME_DATE_EST", "HOME_TEAM_WINS", "HOME_TEAM_LOSSES", "SERIES_LEADER"], "rowSet": [["0021100017", 1610612744, 1610612741, "2011-12-26T00:00:00", 1, 0, "Golden State"]], "name": "SeasonSeries"}, {"headers": ["GAME_ID", "LAST_GAME_ID", "LAST_GAME_DATE_EST", "LAST_GAME_HOME_TEAM_ID", "LAST_GAME_HOME_TEAM_CITY", "LAST_GAME_HOME_TEAM_NAME", "LAST_GAME_HOME_TEAM_ABBREVIATION", "LAST_GAME_HOME_TEAM_POINTS", "LAST_GAME_VISITOR_TEAM_ID", "LAST_GAME_VISITOR_TEAM_CITY", "LAST_GAME_VISITOR_TEAM_NAME", "LAST_GAME_VISITOR_TEAM_CITY1", "LAST_GAME_VISITOR_TEAM_POINTS"], "rowSet": [["0021100017", "0021000753", "2011-02-05T00:00:00", 1610612744, "Golden State", "Warriors", "GSW", 101, 1610612741, "Chicago", "Bulls", "CHI", 90]], "name": "LastMeeting"}, {"headers": ["GAME_ID", "TEAM_ID", "TEAM_ABBREVIATION", "TEAM_CITY", "PLAYER_ID", "PLAYER_NAME", "START_POSITION", "COMMENT", "MIN", "FGM", "FGA", "FG_PCT", "FG3M", "FG3A", "FG3_PCT", "FTM", "FTA", "FT_PCT", "OREB", "DREB", "REB", "AST", "STL", "BLK", "TO", "PF", "PTS", "PLUS_MINUS"], "rowSet": [["0021100017", 1610612741, "CHI", "Chicago", 2736, "Luol Deng", "F", "", "41:17", 10, 15, 0.667, 1, 4, 0.25, 1, 2, 0.5, 2, 8, 10, 1, 0, 1, 4, 2, 22, 1.0], ["0021100017", 1610612741, "CHI", "Chicago", 2430, "Carlos Boozer", "F", "", "25:48", 3, 7, 0.429, 0, 0, 0.0, 0, 0, 0.0, 1, 2, 3, 1, 1, 0, 2, 2, 6, -7.0], ["0021100017", 1610612741, "CHI", "Chicago", 201149, "Joakim Noah", "C", "", "25:39", 3, 7, 0.429, 0, 0, 0.0, 1, 2, 0.5, 3, 7, 10, 0, 1, 0, 2, 1, 7, -6.0], ["0021100017", 1610612741, "CHI", "Chicago", 1888, "Richard Hamilton", "G", "", "24:20", 5, 12, 0.417, 0, 1, 0.0, 0, 0, 0.0, 2, 1, 3, 4, 0, 0, 3, 3, 10, -2.0], ["0021100017", 1610612741, "CHI", "Chicago", 201565, "Derrick Rose", "G", "", "39:04", 4, 17, 0.235, 1, 8, 0.125, 4, 4, 1.0, 1, 4, 5, 8, 0, 0, 3, 3, 13, 1.0], ["0021100017", 1610612741, "CHI", "Chicago", 200758, "Ronnie Brewer", "", "", "15:12", 1, 4, 0.25, 0, 0, 0.0, 2, 6, 0.333, 1, 3, 4, 1, 0, 0, 0, 0, 4, -16.0], ["0021100017", 1610612741, "CHI", "Chicago", 201959, "Taj Gibson", "", "", "22:12", 2, 3, 0.667, 0, 0, 0.0, 1, 2, 0.5, 2, 7, 9, 0, 0, 2, 4, 2, 5, -1.0], ["0021100017", 1610612741, "CHI", "Chicago", 201600, "Omer Asik", "", "", "9:59", 0, 1, 0.0, 0, 0, 0.0, 0, 0, 0.0, 0, 0, 0, 0, 0, 0, 0, 3, 0, -13.0], ["0021100017", 1610612741, "CHI", "Chicago", 201228, "CJ Watson", "", "", "19:40", 3, 10, 0.3, 3, 6, 0.5, 4, 4, 1.0, 2, 0, 2, 1, 1, 0, 2, 3, 13, 1.0], ["0021100017", 1610612741, "CHI", "Chicago", 2594, "Kyle Korver", "", "", "16:49", 3, 6, 0.5, 3, 5, 0.6, 2, 2, 1.0, 0, 1, 1, 0, 0, 0, 0, 2, 11, 2.0], ["0021100017", 1610612741, "CHI", "Chicago", 202710, "Jimmy Butler", "", "DNP - Coach's Decision", null, null, null, null, null, null, null, null, null, null, null, null, null, null, null, null, null, null, null, null], ["0021100017", 1610612741, "CHI", "Chicago", 101249, "John Lucas III", "", "DNP - Coach's Decision", null, null, null, null, null, null, null, null, null, null, null, null, null, null, null, null, null, null, null, null], ["0021100017", 1610612741, "CHI", "Chicago", 2243, "Brian Scalabrine", "", "DNP - Coach's Decision", null, null, null, null, null, null, null, null, null, null, null, null, null, null, null, null, null, null, null, null], ["0021100017", 1610612744, "GSW", "Golden State", 2748, "Dorell Wright", "F", "", "33:42", 6, 10, 0.6, 1, 4, 0.25, 0, 0, 0.0, 0, 3, 3, 1, 1, 0, 0, 3, 13, -12.0], ["0021100017", 1610612744, "GSW", "Golden State", 101135, "David Lee", "F", "", "34:17", 8, 16, 0.5, 0, 0, 0.0, 6, 8, 0.75, 1, 6, 7, 1, 1, 0, 1, 2, 22, -4.0], ["0021100017", 1610612744, "GSW", "Golden State", 2740, "Andris Biedrins", "C", "", "13:41", 0, 4, 0.0, 0, 0, 0.0, 0, 0, 0.0, 3, 1, 4, 0, 3, 1, 0, 2, 0, -1.0], ["0021100017", 1610612744, "GSW", "Golden State", 101145, "Monta Ellis", "G", "", "37:22", 10, 17, 0.588, 1, 4, 0.25, 5, 6, 0.833, 0, 2, 2, 7, 0, 1, 3, 3, 26, 0.0], ["0021100017", 1610612744, "GSW", "Golden State", 201939, "Stephen Curry", "G", "", "37:29", 7, 12, 0.583, 1, 3, 0.333, 6, 7, 0.857, 1, 6, 7, 10, 6, 0, 4, 4, 21, 11.0], ["0021100017", 1610612744, "GSW", "Golden State", 2198, "Kwame Brown", "", "", "23:07", 1, 3, 0.333, 0, 0, 0.0, 3, 6, 0.5, 1, 5, 6, 0, 4, 0, 0, 1, 5, 21.0], ["0021100017", 1610612744, "GSW", "Golden State", 201575, "Brandon Rush", "", "", "26:38", 2, 6, 0.333, 1, 3, 0.333, 0, 0, 0.0, 0, 3, 3, 1, 1, 2, 2, 1, 5, 11.0], ["0021100017", 1610612744, "GSW", "Golden State", 202327, "Ekpe Udoh", "", "", "13:08", 2, 4, 0.5, 0, 0, 0.0, 0, 0, 0.0, 0, 1, 1, 0, 0, 1, 0, 1, 4, 12.0], ["0021100017", 1610612744, "GSW", "Golden State", 202397, "Ish Smith", "", "", "4:16", 0, 2, 0.0, 0, 0, 0.0, 0, 0, 0.0, 0, 0, 0, 0, 0, 0, 0, 1, 0, 0.0], ["0021100017", 1610612744, "GSW", "Golden State", 202691, "Klay Thompson", "", "", "10:41", 0, 2, 0.0, 0, 1, 0.0, 0, 0, 0.0, 1, 2, 3, 2, 0, 0, 0, 1, 0, 8.0], ["0021100017", 1610612744, "GSW", "Golden State", 201187, "Dominic McGuire", "", "", "5:39", 0, 1, 0.0, 0, 0, 0.0, 3, 4, 0.75, 0, 0, 0, 0, 0, 0, 0, 0, 3, -6.0], ["0021100017", 1610612744, "GSW", "Golden State", 202724, "Charles Jenkins", "", "DNP - Coach's Decision", null, null, null, null, null, null, null, null, null, null, null, null, null, null, null, null, null, null, null, null], ["0021100017", 1610612744, "GSW", "Golden State", 202719, "Jeremy Tyler", "", "DNP - Coach's Decision", null, null, null, null, null, null, null, null, null, null, null, null, null, null, null, null, null, null, null, null]], "name": "PlayerStats"}, {"headers": ["GAME_ID", "TEAM_ID", "TEAM_NAME", "TEAM_ABBREVIATION", "TEAM_CITY", "MIN", "FGM", "FGA", "FG_PCT", "FG3M", "FG3A", "FG3_PCT", "FTM", "FTA", "FT_PCT", "OREB", "DREB", "REB", "AST", "STL", "BLK", "TO", "PF", "PTS", "PLUS_MINUS"], "rowSet": [["0021100017", 1610612744, "Warriors", "GSW", "Golden State", "240:00", 36, 77, 0.468, 4, 15, 0.267, 23, 31, 0.742, 7, 29, 36, 22, 16, 5, 10, 19, 99, 8.0], ["0021100017", 1610612741, "Bulls", "CHI", "Chicago", "240:00", 34, 82, 0.415, 8, 24, 0.333, 15, 22, 0.682, 14, 33, 47, 16, 3, 3, 20, 21, 91, -8.0]], "name": "TeamStats"}, {"headers": ["LEAGUE_ID", "SEASON_ID", "TEAM_ID", "TEAM_ABBREVIATION", "TEAM_CITY", "PTS_PAINT", "PTS_2ND_CHANCE", "PTS_FB", "LARGEST_LEAD", "LEAD_CHANGES", "TIMES_TIED"], "rowSet": [["00", "22011", 1610612744, "GSW", "Golden State", 42, 2, 20, 19, 3, 8], ["00", "22011", 1610612741, "CHI", "Chicago", 32, 14, 17, 19, 3, 8]], "name": "OtherStats"}, {"headers": ["OFFICIAL_ID", "FIRST_NAME", "LAST_NAME", "JERSEY_NUM"], "rowSet": [[2530, "Ed", "Malloy", "14"], [2715, "Eric", "Lewis", "42"], [202027, "Tre", "Maddox", "73"]], "name": "Officials"}, {"headers": ["GAME_DATE", "ATTENDANCE", "GAME_TIME"], "rowSet": [["MONDAY, DECEMBER 26, 2011", 19596, "2:18"]], "name": "GameInfo"}, {"headers": ["PLAYER_ID", "FIRST_NAME", "LAST_NAME", "JERSEY_NUM", "TEAM_ID", "TEAM_CITY", "TEAM_NAME", "TEAM_ABBREVIATION"], "rowSet": [[202874, "Chris", "Wright", "33", 1610612744, "Golden State", "Warriors", "GSW"]], "name": "InactivePlayers"}, {"headers": ["VIDEO_AVAILABLE_FLAG"], "rowSet": [[0]], "name": "AvailableVideo"}], "parameters": {"GameID": "0021100017", "RangeType": 0, "StartPeriod": 0, "StartRange": 0, "EndPeriod": 0, "EndRange": 0}}