{"resource": "boxscore", "resultSets": [{"headers": ["GAME_DATE_EST", "GAME_SEQUENCE", "GAME_ID", "GAME_STATUS_ID", "GAME_STATUS_TEXT", "GAMECODE", "HOME_TEAM_ID", "VISITOR_TEAM_ID", "SEASON", "LIVE_PERIOD", "LIVE_PC_TIME", "NATL_TV_BROADCASTER_ABBREVIATION", "LIVE_PERIOD_TIME_BCAST", "WH_STATUS"], "rowSet": [["2011-12-26T00:00:00", 7, "0021100012", 3, "Final", "20111226/DENDAL", 1610612742, 1610612743, "2011", 4, "", null, "Q4  - ", 1]], "name": "GameSummary"}, {"headers": ["GAME_DATE_EST", "GAME_SEQUENCE", "GAME_ID", "TEAM_ID", "TEAM_ABBREVIATION", "TEAM_CITY_NAME", "TEAM_WINS_LOSSES", "PTS_QTR1", "PTS_QTR2", "PTS_QTR3", "PTS_QTR4", "PTS_OT1", "PTS_OT2", "PTS_OT3", "PTS_OT4", "PTS_OT5", "PTS_OT6", "PTS_OT7", "PTS_OT8", "PTS_OT9", "PTS_OT10", "PTS"], "rowSet": [["2011-12-26T00:00:00", 7, "0021100012", 1610612742, "DAL", "Dallas", "0-2", 23, 19, 26, 25, 0, 0, 0, 0, 0, 0, 0, 0, 0, 0, 93], ["2011-12-26T00:00:00", 7, "0021100012", 1610612743, "DEN", "Denver", "1-0", 32, 37, 28, 18, 0, 0, 0, 0, 0, 0, 0, 0, 0, 0, 115]], "name": "LineScore"}, {"headers": ["GAME_ID", "HOME_TEAM_ID", "VISITOR_TEAM_ID", "GAME_DATE_EST", "HOME_TEAM_WINS", "HOME_TEAM_LOSSES", "SERIES_LEADER"], "rowSet": [["0021100012", 1610612742, 1610612743, "2011-12-26T00:00:00", 3, 1, "Dallas"]], "name": "SeasonSeries"}, {"headers": ["GAME_ID", "LAST_GAME_ID", "LAST_GAME_DATE_EST", "LAST_GAME_HOME_TEAM_ID", "LAST_GAME_HOME_TEAM_CITY", "LAST_GAME_HOME_TEAM_NAME", "LAST_GAME_HOME_TEAM_ABBREVIATION", "LAST_GAME_HOME_TEAM_POINTS", "LAST_GAME_VISITOR_TEAM_ID", "LAST_GAME_VISITOR_TEAM_CITY", "LAST_GAME_VISITOR_TEAM_NAME", "LAST_GAME_VISITOR_TEAM_CITY1", "LAST_GAME_VISITOR_TEAM_POINTS"], "rowSet": [["0021100012", "0021001172", "2011-04-06T00:00:00", 1610612742, "Dallas", "Mavericks", "DAL", 96, 1610612743, "Denver", "Nuggets", "DEN", 104]], "name": "LastMeeting"}, {"headers": ["GAME_ID", "TEAM_ID", "TEAM_ABBREVIATION", "TEAM_CITY", "PLAYER_ID", "PLAYER_NAME", "START_POSITION", "COMMENT", "MIN", "FGM", "FGA", "FG_PCT", "FG3M", "FG3A", "FG3_PCT", "FTM", "FTA", "FT_PCT", "OREB", "DREB", "REB", "AST", "STL", "BLK", "TO", "PF", "PTS", "PLUS_MINUS"], "rowSet": [["0021100012", 1610612743, "DEN", "Denver", 201568, "Danilo Gallinari", "F", "", "26:15", 4, 10, 0.4, 1, 5, 0.2, 6, 6, 1.0, 1, 6, 7, 3, 1, 1, 1, 2, 15, 26.0], ["0021100012", 1610612743, "DEN", "Denver", 2403, "Nene", "F", "", "23:26", 4, 8, 0.5, 0, 0, 0.0, 0, 0, 0.0, 0, 7, 7, 2, 0, 1, 3, 2, 8, 26.0], ["0021100012", 1610612743, "DEN", "Denver", 202389, "Timofey Mozgov", "C", "", "13:56", 0, 1, 0.0, 0, 0, 0.0, 1, 2, 0.5, 0, 3, 3, 0, 0, 0, 0, 1, 1, 2.0], ["0021100012", 1610612743, "DEN", "Denver", 201167, "Arron Afflalo", "G", "", "27:58", 4, 8, 0.5, 1, 2, 0.5, 2, 2, 1.0, 0, 1, 1, 2, 2, 0, 0, 2, 11, 5.0], ["0021100012", 1610612743, "DEN", "Denver", 201951, "Ty Lawson", "G", "", "31:53", 10, 15, 0.667, 3, 6, 0.5, 4, 4, 1.0, 1, 3, 4, 4, 3, 0, 2, 0, 27, 23.0], ["0021100012", 1610612743, "DEN", "Denver", 1889, "Andre Miller", "", "", "27:17", 6, 8, 0.75, 2, 2, 1.0, 4, 4, 1.0, 2, 3, 5, 5, 3, 1, 3, 1, 18, 14.0], ["0021100012", 1610612743, "DEN", "Denver", 1733, "Al Harrington", "", "", "21:43", 7, 13, 0.538, 2, 5, 0.4, 2, 2, 1.0, 2, 3, 5, 0, 1, 0, 2, 3, 18, 10.0], ["0021100012", 1610612743, "DEN", "Denver", 201164, "Rudy Fernandez", "", "", "29:40", 2, 8, 0.25, 1, 7, 0.143, 3, 6, 0.5, 1, 3, 4, 2, 3, 0, 2, 2, 8, 15.0], ["0021100012", 1610612743, "DEN", "Denver", 2365, "Chris Andersen", "", "", "21:09", 0, 3, 0.0, 0, 0, 0.0, 4, 4, 1.0, 2, 4, 6, 0, 0, 0, 0, 2, 4, -8.0], ["0021100012", 1610612743, "DEN", "Denver", 201147, "Corey Brewer", "", "", "13:18", 2, 5, 0.4, 0, 0, 0.0, 1, 4, 0.25, 1, 3, 4, 0, 1, 0, 2, 2, 5, -7.0], ["0021100012", 1610612743, "DEN", "Denver", 201585, "Kosta Koufos", "", "", "3:25", 0, 0, 0.0, 0, 0, 0.0, 0, 0, 0.0, 0, 1, 1, 0, 1, 0, 0, 1, 0, 4.0], ["0021100012", 1610612743, "DEN", "Denver", 201960, "DeMarre Carroll", "", "DNP - Coach's Decision", null, null, null, null, null, null, null, null, null, null, null, null, null, null, null, null, null, null, null, null], ["0021100012", 1610612743, "DEN", "Denver", 202702, "Kenneth Faried", "", "DNP - Coach's Decision", null, null, null, null, null, null, null, null, null, null, null, null, null, null, null, null, null, null, null, null], ["0021100012", 1610612742, "DAL", "Dallas", 1890, "Shawn Marion", "F", "", "23:10", 1, 5, 0.2, 0, 1, 0.0, 0, 0, 0.0, 0, 6, 6, 3, 0, 0, 1, 0, 2, -14.0], ["0021100012", 1610612742, "DAL", "Dallas", 1717, "Dirk Nowitzki", "F", "", "26:12", 7, 14, 0.5, 0, 2, 0.0, 6, 6, 1.0, 0, 4, 4, 0, 0, 0, 1, 2, 20, -21.0], ["0021100012", 1610612742, "DAL", "Dallas", 2217, "Brendan Haywood", "C", "", "21:38", 3, 5, 0.6, 0, 0, 0.0, 1, 4, 0.25, 2, 3, 5, 0, 0, 0, 0, 2, 7, -24.0], ["0021100012", 1610612742, "DAL", "Dallas", 2753, "Delonte West", "G", "", "25:27", 1, 5, 0.2, 0, 2, 0.0, 0, 0, 0.0, 0, 2, 2, 4, 3, 0, 1, 1, 2, 5.0], ["0021100012", 1610612742, "DAL", "Dallas", 467, "Jason Kidd", "G", "", "24:14", 4, 9, 0.444, 4, 8, 0.5, 0, 0, 0.0, 0, 3, 3, 4, 0, 0, 2, 2, 12, -27.0], ["0021100012", 1610612742, "DAL", "Dallas", 1891, "Jason Terry", "", "", "25:46", 3, 8, 0.375, 0, 2, 0.0, 0, 0, 0.0, 0, 2, 2, 4, 2, 0, 4, 2, 6, -23.0], ["0021100012", 1610612742, "DAL", "Dallas", 1713, "Vince Carter", "", "", "20:32", 3, 6, 0.5, 2, 3, 0.667, 3, 4, 0.75, 0, 1, 1, 3, 1, 1, 3, 4, 11, -3.0], ["0021100012", 1610612742, "DAL", "Dallas", 1885, "Lamar Odom", "", "", "32:56", 1, 10, 0.1, 0, 5, 0.0, 4, 5, 0.8, 0, 7, 7, 0, 0, 1, 2, 3, 6, -14.0], ["0021100012", 1610612742, "DAL", "Dallas", 101133, "Ian Mahinmi", "", "", "4:43", 1, 2, 0.5, 0, 0, 0.0, 1, 2, 0.5, 1, 0, 1, 0, 0, 0, 0, 0, 3, -6.0], ["0021100012", 1610612742, "DAL", "Dallas", 201958, "Rodrigue Beaubois", "", "", "14:43", 3, 5, 0.6, 2, 2, 1.0, 2, 2, 1.0, 1, 1, 2, 1, 2, 0, 2, 4, 10, 13.0], ["0021100012", 1610612742, "DAL", "Dallas", 202346, "Dominique Jones", "", "", "4:07", 0, 1, 0.0, 0, 1, 0.0, 0, 0, 0.0, 0, 1, 1, 0, 0, 0, 0, 0, 0, -6.0], ["0021100012", 1610612742, "DAL", "Dallas", 2073, "Brian Cardinal", "", "", "5:26", 1, 2, 0.5, 0, 1, 0.0, 0, 0, 0.0, 0, 0, 0, 0, 2, 0, 0, 3, 2, -5.0], ["0021100012", 1610612742, "DAL", "Dallas", 201157, "Sean Williams", "", "", "11:06", 4, 4, 1.0, 0, 0, 0.0, 4, 4, 1.0, 1, 2, 3, 0, 1, 1, 3, 5, 12, 15.0]], "name": "PlayerStats"}, {"headers": ["GAME_ID", "TEAM_ID", "TEAM_NAME", "TEAM_ABBREVIATION", "TEAM_CITY", "MIN", "FGM", "FGA", "FG_PCT", "FG3M", "FG3A", "FG3_PCT", "FTM", "FTA", "FT_PCT", "OREB", "DREB", "REB", "AST", "STL", "BLK", "TO", "PF", "PTS", "PLUS_MINUS"], "rowSet": [["0021100012", 1610612743, "Nuggets", "DEN", "Denver", "240:00", 39, 79, 0.494, 10, 27, 0.37, 27, 34, 0.794, 10, 37, 47, 18, 15, 3, 15, 18, 115, 22.0], ["0021100012", 1610612742, "Mavericks", "DAL", "Dallas", "240:00", 32, 76, 0.421, 8, 27, 0.296, 21, 27, 0.778, 5, 32, 37, 19, 11, 3, 19, 28, 93, -22.0]], "name": "TeamStats"}, {"headers": ["LEAGUE_ID", "SEASON_ID", "TEAM_ID", "TEAM_ABBREVIATION", "TEAM_CITY", "PTS_PAINT", "PTS_2ND_CHANCE", "PTS_FB", "LARGEST_LEAD", "LEAD_CHANGES", "TIMES_TIED"], "rowSet": [["00", "22011", 1610612742, "DAL", "Dallas", 34, 8, 12, 33, 4, 6], ["00", "22011", 1610612743, "DEN", "Denver", 40, 10, 20, 32, 4, 6]], "name": "OtherStats"}, {"headers": ["OFFICIAL_ID", "FIRST_NAME", "LAST_NAME", "JERSEY_NUM"], "rowSet": [[1662, "Bill", "Kennedy", "55"], [2714, "David", "Guthrie", "16"], [202007, "Nick", "Buchert", "54"]], "name": "Officials"}, {"headers": ["GAME_DATE", "ATTENDANCE", "GAME_TIME"], "rowSet": [["MONDAY, DECEMBER 26, 2011", 20408, "2:13"]], "name": "GameInfo"}, {"headers": ["PLAYER_ID", "FIRST_NAME", "LAST_NAME", "JERSEY_NUM", "TEAM_ID", "TEAM_CITY", "TEAM_NAME", "TEAM_ABBREVIATION"], "rowSet": [[201148, "Brandan", "Wright", "34", 1610612742, "Dallas", "Mavericks", "DAL"], [202706, "Jordan", "Hamilton", " 1", 1610612743, "Denver", "Nuggets", "DEN"], [202933, "Julyan", "Stone", "10", 1610612743, "Denver", "Nuggets", "DEN"]], "name": "InactivePlayers"}, {"headers": ["VIDEO_AVAILABLE_FLAG"], "rowSet": [[0]], "name": "AvailableVideo"}], "parameters": {"GameID": "0021100012", "RangeType": 0, "StartPeriod": 0, "StartRange": 0, "EndPeriod": 0, "EndRange": 0}}