{"resource": "boxscore", "resultSets": [{"headers": ["GAME_DATE_EST", "GAME_SEQUENCE", "GAME_ID", "GAME_STATUS_ID", "GAME_STATUS_TEXT", "GAMECODE", "HOME_TEAM_ID", "VISITOR_TEAM_ID", "SEASON", "LIVE_PERIOD", "LIVE_PC_TIME", "NATL_TV_BROADCASTER_ABBREVIATION", "LIVE_PERIOD_TIME_BCAST", "WH_STATUS"], "rowSet": [["2011-12-26T00:00:00", 4, "0021100009", 3, "Final", "20111226/TORCLE", 1610612739, 1610612761, "2011", 4, "", null, "Q4  - ", 1]], "name": "GameSummary"}, {"headers": ["GAME_DATE_EST", "GAME_SEQUENCE", "GAME_ID", "TEAM_ID", "TEAM_ABBREVIATION", "TEAM_CITY_NAME", "TEAM_WINS_LOSSES", "PTS_QTR1", "PTS_QTR2", "PTS_QTR3", "PTS_QTR4", "PTS_OT1", "PTS_OT2", "PTS_OT3", "PTS_OT4", "PTS_OT5", "PTS_OT6", "PTS_OT7", "PTS_OT8", "PTS_OT9", "PTS_OT10", "PTS"], "rowSet": [["2011-12-26T00:00:00", 4, "0021100009", 1610612739, "CLE", "Cleveland", "0-1", 23, 19, 28, 26, 0, 0, 0, 0, 0, 0, 0, 0, 0, 0, 96], ["2011-12-26T00:00:00", 4, "0021100009", 1610612761, "TOR", "Toronto", "1-0", 23, 29, 26, 26, 0, 0, 0, 0, 0, 0, 0, 0, 0, 0, 104]], "name": "LineScore"}, {"headers": ["GAME_ID", "HOME_TEAM_ID", "VISITOR_TEAM_ID", "GAME_DATE_EST", "HOME_TEAM_WINS", "HOME_TEAM_LOSSES", "SERIES_LEADER"], "rowSet": [["0021100009", 1610612739, 1610612761, "2011-12-26T00:00:00", 1, 3, "Toronto"]], "name": "SeasonSeries"}, {"headers": ["GAME_ID", "LAST_GAME_ID", "LAST_GAME_DATE_EST", "LAST_GAME_HOME_TEAM_ID", "LAST_GAME_HOME_TEAM_CITY", "LAST_GAME_HOME_TEAM_NAME", "LAST_GAME_HOME_TEAM_ABBREVIATION", "LAST_GAME_HOME_TEAM_POINTS", "LAST_GAME_VISITOR_TEAM_ID", "LAST_GAME_VISITOR_TEAM_CITY", "LAST_GAME_VISITOR_TEAM_NAME", "LAST_GAME_VISITOR_TEAM_CITY1", "LAST_GAME_VISITOR_TEAM_POINTS"], "rowSet": [["0021100009", "0021001166", "2011-04-06T00:00:00", 1610612739, "Cleveland", "Cavaliers", "CLE", 104, 1610612761, "Toronto", "Raptors", "TOR", 96]], "name": "LastMeeting"}, {"headers": ["GAME_ID", "TEAM_ID", "TEAM_ABBREVIATION", "TEAM_CITY", "PLAYER_ID", "PLAYER_NAME", "START_POSITION", "COMMENT", "MIN", "FGM", "FGA", "FG_PCT", "FG3M", "FG3A", "FG3_PCT", "FTM", "FTA", "FT_PCT", "OREB", "DREB", "REB", "AST", "STL", "BLK", "TO", "PF", "PTS", "PLUS_MINUS"], "rowSet": [["0021100009", 1610612761, "TOR", "Toronto", 2446, "Rasual Butler", "F", "", "11:54", 1, 4, 0.25, 1, 4, 0.25, 0, 0, 0.0, 0, 1, 1, 2, 0, 0, 0, 3, 3, 2.0], ["0021100009", 1610612761, "TOR", "Toronto", 200745, "Andrea Bargnani", "F", "", "30:06", 5, 12, 0.417, 1, 4, 0.25, 2, 2, 1.0, 0, 6, 6, 2, 0, 0, 0, 2, 13, 9.0], ["0021100009", 1610612761, "TOR", "Toronto", 101161, "Amir Johnson", "C", "", "32:33", 5, 7, 0.714, 0, 0, 0.0, 3, 4, 0.75, 4, 9, 13, 3, 1, 3, 3, 4, 13, 8.0], ["0021100009", 1610612761, "TOR", "Toronto", 201942, "DeMar DeRozan", "G", "", "25:51", 7, 13, 0.538, 0, 1, 0.0, 1, 2, 0.5, 0, 2, 2, 2, 1, 0, 0, 0, 15, 14.0], ["0021100009", 1610612761, "TOR", "Toronto", 101181, "Jose Calderon", "G", "", "30:25", 5, 9, 0.556, 3, 5, 0.6, 2, 2, 1.0, 2, 4, 6, 11, 0, 0, 1, 2, 15, 12.0], ["0021100009", 1610612761, "TOR", "Toronto", 201949, "James Johnson", "", "", "36:06", 2, 4, 0.5, 1, 1, 1.0, 0, 0, 0.0, 0, 6, 6, 5, 2, 3, 4, 1, 5, 6.0], ["0021100009", 1610612761, "TOR", "Toronto", 2571, "Leandro Barbosa", "", "", "22:09", 5, 14, 0.357, 1, 3, 0.333, 3, 3, 1.0, 0, 0, 0, 4, 0, 0, 2, 4, 14, -6.0], ["0021100009", 1610612761, "TOR", "Toronto", 201573, "Jerryd Bayless", "", "", "17:35", 4, 8, 0.5, 2, 3, 0.667, 0, 0, 0.0, 0, 1, 1, 3, 0, 0, 1, 1, 10, -4.0], ["0021100009", 1610612761, "TOR", "Toronto", 202334, "Ed Davis", "", "", "17:54", 7, 7, 1.0, 0, 0, 0.0, 0, 0, 0.0, 4, 3, 7, 2, 0, 2, 0, 3, 14, -1.0], ["0021100009", 1610612761, "TOR", "Toronto", 2048, "Jamaal Magloire", "", "", "15:27", 1, 1, 1.0, 0, 0, 0.0, 0, 0, 0.0, 1, 2, 3, 1, 0, 1, 1, 2, 2, 0.0], ["0021100009", 1610612761, "TOR", "Toronto", 202374, "Solomon Alabi", "", "DNP - Coach's Decision", null, null, null, null, null, null, null, null, null, null, null, null, null, null, null, null, null, null, null, null], ["0021100009", 1610612761, "TOR", "Toronto", 1853, "Anthony Carter", "", "DNP - Coach's Decision", null, null, null, null, null, null, null, null, null, null, null, null, null, null, null, null, null, null, null, null], ["0021100009", 1610612761, "TOR", "Toronto", 201814, "Gary Forbes", "", "DNP - Coach's Decision", null, null, null, null, null, null, null, null, null, null, null, null, null, null, null, null, null, null, null, null], ["0021100009", 1610612739, "CLE", "Cleveland", 201956, "Omri Casspi", "F", "", "20:33", 0, 4, 0.0, 0, 3, 0.0, 2, 2, 1.0, 0, 1, 1, 2, 1, 0, 1, 2, 2, -9.0], ["0021100009", 1610612739, "CLE", "Cleveland", 1712, "Antawn Jamison", "F", "", "30:43", 6, 20, 0.3, 0, 4, 0.0, 3, 6, 0.5, 3, 4, 7, 2, 0, 0, 0, 1, 15, -11.0], ["0021100009", 1610612739, "CLE", "Cleveland", 2760, "Anderson Varejao", "C", "", "32:31", 6, 12, 0.5, 0, 0, 0.0, 2, 3, 0.667, 7, 3, 10, 1, 1, 0, 1, 3, 14, -11.0], ["0021100009", 1610612739, "CLE", "Cleveland", 1515, "Anthony Parker", "G", "", "25:57", 3, 3, 1.0, 2, 2, 1.0, 0, 0, 0.0, 0, 2, 2, 0, 0, 0, 0, 2, 8, -6.0], ["0021100009", 1610612739, "CLE", "Cleveland", 202681, "Kyrie Irving", "G", "", "26:01", 2, 12, 0.167, 1, 5, 0.2, 1, 1, 1.0, 0, 3, 3, 7, 1, 0, 1, 2, 6, -10.0], ["0021100009", 1610612739, "CLE", "Cleveland", 201196, "Ramon Sessions", "", "", "21:59", 6, 12, 0.5, 2, 4, 0.5, 4, 5, 0.8, 1, 3, 4, 6, 1, 0, 1, 0, 18, 2.0], ["0021100009", 1610612739, "CLE", "Cleveland", 202087, "Alonzo Gee", "", "", "27:56", 5, 7, 0.714, 1, 2, 0.5, 4, 5, 0.8, 2, 1, 3, 3, 3, 0, 2, 2, 15, -1.0], ["0021100009", 1610612739, "CLE", "Cleveland", 202684, "Tristan Thompson", "", "", "17:17", 4, 6, 0.667, 0, 0, 0.0, 4, 6, 0.667, 2, 3, 5, 0, 0, 0, 0, 2, 12, 3.0], ["0021100009", 1610612739, "CLE", "Cleveland", 200789, "Daniel Gibson", "", "", "21:34", 3, 6, 0.5, 0, 0, 0.0, 0, 0, 0.0, 0, 1, 1, 0, 0, 0, 0, 2, 6, 0.0], ["0021100009", 1610612739, "CLE", "Cleveland", 200797, "Ryan Hollins", "", "", "15:29", 0, 3, 0.0, 0, 0, 0.0, 0, 0, 0.0, 0, 1, 1, 0, 0, 1, 1, 0, 0, 3.0], ["0021100009", 1610612739, "CLE", "Cleveland", 201963, "Christian Eyenga", "", "DNP - Coach's Decision", null, null, null, null, null, null, null, null, null, null, null, null, null, null, null, null, null, null, null, null], ["0021100009", 1610612739, "CLE", "Cleveland", 202376, "Luke Harangody", "", "DNP - Coach's Decision", null, null, null, null, null, null, null, null, null, null, null, null, null, null, null, null, null, null, null, null], ["0021100009", 1610612739, "CLE", "Cleveland", 202396, "Samardo Samuels", "", "DNP - Coach's Decision", null, null, null, null, null, null, null, null, null, null, null, null, null, null, null, null, null, null, null, null]], "name": "PlayerStats"}, {"headers": ["GAME_ID", "TEAM_ID", "TEAM_NAME", "TEAM_ABBREVIATION", "TEAM_CITY", "MIN", "FGM", "FGA", "FG_PCT", "FG3M", "FG3A", "FG3_PCT", "FTM", "FTA", "FT_PCT", "OREB", "DREB", "REB", "AST", "STL", "BLK", "TO", "PF", "PTS", "PLUS_MINUS"], "rowSet": [["0021100009", 1610612761, "Raptors", "TOR", "Toronto", "240:00", 42, 79, 0.532, 9, 21, 0.429, 11, 13, 0.846, 11, 34, 45, 35, 4, 9, 12, 22, 104, 8.0], ["0021100009", 1610612739, "Cavaliers", "CLE", "Cleveland", "240:00", 35, 85, 0.412, 6, 20, 0.3, 20, 28, 0.714, 15, 22, 37, 21, 7, 1, 7, 16, 96, -8.0]], "name": "TeamStats"}, {"headers": ["LEAGUE_ID", "SEASON_ID", "TEAM_ID", "TEAM_ABBREVIATION", "TEAM_CITY", "PTS_PAINT", "PTS_2ND_CHANCE", "PTS_FB", "LARGEST_LEAD", "LEAD_CHANGES", "TIMES_TIED"], "rowSet": [["00", "22011", 1610612739, "CLE", "Cleveland", 44, 16, 11, 15, 4, 6], ["00", "22011", 1610612761, "TOR", "Toronto", 48, 19, 0, 14, 4, 6]], "name": "OtherStats"}, {"headers": ["OFFICIAL_ID", "FIRST_NAME", "LAST_NAME", "JERSEY_NUM"], "rowSet": [[1185, "Violet", "Palmer", "12"], [1176, "Monty", "McCutchen", "13"], [202037, "JT", "Orr", "72"]], "name": "Officials"}, {"headers": ["GAME_DATE", "ATTENDANCE", "GAME_TIME"], "rowSet": [["MONDAY, DECEMBER 26, 2011", 20562, "2:08"]], "name": "GameInfo"}, {"headers": ["PLAYER_ID", "FIRST_NAME", "LAST_NAME", "JERSEY_NUM", "TEAM_ID", "TEAM_CITY", "TEAM_NAME", "TEAM_ABBREVIATION"], "rowSet": [[201623, "Semih", "Erden", " 9", 1610612739, "Cleveland", "Cavaliers", "CLE"], [202814, "Mychel", "Thompson", "21", 1610612739, "Cleveland", "Cavaliers", "CLE"], [101132, "Linas", "Kleiza", "11", 1610612761, "Toronto", "Raptors", "TOR"], [201189, "Aaron", "Gray", "34", 1610612761, "Toronto", "Raptors", "TOR"]], "name": "InactivePlayers"}, {"headers": ["VIDEO_AVAILABLE_FLAG"], "rowSet": [[0]], "name": "AvailableVideo"}], "parameters": {"GameID": "0021100009", "RangeType": 0, "StartPeriod": 0, "StartRange": 0, "EndPeriod": 0, "EndRange": 0}}