{"resource": "boxscore", "resultSets": [{"headers": ["GAME_DATE_EST", "GAME_SEQUENCE", "GAME_ID", "GAME_STATUS_ID", "GAME_STATUS_TEXT", "GAMECODE", "HOME_TEAM_ID", "VISITOR_TEAM_ID", "SEASON", "LIVE_PERIOD", "LIVE_PC_TIME", "NATL_TV_BROADCASTER_ABBREVIATION", "LIVE_PERIOD_TIME_BCAST", "WH_STATUS"], "rowSet": [["2011-12-31T00:00:00", 7, "0021100056", 3, "Final", "20111231/PHIGSW", 1610612744, 1610612755, "2011", 4, "", null, "Q4  - ", 1]], "name": "GameSummary"}, {"headers": ["GAME_DATE_EST", "GAME_SEQUENCE", "GAME_ID", "TEAM_ID", "TEAM_ABBREVIATION", "TEAM_CITY_NAME", "TEAM_WINS_LOSSES", "PTS_QTR1", "PTS_QTR2", "PTS_QTR3", "PTS_QTR4", "PTS_OT1", "PTS_OT2", "PTS_OT3", "PTS_OT4", "PTS_OT5", "PTS_OT6", "PTS_OT7", "PTS_OT8", "PTS_OT9", "PTS_OT10", "PTS"], "rowSet": [["2011-12-31T00:00:00", 7, "0021100056", 1610612744, "GSW", "Golden State", "2-2", 25, 17, 12, 25, 0, 0, 0, 0, 0, 0, 0, 0, 0, 0, 79], ["2011-12-31T00:00:00", 7, "0021100056", 1610612755, "PHI", "Philadelphia", "2-2", 19, 31, 22, 35, 0, 0, 0, 0, 0, 0, 0, 0, 0, 0, 107]], "name": "LineScore"}, {"headers": ["GAME_ID", "HOME_TEAM_ID", "VISITOR_TEAM_ID", "GAME_DATE_EST", "HOME_TEAM_WINS", "HOME_TEAM_LOSSES", "SERIES_LEADER"], "rowSet": [["0021100056", 1610612744, 1610612755, "2011-12-31T00:00:00", 0, 2, "Philadelphia"]], "name": "SeasonSeries"}, {"headers": ["GAME_ID", "LAST_GAME_ID", "LAST_GAME_DATE_EST", "LAST_GAME_HOME_TEAM_ID", "LAST_GAME_HOME_TEAM_CITY", "LAST_GAME_HOME_TEAM_NAME", "LAST_GAME_HOME_TEAM_ABBREVIATION", "LAST_GAME_HOME_TEAM_POINTS", "LAST_GAME_VISITOR_TEAM_ID", "LAST_GAME_VISITOR_TEAM_CITY", "LAST_GAME_VISITOR_TEAM_NAME", "LAST_GAME_VISITOR_TEAM_CITY1", "LAST_GAME_VISITOR_TEAM_POINTS"], "rowSet": [["0021100056", "0021000935", "2011-03-06T00:00:00", 1610612744, "Golden State", "Warriors", "GSW", 117, 1610612755, "Philadelphia", "76ers", "PHI", 125]], "name": "LastMeeting"}, {"headers": ["GAME_ID", "TEAM_ID", "TEAM_ABBREVIATION", "TEAM_CITY", "PLAYER_ID", "PLAYER_NAME", "START_POSITION", "COMMENT", "MIN", "FGM", "FGA", "FG_PCT", "FG3M", "FG3A", "FG3_PCT", "FTM", "FTA", "FT_PCT", "OREB", "DREB", "REB", "AST", "STL", "BLK", "TO", "PF", "PTS", "PLUS_MINUS"], "rowSet": [["0021100056", 1610612755, "PHI", "Philadelphia", 2738, "Andre Iguodala", "F", "", "30:45", 4, 10, 0.4, 3, 5, 0.6, 3, 6, 0.5, 1, 7, 8, 7, 0, 1, 1, 0, 14, 16.0], ["0021100056", 1610612755, "PHI", "Philadelphia", 1882, "Elton Brand", "F", "", "28:08", 3, 8, 0.375, 0, 0, 0.0, 1, 2, 0.5, 2, 4, 6, 4, 5, 1, 1, 3, 7, 3.0], ["0021100056", 1610612755, "PHI", "Philadelphia", 201150, "Spencer Hawes", "C", "", "30:04", 7, 9, 0.778, 0, 0, 0.0, 0, 2, 0.0, 3, 9, 12, 2, 0, 1, 1, 1, 14, 20.0], ["0021100056", 1610612755, "PHI", "Philadelphia", 201975, "Jodie Meeks", "G", "", "18:42", 1, 6, 0.167, 0, 3, 0.0, 0, 2, 0.0, 0, 2, 2, 1, 0, 0, 2, 1, 2, -1.0], ["0021100056", 1610612755, "PHI", "Philadelphia", 201950, "Jrue Holiday", "G", "", "34:56", 5, 12, 0.417, 2, 5, 0.4, 0, 0, 0.0, 1, 2, 3, 4, 1, 1, 2, 2, 12, 16.0], ["0021100056", 1610612755, "PHI", "Philadelphia", 201152, "Thaddeus Young", "", "", "30:22", 7, 12, 0.583, 0, 0, 0.0, 4, 5, 0.8, 2, 4, 6, 1, 2, 0, 2, 3, 18, 28.0], ["0021100056", 1610612755, "PHI", "Philadelphia", 202323, "Evan Turner", "", "", "28:10", 2, 8, 0.25, 0, 1, 0.0, 5, 7, 0.714, 0, 6, 6, 4, 1, 1, 1, 2, 9, 23.0], ["0021100056", 1610612755, "PHI", "Philadelphia", 101150, "Louis Williams", "", "", "28:16", 7, 11, 0.636, 4, 4, 1.0, 5, 7, 0.714, 1, 2, 3, 3, 2, 0, 1, 2, 23, 28.0], ["0021100056", 1610612755, "PHI", "Philadelphia", 202696, "Nikola Vucevic", "", "", "7:26", 2, 2, 1.0, 1, 1, 1.0, 0, 0, 0.0, 0, 2, 2, 2, 1, 1, 0, 2, 5, 5.0], ["0021100056", 1610612755, "PHI", "Philadelphia", 202342, "Craig Brackins", "", "", "3:11", 1, 1, 1.0, 1, 1, 1.0, 0, 0, 0.0, 0, 0, 0, 1, 0, 0, 1, 1, 3, 2.0], ["0021100056", 1610612755, "PHI", "Philadelphia", 1499, "Tony Battie", "", "DNP - Coach's Decision", null, null, null, null, null, null, null, null, null, null, null, null, null, null, null, null, null, null, null, null], ["0021100056", 1610612755, "PHI", "Philadelphia", 2804, "Andres Nocioni", "", "DNP - Coach's Decision", null, null, null, null, null, null, null, null, null, null, null, null, null, null, null, null, null, null, null, null], ["0021100056", 1610612755, "PHI", "Philadelphia", 201578, "Marreese Speights", "", "DNP - Coach's Decision", null, null, null, null, null, null, null, null, null, null, null, null, null, null, null, null, null, null, null, null], ["0021100056", 1610612744, "GSW", "Golden State", 2748, "Dorell Wright", "F", "", "29:22", 2, 10, 0.2, 0, 3, 0.0, 0, 0, 0.0, 1, 4, 5, 4, 0, 0, 0, 2, 4, -16.0], ["0021100056", 1610612744, "GSW", "Golden State", 101135, "David Lee", "F", "", "30:41", 8, 24, 0.333, 0, 0, 0.0, 3, 4, 0.75, 6, 2, 8, 1, 0, 0, 1, 1, 19, -16.0], ["0021100056", 1610612744, "GSW", "Golden State", 2740, "Andris Biedrins", "C", "", "9:12", 1, 1, 1.0, 0, 0, 0.0, 0, 0, 0.0, 1, 3, 4, 1, 1, 0, 0, 1, 2, -5.0], ["0021100056", 1610612744, "GSW", "Golden State", 202691, "Klay Thompson", "G", "", "26:26", 1, 3, 0.333, 1, 2, 0.5, 0, 0, 0.0, 0, 2, 2, 3, 1, 0, 3, 4, 3, -13.0], ["0021100056", 1610612744, "GSW", "Golden State", 201939, "Stephen Curry", "G", "", "30:17", 9, 15, 0.6, 3, 8, 0.375, 0, 0, 0.0, 0, 4, 4, 4, 0, 0, 5, 3, 21, -22.0], ["0021100056", 1610612744, "GSW", "Golden State", 2198, "Kwame Brown", "", "", "15:10", 1, 1, 1.0, 0, 0, 0.0, 0, 0, 0.0, 0, 7, 7, 0, 1, 0, 1, 2, 2, 3.0], ["0021100056", 1610612744, "GSW", "Golden State", 202397, "Ish Smith", "", "", "23:47", 4, 11, 0.364, 0, 2, 0.0, 1, 2, 0.5, 1, 2, 3, 5, 2, 0, 0, 1, 9, 0.0], ["0021100056", 1610612744, "GSW", "Golden State", 201575, "Brandon Rush", "", "", "31:44", 1, 6, 0.167, 0, 2, 0.0, 2, 4, 0.5, 0, 2, 2, 2, 1, 1, 1, 1, 4, -30.0], ["0021100056", 1610612744, "GSW", "Golden State", 202327, "Ekpe Udoh", "", "", "18:38", 3, 10, 0.3, 0, 0, 0.0, 1, 2, 0.5, 4, 5, 9, 0, 0, 0, 1, 4, 7, -16.0], ["0021100056", 1610612744, "GSW", "Golden State", 201187, "Dominic McGuire", "", "", "15:16", 3, 5, 0.6, 0, 0, 0.0, 0, 0, 0.0, 1, 0, 1, 0, 1, 0, 1, 2, 6, -20.0], ["0021100056", 1610612744, "GSW", "Golden State", 202874, "Chris Wright", "", "", "6:16", 0, 2, 0.0, 0, 0, 0.0, 0, 0, 0.0, 2, 1, 3, 0, 0, 1, 1, 0, 0, -3.0], ["0021100056", 1610612744, "GSW", "Golden State", 202719, "Jeremy Tyler", "", "", "3:11", 1, 1, 1.0, 0, 0, 0.0, 0, 0, 0.0, 0, 0, 0, 0, 0, 0, 0, 1, 2, -2.0], ["0021100056", 1610612744, "GSW", "Golden State", 202724, "Charles Jenkins", "", "DNP - Coach's Decision", null, null, null, null, null, null, null, null, null, null, null, null, null, null, null, null, null, null, null, null]], "name": "PlayerStats"}, {"headers": ["GAME_ID", "TEAM_ID", "TEAM_NAME", "TEAM_ABBREVIATION", "TEAM_CITY", "MIN", "FGM", "FGA", "FG_PCT", "FG3M", "FG3A", "FG3_PCT", "FTM", "FTA", "FT_PCT", "OREB", "DREB", "REB", "AST", "STL", "BLK", "TO", "PF", "PTS", "PLUS_MINUS"], "rowSet": [["0021100056", 1610612755, "76ers", "PHI", "Philadelphia", "240:00", 39, 79, 0.494, 11, 20, 0.55, 18, 31, 0.581, 10, 38, 48, 29, 12, 6, 12, 17, 107, 28.0], ["0021100056", 1610612744, "Warriors", "GSW", "Golden State", "240:00", 34, 89, 0.382, 4, 17, 0.235, 7, 12, 0.583, 16, 32, 48, 20, 7, 2, 14, 22, 79, -28.0]], "name": "TeamStats"}, {"headers": ["LEAGUE_ID", "SEASON_ID", "TEAM_ID", "TEAM_ABBREVIATION", "TEAM_CITY", "PTS_PAINT", "PTS_2ND_CHANCE", "PTS_FB", "LARGEST_LEAD", "LEAD_CHANGES", "TIMES_TIED"], "rowSet": [["00", "22011", 1610612744, "GSW", "Golden State", 42, 15, 8, 27, 2, 5], ["00", "22011", 1610612755, "PHI", "Philadelphia", 36, 13, 19, 26, 2, 5]], "name": "OtherStats"}, {"headers": ["OFFICIAL_ID", "FIRST_NAME", "LAST_NAME", "JERSEY_NUM"], "rowSet": [[1190, "Eddie", "Rush", "32"], [2003, "Pat", "Fraher", "26"], [201637, "Haywoode", "Workman", "66"]], "name": "Officials"}, {"headers": ["GAME_DATE", "ATTENDANCE", "GAME_TIME"], "rowSet": [["SATURDAY, DECEMBER 31, 2011", 19084, "2:01"]], "name": "GameInfo"}, {"headers": ["PLAYER_ID", "FIRST_NAME", "LAST_NAME", "JERSEY_NUM", "TEAM_ID", "TEAM_CITY", "TEAM_NAME", "TEAM_ABBREVIATION"], "rowSet": [[202730, "Lavoy", "Allen", "50", 1610612755, "Philadelphia", "76ers", "PHI"], [101145, "Monta", "Ellis", " 8", 1610612744, "Golden State", "Warriors", "GSW"]], "name": "InactivePlayers"}, {"headers": ["VIDEO_AVAILABLE_FLAG"], "rowSet": [[0]], "name": "AvailableVideo"}], "parameters": {"GameID": "0021100056", "RangeType": 0, "StartPeriod": 0, "StartRange": 0, "EndPeriod": 0, "EndRange": 0}}