{"resource": "boxscore", "resultSets": [{"headers": ["GAME_DATE_EST", "GAME_SEQUENCE", "GAME_ID", "GAME_STATUS_ID", "GAME_STATUS_TEXT", "GAMECODE", "HOME_TEAM_ID", "VISITOR_TEAM_ID", "SEASON", "LIVE_PERIOD", "LIVE_PC_TIME", "NATL_TV_BROADCASTER_ABBREVIATION", "LIVE_PERIOD_TIME_BCAST", "WH_STATUS"], "rowSet": [["2011-12-30T00:00:00", 3, "0021100041", 3, "Final", "20111230/DETBOS", 1610612738, 1610612765, "2011", 4, "", null, "Q4  - ", 1]], "name": "GameSummary"}, {"headers": ["GAME_DATE_EST", "GAME_SEQUENCE", "GAME_ID", "TEAM_ID", "TEAM_ABBREVIATION", "TEAM_CITY_NAME", "TEAM_WINS_LOSSES", "PTS_QTR1", "PTS_QTR2", "PTS_QTR3", "PTS_QTR4", "PTS_OT1", "PTS_OT2", "PTS_OT3", "PTS_OT4", "PTS_OT5", "PTS_OT6", "PTS_OT7", "PTS_OT8", "PTS_OT9", "PTS_OT10", "PTS"], "rowSet": [["2011-12-30T00:00:00", 3, "0021100041", 1610612765, "DET", "Detroit", "0-3", 22, 21, 21, 21, 0, 0, 0, 0, 0, 0, 0, 0, 0, 0, 85], ["2011-12-30T00:00:00", 3, "0021100041", 1610612738, "BOS", "Boston", "1-3", 24, 26, 36, 10, 0, 0, 0, 0, 0, 0, 0, 0, 0, 0, 96]], "name": "LineScore"}, {"headers": ["GAME_ID", "HOME_TEAM_ID", "VISITOR_TEAM_ID", "GAME_DATE_EST", "HOME_TEAM_WINS", "HOME_TEAM_LOSSES", "SERIES_LEADER"], "rowSet": [["0021100041", 1610612738, 1610612765, "2011-12-30T00:00:00", 1, 2, "Detroit"]], "name": "SeasonSeries"}, {"headers": ["GAME_ID", "LAST_GAME_ID", "LAST_GAME_DATE_EST", "LAST_GAME_HOME_TEAM_ID", "LAST_GAME_HOME_TEAM_CITY", "LAST_GAME_HOME_TEAM_NAME", "LAST_GAME_HOME_TEAM_ABBREVIATION", "LAST_GAME_HOME_TEAM_POINTS", "LAST_GAME_VISITOR_TEAM_ID", "LAST_GAME_VISITOR_TEAM_CITY", "LAST_GAME_VISITOR_TEAM_NAME", "LAST_GAME_VISITOR_TEAM_CITY1", "LAST_GAME_VISITOR_TEAM_POINTS"], "rowSet": [["0021100041", "0021001140", "2011-04-03T00:00:00", 1610612738, "Boston", "Celtics", "BOS", 101, 1610612765, "Detroit", "Pistons", "DET", 90]], "name": "LastMeeting"}, {"headers": ["GAME_ID", "TEAM_ID", "TEAM_ABBREVIATION", "TEAM_CITY", "PLAYER_ID", "PLAYER_NAME", "START_POSITION", "COMMENT", "MIN", "FGM", "FGA", "FG_PCT", "FG3M", "FG3A", "FG3_PCT", "FTM", "FTA", "FT_PCT", "OREB", "DREB", "REB", "AST", "STL", "BLK", "TO", "PF", "PTS", "PLUS_MINUS"], "rowSet": [["0021100041", 1610612765, "DET", "Detroit", 2419, "Tayshaun Prince", "F", "", "30:30", 4, 9, 0.444, 1, 2, 0.5, 1, 1, 1.0, 1, 1, 2, 1, 0, 0, 0, 0, 10, -17.0], ["0021100041", 1610612765, "DET", "Detroit", 201973, "Jonas Jerebko", "F", "", "28:06", 4, 6, 0.667, 0, 0, 0.0, 2, 2, 1.0, 2, 3, 5, 0, 0, 0, 1, 1, 10, -18.0], ["0021100041", 1610612765, "DET", "Detroit", 202328, "Greg Monroe", "C", "", "33:38", 9, 12, 0.75, 0, 0, 0.0, 4, 4, 1.0, 6, 3, 9, 4, 2, 0, 2, 3, 22, -19.0], ["0021100041", 1610612765, "DET", "Detroit", 2732, "Ben Gordon", "G", "", "28:57", 4, 10, 0.4, 0, 2, 0.0, 1, 1, 1.0, 0, 3, 3, 5, 0, 0, 0, 3, 9, -4.0], ["0021100041", 1610612765, "DET", "Detroit", 201155, "Rodney Stuckey", "G", "", "27:27", 1, 11, 0.091, 0, 4, 0.0, 1, 2, 0.5, 0, 2, 2, 7, 1, 0, 1, 0, 3, -15.0], ["0021100041", 1610612765, "DET", "Detroit", 101131, "Jason Maxiell", "", "", "17:36", 1, 3, 0.333, 0, 0, 0.0, 2, 2, 1.0, 0, 2, 2, 1, 0, 0, 2, 0, 4, -6.0], ["0021100041", 1610612765, "DET", "Detroit", 202688, "Brandon Knight", "", "", "25:43", 3, 11, 0.273, 2, 5, 0.4, 2, 2, 1.0, 1, 2, 3, 0, 0, 0, 2, 3, 10, -13.0], ["0021100041", 1610612765, "DET", "Detroit", 201948, "Austin Daye", "", "", "16:12", 5, 11, 0.455, 0, 2, 0.0, 1, 1, 1.0, 1, 4, 5, 0, 0, 0, 1, 3, 11, 5.0], ["0021100041", 1610612765, "DET", "Detroit", 2863, "Damien Wilkins", "", "", "11:46", 2, 3, 0.667, 0, 1, 0.0, 0, 0, 0.0, 0, 1, 1, 0, 0, 0, 0, 1, 4, 4.0], ["0021100041", 1610612765, "DET", "Detroit", 1112, "Ben Wallace", "", "", "13:53", 1, 2, 0.5, 0, 0, 0.0, 0, 0, 0.0, 1, 1, 2, 0, 0, 0, 0, 0, 2, 14.0], ["0021100041", 1610612765, "DET", "Detroit", 101198, "Will Bynum", "", "", "3:25", 0, 1, 0.0, 0, 0, 0.0, 0, 0, 0.0, 0, 1, 1, 0, 0, 0, 0, 0, 0, 7.0], ["0021100041", 1610612765, "DET", "Detroit", 202731, "Vernon Macklin", "", "", "2:47", 0, 0, 0.0, 0, 0, 0.0, 0, 0, 0.0, 0, 0, 0, 0, 0, 0, 0, 0, 0, 7.0], ["0021100041", 1610612765, "DET", "Detroit", 101111, "Charlie Villanueva", "", "NWT - Suspension", null, null, null, null, null, null, null, null, null, null, null, null, null, null, null, null, null, null, null, null], ["0021100041", 1610612738, "BOS", "Boston", 1718, "Paul Pierce", "F", "", "22:49", 4, 8, 0.5, 2, 3, 0.667, 2, 2, 1.0, 0, 4, 4, 5, 1, 0, 1, 0, 12, 14.0], ["0021100041", 1610612738, "BOS", "Boston", 708, "Kevin Garnett", "F", "", "25:38", 4, 6, 0.667, 0, 0, 0.0, 0, 0, 0.0, 0, 3, 3, 3, 1, 1, 1, 0, 8, 10.0], ["0021100041", 1610612738, "BOS", "Boston", 979, "Jermaine O'Neal", "C", "", "28:36", 7, 9, 0.778, 0, 0, 0.0, 5, 5, 1.0, 1, 6, 7, 1, 0, 2, 1, 5, 19, 25.0], ["0021100041", 1610612738, "BOS", "Boston", 951, "Ray Allen", "G", "", "29:24", 5, 9, 0.556, 2, 5, 0.4, 5, 5, 1.0, 1, 0, 1, 4, 1, 0, 2, 0, 17, 22.0], ["0021100041", 1610612738, "BOS", "Boston", 200765, "Rajon Rondo", "G", "", "27:31", 4, 8, 0.5, 1, 2, 0.5, 0, 0, 0.0, 1, 2, 3, 5, 0, 0, 2, 2, 9, 12.0], ["0021100041", 1610612738, "BOS", "Boston", 2605, "Marquis Daniels", "", "", "22:24", 1, 4, 0.25, 0, 0, 0.0, 0, 0, 0.0, 0, 3, 3, 1, 0, 2, 1, 1, 2, 4.0], ["0021100041", 1610612738, "BOS", "Boston", 101138, "Brandon Bass", "", "", "22:06", 7, 11, 0.636, 0, 0, 0.0, 3, 3, 1.0, 1, 2, 3, 0, 0, 0, 0, 2, 17, 1.0], ["0021100041", 1610612738, "BOS", "Boston", 2039, "Keyon Dooling", "", "", "20:59", 1, 4, 0.25, 1, 4, 0.25, 2, 2, 1.0, 0, 1, 1, 5, 0, 0, 1, 3, 5, 0.0], ["0021100041", 1610612738, "BOS", "Boston", 2562, "Sasha Pavlovic", "", "", "14:03", 2, 5, 0.4, 1, 2, 0.5, 0, 0, 0.0, 0, 0, 0, 0, 0, 0, 0, 0, 5, -5.0], ["0021100041", 1610612738, "BOS", "Boston", 201880, "Greg Stiemsma", "", "", "16:15", 0, 1, 0.0, 0, 0, 0.0, 2, 2, 1.0, 1, 2, 3, 1, 1, 1, 1, 4, 2, -7.0], ["0021100041", 1610612738, "BOS", "Boston", 202707, "JaJuan Johnson", "", "", "3:25", 0, 1, 0.0, 0, 0, 0.0, 0, 0, 0.0, 0, 1, 1, 0, 0, 0, 0, 0, 0, -7.0], ["0021100041", 1610612738, "BOS", "Boston", 202340, "Avery Bradley", "", "", "3:25", 0, 1, 0.0, 0, 0, 0.0, 0, 0, 0.0, 0, 1, 1, 0, 0, 0, 0, 0, 0, -7.0], ["0021100041", 1610612738, "BOS", "Boston", 202734, "E'Twaun Moore", "", "", "3:25", 0, 0, 0.0, 0, 0, 0.0, 0, 0, 0.0, 0, 0, 0, 0, 0, 0, 0, 1, 0, -7.0]], "name": "PlayerStats"}, {"headers": ["GAME_ID", "TEAM_ID", "TEAM_NAME", "TEAM_ABBREVIATION", "TEAM_CITY", "MIN", "FGM", "FGA", "FG_PCT", "FG3M", "FG3A", "FG3_PCT", "FTM", "FTA", "FT_PCT", "OREB", "DREB", "REB", "AST", "STL", "BLK", "TO", "PF", "PTS", "PLUS_MINUS"], "rowSet": [["0021100041", 1610612765, "Pistons", "DET", "Detroit", "240:00", 34, 79, 0.43, 3, 16, 0.188, 14, 15, 0.933, 12, 23, 35, 18, 3, 0, 9, 14, 85, -11.0], ["0021100041", 1610612738, "Celtics", "BOS", "Boston", "240:00", 35, 67, 0.522, 7, 16, 0.438, 19, 19, 1.0, 5, 25, 30, 25, 4, 6, 10, 18, 96, 11.0]], "name": "TeamStats"}, {"headers": ["LEAGUE_ID", "SEASON_ID", "TEAM_ID", "TEAM_ABBREVIATION", "TEAM_CITY", "PTS_PAINT", "PTS_2ND_CHANCE", "PTS_FB", "LARGEST_LEAD", "LEAD_CHANGES", "TIMES_TIED"], "rowSet": [["00", "22011", 1610612738, "BOS", "Boston", 32, 4, 11, 25, 2, 4], ["00", "22011", 1610612765, "DET", "Detroit", 38, 17, 5, 25, 2, 4]], "name": "OtherStats"}, {"headers": ["OFFICIAL_ID", "FIRST_NAME", "LAST_NAME", "JERSEY_NUM"], "rowSet": [[1147, "Mike", "Callahan", "24"], [201640, "Kane", "Fitzgerald", "35"], [202026, "Karl", "Lane", "77"]], "name": "Officials"}, {"headers": ["GAME_DATE", "ATTENDANCE", "GAME_TIME"], "rowSet": [["FRIDAY, DECEMBER 30, 2011", 18624, "2:09"]], "name": "GameInfo"}, {"headers": ["PLAYER_ID", "FIRST_NAME", "LAST_NAME", "JERSEY_NUM", "TEAM_ID", "TEAM_CITY", "TEAM_NAME", "TEAM_ABBREVIATION"], "rowSet": [[2404, "Chris", "Wilcox", "44", 1610612738, "Boston", "Celtics", "BOS"], [2554, "Mickael", "Pietrus", "28", 1610612738, "Boston", "Celtics", "BOS"]], "name": "InactivePlayers"}, {"headers": ["VIDEO_AVAILABLE_FLAG"], "rowSet": [[0]], "name": "AvailableVideo"}], "parameters": {"GameID": "0021100041", "RangeType": 0, "StartPeriod": 0, "StartRange": 0, "EndPeriod": 0, "EndRange": 0}}