{"resource": "boxscore", "resultSets": [{"headers": ["GAME_DATE_EST", "GAME_SEQUENCE", "GAME_ID", "GAME_STATUS_ID", "GAME_STATUS_TEXT", "GAMECODE", "HOME_TEAM_ID", "VISITOR_TEAM_ID", "SEASON", "LIVE_PERIOD", "LIVE_PC_TIME", "NATL_TV_BROADCASTER_ABBREVIATION", "LIVE_PERIOD_TIME_BCAST", "WH_STATUS"], "rowSet": [["2011-12-29T00:00:00", 3, "0021100035", 3, "Final", "20111229/DALOKC", 1610612760, 1610612742, "2011", 4, "", "TNT", "Q4  - TNT", 1]], "name": "GameSummary"}, {"headers": ["GAME_DATE_EST", "GAME_SEQUENCE", "GAME_ID", "TEAM_ID", "TEAM_ABBREVIATION", "TEAM_CITY_NAME", "TEAM_WINS_LOSSES", "PTS_QTR1", "PTS_QTR2", "PTS_QTR3", "PTS_QTR4", "PTS_OT1", "PTS_OT2", "PTS_OT3", "PTS_OT4", "PTS_OT5", "PTS_OT6", "PTS_OT7", "PTS_OT8", "PTS_OT9", "PTS_OT10", "PTS"], "rowSet": [["2011-12-29T00:00:00", 3, "0021100035", 1610612742, "DAL", "Dallas", "0-3", 29, 23, 24, 26, 0, 0, 0, 0, 0, 0, 0, 0, 0, 0, 102], ["2011-12-29T00:00:00", 3, "0021100035", 1610612760, "OKC", "Oklahoma City", "4-0", 28, 28, 22, 26, 0, 0, 0, 0, 0, 0, 0, 0, 0, 0, 104]], "name": "LineScore"}, {"headers": ["GAME_ID", "HOME_TEAM_ID", "VISITOR_TEAM_ID", "GAME_DATE_EST", "HOME_TEAM_WINS", "HOME_TEAM_LOSSES", "SERIES_LEADER"], "rowSet": [["0021100035", 1610612760, 1610612742, "2011-12-29T00:00:00", 3, 1, "Oklahoma City"]], "name": "SeasonSeries"}, {"headers": ["GAME_ID", "LAST_GAME_ID", "LAST_GAME_DATE_EST", "LAST_GAME_HOME_TEAM_ID", "LAST_GAME_HOME_TEAM_CITY", "LAST_GAME_HOME_TEAM_NAME", "LAST_GAME_HOME_TEAM_ABBREVIATION", "LAST_GAME_HOME_TEAM_POINTS", "LAST_GAME_VISITOR_TEAM_ID", "LAST_GAME_VISITOR_TEAM_CITY", "LAST_GAME_VISITOR_TEAM_NAME", "LAST_GAME_VISITOR_TEAM_CITY1", "LAST_GAME_VISITOR_TEAM_POINTS"], "rowSet": [["0021100035", "0011100019", "2011-12-20T00:00:00", 1610612760, "Oklahoma City", "Thunder", "OKC", 87, 1610612742, "Dallas", "Mavericks", "DAL", 83]], "name": "LastMeeting"}, {"headers": ["GAME_ID", "TEAM_ID", "TEAM_ABBREVIATION", "TEAM_CITY", "PLAYER_ID", "PLAYER_NAME", "START_POSITION", "COMMENT", "MIN", "FGM", "FGA", "FG_PCT", "FG3M", "FG3A", "FG3_PCT", "FTM", "FTA", "FT_PCT", "OREB", "DREB", "REB", "AST", "STL", "BLK", "TO", "PF", "PTS", "PLUS_MINUS"], "rowSet": [["0021100035", 1610612742, "DAL", "Dallas", 1890, "Shawn Marion", "F", "", "31:29", 4, 11, 0.364, 0, 2, 0.0, 0, 0, 0.0, 4, 2, 6, 1, 2, 0, 1, 2, 8, -1.0], ["0021100035", 1610612742, "DAL", "Dallas", 1717, "Dirk Nowitzki", "F", "", "38:48", 9, 17, 0.529, 1, 4, 0.25, 10, 10, 1.0, 2, 8, 10, 4, 0, 0, 4, 5, 29, 19.0], ["0021100035", 1610612742, "DAL", "Dallas", 2217, "Brendan Haywood", "C", "", "22:33", 4, 7, 0.571, 0, 0, 0.0, 0, 1, 0.0, 2, 3, 5, 0, 1, 1, 1, 3, 8, 16.0], ["0021100035", 1610612742, "DAL", "Dallas", 2753, "Delonte West", "G", "", "22:55", 5, 10, 0.5, 1, 2, 0.5, 4, 4, 1.0, 1, 3, 4, 6, 2, 0, 1, 2, 15, 18.0], ["0021100035", 1610612742, "DAL", "Dallas", 467, "Jason Kidd", "G", "", "34:37", 1, 3, 0.333, 1, 3, 0.333, 0, 0, 0.0, 0, 4, 4, 3, 5, 0, 3, 1, 3, -2.0], ["0021100035", 1610612742, "DAL", "Dallas", 1891, "Jason Terry", "", "", "31:33", 6, 17, 0.353, 4, 8, 0.5, 0, 0, 0.0, 0, 0, 0, 9, 1, 0, 0, 1, 16, -21.0], ["0021100035", 1610612742, "DAL", "Dallas", 1885, "Lamar Odom", "", "", "17:01", 2, 11, 0.182, 0, 4, 0.0, 0, 0, 0.0, 0, 2, 2, 2, 1, 0, 0, 2, 4, -18.0], ["0021100035", 1610612742, "DAL", "Dallas", 201157, "Sean Williams", "", "", "4:12", 1, 2, 0.5, 0, 0, 0.0, 0, 0, 0.0, 2, 0, 2, 0, 0, 0, 0, 2, 2, -10.0], ["0021100035", 1610612742, "DAL", "Dallas", 1713, "Vince Carter", "", "", "16:11", 3, 8, 0.375, 2, 3, 0.667, 0, 2, 0.0, 1, 2, 3, 0, 1, 0, 1, 2, 8, 3.0], ["0021100035", 1610612742, "DAL", "Dallas", 101133, "Ian Mahinmi", "", "", "20:41", 3, 4, 0.75, 0, 0, 0.0, 3, 4, 0.75, 2, 0, 2, 0, 1, 0, 1, 4, 9, -14.0], ["0021100035", 1610612742, "DAL", "Dallas", 201958, "Rodrigue Beaubois", "", "DNP - Coach's Decision", null, null, null, null, null, null, null, null, null, null, null, null, null, null, null, null, null, null, null, null], ["0021100035", 1610612742, "DAL", "Dallas", 2073, "Brian Cardinal", "", "DNP - Coach's Decision", null, null, null, null, null, null, null, null, null, null, null, null, null, null, null, null, null, null, null, null], ["0021100035", 1610612742, "DAL", "Dallas", 202346, "Dominique Jones", "", "DNP - Coach's Decision", null, null, null, null, null, null, null, null, null, null, null, null, null, null, null, null, null, null, null, null], ["0021100035", 1610612760, "OKC", "Oklahoma City", 201142, "Kevin Durant", "F", "", "41:10", 10, 16, 0.625, 3, 5, 0.6, 7, 9, 0.778, 0, 11, 11, 6, 1, 2, 6, 1, 30, 7.0], ["0021100035", 1610612760, "OKC", "Oklahoma City", 201586, "Serge Ibaka", "F", "", "36:47", 6, 9, 0.667, 0, 0, 0.0, 4, 8, 0.5, 3, 5, 8, 0, 1, 3, 1, 4, 16, -7.0], ["0021100035", 1610612760, "OKC", "Oklahoma City", 2570, "Kendrick Perkins", "C", "", "27:22", 2, 2, 1.0, 0, 0, 0.0, 3, 3, 1.0, 1, 3, 4, 0, 1, 1, 6, 3, 7, -16.0], ["0021100035", 1610612760, "OKC", "Oklahoma City", 200757, "Thabo Sefolosha", "G", "", "13:20", 0, 0, 0.0, 0, 0, 0.0, 0, 0, 0.0, 0, 0, 0, 2, 1, 1, 1, 2, 0, -19.0], ["0021100035", 1610612760, "OKC", "Oklahoma City", 201566, "Russell Westbrook", "G", "", "31:08", 6, 15, 0.4, 0, 1, 0.0, 4, 6, 0.667, 2, 2, 4, 4, 2, 0, 7, 2, 16, -5.0], ["0021100035", 1610612760, "OKC", "Oklahoma City", 201935, "James Harden", "", "", "34:51", 4, 8, 0.5, 1, 4, 0.25, 6, 6, 1.0, 0, 4, 4, 4, 0, 1, 0, 2, 15, 22.0], ["0021100035", 1610612760, "OKC", "Oklahoma City", 2555, "Nick Collison", "", "", "22:08", 4, 4, 1.0, 0, 0, 0.0, 0, 0, 0.0, 0, 3, 3, 0, 0, 0, 1, 2, 8, 16.0], ["0021100035", 1610612760, "OKC", "Oklahoma City", 201953, "Eric Maynor", "", "", "16:52", 2, 4, 0.5, 1, 1, 1.0, 0, 0, 0.0, 0, 2, 2, 3, 2, 0, 2, 1, 5, 7.0], ["0021100035", 1610612760, "OKC", "Oklahoma City", 201161, "Daequan Cook", "", "", "10:51", 2, 4, 0.5, 1, 3, 0.333, 0, 0, 0.0, 0, 1, 1, 0, 0, 0, 1, 0, 5, 5.0], ["0021100035", 1610612760, "OKC", "Oklahoma City", 1737, "Nazr Mohammed", "", "", "5:31", 1, 1, 1.0, 0, 0, 0.0, 0, 0, 0.0, 0, 1, 1, 0, 0, 0, 1, 2, 2, 0.0], ["0021100035", 1610612760, "OKC", "Oklahoma City", 202332, "Cole Aldrich", "", "DNP - Coach's Decision", null, null, null, null, null, null, null, null, null, null, null, null, null, null, null, null, null, null, null, null], ["0021100035", 1610612760, "OKC", "Oklahoma City", 202351, "Lazar Hayward", "", "DNP - Coach's Decision", null, null, null, null, null, null, null, null, null, null, null, null, null, null, null, null, null, null, null, null], ["0021100035", 1610612760, "OKC", "Oklahoma City", 202704, "Reggie Jackson", "", "DNP - Coach's Decision", null, null, null, null, null, null, null, null, null, null, null, null, null, null, null, null, null, null, null, null]], "name": "PlayerStats"}, {"headers": ["GAME_ID", "TEAM_ID", "TEAM_NAME", "TEAM_ABBREVIATION", "TEAM_CITY", "MIN", "FGM", "FGA", "FG_PCT", "FG3M", "FG3A", "FG3_PCT", "FTM", "FTA", "FT_PCT", "OREB", "DREB", "REB", "AST", "STL", "BLK", "TO", "PF", "PTS", "PLUS_MINUS"], "rowSet": [["0021100035", 1610612760, "Thunder", "OKC", "Oklahoma City", "240:00", 37, 63, 0.587, 6, 14, 0.429, 24, 32, 0.75, 6, 32, 38, 19, 8, 8, 26, 19, 104, 2.0], ["0021100035", 1610612742, "Mavericks", "DAL", "Dallas", "240:00", 38, 90, 0.422, 9, 26, 0.346, 17, 21, 0.81, 14, 24, 38, 25, 14, 1, 12, 24, 102, -2.0]], "name": "TeamStats"}, {"headers": ["LEAGUE_ID", "SEASON_ID", "TEAM_ID", "TEAM_ABBREVIATION", "TEAM_CITY", "PTS_PAINT", "PTS_2ND_CHANCE", "PTS_FB", "LARGEST_LEAD", "LEAD_CHANGES", "TIMES_TIED"], "rowSet": [["00", "22011", 1610612742, "DAL", "Dallas", 36, 16, 10, 10, 14, 10], ["00", "22011", 1610612760, "OKC", "Oklahoma City", 36, 6, 17, 12, 15, 10]], "name": "OtherStats"}, {"headers": ["OFFICIAL_ID", "FIRST_NAME", "LAST_NAME", "JERSEY_NUM"], "rowSet": [[1153, "Joe", "Crawford", "17"], [1198, "Scott", "Wall", "31"], [2534, "Zach", "Zarba", "33"]], "name": "Officials"}, {"headers": ["GAME_DATE", "ATTENDANCE", "GAME_TIME"], "rowSet": [["THURSDAY, DECEMBER 29, 2011", 18203, "2:35"]], "name": "GameInfo"}, {"headers": ["PLAYER_ID", "FIRST_NAME", "LAST_NAME", "JERSEY_NUM", "TEAM_ID", "TEAM_CITY", "TEAM_NAME", "TEAM_ABBREVIATION"], "rowSet": [[201148, "Brandan", "Wright", "34", 1610612742, "Dallas", "Mavericks", "DAL"], [2767, "Royal", "Ivey", " 7", 1610612760, "Oklahoma City", "Thunder", "OKC"], [202385, "Ryan", "Reid", "33", 1610612760, "Oklahoma City", "Thunder", "OKC"]], "name": "InactivePlayers"}, {"headers": ["VIDEO_AVAILABLE_FLAG"], "rowSet": [[0]], "name": "AvailableVideo"}], "parameters": {"GameID": "0021100035", "RangeType": 0, "StartPeriod": 0, "StartRange": 0, "EndPeriod": 0, "EndRange": 0}}