{"resource": "boxscore", "resultSets": [{"headers": ["GAME_DATE_EST", "GAME_SEQUENCE", "GAME_ID", "GAME_STATUS_ID", "GAME_STATUS_TEXT", "GAMECODE", "HOME_TEAM_ID", "VISITOR_TEAM_ID", "SEASON", "LIVE_PERIOD", "LIVE_PC_TIME", "NATL_TV_BROADCASTER_ABBREVIATION", "LIVE_PERIOD_TIME_BCAST", "WH_STATUS"], "rowSet": [["2011-12-28T00:00:00", 3, "0021100025", 3, "Final", "20111228/WASATL", 1610612737, 1610612764, "2011", 4, "", null, "Q4  - ", 1]], "name": "GameSummary"}, {"headers": ["GAME_DATE_EST", "GAME_SEQUENCE", "GAME_ID", "TEAM_ID", "TEAM_ABBREVIATION", "TEAM_CITY_NAME", "TEAM_WINS_LOSSES", "PTS_QTR1", "PTS_QTR2", "PTS_QTR3", "PTS_QTR4", "PTS_OT1", "PTS_OT2", "PTS_OT3", "PTS_OT4", "PTS_OT5", "PTS_OT6", "PTS_OT7", "PTS_OT8", "PTS_OT9", "PTS_OT10", "PTS"], "rowSet": [["2011-12-28T00:00:00", 3, "0021100025", 1610612764, "WAS", "Washington", "0-2", 17, 25, 22, 19, 0, 0, 0, 0, 0, 0, 0, 0, 0, 0, 83], ["2011-12-28T00:00:00", 3, "0021100025", 1610612737, "ATL", "Atlanta", "2-0", 26, 29, 30, 16, 0, 0, 0, 0, 0, 0, 0, 0, 0, 0, 101]], "name": "LineScore"}, {"headers": ["GAME_ID", "HOME_TEAM_ID", "VISITOR_TEAM_ID", "GAME_DATE_EST", "HOME_TEAM_WINS", "HOME_TEAM_LOSSES", "SERIES_LEADER"], "rowSet": [["0021100025", 1610612737, 1610612764, "2011-12-28T00:00:00", 3, 0, "Atlanta"]], "name": "SeasonSeries"}, {"headers": ["GAME_ID", "LAST_GAME_ID", "LAST_GAME_DATE_EST", "LAST_GAME_HOME_TEAM_ID", "LAST_GAME_HOME_TEAM_CITY", "LAST_GAME_HOME_TEAM_NAME", "LAST_GAME_HOME_TEAM_ABBREVIATION", "LAST_GAME_HOME_TEAM_POINTS", "LAST_GAME_VISITOR_TEAM_ID", "LAST_GAME_VISITOR_TEAM_CITY", "LAST_GAME_VISITOR_TEAM_NAME", "LAST_GAME_VISITOR_TEAM_CITY1", "LAST_GAME_VISITOR_TEAM_POINTS"], "rowSet": [["0021100025", "0021001188", "2011-04-09T00:00:00", 1610612737, "Atlanta", "Hawks", "ATL", 83, 1610612764, "Washington", "Wizards", "WAS", 115]], "name": "LastMeeting"}, {"headers": ["GAME_ID", "TEAM_ID", "TEAM_ABBREVIATION", "TEAM_CITY", "PLAYER_ID", "PLAYER_NAME", "START_POSITION", "COMMENT", "MIN", "FGM", "FGA", "FG_PCT", "FG3M", "FG3A", "FG3_PCT", "FTM", "FTA", "FT_PCT", "OREB", "DREB", "REB", "AST", "STL", "BLK", "TO", "PF", "PTS", "PLUS_MINUS"], "rowSet": [["0021100025", 1610612764, "WAS", "Washington", 1740, "Rashard Lewis", "F", "", "27:40", 5, 9, 0.556, 2, 3, 0.667, 1, 1, 1.0, 0, 3, 3, 0, 0, 0, 1, 3, 13, -19.0], ["0021100025", 1610612764, "WAS", "Washington", 101154, "Andray Blatche", "F", "", "27:22", 2, 13, 0.154, 0, 0, 0.0, 0, 1, 0.0, 2, 2, 4, 1, 0, 0, 1, 1, 4, -16.0], ["0021100025", 1610612764, "WAS", "Washington", 201580, "JaVale McGee", "C", "", "27:36", 7, 11, 0.636, 0, 0, 0.0, 1, 2, 0.5, 3, 9, 12, 0, 2, 1, 2, 4, 15, -25.0], ["0021100025", 1610612764, "WAS", "Washington", 202348, "Jordan Crawford", "G", "", "21:44", 0, 6, 0.0, 0, 5, 0.0, 1, 2, 0.5, 0, 1, 1, 1, 0, 0, 3, 2, 1, -22.0], ["0021100025", 1610612764, "WAS", "Washington", 202322, "John Wall", "G", "", "37:10", 6, 15, 0.4, 0, 0, 0.0, 8, 10, 0.8, 1, 1, 2, 6, 3, 1, 6, 1, 20, -23.0], ["0021100025", 1610612764, "WAS", "Washington", 101142, "Ronny Turiaf", "", "", "16:56", 1, 1, 1.0, 0, 0, 0.0, 0, 0, 0.0, 0, 3, 3, 2, 3, 1, 0, 2, 2, 5.0], ["0021100025", 1610612764, "WAS", "Washington", 201156, "Nick Young", "", "", "31:44", 6, 12, 0.5, 3, 6, 0.5, 6, 6, 1.0, 0, 2, 2, 4, 0, 0, 0, 3, 21, 1.0], ["0021100025", 1610612764, "WAS", "Washington", 202344, "Trevor Booker", "", "", "5:48", 0, 0, 0.0, 0, 0, 0.0, 0, 0, 0.0, 0, 0, 0, 0, 0, 0, 0, 2, 0, 1.0], ["0021100025", 1610612764, "WAS", "Washington", 202714, "Shelvin Mack", "", "", "10:50", 0, 5, 0.0, 0, 1, 0.0, 0, 0, 0.0, 0, 0, 0, 2, 0, 0, 0, 1, 0, 5.0], ["0021100025", 1610612764, "WAS", "Washington", 202698, "Chris Singleton", "", "", "26:14", 3, 4, 0.75, 1, 1, 1.0, 0, 0, 0.0, 0, 3, 3, 0, 2, 0, 1, 4, 7, -1.0], ["0021100025", 1610612764, "WAS", "Washington", 2427, "Roger Mason Jr.", "", "", "3:28", 0, 0, 0.0, 0, 0, 0.0, 0, 0, 0.0, 0, 0, 0, 0, 0, 0, 0, 1, 0, 2.0], ["0021100025", 1610612764, "WAS", "Washington", 202338, "Kevin Seraphin", "", "", "3:28", 0, 1, 0.0, 0, 0, 0.0, 0, 0, 0.0, 0, 2, 2, 0, 0, 0, 2, 0, 0, 2.0], ["0021100025", 1610612764, "WAS", "Washington", 202380, "Hamady Ndiaye", "", "DNP - Coach's Decision", null, null, null, null, null, null, null, null, null, null, null, null, null, null, null, null, null, null, null, null], ["0021100025", 1610612737, "ATL", "Atlanta", 101107, "Marvin Williams", "F", "", "29:52", 4, 8, 0.5, 2, 3, 0.667, 7, 10, 0.7, 2, 6, 8, 2, 2, 1, 0, 3, 17, 26.0], ["0021100025", 1610612737, "ATL", "Atlanta", 2746, "Josh Smith", "F", "", "33:08", 5, 11, 0.455, 0, 1, 0.0, 5, 7, 0.714, 4, 6, 10, 4, 0, 2, 2, 2, 15, 26.0], ["0021100025", 1610612737, "ATL", "Atlanta", 201143, "Al Horford", "C", "", "32:33", 4, 9, 0.444, 0, 0, 0.0, 3, 4, 0.75, 2, 8, 10, 2, 2, 2, 0, 1, 11, 25.0], ["0021100025", 1610612737, "ATL", "Atlanta", 2207, "Joe Johnson", "G", "", "33:19", 7, 16, 0.438, 4, 8, 0.5, 0, 0, 0.0, 2, 1, 3, 4, 0, 0, 2, 1, 18, 30.0], ["0021100025", 1610612737, "ATL", "Atlanta", 201952, "Jeff Teague", "G", "", "32:23", 4, 11, 0.364, 1, 3, 0.333, 2, 2, 1.0, 0, 2, 2, 5, 2, 0, 2, 5, 11, 22.0], ["0021100025", 1610612737, "ATL", "Atlanta", 1503, "Tracy McGrady", "", "", "19:29", 3, 5, 0.6, 0, 0, 0.0, 5, 6, 0.833, 0, 4, 4, 1, 0, 0, 1, 1, 11, -5.0], ["0021100025", 1610612737, "ATL", "Atlanta", 2457, "Jannero Pargo", "", "", "14:16", 1, 6, 0.167, 1, 6, 0.167, 0, 0, 0.0, 0, 1, 1, 1, 0, 0, 2, 0, 3, -7.0], ["0021100025", 1610612737, "ATL", "Atlanta", 2585, "Zaza Pachulia", "", "", "15:59", 1, 2, 0.5, 0, 0, 0.0, 4, 4, 1.0, 0, 2, 2, 1, 0, 0, 1, 3, 6, -10.0], ["0021100025", 1610612737, "ATL", "Atlanta", 2584, "Willie Green", "", "", "12:26", 1, 3, 0.333, 0, 1, 0.0, 2, 2, 1.0, 0, 2, 2, 0, 0, 0, 1, 4, 4, -7.0], ["0021100025", 1610612737, "ATL", "Atlanta", 2209, "Vladimir Radmanovic", "", "", "14:18", 2, 4, 0.5, 1, 1, 1.0, 0, 0, 0.0, 1, 2, 3, 1, 0, 0, 3, 0, 5, -10.0], ["0021100025", 1610612737, "ATL", "Atlanta", 201274, "Ivan Johnson", "", "", "2:17", 0, 0, 0.0, 0, 0, 0.0, 0, 0, 0.0, 0, 0, 0, 0, 0, 0, 0, 1, 0, 0.0], ["0021100025", 1610612737, "ATL", "Atlanta", 2215, "Jason Collins", "", "DNP - Coach's Decision", null, null, null, null, null, null, null, null, null, null, null, null, null, null, null, null, null, null, null, null], ["0021100025", 1610612737, "ATL", "Atlanta", 711, "Jerry Stackhouse", "", "DNP - Coach's Decision", null, null, null, null, null, null, null, null, null, null, null, null, null, null, null, null, null, null, null, null]], "name": "PlayerStats"}, {"headers": ["GAME_ID", "TEAM_ID", "TEAM_NAME", "TEAM_ABBREVIATION", "TEAM_CITY", "MIN", "FGM", "FGA", "FG_PCT", "FG3M", "FG3A", "FG3_PCT", "FTM", "FTA", "FT_PCT", "OREB", "DREB", "REB", "AST", "STL", "BLK", "TO", "PF", "PTS", "PLUS_MINUS"], "rowSet": [["0021100025", 1610612764, "Wizards", "WAS", "Washington", "240:00", 30, 77, 0.39, 6, 16, 0.375, 17, 22, 0.773, 6, 26, 32, 16, 10, 3, 16, 24, 83, -18.0], ["0021100025", 1610612737, "Hawks", "ATL", "Atlanta", "240:00", 32, 75, 0.427, 9, 23, 0.391, 28, 35, 0.8, 11, 34, 45, 21, 6, 5, 14, 21, 101, 18.0]], "name": "TeamStats"}, {"headers": ["LEAGUE_ID", "SEASON_ID", "TEAM_ID", "TEAM_ABBREVIATION", "TEAM_CITY", "PTS_PAINT", "PTS_2ND_CHANCE", "PTS_FB", "LARGEST_LEAD", "LEAD_CHANGES", "TIMES_TIED"], "rowSet": [["00", "22011", 1610612737, "ATL", "Atlanta", 36, 20, 17, 23, 0, 0], ["00", "22011", 1610612764, "WAS", "Washington", 30, 13, 12, 23, 0, 0]], "name": "OtherStats"}, {"headers": ["OFFICIAL_ID", "FIRST_NAME", "LAST_NAME", "JERSEY_NUM"], "rowSet": [[1185, "Violet", "Palmer", "12"], [2001, "Jason", "Phillips", "23"], [200834, "Mark", "Lindsay", "29"]], "name": "Officials"}, {"headers": ["GAME_DATE", "ATTENDANCE", "GAME_TIME"], "rowSet": [["WEDNESDAY, DECEMBER 28, 2011", 17750, "2:14"]], "name": "GameInfo"}, {"headers": ["PLAYER_ID", "FIRST_NAME", "LAST_NAME", "JERSEY_NUM", "TEAM_ID", "TEAM_CITY", "TEAM_NAME", "TEAM_ABBREVIATION"], "rowSet": [[2550, "Kirk", "Hinrich", " 6", 1610612737, "Atlanta", "Hawks", "ATL"], [202388, "Donald", "Sloan", "12", 1610612737, "Atlanta", "Hawks", "ATL"], [2230, "Maurice", "Evans", " 6", 1610612764, "Washington", "Wizards", "WAS"], [202686, "Jan", "Vesely", "24", 1610612764, "Washington", "Wizards", "WAS"]], "name": "InactivePlayers"}, {"headers": ["VIDEO_AVAILABLE_FLAG"], "rowSet": [[0]], "name": "AvailableVideo"}], "parameters": {"GameID": "0021100025", "RangeType": 0, "StartPeriod": 0, "StartRange": 0, "EndPeriod": 0, "EndRange": 0}}