{"resource": "boxscore", "resultSets": [{"headers": ["GAME_DATE_EST", "GAME_SEQUENCE", "GAME_ID", "GAME_STATUS_ID", "GAME_STATUS_TEXT", "GAMECODE", "HOME_TEAM_ID", "VISITOR_TEAM_ID", "SEASON", "LIVE_PERIOD", "LIVE_PC_TIME", "NATL_TV_BROADCASTER_ABBREVIATION", "LIVE_PERIOD_TIME_BCAST", "WH_STATUS"], "rowSet": [["2011-12-30T00:00:00", 5, "0021100043", 3, "Final", "20111230/HOUMEM", 1610612763, 1610612745, "2011", 4, "", null, "Q4  - ", 1]], "name": "GameSummary"}, {"headers": ["GAME_DATE_EST", "GAME_SEQUENCE", "GAME_ID", "TEAM_ID", "TEAM_ABBREVIATION", "TEAM_CITY_NAME", "TEAM_WINS_LOSSES", "PTS_QTR1", "PTS_QTR2", "PTS_QTR3", "PTS_QTR4", "PTS_OT1", "PTS_OT2", "PTS_OT3", "PTS_OT4", "PTS_OT5", "PTS_OT6", "PTS_OT7", "PTS_OT8", "PTS_OT9", "PTS_OT10", "PTS"], "rowSet": [["2011-12-30T00:00:00", 5, "0021100043", 1610612763, "MEM", "Memphis", "1-2", 30, 27, 31, 25, 0, 0, 0, 0, 0, 0, 0, 0, 0, 0, 113], ["2011-12-30T00:00:00", 5, "0021100043", 1610612745, "HOU", "Houston", "1-2", 28, 23, 16, 26, 0, 0, 0, 0, 0, 0, 0, 0, 0, 0, 93]], "name": "LineScore"}, {"headers": ["GAME_ID", "HOME_TEAM_ID", "VISITOR_TEAM_ID", "GAME_DATE_EST", "HOME_TEAM_WINS", "HOME_TEAM_LOSSES", "SERIES_LEADER"], "rowSet": [["0021100043", 1610612763, 1610612745, "2011-12-30T00:00:00", 2, 2, "Tied"]], "name": "SeasonSeries"}, {"headers": ["GAME_ID", "LAST_GAME_ID", "LAST_GAME_DATE_EST", "LAST_GAME_HOME_TEAM_ID", "LAST_GAME_HOME_TEAM_CITY", "LAST_GAME_HOME_TEAM_NAME", "LAST_GAME_HOME_TEAM_ABBREVIATION", "LAST_GAME_HOME_TEAM_POINTS", "LAST_GAME_VISITOR_TEAM_ID", "LAST_GAME_VISITOR_TEAM_CITY", "LAST_GAME_VISITOR_TEAM_NAME", "LAST_GAME_VISITOR_TEAM_CITY1", "LAST_GAME_VISITOR_TEAM_POINTS"], "rowSet": [["0021100043", "0021000749", "2011-02-05T00:00:00", 1610612763, "Memphis", "Grizzlies", "MEM", 93, 1610612745, "Houston", "Rockets", "HOU", 95]], "name": "LastMeeting"}, {"headers": ["GAME_ID", "TEAM_ID", "TEAM_ABBREVIATION", "TEAM_CITY", "PLAYER_ID", "PLAYER_NAME", "START_POSITION", "COMMENT", "MIN", "FGM", "FGA", "FG_PCT", "FG3M", "FG3A", "FG3_PCT", "FTM", "FTA", "FT_PCT", "OREB", "DREB", "REB", "AST", "STL", "BLK", "TO", "PF", "PTS", "PLUS_MINUS"], "rowSet": [["0021100043", 1610612745, "HOU", "Houston", 201978, "Chase Budinger", "F", "", "15:04", 4, 9, 0.444, 1, 3, 0.333, 2, 2, 1.0, 0, 0, 0, 0, 2, 0, 1, 0, 11, -6.0], ["0021100043", 1610612745, "HOU", "Houston", 2449, "Luis Scola", "F", "", "27:21", 2, 3, 0.667, 0, 0, 0.0, 0, 0, 0.0, 0, 4, 4, 0, 0, 0, 3, 5, 4, -4.0], ["0021100043", 1610612745, "HOU", "Houston", 201941, "Jordan Hill", "C", "", "13:19", 1, 4, 0.25, 0, 0, 0.0, 0, 0, 0.0, 0, 5, 5, 0, 0, 0, 1, 2, 2, -13.0], ["0021100043", 1610612745, "HOU", "Houston", 2755, "Kevin Martin", "G", "", "25:13", 7, 11, 0.636, 3, 6, 0.5, 4, 4, 1.0, 0, 2, 2, 1, 1, 0, 2, 4, 21, -10.0], ["0021100043", 1610612745, "HOU", "Houston", 200768, "Kyle Lowry", "G", "", "24:23", 5, 9, 0.556, 1, 3, 0.333, 4, 5, 0.8, 1, 2, 3, 8, 4, 0, 4, 4, 15, -15.0], ["0021100043", 1610612745, "HOU", "Houston", 2223, "Samuel Dalembert", "", "", "17:52", 1, 3, 0.333, 0, 0, 0.0, 2, 2, 1.0, 0, 2, 2, 0, 0, 2, 1, 4, 4, -8.0], ["0021100043", 1610612745, "HOU", "Houston", 201584, "Courtney Lee", "", "", "31:59", 3, 10, 0.3, 1, 5, 0.2, 0, 0, 0.0, 1, 1, 2, 2, 0, 2, 2, 3, 7, -9.0], ["0021100043", 1610612745, "HOU", "Houston", 202335, "Patrick Patterson", "", "", "14:41", 0, 4, 0.0, 0, 0, 0.0, 0, 0, 0.0, 1, 2, 3, 0, 0, 0, 0, 1, 0, -14.0], ["0021100043", 1610612745, "HOU", "Houston", 201609, "Goran Dragic", "", "", "12:09", 2, 5, 0.4, 1, 2, 0.5, 0, 0, 0.0, 1, 0, 1, 1, 0, 0, 2, 2, 5, -15.0], ["0021100043", 1610612745, "HOU", "Houston", 201944, "Terrence Williams", "", "", "15:18", 0, 1, 0.0, 0, 1, 0.0, 0, 0, 0.0, 0, 3, 3, 2, 1, 0, 0, 0, 0, -2.0], ["0021100043", 1610612745, "HOU", "Houston", 201938, "Jonny Flynn", "", "", "19:54", 3, 7, 0.429, 1, 4, 0.25, 1, 2, 0.5, 0, 1, 1, 4, 0, 0, 2, 0, 8, -3.0], ["0021100043", 1610612745, "HOU", "Houston", 202718, "Chandler Parsons", "", "", "16:49", 5, 9, 0.556, 3, 3, 1.0, 0, 1, 0.0, 1, 5, 6, 1, 1, 0, 1, 4, 13, 1.0], ["0021100043", 1610612745, "HOU", "Houston", 202694, "Marcus Morris", "", "", "5:58", 1, 4, 0.25, 0, 2, 0.0, 1, 2, 0.5, 1, 0, 1, 0, 0, 0, 0, 0, 3, -2.0], ["0021100043", 1610612763, "MEM", "Memphis", 200752, "Rudy Gay", "F", "", "30:39", 4, 11, 0.364, 0, 0, 0.0, 2, 2, 1.0, 1, 7, 8, 2, 1, 1, 3, 3, 10, 5.0], ["0021100043", 1610612763, "MEM", "Memphis", 2216, "Zach Randolph", "F", "", "33:16", 11, 14, 0.786, 0, 0, 0.0, 1, 3, 0.333, 1, 8, 9, 3, 3, 0, 3, 2, 23, 14.0], ["0021100043", 1610612763, "MEM", "Memphis", 201188, "Marc Gasol", "C", "", "29:27", 6, 8, 0.75, 0, 0, 0.0, 8, 9, 0.889, 1, 7, 8, 1, 3, 5, 4, 1, 20, 14.0], ["0021100043", 1610612763, "MEM", "Memphis", 2754, "Tony Allen", "G", "", "17:35", 2, 3, 0.667, 0, 0, 0.0, 1, 4, 0.25, 1, 1, 2, 1, 2, 0, 0, 3, 5, 7.0], ["0021100043", 1610612763, "MEM", "Memphis", 202951, "Jeremy Pargo", "G", "", "21:43", 6, 10, 0.6, 0, 2, 0.0, 2, 2, 1.0, 0, 2, 2, 5, 0, 0, 3, 3, 14, 7.0], ["0021100043", 1610612763, "MEM", "Memphis", 202729, "Josh Selby", "", "", "26:17", 4, 9, 0.444, 0, 1, 0.0, 1, 3, 0.333, 0, 2, 2, 7, 0, 0, 1, 1, 9, 13.0], ["0021100043", 1610612763, "MEM", "Memphis", 201564, "O.J. Mayo", "", "", "30:25", 4, 9, 0.444, 0, 1, 0.0, 2, 2, 1.0, 0, 2, 2, 2, 0, 0, 1, 1, 10, 13.0], ["0021100043", 1610612763, "MEM", "Memphis", 201967, "Dante Cunningham", "", "", "19:21", 3, 6, 0.5, 0, 0, 0.0, 3, 4, 0.75, 1, 5, 6, 0, 0, 1, 1, 2, 9, 10.0], ["0021100043", 1610612763, "MEM", "Memphis", 202347, "Quincy Pondexter", "", "", "27:30", 5, 9, 0.556, 0, 1, 0.0, 3, 4, 0.75, 2, 0, 2, 2, 1, 0, 0, 2, 13, 17.0], ["0021100043", 1610612763, "MEM", "Memphis", 2668, "Josh Davis", "", "", "0:37", 0, 0, 0.0, 0, 0, 0.0, 0, 0, 0.0, 0, 0, 0, 0, 0, 0, 0, 1, 0, -3.0], ["0021100043", 1610612763, "MEM", "Memphis", 201970, "Sam Young", "", "", "3:10", 0, 1, 0.0, 0, 0, 0.0, 0, 0, 0.0, 0, 1, 1, 0, 0, 0, 0, 0, 0, 3.0], ["0021100043", 1610612763, "MEM", "Memphis", 201144, "Mike Conley", "", "DND - Left Ankle Sprain", null, null, null, null, null, null, null, null, null, null, null, null, null, null, null, null, null, null, null, null]], "name": "PlayerStats"}, {"headers": ["GAME_ID", "TEAM_ID", "TEAM_NAME", "TEAM_ABBREVIATION", "TEAM_CITY", "MIN", "FGM", "FGA", "FG_PCT", "FG3M", "FG3A", "FG3_PCT", "FTM", "FTA", "FT_PCT", "OREB", "DREB", "REB", "AST", "STL", "BLK", "TO", "PF", "PTS", "PLUS_MINUS"], "rowSet": [["0021100043", 1610612763, "Grizzlies", "MEM", "Memphis", "240:00", 45, 80, 0.563, 0, 5, 0.0, 23, 33, 0.697, 7, 35, 42, 23, 10, 7, 16, 19, 113, 20.0], ["0021100043", 1610612745, "Rockets", "HOU", "Houston", "240:00", 34, 79, 0.43, 11, 29, 0.379, 14, 18, 0.778, 6, 27, 33, 19, 9, 4, 19, 29, 93, -20.0]], "name": "TeamStats"}, {"headers": ["LEAGUE_ID", "SEASON_ID", "TEAM_ID", "TEAM_ABBREVIATION", "TEAM_CITY", "PTS_PAINT", "PTS_2ND_CHANCE", "PTS_FB", "LARGEST_LEAD", "LEAD_CHANGES", "TIMES_TIED"], "rowSet": [["00", "22011", 1610612745, "HOU", "Houston", 36, 4, 14, 25, 8, 9], ["00", "22011", 1610612763, "MEM", "Memphis", 56, 15, 20, 23, 8, 9]], "name": "OtherStats"}, {"headers": ["OFFICIAL_ID", "FIRST_NAME", "LAST_NAME", "JERSEY_NUM"], "rowSet": [[1148, "James", "Capers", "19"], [2002, "Derrick", "Collins", "11"], [202058, "James", "Williams", "60"]], "name": "Officials"}, {"headers": ["GAME_DATE", "ATTENDANCE", "GAME_TIME"], "rowSet": [["FRIDAY, DECEMBER 30, 2011", 16069, "2:10"]], "name": "GameInfo"}, {"headers": ["PLAYER_ID", "FIRST_NAME", "LAST_NAME", "JERSEY_NUM", "TEAM_ID", "TEAM_CITY", "TEAM_NAME", "TEAM_ABBREVIATION"], "rowSet": [[201589, "Darrell", "Arthur", "00", 1610612763, "Memphis", "Grizzlies", "MEM"], [202333, "Xavier", "Henry", "13", 1610612763, "Memphis", "Grizzlies", "MEM"], [201934, "Hasheem", "Thabeet", "32", 1610612745, "Houston", "Rockets", "HOU"], [202399, "Jeff", "Adrien", " 8", 1610612745, "Houston", "Rockets", "HOU"]], "name": "InactivePlayers"}, {"headers": ["VIDEO_AVAILABLE_FLAG"], "rowSet": [[0]], "name": "AvailableVideo"}], "parameters": {"GameID": "0021100043", "RangeType": 0, "StartPeriod": 0, "StartRange": 0, "EndPeriod": 0, "EndRange": 0}}