{"resource": "boxscore", "resultSets": [{"headers": ["GAME_DATE_EST", "GAME_SEQUENCE", "GAME_ID", "GAME_STATUS_ID", "GAME_STATUS_TEXT", "GAMECODE", "HOME_TEAM_ID", "VISITOR_TEAM_ID", "SEASON", "LIVE_PERIOD", "LIVE_PC_TIME", "NATL_TV_BROADCASTER_ABBREVIATION", "LIVE_PERIOD_TIME_BCAST", "WH_STATUS"], "rowSet": [["2012-01-01T00:00:00", 5, "0021100061", 3, "Final", "20120101/DALMIN", 1610612750, 1610612742, "2011", 4, "", null, "Q4  - ", 1]], "name": "GameSummary"}, {"headers": ["GAME_DATE_EST", "GAME_SEQUENCE", "GAME_ID", "TEAM_ID", "TEAM_ABBREVIATION", "TEAM_CITY_NAME", "TEAM_WINS_LOSSES", "PTS_QTR1", "PTS_QTR2", "PTS_QTR3", "PTS_QTR4", "PTS_OT1", "PTS_OT2", "PTS_OT3", "PTS_OT4", "PTS_OT5", "PTS_OT6", "PTS_OT7", "PTS_OT8", "PTS_OT9", "PTS_OT10", "PTS"], "rowSet": [["2012-01-01T00:00:00", 5, "0021100061", 1610612750, "MIN", "Minnesota", "1-3", 25, 25, 24, 25, 0, 0, 0, 0, 0, 0, 0, 0, 0, 0, 99], ["2012-01-01T00:00:00", 5, "0021100061", 1610612742, "DAL", "Dallas", "1-4", 25, 16, 28, 13, 0, 0, 0, 0, 0, 0, 0, 0, 0, 0, 82]], "name": "LineScore"}, {"headers": ["GAME_ID", "HOME_TEAM_ID", "VISITOR_TEAM_ID", "GAME_DATE_EST", "HOME_TEAM_WINS", "HOME_TEAM_LOSSES", "SERIES_LEADER"], "rowSet": [["0021100061", 1610612750, 1610612742, "2012-01-01T00:00:00", 2, 1, "Minnesota"]], "name": "SeasonSeries"}, {"headers": ["GAME_ID", "LAST_GAME_ID", "LAST_GAME_DATE_EST", "LAST_GAME_HOME_TEAM_ID", "LAST_GAME_HOME_TEAM_CITY", "LAST_GAME_HOME_TEAM_NAME", "LAST_GAME_HOME_TEAM_ABBREVIATION", "LAST_GAME_HOME_TEAM_POINTS", "LAST_GAME_VISITOR_TEAM_ID", "LAST_GAME_VISITOR_TEAM_CITY", "LAST_GAME_VISITOR_TEAM_NAME", "LAST_GAME_VISITOR_TEAM_CITY1", "LAST_GAME_VISITOR_TEAM_POINTS"], "rowSet": [["0021100061", "0021001066", "2011-03-24T00:00:00", 1610612750, "Minnesota", "Timberwolves", "MIN", 96, 1610612742, "Dallas", "Mavericks", "DAL", 104]], "name": "LastMeeting"}, {"headers": ["GAME_ID", "TEAM_ID", "TEAM_ABBREVIATION", "TEAM_CITY", "PLAYER_ID", "PLAYER_NAME", "START_POSITION", "COMMENT", "MIN", "FGM", "FGA", "FG_PCT", "FG3M", "FG3A", "FG3_PCT", "FTM", "FTA", "FT_PCT", "OREB", "DREB", "REB", "AST", "STL", "BLK", "TO", "PF", "PTS", "PLUS_MINUS"], "rowSet": [["0021100061", 1610612742, "DAL", "Dallas", 1890, "Shawn Marion", "F", "", "28:23", 1, 3, 0.333, 0, 1, 0.0, 6, 6, 1.0, 1, 5, 6, 3, 2, 3, 1, 2, 8, -21.0], ["0021100061", 1610612742, "DAL", "Dallas", 1717, "Dirk Nowitzki", "F", "", "32:29", 9, 20, 0.45, 2, 3, 0.667, 1, 1, 1.0, 0, 4, 4, 0, 1, 0, 0, 2, 21, -12.0], ["0021100061", 1610612742, "DAL", "Dallas", 2217, "Brendan Haywood", "C", "", "15:19", 2, 3, 0.667, 0, 0, 0.0, 2, 2, 1.0, 1, 3, 4, 1, 1, 3, 2, 2, 6, 4.0], ["0021100061", 1610612742, "DAL", "Dallas", 2753, "Delonte West", "G", "", "22:33", 6, 9, 0.667, 0, 1, 0.0, 1, 1, 1.0, 0, 0, 0, 2, 0, 0, 2, 1, 13, -2.0], ["0021100061", 1610612742, "DAL", "Dallas", 467, "Jason Kidd", "G", "", "34:31", 1, 5, 0.2, 1, 5, 0.2, 0, 0, 0.0, 0, 4, 4, 5, 4, 0, 2, 3, 3, -8.0], ["0021100061", 1610612742, "DAL", "Dallas", 1891, "Jason Terry", "", "", "28:15", 4, 11, 0.364, 2, 4, 0.5, 0, 0, 0.0, 0, 4, 4, 2, 2, 0, 4, 1, 10, -18.0], ["0021100061", 1610612742, "DAL", "Dallas", 1885, "Lamar Odom", "", "", "14:24", 2, 7, 0.286, 2, 4, 0.5, 1, 4, 0.25, 1, 2, 3, 2, 0, 0, 2, 1, 7, -9.0], ["0021100061", 1610612742, "DAL", "Dallas", 101133, "Ian Mahinmi", "", "", "20:20", 2, 3, 0.667, 0, 0, 0.0, 2, 3, 0.667, 0, 4, 4, 0, 0, 1, 1, 4, 6, -6.0], ["0021100061", 1610612742, "DAL", "Dallas", 1713, "Vince Carter", "", "", "19:37", 1, 7, 0.143, 0, 1, 0.0, 4, 4, 1.0, 2, 0, 2, 1, 1, 1, 2, 3, 6, 4.0], ["0021100061", 1610612742, "DAL", "Dallas", 201958, "Rodrigue Beaubois", "", "", "8:40", 1, 3, 0.333, 0, 1, 0.0, 0, 0, 0.0, 0, 1, 1, 1, 0, 1, 0, 1, 2, -5.0], ["0021100061", 1610612742, "DAL", "Dallas", 2073, "Brian Cardinal", "", "", "11:27", 0, 4, 0.0, 0, 4, 0.0, 0, 0, 0.0, 1, 1, 2, 0, 0, 0, 1, 1, 0, -10.0], ["0021100061", 1610612742, "DAL", "Dallas", 201157, "Sean Williams", "", "", "2:01", 0, 1, 0.0, 0, 0, 0.0, 0, 0, 0.0, 0, 1, 1, 0, 0, 0, 0, 1, 0, -1.0], ["0021100061", 1610612742, "DAL", "Dallas", 202346, "Dominique Jones", "", "", "2:01", 0, 1, 0.0, 0, 0, 0.0, 0, 0, 0.0, 0, 0, 0, 0, 0, 0, 0, 0, 0, -1.0], ["0021100061", 1610612750, "MIN", "Minnesota", 201563, "Michael Beasley", "F", "", "31:28", 3, 10, 0.3, 0, 0, 0.0, 2, 4, 0.5, 1, 6, 7, 1, 1, 0, 2, 2, 8, 8.0], ["0021100061", 1610612750, "MIN", "Minnesota", 201567, "Kevin Love", "F", "", "37:38", 9, 16, 0.563, 5, 6, 0.833, 2, 2, 1.0, 7, 10, 17, 1, 1, 1, 1, 1, 25, 15.0], ["0021100061", 1610612750, "MIN", "Minnesota", 2545, "Darko Milicic", "C", "", "15:19", 2, 3, 0.667, 0, 0, 0.0, 3, 4, 0.75, 0, 2, 2, 0, 0, 0, 0, 1, 7, -2.0], ["0021100061", 1610612750, "MIN", "Minnesota", 202325, "Wesley Johnson", "G", "", "13:10", 1, 7, 0.143, 0, 2, 0.0, 0, 0, 0.0, 0, 1, 1, 1, 1, 0, 1, 2, 2, -3.0], ["0021100061", 1610612750, "MIN", "Minnesota", 2557, "Luke Ridnour", "G", "", "29:12", 5, 9, 0.556, 0, 3, 0.0, 1, 1, 1.0, 1, 1, 2, 3, 1, 0, 2, 2, 11, 11.0], ["0021100061", 1610612750, "MIN", "Minnesota", 200826, "Jose Juan Barea", "", "", "16:50", 4, 11, 0.364, 0, 3, 0.0, 0, 1, 0.0, 0, 3, 3, 2, 0, 0, 2, 1, 8, 6.0], ["0021100061", 1610612750, "MIN", "Minnesota", 201937, "Ricky Rubio", "", "", "26:27", 4, 8, 0.5, 2, 3, 0.667, 4, 4, 1.0, 0, 3, 3, 7, 0, 0, 4, 2, 14, 14.0], ["0021100061", 1610612750, "MIN", "Minnesota", 201576, "Anthony Randolph", "", "", "17:03", 1, 6, 0.167, 0, 0, 0.0, 2, 2, 1.0, 2, 2, 4, 0, 0, 2, 3, 2, 4, 1.0], ["0021100061", 1610612750, "MIN", "Minnesota", 201229, "Anthony Tolliver", "", "", "25:31", 5, 8, 0.625, 3, 5, 0.6, 0, 0, 0.0, 4, 2, 6, 0, 0, 0, 1, 3, 13, 14.0], ["0021100061", 1610612750, "MIN", "Minnesota", 202682, "Derrick Williams", "", "", "15:40", 1, 3, 0.333, 0, 0, 0.0, 2, 4, 0.5, 2, 5, 7, 0, 3, 0, 0, 1, 4, 12.0], ["0021100061", 1610612750, "MIN", "Minnesota", 201961, "Wayne Ellington", "", "", "11:43", 1, 4, 0.25, 0, 0, 0.0, 1, 2, 0.5, 0, 2, 2, 0, 0, 0, 0, 0, 3, 9.0], ["0021100061", 1610612750, "MIN", "Minnesota", 202723, "Malcolm Lee", "", "DND - Torn Meniscus Left Knee", null, null, null, null, null, null, null, null, null, null, null, null, null, null, null, null, null, null, null, null], ["0021100061", 1610612750, "MIN", "Minnesota", 201593, "Nikola Pekovic", "", "DNP - Coach's Decision", null, null, null, null, null, null, null, null, null, null, null, null, null, null, null, null, null, null, null, null]], "name": "PlayerStats"}, {"headers": ["GAME_ID", "TEAM_ID", "TEAM_NAME", "TEAM_ABBREVIATION", "TEAM_CITY", "MIN", "FGM", "FGA", "FG_PCT", "FG3M", "FG3A", "FG3_PCT", "FTM", "FTA", "FT_PCT", "OREB", "DREB", "REB", "AST", "STL", "BLK", "TO", "PF", "PTS", "PLUS_MINUS"], "rowSet": [["0021100061", 1610612750, "Timberwolves", "MIN", "Minnesota", "240:00", 36, 85, 0.424, 10, 22, 0.455, 17, 24, 0.708, 17, 37, 54, 15, 7, 3, 16, 17, 99, 17.0], ["0021100061", 1610612742, "Mavericks", "DAL", "Dallas", "240:00", 29, 77, 0.377, 7, 24, 0.292, 17, 21, 0.81, 6, 29, 35, 17, 11, 9, 17, 22, 82, -17.0]], "name": "TeamStats"}, {"headers": ["LEAGUE_ID", "SEASON_ID", "TEAM_ID", "TEAM_ABBREVIATION", "TEAM_CITY", "PTS_PAINT", "PTS_2ND_CHANCE", "PTS_FB", "LARGEST_LEAD", "LEAD_CHANGES", "TIMES_TIED"], "rowSet": [["00", "22011", 1610612742, "DAL", "Dallas", 32, 9, 24, 17, 9, 9], ["00", "22011", 1610612750, "MIN", "Minnesota", 32, 19, 4, 17, 9, 9]], "name": "OtherStats"}, {"headers": ["OFFICIAL_ID", "FIRST_NAME", "LAST_NAME", "JERSEY_NUM"], "rowSet": [[1146, "Tony", "Brothers", "25"], [2714, "David", "Guthrie", "16"], [201246, "Kevin", "Cutler", "34"]], "name": "Officials"}, {"headers": ["GAME_DATE", "ATTENDANCE", "GAME_TIME"], "rowSet": [["SUNDAY, JANUARY 1, 2012", 15115, "2:13"]], "name": "GameInfo"}, {"headers": ["PLAYER_ID", "FIRST_NAME", "LAST_NAME", "JERSEY_NUM", "TEAM_ID", "TEAM_CITY", "TEAM_NAME", "TEAM_ABBREVIATION"], "rowSet": [[201148, "Brandan", "Wright", "34", 1610612742, "Dallas", "Mavericks", "DAL"], [1802, "Brad", "Miller", "52", 1610612750, "Minnesota", "Timberwolves", "MIN"], [101110, "Martell", "Webster", " 5", 1610612750, "Minnesota", "Timberwolves", "MIN"]], "name": "InactivePlayers"}, {"headers": ["VIDEO_AVAILABLE_FLAG"], "rowSet": [[0]], "name": "AvailableVideo"}], "parameters": {"GameID": "0021100061", "RangeType": 0, "StartPeriod": 0, "StartRange": 0, "EndPeriod": 0, "EndRange": 0}}