{"resource": "boxscore", "resultSets": [{"headers": ["GAME_DATE_EST", "GAME_SEQUENCE", "GAME_ID", "GAME_STATUS_ID", "GAME_STATUS_TEXT", "GAMECODE", "HOME_TEAM_ID", "VISITOR_TEAM_ID", "SEASON", "LIVE_PERIOD", "LIVE_PC_TIME", "NATL_TV_BROADCASTER_ABBREVIATION", "LIVE_PERIOD_TIME_BCAST", "WH_STATUS"], "rowSet": [["2011-12-29T00:00:00", 5, "0021100037", 3, "Final", "20111229/DENPOR", 1610612757, 1610612743, "2011", 4, "", null, "Q4  - ", 1]], "name": "GameSummary"}, {"headers": ["GAME_DATE_EST", "GAME_SEQUENCE", "GAME_ID", "TEAM_ID", "TEAM_ABBREVIATION", "TEAM_CITY_NAME", "TEAM_WINS_LOSSES", "PTS_QTR1", "PTS_QTR2", "PTS_QTR3", "PTS_QTR4", "PTS_OT1", "PTS_OT2", "PTS_OT3", "PTS_OT4", "PTS_OT5", "PTS_OT6", "PTS_OT7", "PTS_OT8", "PTS_OT9", "PTS_OT10", "PTS"], "rowSet": [["2011-12-29T00:00:00", 5, "0021100037", 1610612743, "DEN", "Denver", "2-1", 17, 36, 26, 23, 0, 0, 0, 0, 0, 0, 0, 0, 0, 0, 102], ["2011-12-29T00:00:00", 5, "0021100037", 1610612757, "POR", "Portland", "3-0", 30, 23, 30, 28, 0, 0, 0, 0, 0, 0, 0, 0, 0, 0, 111]], "name": "LineScore"}, {"headers": ["GAME_ID", "HOME_TEAM_ID", "VISITOR_TEAM_ID", "GAME_DATE_EST", "HOME_TEAM_WINS", "HOME_TEAM_LOSSES", "SERIES_LEADER"], "rowSet": [["0021100037", 1610612757, 1610612743, "2011-12-29T00:00:00", 2, 1, "Portland"]], "name": "SeasonSeries"}, {"headers": ["GAME_ID", "LAST_GAME_ID", "LAST_GAME_DATE_EST", "LAST_GAME_HOME_TEAM_ID", "LAST_GAME_HOME_TEAM_CITY", "LAST_GAME_HOME_TEAM_NAME", "LAST_GAME_HOME_TEAM_ABBREVIATION", "LAST_GAME_HOME_TEAM_POINTS", "LAST_GAME_VISITOR_TEAM_ID", "LAST_GAME_VISITOR_TEAM_CITY", "LAST_GAME_VISITOR_TEAM_NAME", "LAST_GAME_VISITOR_TEAM_CITY1", "LAST_GAME_VISITOR_TEAM_POINTS"], "rowSet": [["0021100037", "0021000872", "2011-02-25T00:00:00", 1610612757, "Portland", "Trail Blazers", "POR", 107, 1610612743, "Denver", "Nuggets", "DEN", 106]], "name": "LastMeeting"}, {"headers": ["GAME_ID", "TEAM_ID", "TEAM_ABBREVIATION", "TEAM_CITY", "PLAYER_ID", "PLAYER_NAME", "START_POSITION", "COMMENT", "MIN", "FGM", "FGA", "FG_PCT", "FG3M", "FG3A", "FG3_PCT", "FTM", "FTA", "FT_PCT", "OREB", "DREB", "REB", "AST", "STL", "BLK", "TO", "PF", "PTS", "PLUS_MINUS"], "rowSet": [["0021100037", 1610612743, "DEN", "Denver", 201568, "Danilo Gallinari", "F", "", "35:10", 4, 15, 0.267, 0, 5, 0.0, 8, 8, 1.0, 0, 2, 2, 3, 2, 0, 0, 0, 16, -20.0], ["0021100037", 1610612743, "DEN", "Denver", 2403, "Nene", "F", "", "34:32", 4, 12, 0.333, 0, 0, 0.0, 2, 2, 1.0, 0, 9, 9, 1, 2, 2, 2, 3, 10, -13.0], ["0021100037", 1610612743, "DEN", "Denver", 202389, "Timofey Mozgov", "C", "", "10:46", 0, 0, 0.0, 0, 0, 0.0, 0, 0, 0.0, 0, 1, 1, 0, 0, 0, 1, 3, 0, -7.0], ["0021100037", 1610612743, "DEN", "Denver", 201167, "Arron Afflalo", "G", "", "31:32", 6, 12, 0.5, 0, 1, 0.0, 7, 7, 1.0, 1, 1, 2, 2, 0, 0, 0, 4, 19, -13.0], ["0021100037", 1610612743, "DEN", "Denver", 201951, "Ty Lawson", "G", "", "40:22", 10, 16, 0.625, 2, 3, 0.667, 3, 4, 0.75, 0, 4, 4, 3, 8, 0, 2, 3, 25, -10.0], ["0021100037", 1610612743, "DEN", "Denver", 1733, "Al Harrington", "", "", "22:40", 3, 9, 0.333, 0, 4, 0.0, 2, 4, 0.5, 2, 3, 5, 0, 2, 0, 0, 2, 8, 5.0], ["0021100037", 1610612743, "DEN", "Denver", 1889, "Andre Miller", "", "", "34:54", 4, 13, 0.308, 1, 2, 0.5, 4, 6, 0.667, 0, 3, 3, 8, 1, 0, 1, 2, 13, 7.0], ["0021100037", 1610612743, "DEN", "Denver", 201164, "Rudy Fernandez", "", "", "22:05", 2, 8, 0.25, 1, 5, 0.2, 2, 2, 1.0, 0, 2, 2, 0, 1, 0, 0, 2, 7, 7.0], ["0021100037", 1610612743, "DEN", "Denver", 2365, "Chris Andersen", "", "", "7:28", 2, 2, 1.0, 0, 0, 0.0, 0, 0, 0.0, 0, 2, 2, 0, 0, 0, 1, 1, 4, -3.0], ["0021100037", 1610612743, "DEN", "Denver", 201147, "Corey Brewer", "", "", "0:32", 0, 0, 0.0, 0, 0, 0.0, 0, 0, 0.0, 0, 0, 0, 0, 0, 0, 0, 0, 0, 2.0], ["0021100037", 1610612743, "DEN", "Denver", 201960, "DeMarre Carroll", "", "DNP - Coach's Decision", null, null, null, null, null, null, null, null, null, null, null, null, null, null, null, null, null, null, null, null], ["0021100037", 1610612743, "DEN", "Denver", 202702, "Kenneth Faried", "", "DNP - Coach's Decision", null, null, null, null, null, null, null, null, null, null, null, null, null, null, null, null, null, null, null, null], ["0021100037", 1610612743, "DEN", "Denver", 201585, "Kosta Koufos", "", "DNP - Coach's Decision", null, null, null, null, null, null, null, null, null, null, null, null, null, null, null, null, null, null, null, null], ["0021100037", 1610612757, "POR", "Portland", 2222, "Gerald Wallace", "F", "", "38:14", 5, 7, 0.714, 0, 1, 0.0, 3, 3, 1.0, 0, 6, 6, 1, 0, 1, 3, 3, 13, 13.0], ["0021100037", 1610612757, "POR", "Portland", 200746, "LaMarcus Aldridge", "F", "", "39:02", 6, 14, 0.429, 0, 0, 0.0, 1, 2, 0.5, 1, 4, 5, 6, 0, 1, 2, 4, 13, 10.0], ["0021100037", 1610612757, "POR", "Portland", 948, "Marcus Camby", "C", "", "26:01", 1, 2, 0.5, 0, 0, 0.0, 0, 0, 0.0, 2, 10, 12, 2, 0, 3, 3, 4, 2, 17.0], ["0021100037", 1610612757, "POR", "Portland", 202083, "Wesley Matthews", "G", "", "39:17", 9, 15, 0.6, 5, 8, 0.625, 2, 2, 1.0, 1, 4, 5, 2, 1, 0, 3, 3, 25, 17.0], ["0021100037", 1610612757, "POR", "Portland", 101109, "Raymond Felton", "G", "", "33:52", 10, 16, 0.625, 1, 3, 0.333, 2, 2, 1.0, 1, 4, 5, 6, 0, 0, 4, 3, 23, 6.0], ["0021100037", 1610612757, "POR", "Portland", 2037, "Jamal Crawford", "", "", "30:46", 6, 16, 0.375, 1, 5, 0.2, 9, 9, 1.0, 0, 5, 5, 2, 1, 0, 6, 3, 22, -6.0], ["0021100037", 1610612757, "POR", "Portland", 703, "Kurt Thomas", "", "", "12:12", 3, 3, 1.0, 0, 0, 0.0, 1, 2, 0.5, 1, 5, 6, 0, 0, 0, 0, 3, 7, -6.0], ["0021100037", 1610612757, "POR", "Portland", 201587, "Nicolas Batum", "", "", "20:37", 1, 6, 0.167, 1, 3, 0.333, 3, 3, 1.0, 1, 5, 6, 1, 1, 4, 4, 2, 6, -6.0], ["0021100037", 1610612757, "POR", "Portland", 202337, "Luke Babbitt", "", "DNP - Coach's Decision", null, null, null, null, null, null, null, null, null, null, null, null, null, null, null, null, null, null, null, null], ["0021100037", 1610612757, "POR", "Portland", 202419, "Chris Johnson", "", "DNP - Coach's Decision", null, null, null, null, null, null, null, null, null, null, null, null, null, null, null, null, null, null, null, null], ["0021100037", 1610612757, "POR", "Portland", 200783, "Craig Smith", "", "DNP - Coach's Decision", null, null, null, null, null, null, null, null, null, null, null, null, null, null, null, null, null, null, null, null], ["0021100037", 1610612757, "POR", "Portland", 202701, "Nolan Smith", "", "DNP - Coach's Decision", null, null, null, null, null, null, null, null, null, null, null, null, null, null, null, null, null, null, null, null], ["0021100037", 1610612757, "POR", "Portland", 202343, "Elliot Williams", "", "DNP - Coach's Decision", null, null, null, null, null, null, null, null, null, null, null, null, null, null, null, null, null, null, null, null]], "name": "PlayerStats"}, {"headers": ["GAME_ID", "TEAM_ID", "TEAM_NAME", "TEAM_ABBREVIATION", "TEAM_CITY", "MIN", "FGM", "FGA", "FG_PCT", "FG3M", "FG3A", "FG3_PCT", "FTM", "FTA", "FT_PCT", "OREB", "DREB", "REB", "AST", "STL", "BLK", "TO", "PF", "PTS", "PLUS_MINUS"], "rowSet": [["0021100037", 1610612757, "Trail Blazers", "POR", "Portland", "240:00", 41, 79, 0.519, 8, 20, 0.4, 21, 23, 0.913, 7, 43, 50, 20, 3, 9, 25, 25, 111, 9.0], ["0021100037", 1610612743, "Nuggets", "DEN", "Denver", "240:00", 35, 87, 0.402, 4, 20, 0.2, 28, 33, 0.848, 3, 27, 30, 17, 16, 2, 7, 20, 102, -9.0]], "name": "TeamStats"}, {"headers": ["LEAGUE_ID", "SEASON_ID", "TEAM_ID", "TEAM_ABBREVIATION", "TEAM_CITY", "PTS_PAINT", "PTS_2ND_CHANCE", "PTS_FB", "LARGEST_LEAD", "LEAD_CHANGES", "TIMES_TIED"], "rowSet": [["00", "22011", 1610612757, "POR", "Portland", 40, 11, 11, 13, 7, 11], ["00", "22011", 1610612743, "DEN", "Denver", 54, 11, 28, 13, 7, 11]], "name": "OtherStats"}, {"headers": ["OFFICIAL_ID", "FIRST_NAME", "LAST_NAME", "JERSEY_NUM"], "rowSet": [[1190, "Eddie", "Rush", "32"], [2003, "Pat", "Fraher", "26"], [201637, "Haywoode", "Workman", "66"]], "name": "Officials"}, {"headers": ["GAME_DATE", "ATTENDANCE", "GAME_TIME"], "rowSet": [["THURSDAY, DECEMBER 29, 2011", 20531, "2:14"]], "name": "GameInfo"}, {"headers": ["PLAYER_ID", "FIRST_NAME", "LAST_NAME", "JERSEY_NUM", "TEAM_ID", "TEAM_CITY", "TEAM_NAME", "TEAM_ABBREVIATION"], "rowSet": [[202706, "Jordan", "Hamilton", " 1", 1610612743, "Denver", "Nuggets", "DEN"], [202933, "Julyan", "Stone", "10", 1610612743, "Denver", "Nuggets", "DEN"], [201141, "Greg", "Oden", "52", 1610612757, "Portland", "Trail Blazers", "POR"], [202356, "Armon", "Johnson", " 1", 1610612757, "Portland", "Trail Blazers", "POR"]], "name": "InactivePlayers"}, {"headers": ["VIDEO_AVAILABLE_FLAG"], "rowSet": [[0]], "name": "AvailableVideo"}], "parameters": {"GameID": "0021100037", "RangeType": 0, "StartPeriod": 0, "StartRange": 0, "EndPeriod": 0, "EndRange": 0}}