{"resource": "boxscore", "resultSets": [{"headers": ["GAME_DATE_EST", "GAME_SEQUENCE", "GAME_ID", "GAME_STATUS_ID", "GAME_STATUS_TEXT", "GAMECODE", "HOME_TEAM_ID", "VISITOR_TEAM_ID", "SEASON", "LIVE_PERIOD", "LIVE_PC_TIME", "NATL_TV_BROADCASTER_ABBREVIATION", "LIVE_PERIOD_TIME_BCAST", "WH_STATUS"], "rowSet": [["2011-12-28T00:00:00", 6, "0021100028", 3, "Final", "20111228/BOSNOH", 1610612740, 1610612738, "2011", 4, "", null, "Q4  - ", 1]], "name": "GameSummary"}, {"headers": ["GAME_DATE_EST", "GAME_SEQUENCE", "GAME_ID", "TEAM_ID", "TEAM_ABBREVIATION", "TEAM_CITY_NAME", "TEAM_WINS_LOSSES", "PTS_QTR1", "PTS_QTR2", "PTS_QTR3", "PTS_QTR4", "PTS_OT1", "PTS_OT2", "PTS_OT3", "PTS_OT4", "PTS_OT5", "PTS_OT6", "PTS_OT7", "PTS_OT8", "PTS_OT9", "PTS_OT10", "PTS"], "rowSet": [["2011-12-28T00:00:00", 6, "0021100028", 1610612738, "BOS", "Boston", "0-3", 18, 21, 24, 15, 0, 0, 0, 0, 0, 0, 0, 0, 0, 0, 78], ["2011-12-28T00:00:00", 6, "0021100028", 1610612740, "NOH", "New Orleans", "2-0", 24, 24, 24, 25, 0, 0, 0, 0, 0, 0, 0, 0, 0, 0, 97]], "name": "LineScore"}, {"headers": ["GAME_ID", "HOME_TEAM_ID", "VISITOR_TEAM_ID", "GAME_DATE_EST", "HOME_TEAM_WINS", "HOME_TEAM_LOSSES", "SERIES_LEADER"], "rowSet": [["0021100028", 1610612740, 1610612738, "2011-12-28T00:00:00", 1, 0, "New Orleans"]], "name": "SeasonSeries"}, {"headers": ["GAME_ID", "LAST_GAME_ID", "LAST_GAME_DATE_EST", "LAST_GAME_HOME_TEAM_ID", "LAST_GAME_HOME_TEAM_CITY", "LAST_GAME_HOME_TEAM_NAME", "LAST_GAME_HOME_TEAM_ABBREVIATION", "LAST_GAME_HOME_TEAM_POINTS", "LAST_GAME_VISITOR_TEAM_ID", "LAST_GAME_VISITOR_TEAM_CITY", "LAST_GAME_VISITOR_TEAM_NAME", "LAST_GAME_VISITOR_TEAM_CITY1", "LAST_GAME_VISITOR_TEAM_POINTS"], "rowSet": [["0021100028", "0021001032", "2011-03-19T00:00:00", 1610612740, "New Orleans", "Hornets", "NOH", 85, 1610612738, "Boston", "Celtics", "BOS", 89]], "name": "LastMeeting"}, {"headers": ["GAME_ID", "TEAM_ID", "TEAM_ABBREVIATION", "TEAM_CITY", "PLAYER_ID", "PLAYER_NAME", "START_POSITION", "COMMENT", "MIN", "FGM", "FGA", "FG_PCT", "FG3M", "FG3A", "FG3_PCT", "FTM", "FTA", "FT_PCT", "OREB", "DREB", "REB", "AST", "STL", "BLK", "TO", "PF", "PTS", "PLUS_MINUS"], "rowSet": [["0021100028", 1610612738, "BOS", "Boston", 2562, "Sasha Pavlovic", "F", "", "18:54", 3, 6, 0.5, 1, 2, 0.5, 0, 0, 0.0, 0, 4, 4, 0, 2, 2, 1, 1, 7, -9.0], ["0021100028", 1610612738, "BOS", "Boston", 708, "Kevin Garnett", "F", "", "26:39", 4, 10, 0.4, 0, 0, 0.0, 0, 0, 0.0, 2, 5, 7, 4, 0, 2, 0, 2, 8, -7.0], ["0021100028", 1610612738, "BOS", "Boston", 979, "Jermaine O'Neal", "C", "", "21:19", 1, 6, 0.167, 0, 0, 0.0, 0, 0, 0.0, 4, 2, 6, 0, 0, 1, 0, 4, 2, -2.0], ["0021100028", 1610612738, "BOS", "Boston", 951, "Ray Allen", "G", "", "29:38", 5, 10, 0.5, 4, 8, 0.5, 1, 1, 1.0, 0, 2, 2, 3, 1, 0, 3, 3, 15, -4.0], ["0021100028", 1610612738, "BOS", "Boston", 200765, "Rajon Rondo", "G", "", "34:22", 5, 8, 0.625, 1, 1, 1.0, 2, 4, 0.5, 1, 1, 2, 6, 1, 0, 4, 3, 13, -8.0], ["0021100028", 1610612738, "BOS", "Boston", 101138, "Brandon Bass", "", "", "24:15", 4, 13, 0.308, 0, 0, 0.0, 3, 4, 0.75, 1, 3, 4, 0, 0, 1, 0, 1, 11, -21.0], ["0021100028", 1610612738, "BOS", "Boston", 201880, "Greg Stiemsma", "", "", "20:16", 1, 2, 0.5, 0, 0, 0.0, 0, 0, 0.0, 2, 2, 4, 0, 0, 6, 0, 3, 2, -9.0], ["0021100028", 1610612738, "BOS", "Boston", 2605, "Marquis Daniels", "", "", "24:41", 3, 12, 0.25, 0, 1, 0.0, 0, 2, 0.0, 2, 1, 3, 1, 0, 0, 1, 1, 6, -7.0], ["0021100028", 1610612738, "BOS", "Boston", 2039, "Keyon Dooling", "", "", "22:54", 2, 6, 0.333, 1, 4, 0.25, 5, 5, 1.0, 1, 2, 3, 0, 0, 0, 3, 4, 10, -15.0], ["0021100028", 1610612738, "BOS", "Boston", 202340, "Avery Bradley", "", "", "6:05", 0, 1, 0.0, 0, 0, 0.0, 0, 0, 0.0, 0, 1, 1, 1, 0, 0, 0, 0, 0, -8.0], ["0021100028", 1610612738, "BOS", "Boston", 202734, "E'Twaun Moore", "", "", "7:36", 0, 2, 0.0, 0, 1, 0.0, 0, 0, 0.0, 0, 1, 1, 1, 0, 0, 0, 0, 0, -4.0], ["0021100028", 1610612738, "BOS", "Boston", 202707, "JaJuan Johnson", "", "", "3:22", 1, 2, 0.5, 0, 0, 0.0, 2, 2, 1.0, 0, 0, 0, 0, 0, 0, 0, 0, 4, -1.0], ["0021100028", 1610612738, "BOS", "Boston", 2404, "Chris Wilcox", "", "DND - Bruised Left Shoulder", null, null, null, null, null, null, null, null, null, null, null, null, null, null, null, null, null, null, null, null], ["0021100028", 1610612740, "NOH", "New Orleans", 2772, "Trevor Ariza", "F", "", "40:27", 2, 8, 0.25, 1, 4, 0.25, 3, 4, 0.75, 1, 5, 6, 4, 2, 1, 0, 1, 8, 11.0], ["0021100028", 1610612740, "NOH", "New Orleans", 201171, "Carl Landry", "F", "", "29:16", 6, 9, 0.667, 0, 0, 0.0, 8, 8, 1.0, 5, 6, 11, 0, 0, 1, 2, 5, 20, 20.0], ["0021100028", 1610612740, "NOH", "New Orleans", 2731, "Emeka Okafor", "C", "", "27:27", 6, 9, 0.667, 0, 0, 0.0, 1, 2, 0.5, 1, 5, 6, 0, 0, 5, 3, 2, 13, 8.0], ["0021100028", 1610612740, "NOH", "New Orleans", 201158, "Marco Belinelli", "G", "", "34:48", 4, 6, 0.667, 3, 4, 0.75, 2, 3, 0.667, 2, 4, 6, 0, 1, 0, 2, 3, 13, 15.0], ["0021100028", 1610612740, "NOH", "New Orleans", 101127, "Jarrett Jack", "G", "", "38:20", 8, 17, 0.471, 0, 2, 0.0, 5, 5, 1.0, 0, 4, 4, 9, 1, 2, 1, 1, 21, 10.0], ["0021100028", 1610612740, "NOH", "New Orleans", 2549, "Chris Kaman", "", "", "27:17", 6, 15, 0.4, 0, 0, 0.0, 0, 0, 0.0, 3, 6, 9, 1, 1, 3, 1, 3, 12, 14.0], ["0021100028", 1610612740, "NOH", "New Orleans", 201160, "Jason Smith", "", "", "9:40", 1, 5, 0.2, 0, 0, 0.0, 0, 0, 0.0, 0, 1, 1, 0, 0, 0, 0, 3, 2, 0.0], ["0021100028", 1610612740, "NOH", "New Orleans", 202329, "Al-Farouq Aminu", "", "", "10:42", 0, 0, 0.0, 0, 0, 0.0, 0, 0, 0.0, 0, 2, 2, 0, 1, 0, 0, 1, 0, 14.0], ["0021100028", 1610612740, "NOH", "New Orleans", 202349, "Greivis Vasquez", "", "", "15:20", 3, 8, 0.375, 0, 2, 0.0, 0, 0, 0.0, 0, 3, 3, 2, 1, 0, 0, 0, 6, 9.0], ["0021100028", 1610612740, "NOH", "New Orleans", 201291, "Carldell Johnson", "", "", "2:15", 0, 0, 0.0, 0, 0, 0.0, 1, 1, 1.0, 0, 0, 0, 0, 0, 0, 0, 0, 1, -2.0], ["0021100028", 1610612740, "NOH", "New Orleans", 201234, "Trey Johnson", "", "", "2:15", 0, 1, 0.0, 0, 0, 0.0, 0, 0, 0.0, 0, 0, 0, 0, 0, 0, 0, 0, 0, -2.0], ["0021100028", 1610612740, "NOH", "New Orleans", 202498, "Lance Thomas", "", "", "2:15", 0, 1, 0.0, 0, 0, 0.0, 1, 2, 0.5, 0, 0, 0, 0, 0, 0, 0, 1, 1, -2.0], ["0021100028", 1610612740, "NOH", "New Orleans", 201569, "Eric Gordon", "", "DND - Bruised Right Knee", null, null, null, null, null, null, null, null, null, null, null, null, null, null, null, null, null, null, null, null]], "name": "PlayerStats"}, {"headers": ["GAME_ID", "TEAM_ID", "TEAM_NAME", "TEAM_ABBREVIATION", "TEAM_CITY", "MIN", "FGM", "FGA", "FG_PCT", "FG3M", "FG3A", "FG3_PCT", "FTM", "FTA", "FT_PCT", "OREB", "DREB", "REB", "AST", "STL", "BLK", "TO", "PF", "PTS", "PLUS_MINUS"], "rowSet": [["0021100028", 1610612740, "Hornets", "NOH", "New Orleans", "240:00", 36, 79, 0.456, 4, 12, 0.333, 21, 25, 0.84, 12, 36, 48, 16, 7, 12, 9, 20, 97, 19.0], ["0021100028", 1610612738, "Celtics", "BOS", "Boston", "240:00", 29, 78, 0.372, 7, 17, 0.412, 13, 18, 0.722, 13, 24, 37, 16, 4, 12, 12, 22, 78, -19.0]], "name": "TeamStats"}, {"headers": ["LEAGUE_ID", "SEASON_ID", "TEAM_ID", "TEAM_ABBREVIATION", "TEAM_CITY", "PTS_PAINT", "PTS_2ND_CHANCE", "PTS_FB", "LARGEST_LEAD", "LEAD_CHANGES", "TIMES_TIED"], "rowSet": [["00", "22011", 1610612738, "BOS", "Boston", 24, 11, 10, 21, 3, 0], ["00", "22011", 1610612740, "NOH", "New Orleans", 46, 21, 7, 21, 3, 0]], "name": "OtherStats"}, {"headers": ["OFFICIAL_ID", "FIRST_NAME", "LAST_NAME", "JERSEY_NUM"], "rowSet": [[1162, "Scott", "Foster", "48"], [2529, "Tony", "Brown", "6"], [201639, "Josh", "Tiven", "58"]], "name": "Officials"}, {"headers": ["GAME_DATE", "ATTENDANCE", "GAME_TIME"], "rowSet": [["WEDNESDAY, DECEMBER 28, 2011", 17802, "2:17"]], "name": "GameInfo"}, {"headers": ["PLAYER_ID", "FIRST_NAME", "LAST_NAME", "JERSEY_NUM", "TEAM_ID", "TEAM_CITY", "TEAM_NAME", "TEAM_ABBREVIATION"], "rowSet": [[1718, "Paul", "Pierce", "34", 1610612738, "Boston", "Celtics", "BOS"], [2554, "Mickael", "Pietrus", "12", 1610612738, "Boston", "Celtics", "BOS"], [201969, "DaJuan", "Summers", "22", 1610612740, "New Orleans", "Hornets", "NOH"], [202970, "Gustavo", "Ayon", "15", 1610612740, "New Orleans", "Hornets", "NOH"]], "name": "InactivePlayers"}, {"headers": ["VIDEO_AVAILABLE_FLAG"], "rowSet": [[0]], "name": "AvailableVideo"}], "parameters": {"GameID": "0021100028", "RangeType": 0, "StartPeriod": 0, "StartRange": 0, "EndPeriod": 0, "EndRange": 0}}