{"resource": "boxscore", "resultSets": [{"headers": ["GAME_DATE_EST", "GAME_SEQUENCE", "GAME_ID", "GAME_STATUS_ID", "GAME_STATUS_TEXT", "GAMECODE", "HOME_TEAM_ID", "VISITOR_TEAM_ID", "SEASON", "LIVE_PERIOD", "LIVE_PC_TIME", "NATL_TV_BROADCASTER_ABBREVIATION", "LIVE_PERIOD_TIME_BCAST", "WH_STATUS"], "rowSet": [["2012-01-01T00:00:00", 2, "0021100058", 3, "Final", "20120101/TORORL", 1610612753, 1610612761, "2011", 4, "", null, "Q4  - ", 1]], "name": "GameSummary"}, {"headers": ["GAME_DATE_EST", "GAME_SEQUENCE", "GAME_ID", "TEAM_ID", "TEAM_ABBREVIATION", "TEAM_CITY_NAME", "TEAM_WINS_LOSSES", "PTS_QTR1", "PTS_QTR2", "PTS_QTR3", "PTS_QTR4", "PTS_OT1", "PTS_OT2", "PTS_OT3", "PTS_OT4", "PTS_OT5", "PTS_OT6", "PTS_OT7", "PTS_OT8", "PTS_OT9", "PTS_OT10", "PTS"], "rowSet": [["2012-01-01T00:00:00", 2, "0021100058", 1610612761, "TOR", "Toronto", "1-3", 27, 25, 29, 15, 0, 0, 0, 0, 0, 0, 0, 0, 0, 0, 96], ["2012-01-01T00:00:00", 2, "0021100058", 1610612753, "ORL", "Orlando", "4-1", 18, 29, 23, 32, 0, 0, 0, 0, 0, 0, 0, 0, 0, 0, 102]], "name": "LineScore"}, {"headers": ["GAME_ID", "HOME_TEAM_ID", "VISITOR_TEAM_ID", "GAME_DATE_EST", "HOME_TEAM_WINS", "HOME_TEAM_LOSSES", "SERIES_LEADER"], "rowSet": [["0021100058", 1610612753, 1610612761, "2012-01-01T00:00:00", 3, 0, "Orlando"]], "name": "SeasonSeries"}, {"headers": ["GAME_ID", "LAST_GAME_ID", "LAST_GAME_DATE_EST", "LAST_GAME_HOME_TEAM_ID", "LAST_GAME_HOME_TEAM_CITY", "LAST_GAME_HOME_TEAM_NAME", "LAST_GAME_HOME_TEAM_ABBREVIATION", "LAST_GAME_HOME_TEAM_POINTS", "LAST_GAME_VISITOR_TEAM_ID", "LAST_GAME_VISITOR_TEAM_CITY", "LAST_GAME_VISITOR_TEAM_NAME", "LAST_GAME_VISITOR_TEAM_CITY1", "LAST_GAME_VISITOR_TEAM_POINTS"], "rowSet": [["0021100058", "0021001144", "2011-04-03T00:00:00", 1610612753, "Orlando", "Magic", "ORL", 98, 1610612761, "Toronto", "Raptors", "TOR", 102]], "name": "LastMeeting"}, {"headers": ["GAME_ID", "TEAM_ID", "TEAM_ABBREVIATION", "TEAM_CITY", "PLAYER_ID", "PLAYER_NAME", "START_POSITION", "COMMENT", "MIN", "FGM", "FGA", "FG_PCT", "FG3M", "FG3A", "FG3_PCT", "FTM", "FTA", "FT_PCT", "OREB", "DREB", "REB", "AST", "STL", "BLK", "TO", "PF", "PTS", "PLUS_MINUS"], "rowSet": [["0021100058", 1610612761, "TOR", "Toronto", 2446, "Rasual Butler", "F", "", "19:06", 0, 2, 0.0, 0, 1, 0.0, 3, 3, 1.0, 0, 1, 1, 1, 0, 0, 0, 3, 3, 19.0], ["0021100058", 1610612761, "TOR", "Toronto", 200745, "Andrea Bargnani", "F", "", "40:38", 10, 21, 0.476, 1, 3, 0.333, 7, 7, 1.0, 0, 7, 7, 3, 1, 0, 2, 1, 28, -2.0], ["0021100058", 1610612761, "TOR", "Toronto", 101161, "Amir Johnson", "C", "", "24:42", 3, 5, 0.6, 0, 0, 0.0, 2, 2, 1.0, 1, 1, 2, 0, 0, 1, 1, 4, 8, -21.0], ["0021100058", 1610612761, "TOR", "Toronto", 201942, "DeMar DeRozan", "G", "", "35:38", 4, 12, 0.333, 1, 2, 0.5, 8, 9, 0.889, 1, 5, 6, 0, 2, 0, 2, 3, 17, -11.0], ["0021100058", 1610612761, "TOR", "Toronto", 101181, "Jose Calderon", "G", "", "36:20", 6, 9, 0.667, 3, 4, 0.75, 3, 3, 1.0, 0, 4, 4, 13, 0, 1, 1, 1, 18, 4.0], ["0021100058", 1610612761, "TOR", "Toronto", 2048, "Jamaal Magloire", "", "", "17:26", 3, 3, 1.0, 0, 0, 0.0, 1, 1, 1.0, 2, 4, 6, 1, 1, 0, 0, 5, 7, 16.0], ["0021100058", 1610612761, "TOR", "Toronto", 201949, "James Johnson", "", "", "11:59", 0, 1, 0.0, 0, 0, 0.0, 0, 0, 0.0, 0, 1, 1, 4, 0, 0, 1, 2, 0, 5.0], ["0021100058", 1610612761, "TOR", "Toronto", 2571, "Leandro Barbosa", "", "", "27:22", 3, 8, 0.375, 0, 1, 0.0, 3, 4, 0.75, 0, 2, 2, 1, 0, 0, 4, 6, 9, -17.0], ["0021100058", 1610612761, "TOR", "Toronto", 202334, "Ed Davis", "", "", "12:29", 1, 4, 0.25, 0, 0, 0.0, 0, 0, 0.0, 1, 0, 1, 0, 0, 0, 0, 2, 2, -5.0], ["0021100058", 1610612761, "TOR", "Toronto", 1853, "Anthony Carter", "", "", "13:35", 2, 5, 0.4, 0, 2, 0.0, 0, 0, 0.0, 0, 3, 3, 0, 0, 0, 0, 0, 4, -18.0], ["0021100058", 1610612761, "TOR", "Toronto", 202374, "Solomon Alabi", "", "", "0:15", 0, 0, 0.0, 0, 0, 0.0, 0, 0, 0.0, 0, 0, 0, 0, 0, 0, 0, 0, 0, 0.0], ["0021100058", 1610612761, "TOR", "Toronto", 201814, "Gary Forbes", "", "", "0:30", 0, 0, 0.0, 0, 0, 0.0, 0, 0, 0.0, 0, 0, 0, 0, 0, 0, 0, 0, 0, 0.0], ["0021100058", 1610612761, "TOR", "Toronto", 201573, "Jerryd Bayless", "", "DND - DND - Sprained Left Ankle", null, null, null, null, null, null, null, null, null, null, null, null, null, null, null, null, null, null, null, null], ["0021100058", 1610612753, "ORL", "Orlando", 2045, "Hedo Turkoglu", "F", "", "33:50", 6, 14, 0.429, 2, 5, 0.4, 1, 1, 1.0, 0, 2, 2, 7, 1, 1, 3, 5, 15, 8.0], ["0021100058", 1610612753, "ORL", "Orlando", 201583, "Ryan Anderson", "F", "", "30:09", 9, 16, 0.563, 5, 8, 0.625, 1, 1, 1.0, 2, 3, 5, 2, 0, 0, 0, 3, 24, 16.0], ["0021100058", 1610612753, "ORL", "Orlando", 2730, "Dwight Howard", "C", "", "42:53", 7, 11, 0.636, 0, 0, 0.0, 5, 9, 0.556, 5, 10, 15, 1, 1, 3, 4, 4, 19, 5.0], ["0021100058", 1610612753, "ORL", "Orlando", 2202, "Jason Richardson", "G", "", "28:25", 1, 8, 0.125, 1, 5, 0.2, 2, 4, 0.5, 1, 4, 5, 1, 1, 2, 0, 1, 5, -22.0], ["0021100058", 1610612753, "ORL", "Orlando", 2749, "Jameer Nelson", "G", "", "32:19", 4, 7, 0.571, 1, 2, 0.5, 0, 0, 0.0, 0, 0, 0, 4, 0, 0, 2, 2, 9, 2.0], ["0021100058", 1610612753, "ORL", "Orlando", 201175, "Glen Davis", "", "", "20:14", 3, 6, 0.5, 0, 1, 0.0, 1, 2, 0.5, 0, 3, 3, 0, 0, 0, 2, 3, 7, -2.0], ["0021100058", 1610612753, "ORL", "Orlando", 200755, "JJ Redick", "", "", "34:15", 6, 10, 0.6, 3, 5, 0.6, 6, 7, 0.857, 0, 3, 3, 3, 0, 0, 0, 3, 21, 26.0], ["0021100058", 1610612753, "ORL", "Orlando", 2768, "Chris Duhon", "", "", "15:41", 1, 3, 0.333, 0, 1, 0.0, 0, 0, 0.0, 0, 0, 0, 2, 1, 0, 1, 0, 2, 4.0], ["0021100058", 1610612753, "ORL", "Orlando", 201947, "Earl Clark", "", "", "2:14", 0, 0, 0.0, 0, 0, 0.0, 0, 0, 0.0, 0, 0, 0, 0, 0, 0, 0, 1, 0, -7.0], ["0021100058", 1610612753, "ORL", "Orlando", 202712, "Justin Harper", "", "DNP - Coach's Decision", null, null, null, null, null, null, null, null, null, null, null, null, null, null, null, null, null, null, null, null], ["0021100058", 1610612753, "ORL", "Orlando", 1716, "Larry Hughes", "", "DNP - Coach's Decision", null, null, null, null, null, null, null, null, null, null, null, null, null, null, null, null, null, null, null, null], ["0021100058", 1610612753, "ORL", "Orlando", 2047, "Quentin Richardson", "", "DNP - Coach's Decision", null, null, null, null, null, null, null, null, null, null, null, null, null, null, null, null, null, null, null, null], ["0021100058", 1610612753, "ORL", "Orlando", 101144, "Von Wafer", "", "DNP - Coach's Decision", null, null, null, null, null, null, null, null, null, null, null, null, null, null, null, null, null, null, null, null]], "name": "PlayerStats"}, {"headers": ["GAME_ID", "TEAM_ID", "TEAM_NAME", "TEAM_ABBREVIATION", "TEAM_CITY", "MIN", "FGM", "FGA", "FG_PCT", "FG3M", "FG3A", "FG3_PCT", "FTM", "FTA", "FT_PCT", "OREB", "DREB", "REB", "AST", "STL", "BLK", "TO", "PF", "PTS", "PLUS_MINUS"], "rowSet": [["0021100058", 1610612761, "Raptors", "TOR", "Toronto", "240:00", 32, 70, 0.457, 5, 13, 0.385, 27, 29, 0.931, 5, 28, 33, 23, 4, 2, 11, 27, 96, -6.0], ["0021100058", 1610612753, "Magic", "ORL", "Orlando", "240:00", 37, 75, 0.493, 12, 27, 0.444, 16, 24, 0.667, 8, 25, 33, 20, 4, 6, 12, 22, 102, 6.0]], "name": "TeamStats"}, {"headers": ["LEAGUE_ID", "SEASON_ID", "TEAM_ID", "TEAM_ABBREVIATION", "TEAM_CITY", "PTS_PAINT", "PTS_2ND_CHANCE", "PTS_FB", "LARGEST_LEAD", "LEAD_CHANGES", "TIMES_TIED"], "rowSet": [["00", "22011", 1610612761, "TOR", "Toronto", 38, 10, 10, 13, 4, 3], ["00", "22011", 1610612753, "ORL", "Orlando", 36, 15, 9, 16, 4, 3]], "name": "OtherStats"}, {"headers": ["OFFICIAL_ID", "FIRST_NAME", "LAST_NAME", "JERSEY_NUM"], "rowSet": [[1188, "Leroy", "Richardson", "20"], [1176, "Monty", "McCutchen", "13"], [202053, "Scott", "Twardoski", "52"]], "name": "Officials"}, {"headers": ["GAME_DATE", "ATTENDANCE", "GAME_TIME"], "rowSet": [["SUNDAY, JANUARY 1, 2012", 18846, "2:25"]], "name": "GameInfo"}, {"headers": ["PLAYER_ID", "FIRST_NAME", "LAST_NAME", "JERSEY_NUM", "TEAM_ID", "TEAM_CITY", "TEAM_NAME", "TEAM_ABBREVIATION"], "rowSet": [[202350, "Daniel", "Orton", "21", 1610612753, "Orlando", "Magic", "ORL"], [202732, "DeAndre", "Liggins", "34", 1610612753, "Orlando", "Magic", "ORL"], [101132, "Linas", "Kleiza", "11", 1610612761, "Toronto", "Raptors", "TOR"], [201189, "Aaron", "Gray", "34", 1610612761, "Toronto", "Raptors", "TOR"]], "name": "InactivePlayers"}, {"headers": ["VIDEO_AVAILABLE_FLAG"], "rowSet": [[0]], "name": "AvailableVideo"}], "parameters": {"GameID": "0021100058", "RangeType": 0, "StartPeriod": 0, "StartRange": 0, "EndPeriod": 0, "EndRange": 0}}