{"resource": "boxscore", "resultSets": [{"headers": ["GAME_DATE_EST", "GAME_SEQUENCE", "GAME_ID", "GAME_STATUS_ID", "GAME_STATUS_TEXT", "GAMECODE", "HOME_TEAM_ID", "VISITOR_TEAM_ID", "SEASON", "LIVE_PERIOD", "LIVE_PC_TIME", "NATL_TV_BROADCASTER_ABBREVIATION", "LIVE_PERIOD_TIME_BCAST", "WH_STATUS"], "rowSet": [["2011-12-28T00:00:00", 5, "0021100027", 3, "Final", "20111228/OKCMEM", 1610612763, 1610612760, "2011", 4, "", "NBA TV", "Q4  - NBA TV", 1]], "name": "GameSummary"}, {"headers": ["GAME_DATE_EST", "GAME_SEQUENCE", "GAME_ID", "TEAM_ID", "TEAM_ABBREVIATION", "TEAM_CITY_NAME", "TEAM_WINS_LOSSES", "PTS_QTR1", "PTS_QTR2", "PTS_QTR3", "PTS_QTR4", "PTS_OT1", "PTS_OT2", "PTS_OT3", "PTS_OT4", "PTS_OT5", "PTS_OT6", "PTS_OT7", "PTS_OT8", "PTS_OT9", "PTS_OT10", "PTS"], "rowSet": [["2011-12-28T00:00:00", 5, "0021100027", 1610612763, "MEM", "Memphis", "0-2", 20, 29, 21, 25, 0, 0, 0, 0, 0, 0, 0, 0, 0, 0, 95], ["2011-12-28T00:00:00", 5, "0021100027", 1610612760, "OKC", "Oklahoma City", "3-0", 23, 31, 18, 26, 0, 0, 0, 0, 0, 0, 0, 0, 0, 0, 98]], "name": "LineScore"}, {"headers": ["GAME_ID", "HOME_TEAM_ID", "VISITOR_TEAM_ID", "GAME_DATE_EST", "HOME_TEAM_WINS", "HOME_TEAM_LOSSES", "SERIES_LEADER"], "rowSet": [["0021100027", 1610612763, 1610612760, "2011-12-28T00:00:00", 1, 3, "Oklahoma City"]], "name": "SeasonSeries"}, {"headers": ["GAME_ID", "LAST_GAME_ID", "LAST_GAME_DATE_EST", "LAST_GAME_HOME_TEAM_ID", "LAST_GAME_HOME_TEAM_CITY", "LAST_GAME_HOME_TEAM_NAME", "LAST_GAME_HOME_TEAM_ABBREVIATION", "LAST_GAME_HOME_TEAM_POINTS", "LAST_GAME_VISITOR_TEAM_ID", "LAST_GAME_VISITOR_TEAM_CITY", "LAST_GAME_VISITOR_TEAM_NAME", "LAST_GAME_VISITOR_TEAM_CITY1", "LAST_GAME_VISITOR_TEAM_POINTS"], "rowSet": [["0021100027", "0041000227", "2011-05-15T00:00:00", 1610612763, "Memphis", "Grizzlies", "MEM", 90, 1610612760, "Oklahoma City", "Thunder", "OKC", 105]], "name": "LastMeeting"}, {"headers": ["GAME_ID", "TEAM_ID", "TEAM_ABBREVIATION", "TEAM_CITY", "PLAYER_ID", "PLAYER_NAME", "START_POSITION", "COMMENT", "MIN", "FGM", "FGA", "FG_PCT", "FG3M", "FG3A", "FG3_PCT", "FTM", "FTA", "FT_PCT", "OREB", "DREB", "REB", "AST", "STL", "BLK", "TO", "PF", "PTS", "PLUS_MINUS"], "rowSet": [["0021100027", 1610612760, "OKC", "Oklahoma City", 201142, "Kevin Durant", "F", "", "38:37", 10, 17, 0.588, 2, 5, 0.4, 10, 11, 0.909, 1, 7, 8, 3, 0, 2, 2, 2, 32, -2.0], ["0021100027", 1610612760, "OKC", "Oklahoma City", 201586, "Serge Ibaka", "F", "", "21:42", 2, 8, 0.25, 0, 0, 0.0, 0, 0, 0.0, 3, 4, 7, 0, 1, 3, 1, 2, 4, 1.0], ["0021100027", 1610612760, "OKC", "Oklahoma City", 2570, "Kendrick Perkins", "C", "", "24:35", 2, 6, 0.333, 0, 0, 0.0, 6, 9, 0.667, 2, 2, 4, 1, 0, 1, 0, 3, 10, -4.0], ["0021100027", 1610612760, "OKC", "Oklahoma City", 200757, "Thabo Sefolosha", "G", "", "23:35", 2, 3, 0.667, 1, 2, 0.5, 3, 3, 1.0, 1, 1, 2, 0, 1, 0, 0, 1, 8, 1.0], ["0021100027", 1610612760, "OKC", "Oklahoma City", 201566, "Russell Westbrook", "G", "", "31:26", 0, 13, 0.0, 0, 2, 0.0, 4, 4, 1.0, 0, 3, 3, 6, 0, 0, 4, 3, 4, 1.0], ["0021100027", 1610612760, "OKC", "Oklahoma City", 2555, "Nick Collison", "", "", "13:06", 1, 1, 1.0, 0, 0, 0.0, 0, 0, 0.0, 0, 0, 0, 1, 0, 1, 1, 4, 2, 5.0], ["0021100027", 1610612760, "OKC", "Oklahoma City", 1737, "Nazr Mohammed", "", "", "17:40", 1, 4, 0.25, 0, 0, 0.0, 0, 2, 0.0, 3, 2, 5, 0, 0, 0, 0, 2, 2, 9.0], ["0021100027", 1610612760, "OKC", "Oklahoma City", 201953, "Eric Maynor", "", "", "16:47", 3, 10, 0.3, 1, 5, 0.2, 0, 0, 0.0, 1, 1, 2, 3, 1, 0, 1, 1, 7, 1.0], ["0021100027", 1610612760, "OKC", "Oklahoma City", 201935, "James Harden", "", "", "30:25", 5, 11, 0.455, 3, 7, 0.429, 7, 9, 0.778, 1, 6, 7, 2, 1, 0, 0, 1, 20, -2.0], ["0021100027", 1610612760, "OKC", "Oklahoma City", 202332, "Cole Aldrich", "", "", "7:24", 0, 0, 0.0, 0, 0, 0.0, 0, 0, 0.0, 0, 1, 1, 0, 0, 1, 0, 1, 0, -1.0], ["0021100027", 1610612760, "OKC", "Oklahoma City", 201161, "Daequan Cook", "", "", "14:42", 3, 4, 0.75, 3, 4, 0.75, 0, 0, 0.0, 0, 2, 2, 0, 0, 0, 1, 4, 9, 6.0], ["0021100027", 1610612760, "OKC", "Oklahoma City", 202351, "Lazar Hayward", "", "DNP - Coach's Decision", null, null, null, null, null, null, null, null, null, null, null, null, null, null, null, null, null, null, null, null], ["0021100027", 1610612760, "OKC", "Oklahoma City", 202704, "Reggie Jackson", "", "DNP - Coach's Decision", null, null, null, null, null, null, null, null, null, null, null, null, null, null, null, null, null, null, null, null], ["0021100027", 1610612763, "MEM", "Memphis", 200752, "Rudy Gay", "F", "", "36:26", 9, 24, 0.375, 0, 5, 0.0, 1, 4, 0.25, 4, 8, 12, 2, 1, 1, 3, 4, 19, -4.0], ["0021100027", 1610612763, "MEM", "Memphis", 2216, "Zach Randolph", "F", "", "39:54", 7, 20, 0.35, 1, 3, 0.333, 9, 12, 0.75, 4, 8, 12, 0, 0, 1, 1, 2, 24, 6.0], ["0021100027", 1610612763, "MEM", "Memphis", 201188, "Marc Gasol", "C", "", "36:10", 5, 10, 0.5, 0, 0, 0.0, 6, 7, 0.857, 5, 7, 12, 0, 0, 2, 0, 5, 16, 4.0], ["0021100027", 1610612763, "MEM", "Memphis", 2754, "Tony Allen", "G", "", "28:41", 3, 9, 0.333, 0, 0, 0.0, 3, 3, 1.0, 2, 1, 3, 1, 2, 0, 3, 2, 9, -1.0], ["0021100027", 1610612763, "MEM", "Memphis", 201144, "Mike Conley", "G", "", "0:24", 0, 0, 0.0, 0, 0, 0.0, 0, 0, 0.0, 0, 0, 0, 0, 0, 0, 0, 0, 0, 0.0], ["0021100027", 1610612763, "MEM", "Memphis", 202951, "Jeremy Pargo", "", "", "37:12", 6, 13, 0.462, 0, 3, 0.0, 3, 4, 0.75, 2, 1, 3, 7, 2, 0, 1, 4, 15, 1.0], ["0021100027", 1610612763, "MEM", "Memphis", 201564, "O.J. Mayo", "", "", "28:09", 2, 5, 0.4, 1, 3, 0.333, 2, 2, 1.0, 0, 3, 3, 0, 0, 0, 2, 1, 7, -2.0], ["0021100027", 1610612763, "MEM", "Memphis", 202347, "Quincy Pondexter", "", "", "12:15", 1, 2, 0.5, 0, 1, 0.0, 0, 0, 0.0, 1, 1, 2, 1, 0, 1, 0, 1, 2, -5.0], ["0021100027", 1610612763, "MEM", "Memphis", 202729, "Josh Selby", "", "", "10:24", 1, 2, 0.5, 0, 0, 0.0, 1, 1, 1.0, 0, 0, 0, 2, 0, 0, 2, 1, 3, -4.0], ["0021100027", 1610612763, "MEM", "Memphis", 201967, "Dante Cunningham", "", "", "5:04", 0, 1, 0.0, 0, 0, 0.0, 0, 0, 0.0, 1, 1, 2, 0, 0, 0, 0, 1, 0, -6.0], ["0021100027", 1610612763, "MEM", "Memphis", 2668, "Josh Davis", "", "", "5:21", 0, 1, 0.0, 0, 1, 0.0, 0, 0, 0.0, 0, 0, 0, 0, 0, 1, 0, 1, 0, -4.0], ["0021100027", 1610612763, "MEM", "Memphis", 1730, "Brian Skinner", "", "DNP - Coach's Decision", null, null, null, null, null, null, null, null, null, null, null, null, null, null, null, null, null, null, null, null], ["0021100027", 1610612763, "MEM", "Memphis", 201970, "Sam Young", "", "DNP - Coach's Decision", null, null, null, null, null, null, null, null, null, null, null, null, null, null, null, null, null, null, null, null]], "name": "PlayerStats"}, {"headers": ["GAME_ID", "TEAM_ID", "TEAM_NAME", "TEAM_ABBREVIATION", "TEAM_CITY", "MIN", "FGM", "FGA", "FG_PCT", "FG3M", "FG3A", "FG3_PCT", "FTM", "FTA", "FT_PCT", "OREB", "DREB", "REB", "AST", "STL", "BLK", "TO", "PF", "PTS", "PLUS_MINUS"], "rowSet": [["0021100027", 1610612760, "Thunder", "OKC", "Oklahoma City", "240:00", 29, 77, 0.377, 10, 25, 0.4, 30, 38, 0.789, 12, 29, 41, 16, 4, 8, 10, 24, 98, 3.0], ["0021100027", 1610612763, "Grizzlies", "MEM", "Memphis", "240:00", 34, 87, 0.391, 2, 16, 0.125, 25, 33, 0.758, 19, 30, 49, 13, 5, 6, 12, 22, 95, -3.0]], "name": "TeamStats"}, {"headers": ["LEAGUE_ID", "SEASON_ID", "TEAM_ID", "TEAM_ABBREVIATION", "TEAM_CITY", "PTS_PAINT", "PTS_2ND_CHANCE", "PTS_FB", "LARGEST_LEAD", "LEAD_CHANGES", "TIMES_TIED"], "rowSet": [["00", "22011", 1610612760, "OKC", "Oklahoma City", 26, 14, 6, 11, 4, 1], ["00", "22011", 1610612763, "MEM", "Memphis", 44, 23, 15, 12, 4, 1]], "name": "OtherStats"}, {"headers": ["OFFICIAL_ID", "FIRST_NAME", "LAST_NAME", "JERSEY_NUM"], "rowSet": [[1188, "Leroy", "Richardson", "20"], [1174, "Ken", "Mauer", "41"], [201640, "Kane", "Fitzgerald", "35"]], "name": "Officials"}, {"headers": ["GAME_DATE", "ATTENDANCE", "GAME_TIME"], "rowSet": [["WEDNESDAY, DECEMBER 28, 2011", 18119, "2:33"]], "name": "GameInfo"}, {"headers": ["PLAYER_ID", "FIRST_NAME", "LAST_NAME", "JERSEY_NUM", "TEAM_ID", "TEAM_CITY", "TEAM_NAME", "TEAM_ABBREVIATION"], "rowSet": [[201589, "Darrell", "Arthur", "00", 1610612763, "Memphis", "Grizzlies", "MEM"], [202333, "Xavier", "Henry", "13", 1610612763, "Memphis", "Grizzlies", "MEM"], [2767, "Royal", "Ivey", " 7", 1610612760, "Oklahoma City", "Thunder", "OKC"], [202385, "Ryan", "Reid", "33", 1610612760, "Oklahoma City", "Thunder", "OKC"]], "name": "InactivePlayers"}, {"headers": ["VIDEO_AVAILABLE_FLAG"], "rowSet": [[0]], "name": "AvailableVideo"}], "parameters": {"GameID": "0021100027", "RangeType": 0, "StartPeriod": 0, "StartRange": 0, "EndPeriod": 0, "EndRange": 0}}