{"resource": "boxscore", "resultSets": [{"headers": ["GAME_DATE_EST", "GAME_SEQUENCE", "GAME_ID", "GAME_STATUS_ID", "GAME_STATUS_TEXT", "GAMECODE", "HOME_TEAM_ID", "VISITOR_TEAM_ID", "SEASON", "LIVE_PERIOD", "LIVE_PC_TIME", "NATL_TV_BROADCASTER_ABBREVIATION", "LIVE_PERIOD_TIME_BCAST", "WH_STATUS"], "rowSet": [["2012-01-02T00:00:00", 6, "0021100071", 3, "Final", "20120102/ORLDET", 1610612765, 1610612753, "2011", 4, "", null, "Q4  - ", 1]], "name": "GameSummary"}, {"headers": ["GAME_DATE_EST", "GAME_SEQUENCE", "GAME_ID", "TEAM_ID", "TEAM_ABBREVIATION", "TEAM_CITY_NAME", "TEAM_WINS_LOSSES", "PTS_QTR1", "PTS_QTR2", "PTS_QTR3", "PTS_QTR4", "PTS_OT1", "PTS_OT2", "PTS_OT3", "PTS_OT4", "PTS_OT5", "PTS_OT6", "PTS_OT7", "PTS_OT8", "PTS_OT9", "PTS_OT10", "PTS"], "rowSet": [["2012-01-02T00:00:00", 6, "0021100071", 1610612765, "DET", "Detroit", "2-3", 21, 23, 24, 21, 0, 0, 0, 0, 0, 0, 0, 0, 0, 0, 89], ["2012-01-02T00:00:00", 6, "0021100071", 1610612753, "ORL", "Orlando", "4-2", 19, 27, 17, 15, 0, 0, 0, 0, 0, 0, 0, 0, 0, 0, 78]], "name": "LineScore"}, {"headers": ["GAME_ID", "HOME_TEAM_ID", "VISITOR_TEAM_ID", "GAME_DATE_EST", "HOME_TEAM_WINS", "HOME_TEAM_LOSSES", "SERIES_LEADER"], "rowSet": [["0021100071", 1610612765, 1610612753, "2012-01-02T00:00:00", 2, 1, "Detroit"]], "name": "SeasonSeries"}, {"headers": ["GAME_ID", "LAST_GAME_ID", "LAST_GAME_DATE_EST", "LAST_GAME_HOME_TEAM_ID", "LAST_GAME_HOME_TEAM_CITY", "LAST_GAME_HOME_TEAM_NAME", "LAST_GAME_HOME_TEAM_ABBREVIATION", "LAST_GAME_HOME_TEAM_POINTS", "LAST_GAME_VISITOR_TEAM_ID", "LAST_GAME_VISITOR_TEAM_CITY", "LAST_GAME_VISITOR_TEAM_NAME", "LAST_GAME_VISITOR_TEAM_CITY1", "LAST_GAME_VISITOR_TEAM_POINTS"], "rowSet": [["0021100071", "0021000654", "2011-01-24T00:00:00", 1610612765, "Detroit", "Pistons", "DET", 103, 1610612753, "Orlando", "Magic", "ORL", 96]], "name": "LastMeeting"}, {"headers": ["GAME_ID", "TEAM_ID", "TEAM_ABBREVIATION", "TEAM_CITY", "PLAYER_ID", "PLAYER_NAME", "START_POSITION", "COMMENT", "MIN", "FGM", "FGA", "FG_PCT", "FG3M", "FG3A", "FG3_PCT", "FTM", "FTA", "FT_PCT", "OREB", "DREB", "REB", "AST", "STL", "BLK", "TO", "PF", "PTS", "PLUS_MINUS"], "rowSet": [["0021100071", 1610612753, "ORL", "Orlando", 2045, "Hedo Turkoglu", "F", "", "26:50", 4, 7, 0.571, 4, 6, 0.667, 1, 2, 0.5, 1, 1, 2, 2, 2, 1, 4, 4, 13, -18.0], ["0021100071", 1610612753, "ORL", "Orlando", 201583, "Ryan Anderson", "F", "", "31:04", 5, 10, 0.5, 1, 5, 0.2, 2, 2, 1.0, 0, 6, 6, 0, 0, 0, 0, 2, 13, -9.0], ["0021100071", 1610612753, "ORL", "Orlando", 2730, "Dwight Howard", "C", "", "39:56", 8, 14, 0.571, 0, 0, 0.0, 3, 8, 0.375, 2, 5, 7, 2, 5, 1, 3, 6, 19, -9.0], ["0021100071", 1610612753, "ORL", "Orlando", 2202, "Jason Richardson", "G", "", "23:19", 1, 5, 0.2, 0, 1, 0.0, 2, 2, 1.0, 0, 0, 0, 0, 1, 0, 1, 1, 4, -11.0], ["0021100071", 1610612753, "ORL", "Orlando", 2749, "Jameer Nelson", "G", "", "30:46", 1, 5, 0.2, 0, 2, 0.0, 2, 3, 0.667, 0, 0, 0, 5, 1, 0, 3, 3, 4, -14.0], ["0021100071", 1610612753, "ORL", "Orlando", 201175, "Glen Davis", "", "", "25:00", 3, 7, 0.429, 0, 0, 0.0, 0, 0, 0.0, 2, 3, 5, 2, 1, 0, 2, 2, 6, -4.0], ["0021100071", 1610612753, "ORL", "Orlando", 2047, "Quentin Richardson", "", "", "21:10", 1, 3, 0.333, 1, 2, 0.5, 0, 0, 0.0, 1, 3, 4, 2, 0, 0, 1, 1, 3, 7.0], ["0021100071", 1610612753, "ORL", "Orlando", 2768, "Chris Duhon", "", "", "17:14", 2, 2, 1.0, 2, 2, 1.0, 2, 2, 1.0, 1, 2, 3, 3, 2, 1, 2, 1, 8, 3.0], ["0021100071", 1610612753, "ORL", "Orlando", 200755, "JJ Redick", "", "", "24:41", 3, 10, 0.3, 0, 4, 0.0, 2, 2, 1.0, 0, 1, 1, 4, 0, 0, 1, 4, 8, 0.0], ["0021100071", 1610612753, "ORL", "Orlando", 201947, "Earl Clark", "", "DNP - Coach's Decision", null, null, null, null, null, null, null, null, null, null, null, null, null, null, null, null, null, null, null, null], ["0021100071", 1610612753, "ORL", "Orlando", 202712, "Justin Harper", "", "DNP - Coach's Decision", null, null, null, null, null, null, null, null, null, null, null, null, null, null, null, null, null, null, null, null], ["0021100071", 1610612753, "ORL", "Orlando", 1716, "Larry Hughes", "", "DNP - Coach's Decision", null, null, null, null, null, null, null, null, null, null, null, null, null, null, null, null, null, null, null, null], ["0021100071", 1610612753, "ORL", "Orlando", 101144, "Von Wafer", "", "DNP - Coach's Decision", null, null, null, null, null, null, null, null, null, null, null, null, null, null, null, null, null, null, null, null], ["0021100071", 1610612765, "DET", "Detroit", 2419, "Tayshaun Prince", "F", "", "36:37", 5, 10, 0.5, 0, 0, 0.0, 4, 4, 1.0, 2, 3, 5, 2, 0, 0, 2, 0, 14, 12.0], ["0021100071", 1610612765, "DET", "Detroit", 201973, "Jonas Jerebko", "F", "", "36:16", 4, 6, 0.667, 0, 1, 0.0, 0, 2, 0.0, 2, 9, 11, 1, 0, 0, 2, 3, 8, 7.0], ["0021100071", 1610612765, "DET", "Detroit", 202328, "Greg Monroe", "C", "", "22:35", 5, 10, 0.5, 0, 0, 0.0, 0, 1, 0.0, 6, 3, 9, 1, 0, 0, 1, 5, 10, 0.0], ["0021100071", 1610612765, "DET", "Detroit", 2732, "Ben Gordon", "G", "", "38:50", 8, 15, 0.533, 2, 3, 0.667, 8, 9, 0.889, 0, 3, 3, 6, 0, 0, 5, 3, 26, 14.0], ["0021100071", 1610612765, "DET", "Detroit", 201155, "Rodney Stuckey", "G", "", "36:42", 2, 8, 0.25, 0, 2, 0.0, 10, 13, 0.769, 0, 2, 2, 4, 2, 0, 2, 0, 14, 6.0], ["0021100071", 1610612765, "DET", "Detroit", 101131, "Jason Maxiell", "", "", "16:02", 3, 4, 0.75, 0, 0, 0.0, 3, 4, 0.75, 0, 2, 2, 0, 1, 1, 1, 4, 9, 5.0], ["0021100071", 1610612765, "DET", "Detroit", 1112, "Ben Wallace", "", "", "20:18", 0, 0, 0.0, 0, 0, 0.0, 0, 0, 0.0, 0, 5, 5, 0, 5, 1, 1, 3, 0, 6.0], ["0021100071", 1610612765, "DET", "Detroit", 202688, "Brandon Knight", "", "", "20:33", 4, 7, 0.571, 0, 2, 0.0, 0, 0, 0.0, 1, 0, 1, 3, 0, 0, 3, 0, 8, 2.0], ["0021100071", 1610612765, "DET", "Detroit", 2863, "Damien Wilkins", "", "", "11:18", 0, 2, 0.0, 0, 0, 0.0, 0, 0, 0.0, 0, 1, 1, 2, 0, 1, 0, 1, 0, -1.0], ["0021100071", 1610612765, "DET", "Detroit", 101111, "Charlie Villanueva", "", "", "0:38", 0, 0, 0.0, 0, 0, 0.0, 0, 0, 0.0, 0, 0, 0, 0, 0, 0, 0, 0, 0, 2.0], ["0021100071", 1610612765, "DET", "Detroit", 201948, "Austin Daye", "", "", "0:11", 0, 0, 0.0, 0, 0, 0.0, 0, 0, 0.0, 0, 0, 0, 0, 0, 0, 0, 0, 0, 2.0], ["0021100071", 1610612765, "DET", "Detroit", 101198, "Will Bynum", "", "DNP - Coach's Decision", null, null, null, null, null, null, null, null, null, null, null, null, null, null, null, null, null, null, null, null], ["0021100071", 1610612765, "DET", "Detroit", 202731, "Vernon Macklin", "", "DNP - Coach's Decision", null, null, null, null, null, null, null, null, null, null, null, null, null, null, null, null, null, null, null, null]], "name": "PlayerStats"}, {"headers": ["GAME_ID", "TEAM_ID", "TEAM_NAME", "TEAM_ABBREVIATION", "TEAM_CITY", "MIN", "FGM", "FGA", "FG_PCT", "FG3M", "FG3A", "FG3_PCT", "FTM", "FTA", "FT_PCT", "OREB", "DREB", "REB", "AST", "STL", "BLK", "TO", "PF", "PTS", "PLUS_MINUS"], "rowSet": [["0021100071", 1610612753, "Magic", "ORL", "Orlando", "240:00", 28, 63, 0.444, 8, 22, 0.364, 14, 21, 0.667, 7, 21, 28, 20, 12, 3, 17, 24, 78, -11.0], ["0021100071", 1610612765, "Pistons", "DET", "Detroit", "240:00", 31, 62, 0.5, 2, 8, 0.25, 25, 33, 0.758, 11, 28, 39, 19, 8, 3, 17, 19, 89, 11.0]], "name": "TeamStats"}, {"headers": ["LEAGUE_ID", "SEASON_ID", "TEAM_ID", "TEAM_ABBREVIATION", "TEAM_CITY", "PTS_PAINT", "PTS_2ND_CHANCE", "PTS_FB", "LARGEST_LEAD", "LEAD_CHANGES", "TIMES_TIED"], "rowSet": [["00", "22011", 1610612765, "DET", "Detroit", 34, 6, 6, 9, 11, 5], ["00", "22011", 1610612753, "ORL", "Orlando", 30, 11, 5, 11, 11, 5]], "name": "OtherStats"}, {"headers": ["OFFICIAL_ID", "FIRST_NAME", "LAST_NAME", "JERSEY_NUM"], "rowSet": [[1168, "David", "Jones", "36"], [1159, "Kevin", "Fehr", "7"], [1146, "Tony", "Brothers", "25"]], "name": "Officials"}, {"headers": ["GAME_DATE", "ATTENDANCE", "GAME_TIME"], "rowSet": [["MONDAY, JANUARY 2, 2012", 8120, "2:19"]], "name": "GameInfo"}, {"headers": ["PLAYER_ID", "FIRST_NAME", "LAST_NAME", "JERSEY_NUM", "TEAM_ID", "TEAM_CITY", "TEAM_NAME", "TEAM_ABBREVIATION"], "rowSet": [[202350, "Daniel", "Orton", "21", 1610612753, "Orlando", "Magic", "ORL"], [202732, "DeAndre", "Liggins", "34", 1610612753, "Orlando", "Magic", "ORL"]], "name": "InactivePlayers"}, {"headers": ["VIDEO_AVAILABLE_FLAG"], "rowSet": [[0]], "name": "AvailableVideo"}], "parameters": {"GameID": "0021100071", "RangeType": 0, "StartPeriod": 0, "StartRange": 0, "EndPeriod": 0, "EndRange": 0}}