{"resource": "boxscore", "resultSets": [{"headers": ["GAME_DATE_EST", "GAME_SEQUENCE", "GAME_ID", "GAME_STATUS_ID", "GAME_STATUS_TEXT", "GAMECODE", "HOME_TEAM_ID", "VISITOR_TEAM_ID", "SEASON", "LIVE_PERIOD", "LIVE_PC_TIME", "NATL_TV_BROADCASTER_ABBREVIATION", "LIVE_PERIOD_TIME_BCAST", "WH_STATUS"], "rowSet": [["2011-12-30T00:00:00", 8, "0021100046", 3, "Final", "20111230/WASMIL", 1610612749, 1610612764, "2011", 4, "", null, "Q4  - ", 1]], "name": "GameSummary"}, {"headers": ["GAME_DATE_EST", "GAME_SEQUENCE", "GAME_ID", "TEAM_ID", "TEAM_ABBREVIATION", "TEAM_CITY_NAME", "TEAM_WINS_LOSSES", "PTS_QTR1", "PTS_QTR2", "PTS_QTR3", "PTS_QTR4", "PTS_OT1", "PTS_OT2", "PTS_OT3", "PTS_OT4", "PTS_OT5", "PTS_OT6", "PTS_OT7", "PTS_OT8", "PTS_OT9", "PTS_OT10", "PTS"], "rowSet": [["2011-12-30T00:00:00", 8, "0021100046", 1610612764, "WAS", "Washington", "0-3", 24, 17, 26, 14, 0, 0, 0, 0, 0, 0, 0, 0, 0, 0, 81], ["2011-12-30T00:00:00", 8, "0021100046", 1610612749, "MIL", "Milwaukee", "2-1", 36, 29, 13, 24, 0, 0, 0, 0, 0, 0, 0, 0, 0, 0, 102]], "name": "LineScore"}, {"headers": ["GAME_ID", "HOME_TEAM_ID", "VISITOR_TEAM_ID", "GAME_DATE_EST", "HOME_TEAM_WINS", "HOME_TEAM_LOSSES", "SERIES_LEADER"], "rowSet": [["0021100046", 1610612749, 1610612764, "2011-12-30T00:00:00", 3, 1, "Milwaukee"]], "name": "SeasonSeries"}, {"headers": ["GAME_ID", "LAST_GAME_ID", "LAST_GAME_DATE_EST", "LAST_GAME_HOME_TEAM_ID", "LAST_GAME_HOME_TEAM_CITY", "LAST_GAME_HOME_TEAM_NAME", "LAST_GAME_HOME_TEAM_ABBREVIATION", "LAST_GAME_HOME_TEAM_POINTS", "LAST_GAME_VISITOR_TEAM_ID", "LAST_GAME_VISITOR_TEAM_CITY", "LAST_GAME_VISITOR_TEAM_NAME", "LAST_GAME_VISITOR_TEAM_CITY1", "LAST_GAME_VISITOR_TEAM_POINTS"], "rowSet": [["0021100046", "0021000950", "2011-03-08T00:00:00", 1610612749, "Milwaukee", "Bucks", "MIL", 95, 1610612764, "Washington", "Wizards", "WAS", 76]], "name": "LastMeeting"}, {"headers": ["GAME_ID", "TEAM_ID", "TEAM_ABBREVIATION", "TEAM_CITY", "PLAYER_ID", "PLAYER_NAME", "START_POSITION", "COMMENT", "MIN", "FGM", "FGA", "FG_PCT", "FG3M", "FG3A", "FG3_PCT", "FTM", "FTA", "FT_PCT", "OREB", "DREB", "REB", "AST", "STL", "BLK", "TO", "PF", "PTS", "PLUS_MINUS"], "rowSet": [["0021100046", 1610612764, "WAS", "Washington", 1740, "Rashard Lewis", "F", "", "31:59", 4, 10, 0.4, 1, 2, 0.5, 5, 6, 0.833, 1, 5, 6, 2, 1, 0, 1, 2, 14, -20.0], ["0021100046", 1610612764, "WAS", "Washington", 101154, "Andray Blatche", "F", "", "28:29", 4, 15, 0.267, 0, 2, 0.0, 1, 1, 1.0, 3, 7, 10, 1, 1, 1, 1, 2, 9, -10.0], ["0021100046", 1610612764, "WAS", "Washington", 201580, "JaVale McGee", "C", "", "28:04", 5, 11, 0.455, 0, 0, 0.0, 0, 2, 0.0, 2, 7, 9, 0, 1, 0, 0, 4, 10, -13.0], ["0021100046", 1610612764, "WAS", "Washington", 201156, "Nick Young", "G", "", "22:16", 1, 10, 0.1, 1, 2, 0.5, 0, 0, 0.0, 0, 2, 2, 2, 0, 0, 1, 2, 3, -8.0], ["0021100046", 1610612764, "WAS", "Washington", 202322, "John Wall", "G", "", "36:22", 1, 9, 0.111, 0, 1, 0.0, 4, 4, 1.0, 1, 0, 1, 7, 1, 3, 4, 1, 6, -16.0], ["0021100046", 1610612764, "WAS", "Washington", 202348, "Jordan Crawford", "", "", "35:51", 9, 20, 0.45, 3, 7, 0.429, 3, 4, 0.75, 0, 0, 0, 5, 0, 0, 3, 5, 24, -20.0], ["0021100046", 1610612764, "WAS", "Washington", 101142, "Ronny Turiaf", "", "", "7:30", 1, 1, 1.0, 0, 0, 0.0, 0, 0, 0.0, 0, 0, 0, 1, 2, 1, 2, 0, 2, -5.0], ["0021100046", 1610612764, "WAS", "Washington", 202698, "Chris Singleton", "", "", "23:51", 1, 3, 0.333, 1, 3, 0.333, 0, 0, 0.0, 0, 2, 2, 0, 1, 0, 1, 4, 3, -11.0], ["0021100046", 1610612764, "WAS", "Washington", 202714, "Shelvin Mack", "", "", "8:52", 3, 3, 1.0, 1, 1, 1.0, 0, 0, 0.0, 0, 0, 0, 0, 1, 0, 1, 0, 7, -7.0], ["0021100046", 1610612764, "WAS", "Washington", 202344, "Trevor Booker", "", "", "14:45", 1, 3, 0.333, 0, 0, 0.0, 1, 2, 0.5, 2, 3, 5, 1, 1, 0, 0, 2, 3, 7.0], ["0021100046", 1610612764, "WAS", "Washington", 202338, "Kevin Seraphin", "", "", "2:01", 0, 0, 0.0, 0, 0, 0.0, 0, 0, 0.0, 0, 0, 0, 0, 0, 0, 0, 0, 0, -2.0], ["0021100046", 1610612764, "WAS", "Washington", 202380, "Hamady Ndiaye", "", "DNP - Coach's Decision", null, null, null, null, null, null, null, null, null, null, null, null, null, null, null, null, null, null, null, null], ["0021100046", 1610612749, "MIL", "Milwaukee", 1536, "Stephen Jackson", "F", "", "21:40", 2, 8, 0.25, 1, 4, 0.25, 2, 2, 1.0, 0, 2, 2, 4, 0, 1, 4, 4, 7, 11.0], ["0021100046", 1610612749, "MIL", "Milwaukee", 101141, "Ersan Ilyasova", "F", "", "28:40", 6, 8, 0.75, 1, 1, 1.0, 3, 5, 0.6, 0, 7, 7, 4, 1, 0, 2, 3, 16, 7.0], ["0021100046", 1610612749, "MIL", "Milwaukee", 101106, "Andrew Bogut", "C", "", "34:38", 6, 12, 0.5, 0, 0, 0.0, 1, 2, 0.5, 2, 13, 15, 2, 0, 3, 3, 4, 13, 14.0], ["0021100046", 1610612749, "MIL", "Milwaukee", 2399, "Mike Dunleavy", "G", "", "21:51", 3, 4, 0.75, 2, 3, 0.667, 5, 8, 0.625, 0, 5, 5, 1, 1, 0, 2, 1, 13, 4.0], ["0021100046", 1610612749, "MIL", "Milwaukee", 201943, "Brandon Jennings", "G", "", "34:38", 8, 15, 0.533, 1, 6, 0.167, 5, 7, 0.714, 0, 2, 2, 5, 0, 1, 4, 1, 22, 5.0], ["0021100046", 1610612749, "MIL", "Milwaukee", 202720, "Jon Leuer", "", "", "21:32", 2, 4, 0.5, 0, 0, 0.0, 0, 0, 0.0, 3, 2, 5, 1, 2, 0, 0, 1, 4, 14.0], ["0021100046", 1610612749, "MIL", "Milwaukee", 2568, "Carlos Delfino", "", "", "29:14", 6, 11, 0.545, 3, 5, 0.6, 0, 0, 0.0, 0, 6, 6, 2, 1, 0, 0, 1, 15, 16.0], ["0021100046", 1610612749, "MIL", "Milwaukee", 2757, "Beno Udrih", "", "", "22:53", 4, 7, 0.571, 0, 1, 0.0, 0, 0, 0.0, 3, 0, 3, 2, 0, 0, 3, 1, 8, 22.0], ["0021100046", 1610612749, "MIL", "Milwaukee", 202336, "Larry Sanders", "", "", "6:00", 0, 1, 0.0, 0, 0, 0.0, 0, 0, 0.0, 0, 2, 2, 1, 0, 1, 0, 2, 0, 2.0], ["0021100046", 1610612749, "MIL", "Milwaukee", 2733, "Shaun Livingston", "", "", "16:25", 2, 3, 0.667, 0, 0, 0.0, 0, 1, 0.0, 1, 0, 1, 4, 0, 1, 2, 1, 4, 6.0], ["0021100046", 1610612749, "MIL", "Milwaukee", 201972, "Jon Brockman", "", "", "2:29", 0, 0, 0.0, 0, 0, 0.0, 0, 0, 0.0, 1, 1, 2, 0, 0, 0, 0, 0, 0, 4.0], ["0021100046", 1610612749, "MIL", "Milwaukee", 2400, "Drew Gooden", "", "DNP - Coach's Decision", null, null, null, null, null, null, null, null, null, null, null, null, null, null, null, null, null, null, null, null], ["0021100046", 1610612749, "MIL", "Milwaukee", 201601, "Luc Mbah a Moute", "", "DND - Right Knee Tendonitis", null, null, null, null, null, null, null, null, null, null, null, null, null, null, null, null, null, null, null, null]], "name": "PlayerStats"}, {"headers": ["GAME_ID", "TEAM_ID", "TEAM_NAME", "TEAM_ABBREVIATION", "TEAM_CITY", "MIN", "FGM", "FGA", "FG_PCT", "FG3M", "FG3A", "FG3_PCT", "FTM", "FTA", "FT_PCT", "OREB", "DREB", "REB", "AST", "STL", "BLK", "TO", "PF", "PTS", "PLUS_MINUS"], "rowSet": [["0021100046", 1610612764, "Wizards", "WAS", "Washington", "240:00", 30, 85, 0.353, 7, 18, 0.389, 14, 19, 0.737, 9, 26, 35, 19, 9, 5, 14, 22, 81, -21.0], ["0021100046", 1610612749, "Bucks", "MIL", "Milwaukee", "240:00", 39, 73, 0.534, 8, 20, 0.4, 16, 25, 0.64, 10, 40, 50, 26, 5, 7, 20, 19, 102, 21.0]], "name": "TeamStats"}, {"headers": ["LEAGUE_ID", "SEASON_ID", "TEAM_ID", "TEAM_ABBREVIATION", "TEAM_CITY", "PTS_PAINT", "PTS_2ND_CHANCE", "PTS_FB", "LARGEST_LEAD", "LEAD_CHANGES", "TIMES_TIED"], "rowSet": [["00", "22011", 1610612764, "WAS", "Washington", 32, 18, 6, 26, 2, 3], ["00", "22011", 1610612749, "MIL", "Milwaukee", 40, 8, 20, 25, 2, 3]], "name": "OtherStats"}, {"headers": ["OFFICIAL_ID", "FIRST_NAME", "LAST_NAME", "JERSEY_NUM"], "rowSet": [[1152, "Dan", "Crawford", "43"], [2529, "Tony", "Brown", "6"], [201246, "Kevin", "Cutler", "34"]], "name": "Officials"}, {"headers": ["GAME_DATE", "ATTENDANCE", "GAME_TIME"], "rowSet": [["FRIDAY, DECEMBER 30, 2011", 17065, "2:05"]], "name": "GameInfo"}, {"headers": ["PLAYER_ID", "FIRST_NAME", "LAST_NAME", "JERSEY_NUM", "TEAM_ID", "TEAM_CITY", "TEAM_NAME", "TEAM_ABBREVIATION"], "rowSet": [[202359, "Darington", "Hobson", "11", 1610612749, "Milwaukee", "Bucks", "MIL"], [202699, "Tobias", "Harris", "15", 1610612749, "Milwaukee", "Bucks", "MIL"], [2230, "Maurice", "Evans", " 6", 1610612764, "Washington", "Wizards", "WAS"], [202686, "Jan", "Vesely", "24", 1610612764, "Washington", "Wizards", "WAS"]], "name": "InactivePlayers"}, {"headers": ["VIDEO_AVAILABLE_FLAG"], "rowSet": [[0]], "name": "AvailableVideo"}], "parameters": {"GameID": "0021100046", "RangeType": 0, "StartPeriod": 0, "StartRange": 0, "EndPeriod": 0, "EndRange": 0}}