{"resource": "boxscore", "resultSets": [{"headers": ["GAME_DATE_EST", "GAME_SEQUENCE", "GAME_ID", "GAME_STATUS_ID", "GAME_STATUS_TEXT", "GAMECODE", "HOME_TEAM_ID", "VISITOR_TEAM_ID", "SEASON", "LIVE_PERIOD", "LIVE_PC_TIME", "NATL_TV_BROADCASTER_ABBREVIATION", "LIVE_PERIOD_TIME_BCAST", "WH_STATUS"], "rowSet": [["2011-12-31T00:00:00", 2, "0021100051", 3, "Final", "20111231/INDDET", 1610612765, 1610612754, "2011", 4, "", null, "Q4  - ", 1]], "name": "GameSummary"}, {"headers": ["GAME_DATE_EST", "GAME_SEQUENCE", "GAME_ID", "TEAM_ID", "TEAM_ABBREVIATION", "TEAM_CITY_NAME", "TEAM_WINS_LOSSES", "PTS_QTR1", "PTS_QTR2", "PTS_QTR3", "PTS_QTR4", "PTS_OT1", "PTS_OT2", "PTS_OT3", "PTS_OT4", "PTS_OT5", "PTS_OT6", "PTS_OT7", "PTS_OT8", "PTS_OT9", "PTS_OT10", "PTS"], "rowSet": [["2011-12-31T00:00:00", 2, "0021100051", 1610612765, "DET", "Detroit", "1-3", 21, 31, 30, 14, 0, 0, 0, 0, 0, 0, 0, 0, 0, 0, 96], ["2011-12-31T00:00:00", 2, "0021100051", 1610612754, "IND", "Indiana", "3-1", 18, 26, 20, 24, 0, 0, 0, 0, 0, 0, 0, 0, 0, 0, 88]], "name": "LineScore"}, {"headers": ["GAME_ID", "HOME_TEAM_ID", "VISITOR_TEAM_ID", "GAME_DATE_EST", "HOME_TEAM_WINS", "HOME_TEAM_LOSSES", "SERIES_LEADER"], "rowSet": [["0021100051", 1610612765, 1610612754, "2011-12-31T00:00:00", 1, 2, "Indiana"]], "name": "SeasonSeries"}, {"headers": ["GAME_ID", "LAST_GAME_ID", "LAST_GAME_DATE_EST", "LAST_GAME_HOME_TEAM_ID", "LAST_GAME_HOME_TEAM_CITY", "LAST_GAME_HOME_TEAM_NAME", "LAST_GAME_HOME_TEAM_ABBREVIATION", "LAST_GAME_HOME_TEAM_POINTS", "LAST_GAME_VISITOR_TEAM_ID", "LAST_GAME_VISITOR_TEAM_CITY", "LAST_GAME_VISITOR_TEAM_NAME", "LAST_GAME_VISITOR_TEAM_CITY1", "LAST_GAME_VISITOR_TEAM_POINTS"], "rowSet": [["0021100051", "0021100010", "2011-12-26T00:00:00", 1610612765, "Detroit", "Pistons", "DET", 79, 1610612754, "Indiana", "Pacers", "IND", 91]], "name": "LastMeeting"}, {"headers": ["GAME_ID", "TEAM_ID", "TEAM_ABBREVIATION", "TEAM_CITY", "PLAYER_ID", "PLAYER_NAME", "START_POSITION", "COMMENT", "MIN", "FGM", "FGA", "FG_PCT", "FG3M", "FG3A", "FG3_PCT", "FTM", "FTA", "FT_PCT", "OREB", "DREB", "REB", "AST", "STL", "BLK", "TO", "PF", "PTS", "PLUS_MINUS"], "rowSet": [["0021100051", 1610612754, "IND", "Indiana", 101122, "Danny Granger", "F", "", "37:35", 4, 15, 0.267, 1, 4, 0.25, 2, 2, 1.0, 1, 2, 3, 0, 3, 0, 0, 1, 11, 0.0], ["0021100051", 1610612754, "IND", "Indiana", 2561, "David West", "F", "", "23:13", 4, 11, 0.364, 0, 1, 0.0, 2, 2, 1.0, 0, 5, 5, 3, 1, 0, 0, 1, 10, -6.0], ["0021100051", 1610612754, "IND", "Indiana", 201579, "Roy Hibbert", "C", "", "24:49", 4, 7, 0.571, 0, 0, 0.0, 1, 2, 0.5, 1, 4, 5, 0, 0, 1, 3, 3, 9, -10.0], ["0021100051", 1610612754, "IND", "Indiana", 202331, "Paul George", "G", "", "34:01", 2, 5, 0.4, 1, 2, 0.5, 2, 3, 0.667, 0, 4, 4, 4, 3, 1, 1, 2, 7, 7.0], ["0021100051", 1610612754, "IND", "Indiana", 201954, "Darren Collison", "G", "", "35:59", 4, 6, 0.667, 2, 3, 0.667, 5, 6, 0.833, 0, 5, 5, 8, 1, 0, 2, 3, 15, -3.0], ["0021100051", 1610612754, "IND", "Indiana", 201946, "Tyler Hansbrough", "", "", "27:59", 5, 14, 0.357, 0, 0, 0.0, 6, 7, 0.857, 3, 2, 5, 0, 3, 1, 1, 3, 16, -3.0], ["0021100051", 1610612754, "IND", "Indiana", 201588, "George Hill", "", "", "29:06", 7, 11, 0.636, 1, 3, 0.333, 1, 2, 0.5, 0, 5, 5, 1, 0, 0, 1, 3, 16, -4.0], ["0021100051", 1610612754, "IND", "Indiana", 2563, "Dahntay Jones", "", "", "12:26", 0, 3, 0.0, 0, 1, 0.0, 4, 4, 1.0, 1, 3, 4, 0, 2, 0, 2, 2, 4, -7.0], ["0021100051", 1610612754, "IND", "Indiana", 200811, "Lou Amundson", "", "", "7:59", 0, 1, 0.0, 0, 0, 0.0, 0, 0, 0.0, 0, 0, 0, 0, 1, 2, 1, 1, 0, -7.0], ["0021100051", 1610612754, "IND", "Indiana", 202362, "Lance Stephenson", "", "", "6:53", 0, 3, 0.0, 0, 1, 0.0, 0, 0, 0.0, 0, 0, 0, 1, 0, 0, 0, 0, 0, -7.0], ["0021100051", 1610612754, "IND", "Indiana", 201985, "A.J. Price", "", "DNP - Coach's Decision", null, null, null, null, null, null, null, null, null, null, null, null, null, null, null, null, null, null, null, null], ["0021100051", 1610612765, "DET", "Detroit", 2419, "Tayshaun Prince", "F", "", "35:57", 5, 13, 0.385, 2, 3, 0.667, 0, 0, 0.0, 0, 4, 4, 1, 1, 0, 3, 2, 12, 2.0], ["0021100051", 1610612765, "DET", "Detroit", 201973, "Jonas Jerebko", "F", "", "37:13", 8, 14, 0.571, 3, 4, 0.75, 1, 3, 0.333, 1, 11, 12, 1, 1, 0, 1, 5, 20, 10.0], ["0021100051", 1610612765, "DET", "Detroit", 202328, "Greg Monroe", "C", "", "33:00", 8, 12, 0.667, 0, 0, 0.0, 3, 4, 0.75, 4, 7, 11, 4, 0, 1, 4, 4, 19, 7.0], ["0021100051", 1610612765, "DET", "Detroit", 2732, "Ben Gordon", "G", "", "34:26", 6, 12, 0.5, 2, 4, 0.5, 2, 2, 1.0, 1, 2, 3, 4, 1, 0, 2, 2, 16, 13.0], ["0021100051", 1610612765, "DET", "Detroit", 201155, "Rodney Stuckey", "G", "", "38:38", 5, 12, 0.417, 1, 1, 1.0, 4, 4, 1.0, 1, 6, 7, 7, 0, 0, 4, 2, 15, 2.0], ["0021100051", 1610612765, "DET", "Detroit", 202688, "Brandon Knight", "", "", "22:56", 3, 8, 0.375, 0, 2, 0.0, 0, 0, 0.0, 0, 3, 3, 6, 0, 0, 3, 2, 6, 1.0], ["0021100051", 1610612765, "DET", "Detroit", 101131, "Jason Maxiell", "", "", "12:49", 3, 5, 0.6, 0, 0, 0.0, 0, 0, 0.0, 1, 3, 4, 0, 1, 0, 0, 3, 6, 2.0], ["0021100051", 1610612765, "DET", "Detroit", 1112, "Ben Wallace", "", "", "9:42", 1, 1, 1.0, 0, 0, 0.0, 0, 0, 0.0, 1, 3, 4, 1, 0, 0, 0, 1, 2, 6.0], ["0021100051", 1610612765, "DET", "Detroit", 201948, "Austin Daye", "", "", "5:53", 0, 3, 0.0, 0, 1, 0.0, 0, 0, 0.0, 0, 0, 0, 0, 0, 1, 1, 0, 0, 8.0], ["0021100051", 1610612765, "DET", "Detroit", 2863, "Damien Wilkins", "", "", "9:27", 0, 2, 0.0, 0, 0, 0.0, 0, 0, 0.0, 1, 0, 1, 1, 0, 0, 0, 2, 0, -11.0], ["0021100051", 1610612765, "DET", "Detroit", 101198, "Will Bynum", "", "DNP - Coach's Decision", null, null, null, null, null, null, null, null, null, null, null, null, null, null, null, null, null, null, null, null], ["0021100051", 1610612765, "DET", "Detroit", 202731, "Vernon Macklin", "", "DNP - Coach's Decision", null, null, null, null, null, null, null, null, null, null, null, null, null, null, null, null, null, null, null, null], ["0021100051", 1610612765, "DET", "Detroit", 101111, "Charlie Villanueva", "", "DNP - Coach's Decision", null, null, null, null, null, null, null, null, null, null, null, null, null, null, null, null, null, null, null, null]], "name": "PlayerStats"}, {"headers": ["GAME_ID", "TEAM_ID", "TEAM_NAME", "TEAM_ABBREVIATION", "TEAM_CITY", "MIN", "FGM", "FGA", "FG_PCT", "FG3M", "FG3A", "FG3_PCT", "FTM", "FTA", "FT_PCT", "OREB", "DREB", "REB", "AST", "STL", "BLK", "TO", "PF", "PTS", "PLUS_MINUS"], "rowSet": [["0021100051", 1610612754, "Pacers", "IND", "Indiana", "240:00", 30, 76, 0.395, 5, 15, 0.333, 23, 28, 0.821, 6, 30, 36, 17, 14, 5, 11, 19, 88, -8.0], ["0021100051", 1610612765, "Pistons", "DET", "Detroit", "240:00", 39, 82, 0.476, 8, 15, 0.533, 10, 13, 0.769, 10, 39, 49, 25, 4, 2, 18, 23, 96, 8.0]], "name": "TeamStats"}, {"headers": ["LEAGUE_ID", "SEASON_ID", "TEAM_ID", "TEAM_ABBREVIATION", "TEAM_CITY", "PTS_PAINT", "PTS_2ND_CHANCE", "PTS_FB", "LARGEST_LEAD", "LEAD_CHANGES", "TIMES_TIED"], "rowSet": [["00", "22011", 1610612754, "IND", "Indiana", 40, 12, 11, 19, 6, 6], ["00", "22011", 1610612765, "DET", "Detroit", 48, 11, 16, 18, 6, 6]], "name": "OtherStats"}, {"headers": ["OFFICIAL_ID", "FIRST_NAME", "LAST_NAME", "JERSEY_NUM"], "rowSet": [[1142, "Dick", "Bavetta", "27"], [2529, "Tony", "Brown", "6"], [200834, "Mark", "Lindsay", "29"]], "name": "Officials"}, {"headers": ["GAME_DATE", "ATTENDANCE", "GAME_TIME"], "rowSet": [["SATURDAY, DECEMBER 31, 2011", 8824, "2:17"]], "name": "GameInfo"}, {"headers": ["PLAYER_ID", "FIRST_NAME", "LAST_NAME", "JERSEY_NUM", "TEAM_ID", "TEAM_CITY", "TEAM_NAME", "TEAM_ABBREVIATION"], "rowSet": [[1902, "Jeff", "Foster", "10", 1610612754, "Indiana", "Pacers", "IND"], [201965, "Jeff", "Ayres", "29", 1610612754, "Indiana", "Pacers", "IND"]], "name": "InactivePlayers"}, {"headers": ["VIDEO_AVAILABLE_FLAG"], "rowSet": [[0]], "name": "AvailableVideo"}], "parameters": {"GameID": "0021100051", "RangeType": 0, "StartPeriod": 0, "StartRange": 0, "EndPeriod": 0, "EndRange": 0}}