{"resource": "boxscore", "resultSets": [{"headers": ["GAME_DATE_EST", "GAME_SEQUENCE", "GAME_ID", "GAME_STATUS_ID", "GAME_STATUS_TEXT", "GAMECODE", "HOME_TEAM_ID", "VISITOR_TEAM_ID", "SEASON", "LIVE_PERIOD", "LIVE_PC_TIME", "NATL_TV_BROADCASTER_ABBREVIATION", "LIVE_PERIOD_TIME_BCAST", "WH_STATUS"], "rowSet": [["2011-12-31T00:00:00", 1, "0021100050", 3, "Final", "20111231/DENLAL", 1610612747, 1610612743, "2011", 4, "", null, "Q4  - ", 1]], "name": "GameSummary"}, {"headers": ["GAME_DATE_EST", "GAME_SEQUENCE", "GAME_ID", "TEAM_ID", "TEAM_ABBREVIATION", "TEAM_CITY_NAME", "TEAM_WINS_LOSSES", "PTS_QTR1", "PTS_QTR2", "PTS_QTR3", "PTS_QTR4", "PTS_OT1", "PTS_OT2", "PTS_OT3", "PTS_OT4", "PTS_OT5", "PTS_OT6", "PTS_OT7", "PTS_OT8", "PTS_OT9", "PTS_OT10", "PTS"], "rowSet": [["2011-12-31T00:00:00", 1, "0021100050", 1610612743, "DEN", "Denver", "2-2", 23, 22, 26, 18, 0, 0, 0, 0, 0, 0, 0, 0, 0, 0, 89], ["2011-12-31T00:00:00", 1, "0021100050", 1610612747, "LAL", "Los Angeles", "3-2", 22, 24, 23, 23, 0, 0, 0, 0, 0, 0, 0, 0, 0, 0, 92]], "name": "LineScore"}, {"headers": ["GAME_ID", "HOME_TEAM_ID", "VISITOR_TEAM_ID", "GAME_DATE_EST", "HOME_TEAM_WINS", "HOME_TEAM_LOSSES", "SERIES_LEADER"], "rowSet": [["0021100050", 1610612747, 1610612743, "2011-12-31T00:00:00", 3, 1, "L.A. Lakers"]], "name": "SeasonSeries"}, {"headers": ["GAME_ID", "LAST_GAME_ID", "LAST_GAME_DATE_EST", "LAST_GAME_HOME_TEAM_ID", "LAST_GAME_HOME_TEAM_CITY", "LAST_GAME_HOME_TEAM_NAME", "LAST_GAME_HOME_TEAM_ABBREVIATION", "LAST_GAME_HOME_TEAM_POINTS", "LAST_GAME_VISITOR_TEAM_ID", "LAST_GAME_VISITOR_TEAM_CITY", "LAST_GAME_VISITOR_TEAM_NAME", "LAST_GAME_VISITOR_TEAM_CITY1", "LAST_GAME_VISITOR_TEAM_POINTS"], "rowSet": [["0021100050", "0021001139", "2011-04-03T00:00:00", 1610612747, "Los Angeles", "Lakers", "LAL", 90, 1610612743, "Denver", "Nuggets", "DEN", 95]], "name": "LastMeeting"}, {"headers": ["GAME_ID", "TEAM_ID", "TEAM_ABBREVIATION", "TEAM_CITY", "PLAYER_ID", "PLAYER_NAME", "START_POSITION", "COMMENT", "MIN", "FGM", "FGA", "FG_PCT", "FG3M", "FG3A", "FG3_PCT", "FTM", "FTA", "FT_PCT", "OREB", "DREB", "REB", "AST", "STL", "BLK", "TO", "PF", "PTS", "PLUS_MINUS"], "rowSet": [["0021100050", 1610612743, "DEN", "Denver", 201568, "Danilo Gallinari", "F", "", "36:59", 3, 12, 0.25, 0, 4, 0.0, 1, 2, 0.5, 0, 7, 7, 3, 2, 1, 1, 1, 7, -5.0], ["0021100050", 1610612743, "DEN", "Denver", 2403, "Nene", "F", "", "33:25", 5, 10, 0.5, 0, 0, 0.0, 3, 5, 0.6, 3, 5, 8, 0, 2, 0, 4, 4, 13, -11.0], ["0021100050", 1610612743, "DEN", "Denver", 202389, "Timofey Mozgov", "C", "", "26:05", 4, 7, 0.571, 0, 0, 0.0, 0, 0, 0.0, 3, 7, 10, 2, 0, 4, 3, 4, 8, 3.0], ["0021100050", 1610612743, "DEN", "Denver", 201167, "Arron Afflalo", "G", "", "25:33", 4, 10, 0.4, 2, 5, 0.4, 3, 5, 0.6, 0, 1, 1, 1, 1, 0, 0, 0, 13, -9.0], ["0021100050", 1610612743, "DEN", "Denver", 201951, "Ty Lawson", "G", "", "31:23", 3, 8, 0.375, 1, 3, 0.333, 2, 4, 0.5, 1, 2, 3, 8, 2, 0, 4, 2, 9, -13.0], ["0021100050", 1610612743, "DEN", "Denver", 1889, "Andre Miller", "", "", "32:58", 5, 9, 0.556, 0, 1, 0.0, 3, 4, 0.75, 0, 3, 3, 4, 1, 0, 1, 0, 13, 2.0], ["0021100050", 1610612743, "DEN", "Denver", 1733, "Al Harrington", "", "", "29:02", 8, 17, 0.471, 3, 8, 0.375, 2, 2, 1.0, 1, 2, 3, 1, 1, 0, 1, 3, 21, 5.0], ["0021100050", 1610612743, "DEN", "Denver", 201164, "Rudy Fernandez", "", "", "19:42", 1, 6, 0.167, 1, 5, 0.2, 0, 0, 0.0, 0, 1, 1, 3, 1, 0, 0, 0, 3, 11.0], ["0021100050", 1610612743, "DEN", "Denver", 2365, "Chris Andersen", "", "", "4:54", 1, 1, 1.0, 0, 0, 0.0, 0, 0, 0.0, 0, 0, 0, 0, 1, 0, 0, 3, 2, 2.0], ["0021100050", 1610612743, "DEN", "Denver", 201147, "Corey Brewer", "", "DNP - Coach's Decision", null, null, null, null, null, null, null, null, null, null, null, null, null, null, null, null, null, null, null, null], ["0021100050", 1610612743, "DEN", "Denver", 201960, "DeMarre Carroll", "", "DNP - Coach's Decision", null, null, null, null, null, null, null, null, null, null, null, null, null, null, null, null, null, null, null, null], ["0021100050", 1610612743, "DEN", "Denver", 202702, "Kenneth Faried", "", "DNP - Coach's Decision", null, null, null, null, null, null, null, null, null, null, null, null, null, null, null, null, null, null, null, null], ["0021100050", 1610612743, "DEN", "Denver", 201585, "Kosta Koufos", "", "DNP - Coach's Decision", null, null, null, null, null, null, null, null, null, null, null, null, null, null, null, null, null, null, null, null], ["0021100050", 1610612747, "LAL", "Los Angeles", 2440, "Matt Barnes", "F", "", "20:27", 3, 7, 0.429, 1, 3, 0.333, 0, 0, 0.0, 3, 4, 7, 0, 1, 1, 1, 2, 7, 8.0], ["0021100050", 1610612747, "LAL", "Los Angeles", 2200, "Pau Gasol", "F", "", "36:28", 7, 10, 0.7, 0, 1, 0.0, 3, 4, 0.75, 1, 4, 5, 1, 1, 1, 3, 1, 17, 3.0], ["0021100050", 1610612747, "LAL", "Los Angeles", 101115, "Andrew Bynum", "C", "", "31:41", 13, 18, 0.722, 0, 0, 0.0, 3, 3, 1.0, 6, 7, 13, 1, 1, 2, 5, 2, 29, 11.0], ["0021100050", 1610612747, "LAL", "Los Angeles", 977, "Kobe Bryant", "G", "", "33:26", 6, 18, 0.333, 0, 5, 0.0, 5, 6, 0.833, 2, 8, 10, 9, 1, 0, 4, 4, 17, 10.0], ["0021100050", 1610612747, "LAL", "Los Angeles", 965, "Derek Fisher", "G", "", "21:44", 3, 7, 0.429, 0, 2, 0.0, 0, 0, 0.0, 1, 2, 3, 5, 1, 0, 0, 6, 6, 10.0], ["0021100050", 1610612747, "LAL", "Los Angeles", 2211, "Troy Murphy", "", "", "5:35", 0, 0, 0.0, 0, 0, 0.0, 0, 0, 0.0, 0, 1, 1, 0, 0, 0, 0, 1, 0, -5.0], ["0021100050", 1610612747, "LAL", "Los Angeles", 1897, "Metta World Peace", "", "", "19:46", 0, 8, 0.0, 0, 3, 0.0, 0, 0, 0.0, 0, 2, 2, 1, 0, 0, 4, 0, 0, -10.0], ["0021100050", 1610612747, "LAL", "Los Angeles", 2581, "Steve Blake", "", "", "26:16", 2, 9, 0.222, 0, 6, 0.0, 1, 2, 0.5, 0, 3, 3, 6, 1, 0, 1, 1, 5, -7.0], ["0021100050", 1610612747, "LAL", "Los Angeles", 2574, "Jason Kapono", "", "", "23:02", 2, 6, 0.333, 1, 4, 0.25, 0, 0, 0.0, 0, 0, 0, 1, 0, 0, 0, 2, 5, -4.0], ["0021100050", 1610612747, "LAL", "Los Angeles", 201177, "Josh McRoberts", "", "", "21:35", 3, 3, 1.0, 0, 0, 0.0, 0, 0, 0.0, 1, 5, 6, 0, 0, 0, 1, 1, 6, -1.0], ["0021100050", 1610612747, "LAL", "Los Angeles", 202365, "Devin Ebanks", "", "DNP - Coach's Decision", null, null, null, null, null, null, null, null, null, null, null, null, null, null, null, null, null, null, null, null], ["0021100050", 1610612747, "LAL", "Los Angeles", 202726, "Andrew Goudelock", "", "DNP - Coach's Decision", null, null, null, null, null, null, null, null, null, null, null, null, null, null, null, null, null, null, null, null], ["0021100050", 1610612747, "LAL", "Los Angeles", 2575, "Luke Walton", "", "DNP - Coach's Decision", null, null, null, null, null, null, null, null, null, null, null, null, null, null, null, null, null, null, null, null]], "name": "PlayerStats"}, {"headers": ["GAME_ID", "TEAM_ID", "TEAM_NAME", "TEAM_ABBREVIATION", "TEAM_CITY", "MIN", "FGM", "FGA", "FG_PCT", "FG3M", "FG3A", "FG3_PCT", "FTM", "FTA", "FT_PCT", "OREB", "DREB", "REB", "AST", "STL", "BLK", "TO", "PF", "PTS", "PLUS_MINUS"], "rowSet": [["0021100050", 1610612747, "Lakers", "LAL", "Los Angeles", "240:00", 39, 86, 0.453, 2, 24, 0.083, 12, 15, 0.8, 14, 36, 50, 24, 6, 4, 19, 20, 92, 3.0], ["0021100050", 1610612743, "Nuggets", "DEN", "Denver", "240:00", 34, 80, 0.425, 7, 26, 0.269, 14, 22, 0.636, 8, 28, 36, 22, 11, 5, 14, 17, 89, -3.0]], "name": "TeamStats"}, {"headers": ["LEAGUE_ID", "SEASON_ID", "TEAM_ID", "TEAM_ABBREVIATION", "TEAM_CITY", "PTS_PAINT", "PTS_2ND_CHANCE", "PTS_FB", "LARGEST_LEAD", "LEAD_CHANGES", "TIMES_TIED"], "rowSet": [["00", "22011", 1610612743, "DEN", "Denver", 32, 13, 19, 7, 15, 15], ["00", "22011", 1610612747, "LAL", "Los Angeles", 46, 21, 8, 6, 16, 16]], "name": "OtherStats"}, {"headers": ["OFFICIAL_ID", "FIRST_NAME", "LAST_NAME", "JERSEY_NUM"], "rowSet": [[1179, "Rodney", "Mott", "71"], [1664, "Gary", "Zielinski", "59"], [202027, "Tre", "Maddox", "73"]], "name": "Officials"}, {"headers": ["GAME_DATE", "ATTENDANCE", "GAME_TIME"], "rowSet": [["SATURDAY, DECEMBER 31, 2011", 18997, "2:18"]], "name": "GameInfo"}, {"headers": ["PLAYER_ID", "FIRST_NAME", "LAST_NAME", "JERSEY_NUM", "TEAM_ID", "TEAM_CITY", "TEAM_NAME", "TEAM_ABBREVIATION"], "rowSet": [[202382, "Derrick", "Caracter", "45", 1610612747, "Los Angeles", "Lakers", "LAL"], [202721, "Darius", "Morris", " 1", 1610612747, "Los Angeles", "Lakers", "LAL"], [202706, "Jordan", "Hamilton", " 1", 1610612743, "Denver", "Nuggets", "DEN"], [202933, "Julyan", "Stone", "10", 1610612743, "Denver", "Nuggets", "DEN"]], "name": "InactivePlayers"}, {"headers": ["VIDEO_AVAILABLE_FLAG"], "rowSet": [[0]], "name": "AvailableVideo"}], "parameters": {"GameID": "0021100050", "RangeType": 0, "StartPeriod": 0, "StartRange": 0, "EndPeriod": 0, "EndRange": 0}}