{"resource": "boxscore", "resultSets": [{"headers": ["GAME_DATE_EST", "GAME_SEQUENCE", "GAME_ID", "GAME_STATUS_ID", "GAME_STATUS_TEXT", "GAMECODE", "HOME_TEAM_ID", "VISITOR_TEAM_ID", "SEASON", "LIVE_PERIOD", "LIVE_PC_TIME", "NATL_TV_BROADCASTER_ABBREVIATION", "LIVE_PERIOD_TIME_BCAST", "WH_STATUS"], "rowSet": [["2011-12-30T00:00:00", 1, "0021100039", 3, "Final", "20111230/ORLCHA", 1610612766, 1610612753, "2011", 4, "", null, "Q4  - ", 1]], "name": "GameSummary"}, {"headers": ["GAME_DATE_EST", "GAME_SEQUENCE", "GAME_ID", "TEAM_ID", "TEAM_ABBREVIATION", "TEAM_CITY_NAME", "TEAM_WINS_LOSSES", "PTS_QTR1", "PTS_QTR2", "PTS_QTR3", "PTS_QTR4", "PTS_OT1", "PTS_OT2", "PTS_OT3", "PTS_OT4", "PTS_OT5", "PTS_OT6", "PTS_OT7", "PTS_OT8", "PTS_OT9", "PTS_OT10", "PTS"], "rowSet": [["2011-12-30T00:00:00", 1, "0021100039", 1610612766, "CHA", "Charlotte", "1-2", 23, 20, 19, 17, 0, 0, 0, 0, 0, 0, 0, 0, 0, 0, 79], ["2011-12-30T00:00:00", 1, "0021100039", 1610612753, "ORL", "Orlando", "3-1", 29, 27, 19, 25, 0, 0, 0, 0, 0, 0, 0, 0, 0, 0, 100]], "name": "LineScore"}, {"headers": ["GAME_ID", "HOME_TEAM_ID", "VISITOR_TEAM_ID", "GAME_DATE_EST", "HOME_TEAM_WINS", "HOME_TEAM_LOSSES", "SERIES_LEADER"], "rowSet": [["0021100039", 1610612766, 1610612753, "2011-12-30T00:00:00", 1, 3, "Orlando"]], "name": "SeasonSeries"}, {"headers": ["GAME_ID", "LAST_GAME_ID", "LAST_GAME_DATE_EST", "LAST_GAME_HOME_TEAM_ID", "LAST_GAME_HOME_TEAM_CITY", "LAST_GAME_HOME_TEAM_NAME", "LAST_GAME_HOME_TEAM_ABBREVIATION", "LAST_GAME_HOME_TEAM_POINTS", "LAST_GAME_VISITOR_TEAM_ID", "LAST_GAME_VISITOR_TEAM_CITY", "LAST_GAME_VISITOR_TEAM_NAME", "LAST_GAME_VISITOR_TEAM_CITY1", "LAST_GAME_VISITOR_TEAM_POINTS"], "rowSet": [["0021100039", "0021001162", "2011-04-06T00:00:00", 1610612766, "Charlotte", "Bobcats", "CHA", 102, 1610612753, "Orlando", "Magic", "ORL", 111]], "name": "LastMeeting"}, {"headers": ["GAME_ID", "TEAM_ID", "TEAM_ABBREVIATION", "TEAM_CITY", "PLAYER_ID", "PLAYER_NAME", "START_POSITION", "COMMENT", "MIN", "FGM", "FGA", "FG_PCT", "FG3M", "FG3A", "FG3_PCT", "FTM", "FTA", "FT_PCT", "OREB", "DREB", "REB", "AST", "STL", "BLK", "TO", "PF", "PTS", "PLUS_MINUS"], "rowSet": [["0021100039", 1610612753, "ORL", "Orlando", 2045, "Hedo Turkoglu", "F", "", "29:32", 5, 11, 0.455, 3, 6, 0.5, 2, 2, 1.0, 0, 2, 2, 3, 0, 0, 1, 2, 15, 21.0], ["0021100039", 1610612753, "ORL", "Orlando", 201583, "Ryan Anderson", "F", "", "34:59", 8, 18, 0.444, 5, 12, 0.417, 2, 2, 1.0, 4, 4, 8, 2, 0, 2, 0, 3, 23, 22.0], ["0021100039", 1610612753, "ORL", "Orlando", 2730, "Dwight Howard", "C", "", "39:28", 7, 16, 0.438, 0, 0, 0.0, 6, 14, 0.429, 6, 18, 24, 4, 1, 4, 3, 0, 20, 18.0], ["0021100039", 1610612753, "ORL", "Orlando", 2202, "Jason Richardson", "G", "", "30:17", 7, 12, 0.583, 2, 4, 0.5, 0, 2, 0.0, 0, 1, 1, 3, 1, 0, 0, 2, 16, 16.0], ["0021100039", 1610612753, "ORL", "Orlando", 2768, "Chris Duhon", "G", "", "32:04", 1, 1, 1.0, 0, 0, 0.0, 0, 0, 0.0, 0, 2, 2, 6, 0, 0, 3, 3, 2, 20.0], ["0021100039", 1610612753, "ORL", "Orlando", 201175, "Glen Davis", "", "", "21:33", 3, 12, 0.25, 0, 0, 0.0, 1, 1, 1.0, 2, 3, 5, 2, 1, 0, 0, 0, 7, 2.0], ["0021100039", 1610612753, "ORL", "Orlando", 200755, "JJ Redick", "", "", "23:06", 4, 7, 0.571, 0, 2, 0.0, 3, 3, 1.0, 1, 2, 3, 2, 0, 1, 2, 2, 11, 3.0], ["0021100039", 1610612753, "ORL", "Orlando", 1716, "Larry Hughes", "", "", "15:56", 1, 3, 0.333, 1, 1, 1.0, 0, 0, 0.0, 1, 1, 2, 1, 0, 0, 2, 2, 3, 1.0], ["0021100039", 1610612753, "ORL", "Orlando", 2047, "Quentin Richardson", "", "", "13:05", 1, 4, 0.25, 1, 3, 0.333, 0, 0, 0.0, 0, 2, 2, 0, 0, 0, 0, 2, 3, 2.0], ["0021100039", 1610612753, "ORL", "Orlando", 201947, "Earl Clark", "", "DNP - Coach's Decision", null, null, null, null, null, null, null, null, null, null, null, null, null, null, null, null, null, null, null, null], ["0021100039", 1610612753, "ORL", "Orlando", 202712, "Justin Harper", "", "DNP - Coach's Decision", null, null, null, null, null, null, null, null, null, null, null, null, null, null, null, null, null, null, null, null], ["0021100039", 1610612753, "ORL", "Orlando", 202350, "Daniel Orton", "", "DNP - Coach's Decision", null, null, null, null, null, null, null, null, null, null, null, null, null, null, null, null, null, null, null, null], ["0021100039", 1610612753, "ORL", "Orlando", 101144, "Von Wafer", "", "DNP - Coach's Decision", null, null, null, null, null, null, null, null, null, null, null, null, null, null, null, null, null, null, null, null], ["0021100039", 1610612766, "CHA", "Charlotte", 1894, "Corey Maggette", "F", "", "34:46", 6, 15, 0.4, 3, 4, 0.75, 5, 6, 0.833, 1, 6, 7, 1, 1, 0, 2, 3, 20, -12.0], ["0021100039", 1610612766, "CHA", "Charlotte", 201591, "DJ White", "F", "", "17:35", 4, 9, 0.444, 0, 0, 0.0, 0, 0, 0.0, 0, 1, 1, 0, 1, 0, 1, 0, 8, -11.0], ["0021100039", 1610612766, "CHA", "Charlotte", 2564, "Boris Diaw", "C", "", "30:45", 4, 10, 0.4, 1, 3, 0.333, 1, 2, 0.5, 1, 5, 6, 6, 1, 0, 2, 2, 10, -13.0], ["0021100039", 1610612766, "CHA", "Charlotte", 201945, "Gerald Henderson", "G", "", "32:30", 4, 13, 0.308, 0, 0, 0.0, 0, 0, 0.0, 1, 4, 5, 3, 2, 0, 1, 3, 8, -14.0], ["0021100039", 1610612766, "CHA", "Charlotte", 201571, "D.J. Augustin", "G", "", "35:13", 3, 11, 0.273, 1, 4, 0.25, 7, 7, 1.0, 1, 0, 1, 4, 0, 0, 1, 0, 14, -16.0], ["0021100039", 1610612766, "CHA", "Charlotte", 2205, "DeSagana Diop", "", "", "20:11", 0, 1, 0.0, 0, 0, 0.0, 0, 0, 0.0, 2, 5, 7, 1, 0, 2, 1, 4, 0, -7.0], ["0021100039", 1610612766, "CHA", "Charlotte", 201957, "Byron Mullens", "", "", "15:38", 6, 12, 0.5, 0, 0, 0.0, 0, 0, 0.0, 1, 1, 2, 0, 0, 0, 0, 1, 12, -8.0], ["0021100039", 1610612766, "CHA", "Charlotte", 202687, "Bismack Biyombo", "", "", "11:51", 1, 1, 1.0, 0, 0, 0.0, 0, 0, 0.0, 1, 3, 4, 0, 0, 1, 1, 5, 2, -3.0], ["0021100039", 1610612766, "CHA", "Charlotte", 202689, "Kemba Walker", "", "", "17:09", 1, 9, 0.111, 0, 3, 0.0, 0, 0, 0.0, 0, 1, 1, 4, 0, 0, 1, 1, 2, -10.0], ["0021100039", 1610612766, "CHA", "Charlotte", 2679, "Matt Carroll", "", "", "11:08", 0, 0, 0.0, 0, 0, 0.0, 0, 1, 0.0, 0, 3, 3, 0, 0, 0, 1, 3, 0, -2.0], ["0021100039", 1610612766, "CHA", "Charlotte", 201974, "Derrick Brown", "", "", "13:14", 1, 2, 0.5, 0, 1, 0.0, 1, 2, 0.5, 4, 0, 4, 0, 1, 0, 1, 1, 3, -9.0], ["0021100039", 1610612766, "CHA", "Charlotte", 202809, "Cory Higgins", "", "DNP - Coach's Decision", null, null, null, null, null, null, null, null, null, null, null, null, null, null, null, null, null, null, null, null], ["0021100039", 1610612766, "CHA", "Charlotte", 200748, "Tyrus Thomas", "", "DND - Left Ankle Sprain", null, null, null, null, null, null, null, null, null, null, null, null, null, null, null, null, null, null, null, null]], "name": "PlayerStats"}, {"headers": ["GAME_ID", "TEAM_ID", "TEAM_NAME", "TEAM_ABBREVIATION", "TEAM_CITY", "MIN", "FGM", "FGA", "FG_PCT", "FG3M", "FG3A", "FG3_PCT", "FTM", "FTA", "FT_PCT", "OREB", "DREB", "REB", "AST", "STL", "BLK", "TO", "PF", "PTS", "PLUS_MINUS"], "rowSet": [["0021100039", 1610612753, "Magic", "ORL", "Orlando", "240:00", 37, 84, 0.44, 12, 28, 0.429, 14, 24, 0.583, 14, 35, 49, 23, 3, 7, 11, 16, 100, 21.0], ["0021100039", 1610612766, "Bobcats", "CHA", "Charlotte", "240:00", 30, 83, 0.361, 5, 15, 0.333, 14, 18, 0.778, 12, 29, 41, 19, 6, 3, 12, 23, 79, -21.0]], "name": "TeamStats"}, {"headers": ["LEAGUE_ID", "SEASON_ID", "TEAM_ID", "TEAM_ABBREVIATION", "TEAM_CITY", "PTS_PAINT", "PTS_2ND_CHANCE", "PTS_FB", "LARGEST_LEAD", "LEAD_CHANGES", "TIMES_TIED"], "rowSet": [["00", "22011", 1610612753, "ORL", "Orlando", 44, 11, 6, 20, 0, 0], ["00", "22011", 1610612766, "CHA", "Charlotte", 20, 17, 6, 21, 0, 0]], "name": "OtherStats"}, {"headers": ["OFFICIAL_ID", "FIRST_NAME", "LAST_NAME", "JERSEY_NUM"], "rowSet": [[1185, "Violet", "Palmer", "12"], [1195, "Derrick", "Stafford", "9"], [200833, "Eric", "Dalen", "75"]], "name": "Officials"}, {"headers": ["GAME_DATE", "ATTENDANCE", "GAME_TIME"], "rowSet": [["FRIDAY, DECEMBER 30, 2011", 18064, "2:12"]], "name": "GameInfo"}, {"headers": ["PLAYER_ID", "FIRST_NAME", "LAST_NAME", "JERSEY_NUM", "TEAM_ID", "TEAM_CITY", "TEAM_NAME", "TEAM_ABBREVIATION"], "rowSet": [[2059, "Eduardo", "Najera", "21", 1610612766, "Charlotte", "Bobcats", "CHA"], [202130, "Reggie", "Williams", "55", 1610612766, "Charlotte", "Bobcats", "CHA"], [2749, "Jameer", "Nelson", "14", 1610612753, "Orlando", "Magic", "ORL"], [202732, "DeAndre", "Liggins", "34", 1610612753, "Orlando", "Magic", "ORL"]], "name": "InactivePlayers"}, {"headers": ["VIDEO_AVAILABLE_FLAG"], "rowSet": [[0]], "name": "AvailableVideo"}], "parameters": {"GameID": "0021100039", "RangeType": 0, "StartPeriod": 0, "StartRange": 0, "EndPeriod": 0, "EndRange": 0}}