{"resource": "boxscore", "resultSets": [{"headers": ["GAME_DATE_EST", "GAME_SEQUENCE", "GAME_ID", "GAME_STATUS_ID", "GAME_STATUS_TEXT", "GAMECODE", "HOME_TEAM_ID", "VISITOR_TEAM_ID", "SEASON", "LIVE_PERIOD", "LIVE_PC_TIME", "NATL_TV_BROADCASTER_ABBREVIATION", "LIVE_PERIOD_TIME_BCAST", "WH_STATUS"], "rowSet": [["2011-12-27T00:00:00", 3, "0021100020", 3, "Final", "20111227/MINMIL", 1610612749, 1610612750, "2011", 4, "", null, "Q4  - ", 1]], "name": "GameSummary"}, {"headers": ["GAME_DATE_EST", "GAME_SEQUENCE", "GAME_ID", "TEAM_ID", "TEAM_ABBREVIATION", "TEAM_CITY_NAME", "TEAM_WINS_LOSSES", "PTS_QTR1", "PTS_QTR2", "PTS_QTR3", "PTS_QTR4", "PTS_OT1", "PTS_OT2", "PTS_OT3", "PTS_OT4", "PTS_OT5", "PTS_OT6", "PTS_OT7", "PTS_OT8", "PTS_OT9", "PTS_OT10", "PTS"], "rowSet": [["2011-12-27T00:00:00", 3, "0021100020", 1610612750, "MIN", "Minnesota", "0-2", 30, 18, 20, 27, 0, 0, 0, 0, 0, 0, 0, 0, 0, 0, 95], ["2011-12-27T00:00:00", 3, "0021100020", 1610612749, "MIL", "Milwaukee", "1-1", 32, 28, 19, 19, 0, 0, 0, 0, 0, 0, 0, 0, 0, 0, 98]], "name": "LineScore"}, {"headers": ["GAME_ID", "HOME_TEAM_ID", "VISITOR_TEAM_ID", "GAME_DATE_EST", "HOME_TEAM_WINS", "HOME_TEAM_LOSSES", "SERIES_LEADER"], "rowSet": [["0021100020", 1610612749, 1610612750, "2011-12-27T00:00:00", 1, 0, "Milwaukee"]], "name": "SeasonSeries"}, {"headers": ["GAME_ID", "LAST_GAME_ID", "LAST_GAME_DATE_EST", "LAST_GAME_HOME_TEAM_ID", "LAST_GAME_HOME_TEAM_CITY", "LAST_GAME_HOME_TEAM_NAME", "LAST_GAME_HOME_TEAM_ABBREVIATION", "LAST_GAME_HOME_TEAM_POINTS", "LAST_GAME_VISITOR_TEAM_ID", "LAST_GAME_VISITOR_TEAM_CITY", "LAST_GAME_VISITOR_TEAM_NAME", "LAST_GAME_VISITOR_TEAM_CITY1", "LAST_GAME_VISITOR_TEAM_POINTS"], "rowSet": [["0021100020", "0011100026", "2011-12-21T00:00:00", 1610612749, "Milwaukee", "Bucks", "MIL", 84, 1610612750, "Minnesota", "Timberwolves", "MIN", 85]], "name": "LastMeeting"}, {"headers": ["GAME_ID", "TEAM_ID", "TEAM_ABBREVIATION", "TEAM_CITY", "PLAYER_ID", "PLAYER_NAME", "START_POSITION", "COMMENT", "MIN", "FGM", "FGA", "FG_PCT", "FG3M", "FG3A", "FG3_PCT", "FTM", "FTA", "FT_PCT", "OREB", "DREB", "REB", "AST", "STL", "BLK", "TO", "PF", "PTS", "PLUS_MINUS"], "rowSet": [["0021100020", 1610612750, "MIN", "Minnesota", 201563, "Michael Beasley", "F", "", "25:19", 6, 13, 0.462, 1, 2, 0.5, 2, 6, 0.333, 2, 5, 7, 0, 0, 0, 3, 4, 15, -2.0], ["0021100020", 1610612750, "MIN", "Minnesota", 201567, "Kevin Love", "F", "", "40:26", 6, 18, 0.333, 0, 4, 0.0, 19, 24, 0.792, 9, 11, 20, 2, 0, 0, 3, 1, 31, -1.0], ["0021100020", 1610612750, "MIN", "Minnesota", 2545, "Darko Milicic", "C", "", "23:58", 2, 4, 0.5, 0, 0, 0.0, 0, 0, 0.0, 1, 8, 9, 0, 1, 0, 5, 6, 4, -4.0], ["0021100020", 1610612750, "MIN", "Minnesota", 202325, "Wesley Johnson", "G", "", "30:57", 3, 9, 0.333, 2, 4, 0.5, 0, 0, 0.0, 0, 4, 4, 0, 0, 0, 1, 1, 8, -8.0], ["0021100020", 1610612750, "MIN", "Minnesota", 2557, "Luke Ridnour", "G", "", "33:56", 7, 10, 0.7, 2, 2, 1.0, 1, 2, 0.5, 0, 0, 0, 3, 1, 0, 4, 4, 17, -6.0], ["0021100020", 1610612750, "MIN", "Minnesota", 200826, "Jose Juan Barea", "", "", "18:50", 1, 9, 0.111, 1, 1, 1.0, 6, 6, 1.0, 1, 2, 3, 4, 1, 0, 1, 1, 9, 1.0], ["0021100020", 1610612750, "MIN", "Minnesota", 202682, "Derrick Williams", "", "", "18:39", 1, 3, 0.333, 0, 1, 0.0, 1, 2, 0.5, 1, 4, 5, 1, 0, 0, 4, 2, 3, -3.0], ["0021100020", 1610612750, "MIN", "Minnesota", 201937, "Ricky Rubio", "", "", "27:21", 2, 3, 0.667, 0, 0, 0.0, 2, 3, 0.667, 0, 3, 3, 4, 3, 0, 3, 3, 6, -1.0], ["0021100020", 1610612750, "MIN", "Minnesota", 201229, "Anthony Tolliver", "", "", "20:35", 0, 1, 0.0, 0, 0, 0.0, 2, 2, 1.0, 2, 1, 3, 0, 0, 0, 1, 2, 2, 9.0], ["0021100020", 1610612750, "MIN", "Minnesota", 201961, "Wayne Ellington", "", "DNP - Coach's Decision", null, null, null, null, null, null, null, null, null, null, null, null, null, null, null, null, null, null, null, null], ["0021100020", 1610612750, "MIN", "Minnesota", 202723, "Malcolm Lee", "", "NWT - Sore left knee", null, null, null, null, null, null, null, null, null, null, null, null, null, null, null, null, null, null, null, null], ["0021100020", 1610612750, "MIN", "Minnesota", 201593, "Nikola Pekovic", "", "NWT - Left adductor strain", null, null, null, null, null, null, null, null, null, null, null, null, null, null, null, null, null, null, null, null], ["0021100020", 1610612750, "MIN", "Minnesota", 201576, "Anthony Randolph", "", "DNP - Coach's Decision", null, null, null, null, null, null, null, null, null, null, null, null, null, null, null, null, null, null, null, null], ["0021100020", 1610612749, "MIL", "Milwaukee", 2399, "Mike Dunleavy", "F", "", "31:37", 2, 9, 0.222, 0, 3, 0.0, 1, 1, 1.0, 2, 3, 5, 8, 2, 0, 2, 3, 5, -3.0], ["0021100020", 1610612749, "MIL", "Milwaukee", 101141, "Ersan Ilyasova", "F", "", "24:50", 3, 5, 0.6, 0, 0, 0.0, 0, 0, 0.0, 3, 3, 6, 0, 1, 1, 1, 5, 6, 5.0], ["0021100020", 1610612749, "MIL", "Milwaukee", 101106, "Andrew Bogut", "C", "", "30:36", 7, 20, 0.35, 0, 0, 0.0, 1, 2, 0.5, 3, 6, 9, 3, 2, 0, 1, 6, 15, -6.0], ["0021100020", 1610612749, "MIL", "Milwaukee", 1536, "Stephen Jackson", "G", "", "35:36", 7, 20, 0.35, 1, 6, 0.167, 1, 3, 0.333, 3, 2, 5, 2, 3, 0, 2, 4, 16, 10.0], ["0021100020", 1610612749, "MIL", "Milwaukee", 201943, "Brandon Jennings", "G", "", "35:36", 7, 14, 0.5, 1, 5, 0.2, 9, 10, 0.9, 1, 2, 3, 7, 0, 0, 2, 0, 24, 5.0], ["0021100020", 1610612749, "MIL", "Milwaukee", 202336, "Larry Sanders", "", "", "15:50", 2, 5, 0.4, 0, 1, 0.0, 0, 0, 0.0, 2, 4, 6, 0, 3, 1, 1, 3, 4, 3.0], ["0021100020", 1610612749, "MIL", "Milwaukee", 202720, "Jon Leuer", "", "", "20:15", 5, 7, 0.714, 0, 0, 0.0, 4, 4, 1.0, 1, 7, 8, 1, 2, 2, 1, 3, 14, 0.0], ["0021100020", 1610612749, "MIL", "Milwaukee", 2733, "Shaun Livingston", "", "", "24:20", 2, 6, 0.333, 0, 0, 0.0, 0, 0, 0.0, 0, 0, 0, 2, 0, 1, 2, 2, 4, -2.0], ["0021100020", 1610612749, "MIL", "Milwaukee", 2757, "Beno Udrih", "", "", "15:58", 4, 6, 0.667, 0, 1, 0.0, 0, 0, 0.0, 0, 1, 1, 1, 0, 0, 0, 1, 8, -1.0], ["0021100020", 1610612749, "MIL", "Milwaukee", 201972, "Jon Brockman", "", "", "5:22", 1, 2, 0.5, 0, 0, 0.0, 0, 0, 0.0, 1, 1, 2, 0, 0, 0, 0, 1, 2, 4.0], ["0021100020", 1610612749, "MIL", "Milwaukee", 2568, "Carlos Delfino", "", "DND - Right wrist sprain", null, null, null, null, null, null, null, null, null, null, null, null, null, null, null, null, null, null, null, null], ["0021100020", 1610612749, "MIL", "Milwaukee", 2400, "Drew Gooden", "", "NWT - Suspension", null, null, null, null, null, null, null, null, null, null, null, null, null, null, null, null, null, null, null, null], ["0021100020", 1610612749, "MIL", "Milwaukee", 202359, "Darington Hobson", "", "DNP - Coach's Decision", null, null, null, null, null, null, null, null, null, null, null, null, null, null, null, null, null, null, null, null]], "name": "PlayerStats"}, {"headers": ["GAME_ID", "TEAM_ID", "TEAM_NAME", "TEAM_ABBREVIATION", "TEAM_CITY", "MIN", "FGM", "FGA", "FG_PCT", "FG3M", "FG3A", "FG3_PCT", "FTM", "FTA", "FT_PCT", "OREB", "DREB", "REB", "AST", "STL", "BLK", "TO", "PF", "PTS", "PLUS_MINUS"], "rowSet": [["0021100020", 1610612750, "Timberwolves", "MIN", "Minnesota", "240:00", 28, 70, 0.4, 6, 14, 0.429, 33, 45, 0.733, 16, 38, 54, 14, 6, 0, 25, 24, 95, -3.0], ["0021100020", 1610612749, "Bucks", "MIL", "Milwaukee", "240:00", 40, 94, 0.426, 2, 16, 0.125, 16, 20, 0.8, 16, 29, 45, 24, 13, 5, 12, 28, 98, 3.0]], "name": "TeamStats"}, {"headers": ["LEAGUE_ID", "SEASON_ID", "TEAM_ID", "TEAM_ABBREVIATION", "TEAM_CITY", "PTS_PAINT", "PTS_2ND_CHANCE", "PTS_FB", "LARGEST_LEAD", "LEAD_CHANGES", "TIMES_TIED"], "rowSet": [["00", "22011", 1610612750, "MIN", "Minnesota", 28, 16, 12, 20, 6, 15], ["00", "22011", 1610612749, "MIL", "Milwaukee", 48, 14, 16, 18, 6, 15]], "name": "OtherStats"}, {"headers": ["OFFICIAL_ID", "FIRST_NAME", "LAST_NAME", "JERSEY_NUM"], "rowSet": [[1176, "Monty", "McCutchen", "13"], [2003, "Pat", "Fraher", "26"], [200833, "Eric", "Dalen", "75"]], "name": "Officials"}, {"headers": ["GAME_DATE", "ATTENDANCE", "GAME_TIME"], "rowSet": [["TUESDAY, DECEMBER 27, 2011", 17352, "2:16"]], "name": "GameInfo"}, {"headers": ["PLAYER_ID", "FIRST_NAME", "LAST_NAME", "JERSEY_NUM", "TEAM_ID", "TEAM_CITY", "TEAM_NAME", "TEAM_ABBREVIATION"], "rowSet": [[201601, "Luc", "Mbah a Moute", "12", 1610612749, "Milwaukee", "Bucks", "MIL"], [202699, "Tobias", "Harris", "15", 1610612749, "Milwaukee", "Bucks", "MIL"], [1802, "Brad", "Miller", "52", 1610612750, "Minnesota", "Timberwolves", "MIN"], [101110, "Martell", "Webster", " 5", 1610612750, "Minnesota", "Timberwolves", "MIN"]], "name": "InactivePlayers"}, {"headers": ["VIDEO_AVAILABLE_FLAG"], "rowSet": [[0]], "name": "AvailableVideo"}], "parameters": {"GameID": "0021100020", "RangeType": 0, "StartPeriod": 0, "StartRange": 0, "EndPeriod": 0, "EndRange": 0}}