{"resource": "boxscore", "resultSets": [{"headers": ["GAME_DATE_EST", "GAME_SEQUENCE", "GAME_ID", "GAME_STATUS_ID", "GAME_STATUS_TEXT", "GAMECODE", "HOME_TEAM_ID", "VISITOR_TEAM_ID", "SEASON", "LIVE_PERIOD", "LIVE_PC_TIME", "NATL_TV_BROADCASTER_ABBREVIATION", "LIVE_PERIOD_TIME_BCAST", "WH_STATUS"], "rowSet": [["2011-12-31T00:00:00", 5, "0021100054", 3, "Final", "20111231/NYKSAC", 1610612758, 1610612752, "2011", 4, "", null, "Q4  - ", 1]], "name": "GameSummary"}, {"headers": ["GAME_DATE_EST", "GAME_SEQUENCE", "GAME_ID", "TEAM_ID", "TEAM_ABBREVIATION", "TEAM_CITY_NAME", "TEAM_WINS_LOSSES", "PTS_QTR1", "PTS_QTR2", "PTS_QTR3", "PTS_QTR4", "PTS_OT1", "PTS_OT2", "PTS_OT3", "PTS_OT4", "PTS_OT5", "PTS_OT6", "PTS_OT7", "PTS_OT8", "PTS_OT9", "PTS_OT10", "PTS"], "rowSet": [["2011-12-31T00:00:00", 5, "0021100054", 1610612758, "SAC", "Sacramento", "1-3", 20, 22, 23, 27, 0, 0, 0, 0, 0, 0, 0, 0, 0, 0, 92], ["2011-12-31T00:00:00", 5, "0021100054", 1610612752, "NYK", "New York", "2-2", 35, 21, 22, 36, 0, 0, 0, 0, 0, 0, 0, 0, 0, 0, 114]], "name": "LineScore"}, {"headers": ["GAME_ID", "HOME_TEAM_ID", "VISITOR_TEAM_ID", "GAME_DATE_EST", "HOME_TEAM_WINS", "HOME_TEAM_LOSSES", "SERIES_LEADER"], "rowSet": [["0021100054", 1610612758, 1610612752, "2011-12-31T00:00:00", 0, 2, "New York"]], "name": "SeasonSeries"}, {"headers": ["GAME_ID", "LAST_GAME_ID", "LAST_GAME_DATE_EST", "LAST_GAME_HOME_TEAM_ID", "LAST_GAME_HOME_TEAM_CITY", "LAST_GAME_HOME_TEAM_NAME", "LAST_GAME_HOME_TEAM_ABBREVIATION", "LAST_GAME_HOME_TEAM_POINTS", "LAST_GAME_VISITOR_TEAM_ID", "LAST_GAME_VISITOR_TEAM_CITY", "LAST_GAME_VISITOR_TEAM_NAME", "LAST_GAME_VISITOR_TEAM_CITY1", "LAST_GAME_VISITOR_TEAM_POINTS"], "rowSet": [["0021100054", "0021000580", "2011-01-14T00:00:00", 1610612758, "Sacramento", "Kings", "SAC", 93, 1610612752, "New York", "Knicks", "NYK", 83]], "name": "LastMeeting"}, {"headers": ["GAME_ID", "TEAM_ID", "TEAM_ABBREVIATION", "TEAM_CITY", "PLAYER_ID", "PLAYER_NAME", "START_POSITION", "COMMENT", "MIN", "FGM", "FGA", "FG_PCT", "FG3M", "FG3A", "FG3_PCT", "FTM", "FTA", "FT_PCT", "OREB", "DREB", "REB", "AST", "STL", "BLK", "TO", "PF", "PTS", "PLUS_MINUS"], "rowSet": [["0021100054", 1610612752, "NYK", "New York", 2546, "Carmelo Anthony", "F", "", "33:15", 6, 15, 0.4, 0, 3, 0.0, 11, 13, 0.846, 1, 6, 7, 5, 1, 0, 0, 4, 23, 21.0], ["0021100054", 1610612752, "NYK", "New York", 202725, "Josh Harrellson", "F", "", "38:19", 5, 11, 0.455, 4, 8, 0.5, 0, 0, 0.0, 5, 7, 12, 0, 1, 0, 2, 2, 14, 18.0], ["0021100054", 1610612752, "NYK", "New York", 2199, "Tyson Chandler", "C", "", "24:05", 6, 8, 0.75, 0, 0, 0.0, 10, 10, 1.0, 3, 4, 7, 1, 0, 3, 3, 4, 22, 12.0], ["0021100054", 1610612752, "NYK", "New York", 202361, "Landry Fields", "G", "", "39:33", 10, 16, 0.625, 0, 4, 0.0, 1, 2, 0.5, 2, 3, 5, 1, 1, 1, 1, 3, 21, 26.0], ["0021100054", 1610612752, "NYK", "New York", 201962, "Toney Douglas", "G", "", "31:08", 6, 18, 0.333, 4, 6, 0.667, 1, 1, 1.0, 1, 1, 2, 8, 2, 0, 1, 1, 17, 21.0], ["0021100054", 1610612752, "NYK", "New York", 202366, "Jerome Jordan", "", "", "10:16", 0, 3, 0.0, 0, 0, 0.0, 0, 0, 0.0, 2, 2, 4, 2, 0, 1, 0, 4, 0, 9.0], ["0021100054", 1610612752, "NYK", "New York", 201611, "Henry Walker", "", "", "30:38", 5, 8, 0.625, 1, 2, 0.5, 0, 0, 0.0, 2, 2, 4, 6, 0, 0, 2, 5, 11, 13.0], ["0021100054", 1610612752, "NYK", "New York", 1710, "Mike Bibby", "", "", "16:10", 1, 4, 0.25, 1, 2, 0.5, 0, 0, 0.0, 0, 0, 0, 2, 1, 0, 1, 5, 3, 10.0], ["0021100054", 1610612752, "NYK", "New York", 200779, "Steve Novak", "", "", "10:05", 1, 3, 0.333, 0, 2, 0.0, 1, 1, 1.0, 0, 1, 1, 0, 0, 1, 0, 3, 3, -7.0], ["0021100054", 1610612752, "NYK", "New York", 200764, "Renaldo Balkman", "", "", "2:40", 0, 2, 0.0, 0, 1, 0.0, 0, 0, 0.0, 0, 0, 0, 0, 0, 0, 0, 0, 0, -9.0], ["0021100054", 1610612752, "NYK", "New York", 202391, "Jeremy Lin", "", "", "3:51", 0, 1, 0.0, 0, 0, 0.0, 0, 0, 0.0, 1, 0, 1, 1, 1, 0, 2, 4, 0, -4.0], ["0021100054", 1610612752, "NYK", "New York", 2405, "Amar'e Stoudemire", "", "DND - Sprained Left Ankle", null, null, null, null, null, null, null, null, null, null, null, null, null, null, null, null, null, null, null, null], ["0021100054", 1610612758, "SAC", "Sacramento", 2422, "John Salmons", "F", "", "23:43", 3, 9, 0.333, 1, 3, 0.333, 0, 0, 0.0, 0, 2, 2, 3, 1, 0, 0, 5, 7, -20.0], ["0021100054", 1610612758, "SAC", "Sacramento", 101236, "Charles Hayes", "F", "", "27:54", 2, 6, 0.333, 0, 0, 0.0, 1, 2, 0.5, 7, 6, 13, 0, 0, 0, 0, 3, 5, -22.0], ["0021100054", 1610612758, "SAC", "Sacramento", 202326, "DeMarcus Cousins", "C", "", "28:18", 2, 10, 0.2, 0, 0, 0.0, 5, 6, 0.833, 6, 5, 11, 4, 2, 1, 3, 5, 9, -5.0], ["0021100054", 1610612758, "SAC", "Sacramento", 201977, "Marcus Thornton", "G", "", "37:17", 5, 13, 0.385, 2, 6, 0.333, 2, 3, 0.667, 3, 2, 5, 1, 3, 0, 3, 2, 14, -18.0], ["0021100054", 1610612758, "SAC", "Sacramento", 201936, "Tyreke Evans", "G", "", "33:21", 6, 14, 0.429, 0, 1, 0.0, 1, 3, 0.333, 0, 5, 5, 3, 0, 0, 0, 2, 13, -12.0], ["0021100054", 1610612758, "SAC", "Sacramento", 202690, "Jimmer Fredette", "", "", "25:56", 2, 10, 0.2, 1, 7, 0.143, 2, 2, 1.0, 0, 2, 2, 1, 0, 0, 1, 2, 7, -15.0], ["0021100054", 1610612758, "SAC", "Sacramento", 202738, "Isaiah Thomas", "", "", "8:17", 0, 2, 0.0, 0, 1, 0.0, 7, 10, 0.7, 1, 1, 2, 1, 1, 1, 0, 0, 7, -4.0], ["0021100054", 1610612758, "SAC", "Sacramento", 201581, "JJ Hickson", "", "", "10:04", 2, 3, 0.667, 0, 0, 0.0, 1, 1, 1.0, 1, 2, 3, 0, 0, 0, 2, 0, 5, -9.0], ["0021100054", 1610612758, "SAC", "Sacramento", 2566, "Travis Outlaw", "", "", "4:58", 0, 2, 0.0, 0, 0, 0.0, 0, 0, 0.0, 0, 0, 0, 0, 0, 0, 1, 0, 0, -10.0], ["0021100054", 1610612758, "SAC", "Sacramento", 201574, "Jason Thompson", "", "", "24:02", 5, 10, 0.5, 0, 0, 0.0, 3, 8, 0.375, 4, 3, 7, 1, 0, 0, 0, 2, 13, 3.0], ["0021100054", 1610612758, "SAC", "Sacramento", 201590, "Donte Greene", "", "", "12:19", 3, 7, 0.429, 2, 4, 0.5, 2, 4, 0.5, 0, 0, 0, 1, 0, 0, 2, 1, 10, -2.0], ["0021100054", 1610612758, "SAC", "Sacramento", 202715, "Tyler Honeycutt", "", "", "3:51", 0, 0, 0.0, 0, 0, 0.0, 2, 2, 1.0, 0, 1, 1, 0, 0, 0, 0, 0, 2, 4.0], ["0021100054", 1610612758, "SAC", "Sacramento", 101128, "Francisco Garcia", "", "DNP - Coach's Decision", null, null, null, null, null, null, null, null, null, null, null, null, null, null, null, null, null, null, null, null]], "name": "PlayerStats"}, {"headers": ["GAME_ID", "TEAM_ID", "TEAM_NAME", "TEAM_ABBREVIATION", "TEAM_CITY", "MIN", "FGM", "FGA", "FG_PCT", "FG3M", "FG3A", "FG3_PCT", "FTM", "FTA", "FT_PCT", "OREB", "DREB", "REB", "AST", "STL", "BLK", "TO", "PF", "PTS", "PLUS_MINUS"], "rowSet": [["0021100054", 1610612758, "Kings", "SAC", "Sacramento", "240:00", 30, 86, 0.349, 6, 22, 0.273, 26, 41, 0.634, 22, 29, 51, 15, 7, 2, 12, 22, 92, -22.0], ["0021100054", 1610612752, "Knicks", "NYK", "New York", "240:00", 40, 89, 0.449, 10, 28, 0.357, 24, 27, 0.889, 17, 26, 43, 26, 7, 6, 12, 35, 114, 22.0]], "name": "TeamStats"}, {"headers": ["LEAGUE_ID", "SEASON_ID", "TEAM_ID", "TEAM_ABBREVIATION", "TEAM_CITY", "PTS_PAINT", "PTS_2ND_CHANCE", "PTS_FB", "LARGEST_LEAD", "LEAD_CHANGES", "TIMES_TIED"], "rowSet": [["00", "22011", 1610612752, "NYK", "New York", 46, 28, 8, 27, 4, 2], ["00", "22011", 1610612758, "SAC", "Sacramento", 42, 22, 9, 29, 4, 2]], "name": "OtherStats"}, {"headers": ["OFFICIAL_ID", "FIRST_NAME", "LAST_NAME", "JERSEY_NUM"], "rowSet": [[1199, "Tom", "Washington", "49"], [101284, "John", "Goble", "30"], [101283, "Brian", "Forte", "45"]], "name": "Officials"}, {"headers": ["GAME_DATE", "ATTENDANCE", "GAME_TIME"], "rowSet": [["SATURDAY, DECEMBER 31, 2011", 16175, "2:20"]], "name": "GameInfo"}, {"headers": ["PLAYER_ID", "FIRST_NAME", "LAST_NAME", "JERSEY_NUM", "TEAM_ID", "TEAM_CITY", "TEAM_NAME", "TEAM_ABBREVIATION"], "rowSet": [[202355, "Hassan", "Whiteside", "33", 1610612758, "Sacramento", "Kings", "SAC"], [1884, "Baron", "Davis", "85", 1610612752, "New York", "Knicks", "NYK"], [2407, "Jared", "Jeffries", " 9", 1610612752, "New York", "Knicks", "NYK"], [202697, "Iman", "Shumpert", "21", 1610612752, "New York", "Knicks", "NYK"]], "name": "InactivePlayers"}, {"headers": ["VIDEO_AVAILABLE_FLAG"], "rowSet": [[0]], "name": "AvailableVideo"}], "parameters": {"GameID": "0021100054", "RangeType": 0, "StartPeriod": 0, "StartRange": 0, "EndPeriod": 0, "EndRange": 0}}