{"resource": "boxscore", "resultSets": [{"headers": ["GAME_DATE_EST", "GAME_SEQUENCE", "GAME_ID", "GAME_STATUS_ID", "GAME_STATUS_TEXT", "GAMECODE", "HOME_TEAM_ID", "VISITOR_TEAM_ID", "SEASON", "LIVE_PERIOD", "LIVE_PC_TIME", "NATL_TV_BROADCASTER_ABBREVIATION", "LIVE_PERIOD_TIME_BCAST", "WH_STATUS"], "rowSet": [["2012-01-02T00:00:00", 5, "0021100070", 3, "Final", "20120102/ATLMIA", 1610612748, 1610612737, "2011", 4, "", null, "Q4  - ", 1]], "name": "GameSummary"}, {"headers": ["GAME_DATE_EST", "GAME_SEQUENCE", "GAME_ID", "TEAM_ID", "TEAM_ABBREVIATION", "TEAM_CITY_NAME", "TEAM_WINS_LOSSES", "PTS_QTR1", "PTS_QTR2", "PTS_QTR3", "PTS_QTR4", "PTS_OT1", "PTS_OT2", "PTS_OT3", "PTS_OT4", "PTS_OT5", "PTS_OT6", "PTS_OT7", "PTS_OT8", "PTS_OT9", "PTS_OT10", "PTS"], "rowSet": [["2012-01-02T00:00:00", 5, "0021100070", 1610612737, "ATL", "Atlanta", "4-1", 19, 28, 20, 33, 0, 0, 0, 0, 0, 0, 0, 0, 0, 0, 100], ["2012-01-02T00:00:00", 5, "0021100070", 1610612748, "MIA", "Miami", "5-1", 23, 27, 21, 21, 0, 0, 0, 0, 0, 0, 0, 0, 0, 0, 92]], "name": "LineScore"}, {"headers": ["GAME_ID", "HOME_TEAM_ID", "VISITOR_TEAM_ID", "GAME_DATE_EST", "HOME_TEAM_WINS", "HOME_TEAM_LOSSES", "SERIES_LEADER"], "rowSet": [["0021100070", 1610612748, 1610612737, "2012-01-02T00:00:00", 3, 1, "Miami"]], "name": "SeasonSeries"}, {"headers": ["GAME_ID", "LAST_GAME_ID", "LAST_GAME_DATE_EST", "LAST_GAME_HOME_TEAM_ID", "LAST_GAME_HOME_TEAM_CITY", "LAST_GAME_HOME_TEAM_NAME", "LAST_GAME_HOME_TEAM_ABBREVIATION", "LAST_GAME_HOME_TEAM_POINTS", "LAST_GAME_VISITOR_TEAM_ID", "LAST_GAME_VISITOR_TEAM_CITY", "LAST_GAME_VISITOR_TEAM_NAME", "LAST_GAME_VISITOR_TEAM_CITY1", "LAST_GAME_VISITOR_TEAM_POINTS"], "rowSet": [["0021100070", "0021001202", "2011-04-11T00:00:00", 1610612748, "Miami", "Heat", "MIA", 98, 1610612737, "Atlanta", "Hawks", "ATL", 90]], "name": "LastMeeting"}, {"headers": ["GAME_ID", "TEAM_ID", "TEAM_ABBREVIATION", "TEAM_CITY", "PLAYER_ID", "PLAYER_NAME", "START_POSITION", "COMMENT", "MIN", "FGM", "FGA", "FG_PCT", "FG3M", "FG3A", "FG3_PCT", "FTM", "FTA", "FT_PCT", "OREB", "DREB", "REB", "AST", "STL", "BLK", "TO", "PF", "PTS", "PLUS_MINUS"], "rowSet": [["0021100070", 1610612737, "ATL", "Atlanta", 101107, "Marvin Williams", "F", "", "22:28", 4, 6, 0.667, 0, 1, 0.0, 0, 0, 0.0, 0, 3, 3, 1, 0, 0, 0, 2, 8, 1.0], ["0021100070", 1610612737, "ATL", "Atlanta", 2746, "Josh Smith", "F", "", "27:40", 4, 12, 0.333, 0, 0, 0.0, 1, 2, 0.5, 1, 5, 6, 3, 1, 2, 2, 4, 9, 6.0], ["0021100070", 1610612737, "ATL", "Atlanta", 201143, "Al Horford", "C", "", "39:09", 6, 9, 0.667, 0, 0, 0.0, 4, 4, 1.0, 3, 6, 9, 2, 1, 2, 1, 2, 16, 0.0], ["0021100070", 1610612737, "ATL", "Atlanta", 2207, "Joe Johnson", "G", "", "37:40", 8, 16, 0.5, 3, 5, 0.6, 2, 3, 0.667, 2, 3, 5, 1, 0, 0, 2, 3, 21, 2.0], ["0021100070", 1610612737, "ATL", "Atlanta", 201952, "Jeff Teague", "G", "", "35:18", 7, 11, 0.636, 1, 2, 0.5, 0, 0, 0.0, 0, 1, 1, 5, 4, 0, 2, 3, 15, 8.0], ["0021100070", 1610612737, "ATL", "Atlanta", 1503, "Tracy McGrady", "", "", "25:32", 5, 8, 0.625, 3, 3, 1.0, 3, 7, 0.429, 1, 6, 7, 4, 1, 0, 1, 0, 16, 7.0], ["0021100070", 1610612737, "ATL", "Atlanta", 2585, "Zaza Pachulia", "", "", "8:51", 2, 5, 0.4, 0, 0, 0.0, 2, 2, 1.0, 2, 1, 3, 0, 0, 0, 1, 4, 6, 8.0], ["0021100070", 1610612737, "ATL", "Atlanta", 2209, "Vladimir Radmanovic", "", "", "20:20", 0, 5, 0.0, 0, 1, 0.0, 0, 0, 0.0, 1, 3, 4, 3, 2, 1, 1, 1, 0, 2.0], ["0021100070", 1610612737, "ATL", "Atlanta", 2584, "Willie Green", "", "", "10:27", 0, 5, 0.0, 0, 1, 0.0, 1, 2, 0.5, 0, 1, 1, 0, 0, 0, 0, 0, 1, 6.0], ["0021100070", 1610612737, "ATL", "Atlanta", 2457, "Jannero Pargo", "", "", "12:35", 3, 5, 0.6, 2, 3, 0.667, 0, 0, 0.0, 0, 1, 1, 0, 1, 0, 0, 2, 8, 0.0], ["0021100070", 1610612737, "ATL", "Atlanta", 2215, "Jason Collins", "", "DNP - Coach's Decision", null, null, null, null, null, null, null, null, null, null, null, null, null, null, null, null, null, null, null, null], ["0021100070", 1610612737, "ATL", "Atlanta", 201274, "Ivan Johnson", "", "DNP - Coach's Decision", null, null, null, null, null, null, null, null, null, null, null, null, null, null, null, null, null, null, null, null], ["0021100070", 1610612737, "ATL", "Atlanta", 711, "Jerry Stackhouse", "", "DNP - Coach's Decision", null, null, null, null, null, null, null, null, null, null, null, null, null, null, null, null, null, null, null, null], ["0021100070", 1610612748, "MIA", "Miami", 2544, "LeBron James", "F", "", "38:33", 11, 18, 0.611, 0, 0, 0.0, 6, 9, 0.667, 2, 5, 7, 6, 0, 0, 4, 1, 28, -1.0], ["0021100070", 1610612748, "MIA", "Miami", 2547, "Chris Bosh", "F", "", "37:53", 8, 18, 0.444, 0, 3, 0.0, 3, 4, 0.75, 0, 6, 6, 1, 1, 0, 1, 3, 19, -11.0], ["0021100070", 1610612748, "MIA", "Miami", 201202, "Joel Anthony", "C", "", "17:57", 1, 1, 1.0, 0, 0, 0.0, 0, 0, 0.0, 3, 3, 6, 0, 0, 0, 0, 0, 2, 0.0], ["0021100070", 1610612748, "MIA", "Miami", 2548, "Dwyane Wade", "G", "", "38:36", 4, 17, 0.235, 0, 1, 0.0, 4, 6, 0.667, 0, 3, 3, 10, 3, 1, 3, 1, 12, -7.0], ["0021100070", 1610612748, "MIA", "Miami", 201596, "Mario Chalmers", "G", "", "26:38", 2, 5, 0.4, 1, 2, 0.5, 1, 1, 1.0, 1, 2, 3, 3, 1, 1, 5, 2, 6, 8.0], ["0021100070", 1610612748, "MIA", "Miami", 2617, "Udonis Haslem", "", "", "29:40", 1, 3, 0.333, 0, 0, 0.0, 2, 4, 0.5, 2, 8, 10, 0, 0, 0, 0, 3, 4, -13.0], ["0021100070", 1610612748, "MIA", "Miami", 2203, "Shane Battier", "", "", "24:05", 3, 4, 0.75, 3, 4, 0.75, 2, 3, 0.667, 0, 2, 2, 2, 0, 1, 1, 4, 11, -9.0], ["0021100070", 1610612748, "MIA", "Miami", 202708, "Norris Cole", "", "", "17:58", 4, 7, 0.571, 1, 3, 0.333, 1, 1, 1.0, 0, 0, 0, 1, 0, 0, 1, 0, 10, -12.0], ["0021100070", 1610612748, "MIA", "Miami", 2592, "James Jones", "", "", "8:40", 0, 0, 0.0, 0, 0, 0.0, 0, 0, 0.0, 1, 2, 3, 0, 0, 0, 1, 1, 0, 5.0], ["0021100070", 1610612748, "MIA", "Miami", 202148, "Mickell Gladness", "", "NWT - Left Foot Infection", null, null, null, null, null, null, null, null, null, null, null, null, null, null, null, null, null, null, null, null], ["0021100070", 1610612748, "MIA", "Miami", 202227, "Terrel Harris", "", "DNP - Coach's Decision", null, null, null, null, null, null, null, null, null, null, null, null, null, null, null, null, null, null, null, null], ["0021100070", 1610612748, "MIA", "Miami", 436, "Juwan Howard", "", "DNP - Coach's Decision", null, null, null, null, null, null, null, null, null, null, null, null, null, null, null, null, null, null, null, null], ["0021100070", 1610612748, "MIA", "Miami", 202354, "Dexter Pittman", "", "DNP - Coach's Decision", null, null, null, null, null, null, null, null, null, null, null, null, null, null, null, null, null, null, null, null]], "name": "PlayerStats"}, {"headers": ["GAME_ID", "TEAM_ID", "TEAM_NAME", "TEAM_ABBREVIATION", "TEAM_CITY", "MIN", "FGM", "FGA", "FG_PCT", "FG3M", "FG3A", "FG3_PCT", "FTM", "FTA", "FT_PCT", "OREB", "DREB", "REB", "AST", "STL", "BLK", "TO", "PF", "PTS", "PLUS_MINUS"], "rowSet": [["0021100070", 1610612748, "Heat", "MIA", "Miami", "240:00", 34, 73, 0.466, 5, 13, 0.385, 19, 28, 0.679, 9, 31, 40, 23, 5, 3, 16, 15, 92, -8.0], ["0021100070", 1610612737, "Hawks", "ATL", "Atlanta", "240:00", 39, 82, 0.476, 9, 16, 0.563, 13, 20, 0.65, 10, 30, 40, 19, 10, 5, 10, 21, 100, 8.0]], "name": "TeamStats"}, {"headers": ["LEAGUE_ID", "SEASON_ID", "TEAM_ID", "TEAM_ABBREVIATION", "TEAM_CITY", "PTS_PAINT", "PTS_2ND_CHANCE", "PTS_FB", "LARGEST_LEAD", "LEAD_CHANGES", "TIMES_TIED"], "rowSet": [["00", "22011", 1610612748, "MIA", "Miami", 38, 13, 10, 11, 5, 7], ["00", "22011", 1610612737, "ATL", "Atlanta", 50, 11, 9, 11, 5, 7]], "name": "OtherStats"}, {"headers": ["OFFICIAL_ID", "FIRST_NAME", "LAST_NAME", "JERSEY_NUM"], "rowSet": [[1153, "Joe", "Crawford", "17"], [1198, "Scott", "Wall", "31"], [2529, "Tony", "Brown", "6"]], "name": "Officials"}, {"headers": ["GAME_DATE", "ATTENDANCE", "GAME_TIME"], "rowSet": [["MONDAY, JANUARY 2, 2012", 20078, "2:15"]], "name": "GameInfo"}, {"headers": ["PLAYER_ID", "FIRST_NAME", "LAST_NAME", "JERSEY_NUM", "TEAM_ID", "TEAM_CITY", "TEAM_NAME", "TEAM_ABBREVIATION"], "rowSet": [[2550, "Kirk", "Hinrich", " 6", 1610612737, "Atlanta", "Hawks", "ATL"], [202388, "Donald", "Sloan", "12", 1610612737, "Atlanta", "Hawks", "ATL"], [2034, "Mike", "Miller", "13", 1610612748, "Miami", "Heat", "MIA"], [2201, "Eddy", "Curry", "34", 1610612748, "Miami", "Heat", "MIA"]], "name": "InactivePlayers"}, {"headers": ["VIDEO_AVAILABLE_FLAG"], "rowSet": [[0]], "name": "AvailableVideo"}], "parameters": {"GameID": "0021100070", "RangeType": 0, "StartPeriod": 0, "StartRange": 0, "EndPeriod": 0, "EndRange": 0}}