{"resource": "boxscore", "resultSets": [{"headers": ["GAME_DATE_EST", "GAME_SEQUENCE", "GAME_ID", "GAME_STATUS_ID", "GAME_STATUS_TEXT", "GAMECODE", "HOME_TEAM_ID", "VISITOR_TEAM_ID", "SEASON", "LIVE_PERIOD", "LIVE_PC_TIME", "NATL_TV_BROADCASTER_ABBREVIATION", "LIVE_PERIOD_TIME_BCAST", "WH_STATUS"], "rowSet": [["2012-01-01T00:00:00", 1, "0021100057", 3, "Final", "20120101/BOSWAS", 1610612764, 1610612738, "2011", 4, "", "NBA TV", "Q4  - NBA TV", 1]], "name": "GameSummary"}, {"headers": ["GAME_DATE_EST", "GAME_SEQUENCE", "GAME_ID", "TEAM_ID", "TEAM_ABBREVIATION", "TEAM_CITY_NAME", "TEAM_WINS_LOSSES", "PTS_QTR1", "PTS_QTR2", "PTS_QTR3", "PTS_QTR4", "PTS_OT1", "PTS_OT2", "PTS_OT3", "PTS_OT4", "PTS_OT5", "PTS_OT6", "PTS_OT7", "PTS_OT8", "PTS_OT9", "PTS_OT10", "PTS"], "rowSet": [["2012-01-01T00:00:00", 1, "0021100057", 1610612764, "WAS", "Washington", "0-4", 17, 17, 26, 26, 0, 0, 0, 0, 0, 0, 0, 0, 0, 0, 86], ["2012-01-01T00:00:00", 1, "0021100057", 1610612738, "BOS", "Boston", "2-3", 28, 23, 22, 21, 0, 0, 0, 0, 0, 0, 0, 0, 0, 0, 94]], "name": "LineScore"}, {"headers": ["GAME_ID", "HOME_TEAM_ID", "VISITOR_TEAM_ID", "GAME_DATE_EST", "HOME_TEAM_WINS", "HOME_TEAM_LOSSES", "SERIES_LEADER"], "rowSet": [["0021100057", 1610612764, 1610612738, "2012-01-01T00:00:00", 0, 4, "Boston"]], "name": "SeasonSeries"}, {"headers": ["GAME_ID", "LAST_GAME_ID", "LAST_GAME_DATE_EST", "LAST_GAME_HOME_TEAM_ID", "LAST_GAME_HOME_TEAM_CITY", "LAST_GAME_HOME_TEAM_NAME", "LAST_GAME_HOME_TEAM_ABBREVIATION", "LAST_GAME_HOME_TEAM_POINTS", "LAST_GAME_VISITOR_TEAM_ID", "LAST_GAME_VISITOR_TEAM_CITY", "LAST_GAME_VISITOR_TEAM_NAME", "LAST_GAME_VISITOR_TEAM_CITY1", "LAST_GAME_VISITOR_TEAM_POINTS"], "rowSet": [["0021100057", "0021001205", "2011-04-11T00:00:00", 1610612764, "Washington", "Wizards", "WAS", 95, 1610612738, "Boston", "Celtics", "BOS", 94]], "name": "LastMeeting"}, {"headers": ["GAME_ID", "TEAM_ID", "TEAM_ABBREVIATION", "TEAM_CITY", "PLAYER_ID", "PLAYER_NAME", "START_POSITION", "COMMENT", "MIN", "FGM", "FGA", "FG_PCT", "FG3M", "FG3A", "FG3_PCT", "FTM", "FTA", "FT_PCT", "OREB", "DREB", "REB", "AST", "STL", "BLK", "TO", "PF", "PTS", "PLUS_MINUS"], "rowSet": [["0021100057", 1610612738, "BOS", "Boston", 1718, "Paul Pierce", "F", "", "27:39", 2, 8, 0.25, 1, 4, 0.25, 4, 6, 0.667, 0, 6, 6, 3, 1, 0, 3, 2, 9, 13.0], ["0021100057", 1610612738, "BOS", "Boston", 708, "Kevin Garnett", "F", "", "27:45", 9, 17, 0.529, 0, 0, 0.0, 6, 6, 1.0, 2, 7, 9, 3, 1, 1, 3, 2, 24, 13.0], ["0021100057", 1610612738, "BOS", "Boston", 979, "Jermaine O'Neal", "C", "", "23:18", 4, 7, 0.571, 0, 0, 0.0, 0, 0, 0.0, 0, 3, 3, 0, 0, 0, 2, 3, 8, 3.0], ["0021100057", 1610612738, "BOS", "Boston", 951, "Ray Allen", "G", "", "34:35", 5, 10, 0.5, 2, 5, 0.4, 1, 2, 0.5, 1, 2, 3, 1, 1, 0, 2, 1, 13, 16.0], ["0021100057", 1610612738, "BOS", "Boston", 200765, "Rajon Rondo", "G", "", "33:43", 7, 10, 0.7, 0, 0, 0.0, 4, 7, 0.571, 4, 7, 11, 14, 1, 0, 3, 2, 18, 26.0], ["0021100057", 1610612738, "BOS", "Boston", 101138, "Brandon Bass", "", "", "30:42", 4, 8, 0.5, 0, 0, 0.0, 0, 0, 0.0, 0, 4, 4, 0, 0, 1, 0, 1, 8, 14.0], ["0021100057", 1610612738, "BOS", "Boston", 2039, "Keyon Dooling", "", "", "16:34", 2, 3, 0.667, 2, 2, 1.0, 0, 2, 0.0, 0, 1, 1, 2, 0, 0, 2, 1, 6, -8.0], ["0021100057", 1610612738, "BOS", "Boston", 202340, "Avery Bradley", "", "", "9:44", 1, 2, 0.5, 0, 1, 0.0, 0, 0, 0.0, 1, 0, 1, 0, 0, 0, 0, 3, 2, -9.0], ["0021100057", 1610612738, "BOS", "Boston", 2605, "Marquis Daniels", "", "", "20:17", 1, 3, 0.333, 0, 0, 0.0, 0, 0, 0.0, 0, 0, 0, 3, 3, 0, 0, 1, 2, -5.0], ["0021100057", 1610612738, "BOS", "Boston", 201880, "Greg Stiemsma", "", "", "12:14", 2, 4, 0.5, 0, 0, 0.0, 0, 0, 0.0, 0, 3, 3, 0, 0, 3, 1, 3, 4, -11.0], ["0021100057", 1610612738, "BOS", "Boston", 202734, "E'Twaun Moore", "", "", "1:50", 0, 1, 0.0, 0, 0, 0.0, 0, 0, 0.0, 0, 0, 0, 0, 0, 0, 0, 1, 0, -5.0], ["0021100057", 1610612738, "BOS", "Boston", 202707, "JaJuan Johnson", "", "", "1:39", 0, 1, 0.0, 0, 0, 0.0, 0, 0, 0.0, 0, 0, 0, 0, 0, 0, 0, 0, 0, -7.0], ["0021100057", 1610612738, "BOS", "Boston", 2562, "Sasha Pavlovic", "", "DNP - Coach's Decision", null, null, null, null, null, null, null, null, null, null, null, null, null, null, null, null, null, null, null, null], ["0021100057", 1610612764, "WAS", "Washington", 1740, "Rashard Lewis", "F", "", "34:40", 4, 12, 0.333, 0, 4, 0.0, 0, 0, 0.0, 2, 2, 4, 1, 2, 1, 1, 3, 8, -12.0], ["0021100057", 1610612764, "WAS", "Washington", 101154, "Andray Blatche", "F", "", "34:22", 4, 7, 0.571, 0, 0, 0.0, 2, 2, 1.0, 0, 3, 3, 0, 0, 1, 4, 1, 10, -10.0], ["0021100057", 1610612764, "WAS", "Washington", 201580, "JaVale McGee", "C", "", "34:38", 6, 15, 0.4, 0, 0, 0.0, 4, 5, 0.8, 6, 8, 14, 1, 1, 5, 2, 4, 16, -13.0], ["0021100057", 1610612764, "WAS", "Washington", 201156, "Nick Young", "G", "", "29:48", 7, 15, 0.467, 0, 3, 0.0, 4, 4, 1.0, 0, 2, 2, 1, 1, 0, 1, 3, 18, 6.0], ["0021100057", 1610612764, "WAS", "Washington", 202322, "John Wall", "G", "", "39:25", 6, 13, 0.462, 0, 0, 0.0, 7, 9, 0.778, 0, 7, 7, 8, 1, 1, 1, 4, 19, -12.0], ["0021100057", 1610612764, "WAS", "Washington", 202348, "Jordan Crawford", "", "", "14:10", 1, 7, 0.143, 1, 4, 0.25, 2, 2, 1.0, 0, 0, 0, 3, 0, 0, 2, 1, 5, -14.0], ["0021100057", 1610612764, "WAS", "Washington", 202698, "Chris Singleton", "", "", "13:31", 0, 1, 0.0, 0, 1, 0.0, 0, 0, 0.0, 0, 3, 3, 0, 1, 0, 0, 1, 0, 2.0], ["0021100057", 1610612764, "WAS", "Washington", 101142, "Ronny Turiaf", "", "", "11:32", 0, 0, 0.0, 0, 0, 0.0, 0, 0, 0.0, 1, 3, 4, 0, 0, 0, 1, 1, 0, 0.0], ["0021100057", 1610612764, "WAS", "Washington", 202344, "Trevor Booker", "", "", "13:49", 3, 4, 0.75, 0, 0, 0.0, 1, 1, 1.0, 1, 1, 2, 0, 2, 0, 0, 2, 7, 0.0], ["0021100057", 1610612764, "WAS", "Washington", 2427, "Roger Mason Jr.", "", "", "10:47", 1, 4, 0.25, 1, 4, 0.25, 0, 0, 0.0, 0, 0, 0, 0, 0, 0, 2, 1, 3, -1.0], ["0021100057", 1610612764, "WAS", "Washington", 202714, "Shelvin Mack", "", "", "1:39", 0, 0, 0.0, 0, 0, 0.0, 0, 0, 0.0, 0, 0, 0, 0, 0, 0, 0, 0, 0, 7.0], ["0021100057", 1610612764, "WAS", "Washington", 202338, "Kevin Seraphin", "", "", "1:39", 0, 0, 0.0, 0, 0, 0.0, 0, 0, 0.0, 0, 0, 0, 1, 1, 0, 0, 0, 0, 7.0], ["0021100057", 1610612764, "WAS", "Washington", 2230, "Maurice Evans", "", "DNP - Coach's Decision", null, null, null, null, null, null, null, null, null, null, null, null, null, null, null, null, null, null, null, null]], "name": "PlayerStats"}, {"headers": ["GAME_ID", "TEAM_ID", "TEAM_NAME", "TEAM_ABBREVIATION", "TEAM_CITY", "MIN", "FGM", "FGA", "FG_PCT", "FG3M", "FG3A", "FG3_PCT", "FTM", "FTA", "FT_PCT", "OREB", "DREB", "REB", "AST", "STL", "BLK", "TO", "PF", "PTS", "PLUS_MINUS"], "rowSet": [["0021100057", 1610612764, "Wizards", "WAS", "Washington", "240:00", 32, 78, 0.41, 2, 16, 0.125, 20, 23, 0.87, 10, 29, 39, 15, 9, 8, 14, 21, 86, -8.0], ["0021100057", 1610612738, "Celtics", "BOS", "Boston", "240:00", 37, 74, 0.5, 5, 12, 0.417, 15, 23, 0.652, 8, 33, 41, 26, 7, 5, 16, 20, 94, 8.0]], "name": "TeamStats"}, {"headers": ["LEAGUE_ID", "SEASON_ID", "TEAM_ID", "TEAM_ABBREVIATION", "TEAM_CITY", "PTS_PAINT", "PTS_2ND_CHANCE", "PTS_FB", "LARGEST_LEAD", "LEAD_CHANGES", "TIMES_TIED"], "rowSet": [["00", "22011", 1610612738, "BOS", "Boston", 38, 11, 11, 19, 1, 1], ["00", "22011", 1610612764, "WAS", "Washington", 38, 8, 19, 19, 1, 1]], "name": "OtherStats"}, {"headers": ["OFFICIAL_ID", "FIRST_NAME", "LAST_NAME", "JERSEY_NUM"], "rowSet": [[1194, "Bill", "Spooner", "22"], [200833, "Eric", "Dalen", "75"], [202058, "James", "Williams", "60"]], "name": "Officials"}, {"headers": ["GAME_DATE", "ATTENDANCE", "GAME_TIME"], "rowSet": [["SUNDAY, JANUARY 1, 2012", 17458, "2:13"]], "name": "GameInfo"}, {"headers": ["PLAYER_ID", "FIRST_NAME", "LAST_NAME", "JERSEY_NUM", "TEAM_ID", "TEAM_CITY", "TEAM_NAME", "TEAM_ABBREVIATION"], "rowSet": [[2404, "Chris", "Wilcox", " 9", 1610612738, "Boston", "Celtics", "BOS"], [2554, "Mickael", "Pietrus", "12", 1610612738, "Boston", "Celtics", "BOS"], [202380, "Hamady", "Ndiaye", "55", 1610612764, "Washington", "Wizards", "WAS"], [202686, "Jan", "Vesely", "24", 1610612764, "Washington", "Wizards", "WAS"]], "name": "InactivePlayers"}, {"headers": ["VIDEO_AVAILABLE_FLAG"], "rowSet": [[0]], "name": "AvailableVideo"}], "parameters": {"GameID": "0021100057", "RangeType": 0, "StartPeriod": 0, "StartRange": 0, "EndPeriod": 0, "EndRange": 0}}