{"resource": "boxscore", "resultSets": [{"headers": ["GAME_DATE_EST", "GAME_SEQUENCE", "GAME_ID", "GAME_STATUS_ID", "GAME_STATUS_TEXT", "GAMECODE", "HOME_TEAM_ID", "VISITOR_TEAM_ID", "SEASON", "LIVE_PERIOD", "LIVE_PC_TIME", "NATL_TV_BROADCASTER_ABBREVIATION", "LIVE_PERIOD_TIME_BCAST", "WH_STATUS"], "rowSet": [["2012-01-02T00:00:00", 1, "0021100066", 3, "Final", "20120102/GSWPHX", 1610612756, 1610612744, "2011", 4, "", null, "Q4  - ", 1]], "name": "GameSummary"}, {"headers": ["GAME_DATE_EST", "GAME_SEQUENCE", "GAME_ID", "TEAM_ID", "TEAM_ABBREVIATION", "TEAM_CITY_NAME", "TEAM_WINS_LOSSES", "PTS_QTR1", "PTS_QTR2", "PTS_QTR3", "PTS_QTR4", "PTS_OT1", "PTS_OT2", "PTS_OT3", "PTS_OT4", "PTS_OT5", "PTS_OT6", "PTS_OT7", "PTS_OT8", "PTS_OT9", "PTS_OT10", "PTS"], "rowSet": [["2012-01-02T00:00:00", 1, "0021100066", 1610612756, "PHX", "Phoenix", "2-3", 25, 26, 21, 30, 0, 0, 0, 0, 0, 0, 0, 0, 0, 0, 102], ["2012-01-02T00:00:00", 1, "0021100066", 1610612744, "GSW", "Golden State", "2-3", 26, 21, 22, 22, 0, 0, 0, 0, 0, 0, 0, 0, 0, 0, 91]], "name": "LineScore"}, {"headers": ["GAME_ID", "HOME_TEAM_ID", "VISITOR_TEAM_ID", "GAME_DATE_EST", "HOME_TEAM_WINS", "HOME_TEAM_LOSSES", "SERIES_LEADER"], "rowSet": [["0021100066", 1610612756, 1610612744, "2012-01-02T00:00:00", 1, 2, "Golden State"]], "name": "SeasonSeries"}, {"headers": ["GAME_ID", "LAST_GAME_ID", "LAST_GAME_DATE_EST", "LAST_GAME_HOME_TEAM_ID", "LAST_GAME_HOME_TEAM_CITY", "LAST_GAME_HOME_TEAM_NAME", "LAST_GAME_HOME_TEAM_ABBREVIATION", "LAST_GAME_HOME_TEAM_POINTS", "LAST_GAME_VISITOR_TEAM_ID", "LAST_GAME_VISITOR_TEAM_CITY", "LAST_GAME_VISITOR_TEAM_NAME", "LAST_GAME_VISITOR_TEAM_CITY1", "LAST_GAME_VISITOR_TEAM_POINTS"], "rowSet": [["0021100066", "0021001026", "2011-03-18T00:00:00", 1610612756, "Phoenix", "Suns", "PHX", 108, 1610612744, "Golden State", "Warriors", "GSW", 97]], "name": "LastMeeting"}, {"headers": ["GAME_ID", "TEAM_ID", "TEAM_ABBREVIATION", "TEAM_CITY", "PLAYER_ID", "PLAYER_NAME", "START_POSITION", "COMMENT", "MIN", "FGM", "FGA", "FG_PCT", "FG3M", "FG3A", "FG3_PCT", "FTM", "FTA", "FT_PCT", "OREB", "DREB", "REB", "AST", "STL", "BLK", "TO", "PF", "PTS", "PLUS_MINUS"], "rowSet": [["0021100066", 1610612744, "GSW", "Golden State", 2748, "Dorell Wright", "F", "", "26:12", 0, 4, 0.0, 0, 3, 0.0, 0, 0, 0.0, 0, 4, 4, 4, 1, 1, 1, 1, 0, 0.0], ["0021100066", 1610612744, "GSW", "Golden State", 201187, "Dominic McGuire", "F", "", "26:20", 6, 9, 0.667, 0, 0, 0.0, 2, 2, 1.0, 1, 8, 9, 2, 1, 0, 0, 2, 14, -7.0], ["0021100066", 1610612744, "GSW", "Golden State", 2740, "Andris Biedrins", "C", "", "12:03", 2, 4, 0.5, 0, 0, 0.0, 0, 2, 0.0, 0, 2, 2, 2, 0, 1, 2, 4, 4, 8.0], ["0021100066", 1610612744, "GSW", "Golden State", 101145, "Monta Ellis", "G", "", "42:21", 6, 16, 0.375, 1, 4, 0.25, 5, 5, 1.0, 1, 4, 5, 11, 1, 1, 3, 3, 18, -1.0], ["0021100066", 1610612744, "GSW", "Golden State", 201939, "Stephen Curry", "G", "", "23:22", 4, 8, 0.5, 2, 3, 0.667, 0, 0, 0.0, 0, 2, 2, 2, 1, 0, 2, 5, 10, -3.0], ["0021100066", 1610612744, "GSW", "Golden State", 2198, "Kwame Brown", "", "", "24:25", 3, 4, 0.75, 0, 0, 0.0, 3, 7, 0.429, 2, 5, 7, 1, 1, 0, 3, 2, 9, -19.0], ["0021100066", 1610612744, "GSW", "Golden State", 202327, "Ekpe Udoh", "", "", "24:53", 5, 8, 0.625, 0, 0, 0.0, 1, 2, 0.5, 1, 2, 3, 1, 1, 0, 3, 3, 11, -3.0], ["0021100066", 1610612744, "GSW", "Golden State", 202724, "Charles Jenkins", "", "", "13:32", 3, 3, 1.0, 0, 0, 0.0, 0, 0, 0.0, 0, 0, 0, 1, 0, 0, 0, 2, 6, -16.0], ["0021100066", 1610612744, "GSW", "Golden State", 201575, "Brandon Rush", "", "", "32:26", 5, 11, 0.455, 2, 4, 0.5, 1, 2, 0.5, 1, 1, 2, 3, 0, 0, 1, 0, 13, -9.0], ["0021100066", 1610612744, "GSW", "Golden State", 202691, "Klay Thompson", "", "", "13:54", 2, 5, 0.4, 2, 3, 0.667, 0, 0, 0.0, 1, 1, 2, 0, 0, 0, 2, 2, 6, -7.0], ["0021100066", 1610612744, "GSW", "Golden State", 202397, "Ish Smith", "", "", "0:32", 0, 0, 0.0, 0, 0, 0.0, 0, 0, 0.0, 0, 0, 0, 0, 0, 0, 0, 0, 0, 2.0], ["0021100066", 1610612744, "GSW", "Golden State", 202719, "Jeremy Tyler", "", "DNP - Coach's Decision", null, null, null, null, null, null, null, null, null, null, null, null, null, null, null, null, null, null, null, null], ["0021100066", 1610612744, "GSW", "Golden State", 202874, "Chris Wright", "", "DNP - Coach's Decision", null, null, null, null, null, null, null, null, null, null, null, null, null, null, null, null, null, null, null, null], ["0021100066", 1610612756, "PHX", "Phoenix", 255, "Grant Hill", "F", "", "27:39", 4, 10, 0.4, 0, 0, 0.0, 0, 0, 0.0, 3, 5, 8, 2, 1, 0, 1, 3, 8, 12.0], ["0021100066", 1610612756, "PHX", "Phoenix", 101112, "Channing Frye", "F", "", "25:56", 3, 8, 0.375, 1, 3, 0.333, 3, 4, 0.75, 3, 7, 10, 1, 1, 0, 1, 1, 10, -2.0], ["0021100066", 1610612756, "PHX", "Phoenix", 101162, "Marcin Gortat", "C", "", "18:13", 2, 6, 0.333, 0, 0, 0.0, 1, 2, 0.5, 2, 1, 3, 0, 0, 1, 1, 3, 5, 1.0], ["0021100066", 1610612756, "PHX", "Phoenix", 201162, "Jared Dudley", "G", "", "37:00", 6, 14, 0.429, 2, 5, 0.4, 1, 2, 0.5, 0, 4, 4, 2, 0, 0, 1, 1, 15, 2.0], ["0021100066", 1610612756, "PHX", "Phoenix", 959, "Steve Nash", "G", "", "32:46", 9, 13, 0.692, 1, 3, 0.333, 2, 2, 1.0, 0, 0, 0, 9, 2, 0, 2, 1, 21, 5.0], ["0021100066", 1610612756, "PHX", "Phoenix", 101124, "Hakim Warrick", "", "", "15:43", 3, 9, 0.333, 0, 1, 0.0, 2, 2, 1.0, 2, 1, 3, 1, 0, 0, 0, 2, 8, -5.0], ["0021100066", 1610612756, "PHX", "Phoenix", 200769, "Shannon Brown", "", "", "23:10", 3, 8, 0.375, 2, 6, 0.333, 2, 3, 0.667, 2, 3, 5, 2, 1, 0, 0, 0, 10, 10.0], ["0021100066", 1610612756, "PHX", "Phoenix", 201577, "Robin Lopez", "", "", "12:17", 1, 3, 0.333, 0, 0, 0.0, 0, 0, 0.0, 0, 4, 4, 0, 0, 1, 2, 1, 2, 6.0], ["0021100066", 1610612756, "PHX", "Phoenix", 101179, "Ronnie Price", "", "", "15:14", 1, 3, 0.333, 1, 2, 0.5, 4, 4, 1.0, 1, 2, 3, 4, 1, 0, 3, 3, 7, 6.0], ["0021100066", 1610612756, "PHX", "Phoenix", 202693, "Markieff Morris", "", "", "32:02", 7, 13, 0.538, 1, 3, 0.333, 1, 2, 0.5, 3, 6, 9, 2, 0, 0, 0, 3, 16, 20.0], ["0021100066", 1610612756, "PHX", "Phoenix", 2735, "Josh Childress", "", "DNP - Coach's Decision", null, null, null, null, null, null, null, null, null, null, null, null, null, null, null, null, null, null, null, null], ["0021100066", 1610612756, "PHX", "Phoenix", 202081, "Garret Siler", "", "DNP - Coach's Decision", null, null, null, null, null, null, null, null, null, null, null, null, null, null, null, null, null, null, null, null], ["0021100066", 1610612756, "PHX", "Phoenix", 2742, "Sebastian Telfair", "", "DNP - Coach's Decision", null, null, null, null, null, null, null, null, null, null, null, null, null, null, null, null, null, null, null, null]], "name": "PlayerStats"}, {"headers": ["GAME_ID", "TEAM_ID", "TEAM_NAME", "TEAM_ABBREVIATION", "TEAM_CITY", "MIN", "FGM", "FGA", "FG_PCT", "FG3M", "FG3A", "FG3_PCT", "FTM", "FTA", "FT_PCT", "OREB", "DREB", "REB", "AST", "STL", "BLK", "TO", "PF", "PTS", "PLUS_MINUS"], "rowSet": [["0021100066", 1610612756, "Suns", "PHX", "Phoenix", "240:00", 39, 87, 0.448, 8, 23, 0.348, 16, 21, 0.762, 16, 33, 49, 23, 6, 2, 11, 18, 102, 11.0], ["0021100066", 1610612744, "Warriors", "GSW", "Golden State", "240:00", 36, 72, 0.5, 7, 17, 0.412, 12, 20, 0.6, 7, 29, 36, 27, 6, 3, 17, 24, 91, -11.0]], "name": "TeamStats"}, {"headers": ["LEAGUE_ID", "SEASON_ID", "TEAM_ID", "TEAM_ABBREVIATION", "TEAM_CITY", "PTS_PAINT", "PTS_2ND_CHANCE", "PTS_FB", "LARGEST_LEAD", "LEAD_CHANGES", "TIMES_TIED"], "rowSet": [["00", "22011", 1610612744, "GSW", "Golden State", 36, 8, 6, 12, 8, 4], ["00", "22011", 1610612756, "PHX", "Phoenix", 38, 12, 10, 12, 8, 4]], "name": "OtherStats"}, {"headers": ["OFFICIAL_ID", "FIRST_NAME", "LAST_NAME", "JERSEY_NUM"], "rowSet": [[1179, "Rodney", "Mott", "71"], [201640, "Kane", "Fitzgerald", "35"], [202027, "Tre", "Maddox", "73"]], "name": "Officials"}, {"headers": ["GAME_DATE", "ATTENDANCE", "GAME_TIME"], "rowSet": [["MONDAY, JANUARY 2, 2012", 14793, "2:08"]], "name": "GameInfo"}, {"headers": ["PLAYER_ID", "FIRST_NAME", "LAST_NAME", "JERSEY_NUM", "TEAM_ID", "TEAM_CITY", "TEAM_NAME", "TEAM_ABBREVIATION"], "rowSet": [[2072, "Michael", "Redd", "22", 1610612756, "Phoenix", "Suns", "PHX"], [101135, "David", "Lee", "10", 1610612744, "Golden State", "Warriors", "GSW"]], "name": "InactivePlayers"}, {"headers": ["VIDEO_AVAILABLE_FLAG"], "rowSet": [[0]], "name": "AvailableVideo"}], "parameters": {"GameID": "0021100066", "RangeType": 0, "StartPeriod": 0, "StartRange": 0, "EndPeriod": 0, "EndRange": 0}}