{"resource": "boxscore", "resultSets": [{"headers": ["GAME_DATE_EST", "GAME_SEQUENCE", "GAME_ID", "GAME_STATUS_ID", "GAME_STATUS_TEXT", "GAMECODE", "HOME_TEAM_ID", "VISITOR_TEAM_ID", "SEASON", "LIVE_PERIOD", "LIVE_PC_TIME", "NATL_TV_BROADCASTER_ABBREVIATION", "LIVE_PERIOD_TIME_BCAST", "WH_STATUS"], "rowSet": [["2011-12-31T00:00:00", 3, "0021100052", 3, "Final", "20111231/ATLHOU", 1610612745, 1610612737, "2011", 4, "", null, "Q4  - ", 1]], "name": "GameSummary"}, {"headers": ["GAME_DATE_EST", "GAME_SEQUENCE", "GAME_ID", "TEAM_ID", "TEAM_ABBREVIATION", "TEAM_CITY_NAME", "TEAM_WINS_LOSSES", "PTS_QTR1", "PTS_QTR2", "PTS_QTR3", "PTS_QTR4", "PTS_OT1", "PTS_OT2", "PTS_OT3", "PTS_OT4", "PTS_OT5", "PTS_OT6", "PTS_OT7", "PTS_OT8", "PTS_OT9", "PTS_OT10", "PTS"], "rowSet": [["2011-12-31T00:00:00", 3, "0021100052", 1610612745, "HOU", "Houston", "2-2", 31, 20, 21, 23, 0, 0, 0, 0, 0, 0, 0, 0, 0, 0, 95], ["2011-12-31T00:00:00", 3, "0021100052", 1610612737, "ATL", "Atlanta", "3-1", 22, 22, 16, 24, 0, 0, 0, 0, 0, 0, 0, 0, 0, 0, 84]], "name": "LineScore"}, {"headers": ["GAME_ID", "HOME_TEAM_ID", "VISITOR_TEAM_ID", "GAME_DATE_EST", "HOME_TEAM_WINS", "HOME_TEAM_LOSSES", "SERIES_LEADER"], "rowSet": [["0021100052", 1610612745, 1610612737, "2011-12-31T00:00:00", 1, 0, "Houston"]], "name": "SeasonSeries"}, {"headers": ["GAME_ID", "LAST_GAME_ID", "LAST_GAME_DATE_EST", "LAST_GAME_HOME_TEAM_ID", "LAST_GAME_HOME_TEAM_CITY", "LAST_GAME_HOME_TEAM_NAME", "LAST_GAME_HOME_TEAM_ABBREVIATION", "LAST_GAME_HOME_TEAM_POINTS", "LAST_GAME_VISITOR_TEAM_ID", "LAST_GAME_VISITOR_TEAM_CITY", "LAST_GAME_VISITOR_TEAM_NAME", "LAST_GAME_VISITOR_TEAM_CITY1", "LAST_GAME_VISITOR_TEAM_POINTS"], "rowSet": [["0021100052", "0021001146", "2011-04-03T00:00:00", 1610612745, "Houston", "Rockets", "HOU", 114, 1610612737, "Atlanta", "Hawks", "ATL", 109]], "name": "LastMeeting"}, {"headers": ["GAME_ID", "TEAM_ID", "TEAM_ABBREVIATION", "TEAM_CITY", "PLAYER_ID", "PLAYER_NAME", "START_POSITION", "COMMENT", "MIN", "FGM", "FGA", "FG_PCT", "FG3M", "FG3A", "FG3_PCT", "FTM", "FTA", "FT_PCT", "OREB", "DREB", "REB", "AST", "STL", "BLK", "TO", "PF", "PTS", "PLUS_MINUS"], "rowSet": [["0021100052", 1610612737, "ATL", "Atlanta", 2746, "Josh Smith", "F", "", "31:51", 5, 13, 0.385, 0, 1, 0.0, 4, 8, 0.5, 0, 7, 7, 2, 0, 1, 2, 1, 14, -17.0], ["0021100052", 1610612737, "ATL", "Atlanta", 101107, "Marvin Williams", "F", "", "20:58", 3, 7, 0.429, 1, 2, 0.5, 2, 2, 1.0, 1, 3, 4, 0, 0, 1, 0, 2, 9, -14.0], ["0021100052", 1610612737, "ATL", "Atlanta", 201143, "Al Horford", "C", "", "31:18", 6, 11, 0.545, 0, 0, 0.0, 3, 4, 0.75, 1, 5, 6, 2, 0, 1, 2, 1, 15, -19.0], ["0021100052", 1610612737, "ATL", "Atlanta", 2207, "Joe Johnson", "G", "", "35:05", 7, 15, 0.467, 1, 5, 0.2, 0, 0, 0.0, 1, 3, 4, 3, 1, 2, 1, 2, 15, -18.0], ["0021100052", 1610612737, "ATL", "Atlanta", 201952, "Jeff Teague", "G", "", "30:08", 3, 7, 0.429, 0, 0, 0.0, 0, 0, 0.0, 0, 3, 3, 5, 0, 0, 2, 1, 6, -3.0], ["0021100052", 1610612737, "ATL", "Atlanta", 2457, "Jannero Pargo", "", "", "15:54", 2, 4, 0.5, 0, 1, 0.0, 0, 0, 0.0, 0, 2, 2, 1, 0, 0, 2, 1, 4, -4.0], ["0021100052", 1610612737, "ATL", "Atlanta", 2585, "Zaza Pachulia", "", "", "12:11", 1, 2, 0.5, 0, 0, 0.0, 1, 2, 0.5, 1, 2, 3, 1, 1, 0, 1, 2, 3, 6.0], ["0021100052", 1610612737, "ATL", "Atlanta", 1503, "Tracy McGrady", "", "", "25:13", 6, 11, 0.545, 1, 2, 0.5, 0, 0, 0.0, 0, 6, 6, 1, 0, 0, 1, 1, 13, 7.0], ["0021100052", 1610612737, "ATL", "Atlanta", 2209, "Vladimir Radmanovic", "", "", "15:13", 0, 5, 0.0, 0, 3, 0.0, 0, 0, 0.0, 0, 1, 1, 1, 1, 1, 0, 1, 0, 6.0], ["0021100052", 1610612737, "ATL", "Atlanta", 2584, "Willie Green", "", "", "16:42", 2, 5, 0.4, 1, 2, 0.5, 0, 0, 0.0, 2, 2, 4, 0, 1, 0, 1, 1, 5, -1.0], ["0021100052", 1610612737, "ATL", "Atlanta", 2215, "Jason Collins", "", "", "5:27", 0, 0, 0.0, 0, 0, 0.0, 0, 0, 0.0, 0, 0, 0, 0, 0, 0, 0, 1, 0, 2.0], ["0021100052", 1610612737, "ATL", "Atlanta", 201274, "Ivan Johnson", "", "DNP - Coach's Decision", null, null, null, null, null, null, null, null, null, null, null, null, null, null, null, null, null, null, null, null], ["0021100052", 1610612737, "ATL", "Atlanta", 711, "Jerry Stackhouse", "", "DNP - Coach's Decision", null, null, null, null, null, null, null, null, null, null, null, null, null, null, null, null, null, null, null, null], ["0021100052", 1610612745, "HOU", "Houston", 201978, "Chase Budinger", "F", "", "31:27", 7, 10, 0.7, 3, 4, 0.75, 0, 0, 0.0, 0, 2, 2, 1, 1, 1, 0, 3, 17, 18.0], ["0021100052", 1610612745, "HOU", "Houston", 2449, "Luis Scola", "F", "", "31:00", 9, 19, 0.474, 0, 0, 0.0, 3, 4, 0.75, 2, 5, 7, 0, 2, 0, 3, 3, 21, 12.0], ["0021100052", 1610612745, "HOU", "Houston", 201941, "Jordan Hill", "C", "", "28:23", 5, 8, 0.625, 0, 0, 0.0, 1, 2, 0.5, 4, 11, 15, 1, 1, 1, 1, 3, 11, 10.0], ["0021100052", 1610612745, "HOU", "Houston", 2755, "Kevin Martin", "G", "", "40:26", 9, 20, 0.45, 6, 11, 0.545, 3, 3, 1.0, 0, 3, 3, 3, 0, 0, 0, 3, 27, 14.0], ["0021100052", 1610612745, "HOU", "Houston", 200768, "Kyle Lowry", "G", "", "42:09", 0, 6, 0.0, 0, 3, 0.0, 2, 2, 1.0, 0, 6, 6, 18, 2, 1, 6, 3, 2, 15.0], ["0021100052", 1610612745, "HOU", "Houston", 2223, "Samuel Dalembert", "", "", "19:37", 3, 6, 0.5, 0, 0, 0.0, 1, 2, 0.5, 5, 5, 10, 1, 0, 1, 1, 1, 7, 1.0], ["0021100052", 1610612745, "HOU", "Houston", 201584, "Courtney Lee", "", "", "16:33", 1, 3, 0.333, 0, 0, 0.0, 0, 0, 0.0, 0, 1, 1, 1, 1, 1, 0, 0, 2, -7.0], ["0021100052", 1610612745, "HOU", "Houston", 201609, "Goran Dragic", "", "", "13:25", 1, 5, 0.2, 0, 1, 0.0, 0, 0, 0.0, 0, 0, 0, 0, 0, 0, 1, 1, 2, -7.0], ["0021100052", 1610612745, "HOU", "Houston", 202335, "Patrick Patterson", "", "", "16:54", 3, 5, 0.6, 0, 0, 0.0, 0, 0, 0.0, 0, 1, 1, 1, 0, 1, 0, 1, 6, -1.0], ["0021100052", 1610612745, "HOU", "Houston", 202718, "Chandler Parsons", "", "", "0:06", 0, 0, 0.0, 0, 0, 0.0, 0, 0, 0.0, 0, 0, 0, 0, 0, 0, 0, 0, 0, 0.0], ["0021100052", 1610612745, "HOU", "Houston", 201938, "Jonny Flynn", "", "DNP - Coach's Decision", null, null, null, null, null, null, null, null, null, null, null, null, null, null, null, null, null, null, null, null], ["0021100052", 1610612745, "HOU", "Houston", 202694, "Marcus Morris", "", "DNP - Coach's Decision", null, null, null, null, null, null, null, null, null, null, null, null, null, null, null, null, null, null, null, null], ["0021100052", 1610612745, "HOU", "Houston", 201944, "Terrence Williams", "", "DNP - Coach's Decision", null, null, null, null, null, null, null, null, null, null, null, null, null, null, null, null, null, null, null, null]], "name": "PlayerStats"}, {"headers": ["GAME_ID", "TEAM_ID", "TEAM_NAME", "TEAM_ABBREVIATION", "TEAM_CITY", "MIN", "FGM", "FGA", "FG_PCT", "FG3M", "FG3A", "FG3_PCT", "FTM", "FTA", "FT_PCT", "OREB", "DREB", "REB", "AST", "STL", "BLK", "TO", "PF", "PTS", "PLUS_MINUS"], "rowSet": [["0021100052", 1610612745, "Rockets", "HOU", "Houston", "240:00", 38, 82, 0.463, 9, 19, 0.474, 10, 13, 0.769, 11, 34, 45, 26, 7, 6, 12, 18, 95, 11.0], ["0021100052", 1610612737, "Hawks", "ATL", "Atlanta", "240:00", 35, 80, 0.438, 4, 16, 0.25, 10, 16, 0.625, 6, 34, 40, 16, 4, 6, 12, 14, 84, -11.0]], "name": "TeamStats"}, {"headers": ["LEAGUE_ID", "SEASON_ID", "TEAM_ID", "TEAM_ABBREVIATION", "TEAM_CITY", "PTS_PAINT", "PTS_2ND_CHANCE", "PTS_FB", "LARGEST_LEAD", "LEAD_CHANGES", "TIMES_TIED"], "rowSet": [["00", "22011", 1610612737, "ATL", "Atlanta", 50, 7, 12, 17, 0, 0], ["00", "22011", 1610612745, "HOU", "Houston", 40, 14, 16, 15, 0, 0]], "name": "OtherStats"}, {"headers": ["OFFICIAL_ID", "FIRST_NAME", "LAST_NAME", "JERSEY_NUM"], "rowSet": [[1193, "Michael", "Smith", "38"], [2882, "Sean", "Wright", "65"], [201638, "Brent", "Barnaky", "70"]], "name": "Officials"}, {"headers": ["GAME_DATE", "ATTENDANCE", "GAME_TIME"], "rowSet": [["SATURDAY, DECEMBER 31, 2011", 14390, "1:58"]], "name": "GameInfo"}, {"headers": ["PLAYER_ID", "FIRST_NAME", "LAST_NAME", "JERSEY_NUM", "TEAM_ID", "TEAM_CITY", "TEAM_NAME", "TEAM_ABBREVIATION"], "rowSet": [[2550, "Kirk", "Hinrich", " 6", 1610612737, "Atlanta", "Hawks", "ATL"], [202388, "Donald", "Sloan", "12", 1610612737, "Atlanta", "Hawks", "ATL"], [201934, "Hasheem", "Thabeet", "32", 1610612745, "Houston", "Rockets", "HOU"], [202399, "Jeff", "Adrien", " 8", 1610612745, "Houston", "Rockets", "HOU"]], "name": "InactivePlayers"}, {"headers": ["VIDEO_AVAILABLE_FLAG"], "rowSet": [[0]], "name": "AvailableVideo"}], "parameters": {"GameID": "0021100052", "RangeType": 0, "StartPeriod": 0, "StartRange": 0, "EndPeriod": 0, "EndRange": 0}}