{"resource": "boxscore", "resultSets": [{"headers": ["GAME_DATE_EST", "GAME_SEQUENCE", "GAME_ID", "GAME_STATUS_ID", "GAME_STATUS_TEXT", "GAMECODE", "HOME_TEAM_ID", "VISITOR_TEAM_ID", "SEASON", "LIVE_PERIOD", "LIVE_PC_TIME", "NATL_TV_BROADCASTER_ABBREVIATION", "LIVE_PERIOD_TIME_BCAST", "WH_STATUS"], "rowSet": [["2012-01-01T00:00:00", 4, "0021100060", 3, "Final", "20120101/NJNCLE", 1610612739, 1610612751, "2011", 4, "", null, "Q4  - ", 1]], "name": "GameSummary"}, {"headers": ["GAME_DATE_EST", "GAME_SEQUENCE", "GAME_ID", "TEAM_ID", "TEAM_ABBREVIATION", "TEAM_CITY_NAME", "TEAM_WINS_LOSSES", "PTS_QTR1", "PTS_QTR2", "PTS_QTR3", "PTS_QTR4", "PTS_OT1", "PTS_OT2", "PTS_OT3", "PTS_OT4", "PTS_OT5", "PTS_OT6", "PTS_OT7", "PTS_OT8", "PTS_OT9", "PTS_OT10", "PTS"], "rowSet": [["2012-01-01T00:00:00", 4, "0021100060", 1610612751, "NJN", "New Jersey", "1-4", 27, 22, 18, 15, 0, 0, 0, 0, 0, 0, 0, 0, 0, 0, 82], ["2012-01-01T00:00:00", 4, "0021100060", 1610612739, "CLE", "Cleveland", "2-2", 24, 19, 30, 25, 0, 0, 0, 0, 0, 0, 0, 0, 0, 0, 98]], "name": "LineScore"}, {"headers": ["GAME_ID", "HOME_TEAM_ID", "VISITOR_TEAM_ID", "GAME_DATE_EST", "HOME_TEAM_WINS", "HOME_TEAM_LOSSES", "SERIES_LEADER"], "rowSet": [["0021100060", 1610612739, 1610612751, "2012-01-01T00:00:00", 2, 2, "Tied"]], "name": "SeasonSeries"}, {"headers": ["GAME_ID", "LAST_GAME_ID", "LAST_GAME_DATE_EST", "LAST_GAME_HOME_TEAM_ID", "LAST_GAME_HOME_TEAM_CITY", "LAST_GAME_HOME_TEAM_NAME", "LAST_GAME_HOME_TEAM_ABBREVIATION", "LAST_GAME_HOME_TEAM_POINTS", "LAST_GAME_VISITOR_TEAM_ID", "LAST_GAME_VISITOR_TEAM_CITY", "LAST_GAME_VISITOR_TEAM_NAME", "LAST_GAME_VISITOR_TEAM_CITY1", "LAST_GAME_VISITOR_TEAM_POINTS"], "rowSet": [["0021100060", "0021001055", "2011-03-23T00:00:00", 1610612739, "Cleveland", "Cavaliers", "CLE", 94, 1610612751, "New Jersey", "Nets", "NJN", 98]], "name": "LastMeeting"}, {"headers": ["GAME_ID", "TEAM_ID", "TEAM_ABBREVIATION", "TEAM_CITY", "PLAYER_ID", "PLAYER_NAME", "START_POSITION", "COMMENT", "MIN", "FGM", "FGA", "FG_PCT", "FG3M", "FG3A", "FG3_PCT", "FTM", "FTA", "FT_PCT", "OREB", "DREB", "REB", "AST", "STL", "BLK", "TO", "PF", "PTS", "PLUS_MINUS"], "rowSet": [["0021100060", 1610612751, "NJN", "New Jersey", 2743, "Kris Humphries", "F", "", "30:26", 1, 5, 0.2, 0, 0, 0.0, 9, 11, 0.818, 0, 5, 5, 0, 0, 0, 1, 2, 11, -5.0], ["0021100060", 1610612751, "NJN", "New Jersey", 202345, "Damion James", "F", "", "31:42", 3, 5, 0.6, 0, 1, 0.0, 4, 6, 0.667, 1, 2, 3, 3, 1, 3, 2, 3, 10, -10.0], ["0021100060", 1610612751, "NJN", "New Jersey", 2246, "Mehmet Okur", "C", "", "34:47", 4, 10, 0.4, 2, 5, 0.4, 0, 0, 0.0, 3, 5, 8, 3, 2, 1, 1, 2, 10, -18.0], ["0021100060", 1610612751, "NJN", "New Jersey", 202178, "Sundiata Gaines", "G", "", "33:40", 5, 12, 0.417, 1, 3, 0.333, 0, 2, 0.0, 0, 4, 4, 4, 3, 1, 5, 1, 11, -12.0], ["0021100060", 1610612751, "NJN", "New Jersey", 101114, "Deron Williams", "G", "", "34:20", 6, 16, 0.375, 1, 4, 0.25, 3, 4, 0.75, 1, 3, 4, 5, 3, 0, 6, 3, 16, -3.0], ["0021100060", 1610612751, "NJN", "New Jersey", 202705, "MarShon Brooks", "", "", "11:44", 0, 3, 0.0, 0, 1, 0.0, 0, 0, 0.0, 2, 1, 3, 0, 0, 0, 0, 0, 0, -8.0], ["0021100060", 1610612751, "NJN", "New Jersey", 200761, "Shawne Williams", "", "", "8:30", 1, 2, 0.5, 0, 0, 0.0, 0, 0, 0.0, 1, 1, 2, 0, 0, 0, 0, 0, 2, -2.0], ["0021100060", 1610612751, "NJN", "New Jersey", 200749, "Shelden Williams", "", "", "15:24", 1, 3, 0.333, 0, 0, 0.0, 2, 2, 1.0, 0, 0, 0, 0, 1, 1, 2, 3, 4, -5.0], ["0021100060", 1610612751, "NJN", "New Jersey", 201627, "Anthony Morrow", "", "", "23:41", 5, 13, 0.385, 2, 6, 0.333, 3, 3, 1.0, 0, 3, 3, 1, 1, 0, 4, 2, 15, -17.0], ["0021100060", 1610612751, "NJN", "New Jersey", 2052, "DeShawn Stevenson", "", "", "15:18", 1, 2, 0.5, 1, 2, 0.5, 0, 0, 0.0, 0, 0, 0, 0, 0, 0, 0, 0, 3, -2.0], ["0021100060", 1610612751, "NJN", "New Jersey", 202862, "Dennis Horner", "", "", "0:29", 0, 0, 0.0, 0, 0, 0.0, 0, 0, 0.0, 0, 0, 0, 0, 0, 0, 0, 0, 0, 2.0], ["0021100060", 1610612751, "NJN", "New Jersey", 200770, "Jordan Farmar", "", "DNP - Coach's Decision", null, null, null, null, null, null, null, null, null, null, null, null, null, null, null, null, null, null, null, null], ["0021100060", 1610612751, "NJN", "New Jersey", 101130, "Johan Petro", "", "DNP - Coach's Decision", null, null, null, null, null, null, null, null, null, null, null, null, null, null, null, null, null, null, null, null], ["0021100060", 1610612739, "CLE", "Cleveland", 201956, "Omri Casspi", "F", "", "18:03", 3, 7, 0.429, 1, 1, 1.0, 2, 2, 1.0, 1, 0, 1, 4, 0, 0, 1, 3, 9, -3.0], ["0021100060", 1610612739, "CLE", "Cleveland", 1712, "Antawn Jamison", "F", "", "31:27", 10, 15, 0.667, 3, 3, 1.0, 0, 0, 0.0, 1, 4, 5, 2, 3, 2, 3, 2, 23, 22.0], ["0021100060", 1610612739, "CLE", "Cleveland", 2760, "Anderson Varejao", "C", "", "31:47", 1, 5, 0.2, 0, 0, 0.0, 0, 0, 0.0, 4, 7, 11, 1, 3, 0, 0, 3, 2, 6.0], ["0021100060", 1610612739, "CLE", "Cleveland", 1515, "Anthony Parker", "G", "", "21:19", 2, 7, 0.286, 0, 4, 0.0, 0, 0, 0.0, 0, 1, 1, 1, 1, 1, 2, 2, 4, -3.0], ["0021100060", 1610612739, "CLE", "Cleveland", 202681, "Kyrie Irving", "G", "", "28:08", 5, 11, 0.455, 3, 4, 0.75, 0, 0, 0.0, 1, 3, 4, 4, 0, 2, 4, 3, 13, -3.0], ["0021100060", 1610612739, "CLE", "Cleveland", 202087, "Alonzo Gee", "", "", "29:57", 4, 8, 0.5, 3, 5, 0.6, 0, 0, 0.0, 0, 3, 3, 3, 2, 0, 2, 2, 11, 19.0], ["0021100060", 1610612739, "CLE", "Cleveland", 200789, "Daniel Gibson", "", "", "26:41", 6, 12, 0.5, 5, 7, 0.714, 2, 2, 1.0, 0, 1, 1, 1, 1, 1, 1, 1, 19, 19.0], ["0021100060", 1610612739, "CLE", "Cleveland", 201196, "Ramon Sessions", "", "", "19:52", 2, 6, 0.333, 1, 2, 0.5, 0, 0, 0.0, 0, 1, 1, 8, 0, 0, 3, 3, 5, 19.0], ["0021100060", 1610612739, "CLE", "Cleveland", 202396, "Samardo Samuels", "", "", "16:13", 1, 2, 0.5, 0, 0, 0.0, 1, 1, 1.0, 0, 3, 3, 0, 1, 1, 4, 5, 3, 10.0], ["0021100060", 1610612739, "CLE", "Cleveland", 202684, "Tristan Thompson", "", "", "16:33", 4, 5, 0.8, 0, 0, 0.0, 1, 6, 0.167, 3, 3, 6, 0, 0, 3, 0, 2, 9, -6.0], ["0021100060", 1610612739, "CLE", "Cleveland", 201963, "Christian Eyenga", "", "DNP - Coach's Decision", null, null, null, null, null, null, null, null, null, null, null, null, null, null, null, null, null, null, null, null], ["0021100060", 1610612739, "CLE", "Cleveland", 202376, "Luke Harangody", "", "DNP - Coach's Decision", null, null, null, null, null, null, null, null, null, null, null, null, null, null, null, null, null, null, null, null], ["0021100060", 1610612739, "CLE", "Cleveland", 200797, "Ryan Hollins", "", "DNP - Coach's Decision", null, null, null, null, null, null, null, null, null, null, null, null, null, null, null, null, null, null, null, null]], "name": "PlayerStats"}, {"headers": ["GAME_ID", "TEAM_ID", "TEAM_NAME", "TEAM_ABBREVIATION", "TEAM_CITY", "MIN", "FGM", "FGA", "FG_PCT", "FG3M", "FG3A", "FG3_PCT", "FTM", "FTA", "FT_PCT", "OREB", "DREB", "REB", "AST", "STL", "BLK", "TO", "PF", "PTS", "PLUS_MINUS"], "rowSet": [["0021100060", 1610612751, "Nets", "NJN", "New Jersey", "240:00", 27, 71, 0.38, 7, 22, 0.318, 21, 28, 0.75, 8, 24, 32, 16, 11, 6, 21, 16, 82, -16.0], ["0021100060", 1610612739, "Cavaliers", "CLE", "Cleveland", "240:00", 38, 78, 0.487, 16, 26, 0.615, 6, 11, 0.545, 10, 26, 36, 24, 11, 10, 20, 26, 98, 16.0]], "name": "TeamStats"}, {"headers": ["LEAGUE_ID", "SEASON_ID", "TEAM_ID", "TEAM_ABBREVIATION", "TEAM_CITY", "PTS_PAINT", "PTS_2ND_CHANCE", "PTS_FB", "LARGEST_LEAD", "LEAD_CHANGES", "TIMES_TIED"], "rowSet": [["00", "22011", 1610612751, "NJN", "New Jersey", 26, 8, 5, 18, 11, 9], ["00", "22011", 1610612739, "CLE", "Cleveland", 36, 15, 11, 15, 11, 9]], "name": "OtherStats"}, {"headers": ["OFFICIAL_ID", "FIRST_NAME", "LAST_NAME", "JERSEY_NUM"], "rowSet": [[1168, "David", "Jones", "36"], [1204, "Derek", "Richardson", "63"], [200834, "Mark", "Lindsay", "29"]], "name": "Officials"}, {"headers": ["GAME_DATE", "ATTENDANCE", "GAME_TIME"], "rowSet": [["SUNDAY, JANUARY 1, 2012", 15084, "2:09"]], "name": "GameInfo"}, {"headers": ["PLAYER_ID", "FIRST_NAME", "LAST_NAME", "JERSEY_NUM", "TEAM_ID", "TEAM_CITY", "TEAM_NAME", "TEAM_ABBREVIATION"], "rowSet": [[201623, "Semih", "Erden", " 9", 1610612739, "Cleveland", "Cavaliers", "CLE"], [202814, "Mychel", "Thompson", "21", 1610612739, "Cleveland", "Cavaliers", "CLE"], [201572, "Brook", "Lopez", "11", 1610612751, "New Jersey", "Nets", "NJN"], [202716, "Jordan", "Williams", "20", 1610612751, "New Jersey", "Nets", "NJN"]], "name": "InactivePlayers"}, {"headers": ["VIDEO_AVAILABLE_FLAG"], "rowSet": [[0]], "name": "AvailableVideo"}], "parameters": {"GameID": "0021100060", "RangeType": 0, "StartPeriod": 0, "StartRange": 0, "EndPeriod": 0, "EndRange": 0}}