{"resource": "boxscore", "resultSets": [{"headers": ["GAME_DATE_EST", "GAME_SEQUENCE", "GAME_ID", "GAME_STATUS_ID", "GAME_STATUS_TEXT", "GAMECODE", "HOME_TEAM_ID", "VISITOR_TEAM_ID", "SEASON", "LIVE_PERIOD", "LIVE_PC_TIME", "NATL_TV_BROADCASTER_ABBREVIATION", "LIVE_PERIOD_TIME_BCAST", "WH_STATUS"], "rowSet": [["2011-12-29T00:00:00", 2, "0021100034", 3, "Final", "20111229/SASHOU", 1610612745, 1610612759, "2011", 4, "", null, "Q4  - ", 1]], "name": "GameSummary"}, {"headers": ["GAME_DATE_EST", "GAME_SEQUENCE", "GAME_ID", "TEAM_ID", "TEAM_ABBREVIATION", "TEAM_CITY_NAME", "TEAM_WINS_LOSSES", "PTS_QTR1", "PTS_QTR2", "PTS_QTR3", "PTS_QTR4", "PTS_OT1", "PTS_OT2", "PTS_OT3", "PTS_OT4", "PTS_OT5", "PTS_OT6", "PTS_OT7", "PTS_OT8", "PTS_OT9", "PTS_OT10", "PTS"], "rowSet": [["2011-12-29T00:00:00", 2, "0021100034", 1610612745, "HOU", "Houston", "1-1", 23, 30, 25, 27, 0, 0, 0, 0, 0, 0, 0, 0, 0, 0, 105], ["2011-12-29T00:00:00", 2, "0021100034", 1610612759, "SAS", "San Antonio", "2-1", 18, 17, 24, 26, 0, 0, 0, 0, 0, 0, 0, 0, 0, 0, 85]], "name": "LineScore"}, {"headers": ["GAME_ID", "HOME_TEAM_ID", "VISITOR_TEAM_ID", "GAME_DATE_EST", "HOME_TEAM_WINS", "HOME_TEAM_LOSSES", "SERIES_LEADER"], "rowSet": [["0021100034", 1610612745, 1610612759, "2011-12-29T00:00:00", 2, 2, "Tied"]], "name": "SeasonSeries"}, {"headers": ["GAME_ID", "LAST_GAME_ID", "LAST_GAME_DATE_EST", "LAST_GAME_HOME_TEAM_ID", "LAST_GAME_HOME_TEAM_CITY", "LAST_GAME_HOME_TEAM_NAME", "LAST_GAME_HOME_TEAM_ABBREVIATION", "LAST_GAME_HOME_TEAM_POINTS", "LAST_GAME_VISITOR_TEAM_ID", "LAST_GAME_VISITOR_TEAM_CITY", "LAST_GAME_VISITOR_TEAM_NAME", "LAST_GAME_VISITOR_TEAM_CITY1", "LAST_GAME_VISITOR_TEAM_POINTS"], "rowSet": [["0021100034", "0011100027", "2011-12-21T00:00:00", 1610612745, "Houston", "Rockets", "HOU", 95, 1610612759, "San Antonio", "Spurs", "SAS", 97]], "name": "LastMeeting"}, {"headers": ["GAME_ID", "TEAM_ID", "TEAM_ABBREVIATION", "TEAM_CITY", "PLAYER_ID", "PLAYER_NAME", "START_POSITION", "COMMENT", "MIN", "FGM", "FGA", "FG_PCT", "FG3M", "FG3A", "FG3_PCT", "FTM", "FTA", "FT_PCT", "OREB", "DREB", "REB", "AST", "STL", "BLK", "TO", "PF", "PTS", "PLUS_MINUS"], "rowSet": [["0021100034", 1610612759, "SAS", "San Antonio", 2210, "Richard Jefferson", "F", "", "27:41", 2, 10, 0.2, 1, 5, 0.2, 0, 1, 0.0, 0, 4, 4, 0, 0, 2, 1, 2, 5, -18.0], ["0021100034", 1610612759, "SAS", "San Antonio", 1495, "Tim Duncan", "F", "", "15:37", 1, 8, 0.125, 0, 0, 0.0, 2, 2, 1.0, 1, 0, 1, 1, 0, 1, 0, 0, 4, -28.0], ["0021100034", 1610612759, "SAS", "San Antonio", 201971, "DeJuan Blair", "C", "", "28:56", 8, 17, 0.471, 0, 0, 0.0, 6, 8, 0.75, 8, 4, 12, 1, 0, 0, 0, 2, 22, -29.0], ["0021100034", 1610612759, "SAS", "San Antonio", 1938, "Manu Ginobili", "G", "", "19:57", 4, 8, 0.5, 0, 2, 0.0, 0, 0, 0.0, 1, 4, 5, 1, 1, 1, 3, 2, 8, -21.0], ["0021100034", 1610612759, "SAS", "San Antonio", 2225, "Tony Parker", "G", "", "27:05", 6, 15, 0.4, 0, 1, 0.0, 0, 1, 0.0, 0, 1, 1, 2, 0, 0, 1, 0, 12, -19.0], ["0021100034", 1610612759, "SAS", "San Antonio", 202695, "Kawhi Leonard", "", "", "24:39", 3, 7, 0.429, 0, 3, 0.0, 2, 4, 0.5, 2, 2, 4, 0, 1, 0, 0, 0, 8, 1.0], ["0021100034", 1610612759, "SAS", "San Antonio", 202341, "James Anderson", "", "", "21:38", 1, 3, 0.333, 0, 1, 0.0, 1, 2, 0.5, 2, 1, 3, 1, 1, 0, 2, 0, 3, 1.0], ["0021100034", 1610612759, "SAS", "San Antonio", 201168, "Tiago Splitter", "", "", "24:43", 4, 8, 0.5, 0, 0, 0.0, 2, 2, 1.0, 4, 7, 11, 3, 0, 1, 3, 1, 10, 12.0], ["0021100034", 1610612759, "SAS", "San Antonio", 2588, "Matt Bonner", "", "", "16:21", 1, 5, 0.2, 1, 3, 0.333, 0, 0, 0.0, 0, 0, 0, 1, 0, 1, 1, 1, 3, 8.0], ["0021100034", 1610612759, "SAS", "San Antonio", 2551, "T.J. Ford", "", "", "7:08", 1, 1, 1.0, 0, 0, 0.0, 0, 0, 0.0, 0, 0, 0, 0, 0, 0, 1, 2, 2, 2.0], ["0021100034", 1610612759, "SAS", "San Antonio", 201980, "Danny Green", "", "", "12:28", 3, 7, 0.429, 0, 2, 0.0, 0, 0, 0.0, 3, 1, 4, 0, 1, 0, 0, 0, 6, -6.0], ["0021100034", 1610612759, "SAS", "San Antonio", 202709, "Cory Joseph", "", "", "13:47", 1, 4, 0.25, 0, 0, 0.0, 0, 0, 0.0, 1, 0, 1, 2, 0, 1, 0, 0, 2, -3.0], ["0021100034", 1610612745, "HOU", "Houston", 201978, "Chase Budinger", "F", "", "18:01", 1, 3, 0.333, 0, 2, 0.0, 0, 0, 0.0, 0, 2, 2, 0, 0, 0, 0, 0, 2, 17.0], ["0021100034", 1610612745, "HOU", "Houston", 2449, "Luis Scola", "F", "", "29:25", 9, 12, 0.75, 0, 0, 0.0, 0, 0, 0.0, 3, 2, 5, 3, 1, 1, 2, 2, 18, 28.0], ["0021100034", 1610612745, "HOU", "Houston", 201941, "Jordan Hill", "C", "", "20:32", 2, 4, 0.5, 0, 0, 0.0, 2, 3, 0.667, 2, 5, 7, 0, 0, 0, 1, 5, 6, -1.0], ["0021100034", 1610612745, "HOU", "Houston", 2755, "Kevin Martin", "G", "", "23:40", 10, 17, 0.588, 4, 8, 0.5, 1, 2, 0.5, 0, 1, 1, 3, 0, 1, 1, 1, 25, 19.0], ["0021100034", 1610612745, "HOU", "Houston", 200768, "Kyle Lowry", "G", "", "27:18", 5, 10, 0.5, 2, 4, 0.5, 4, 4, 1.0, 0, 9, 9, 8, 3, 0, 1, 1, 16, 26.0], ["0021100034", 1610612745, "HOU", "Houston", 2223, "Samuel Dalembert", "", "", "20:17", 1, 3, 0.333, 0, 0, 0.0, 2, 2, 1.0, 4, 3, 7, 0, 1, 4, 0, 3, 4, 13.0], ["0021100034", 1610612745, "HOU", "Houston", 201609, "Goran Dragic", "", "", "20:42", 3, 10, 0.3, 0, 3, 0.0, 0, 0, 0.0, 0, 1, 1, 3, 1, 1, 0, 2, 6, -6.0], ["0021100034", 1610612745, "HOU", "Houston", 201584, "Courtney Lee", "", "", "21:53", 4, 10, 0.4, 1, 5, 0.2, 0, 0, 0.0, 0, 3, 3, 1, 1, 1, 1, 0, 9, 6.0], ["0021100034", 1610612745, "HOU", "Houston", 201944, "Terrence Williams", "", "", "22:07", 2, 4, 0.5, 2, 2, 1.0, 0, 0, 0.0, 0, 3, 3, 1, 0, 0, 2, 3, 6, 4.0], ["0021100034", 1610612745, "HOU", "Houston", 202718, "Chandler Parsons", "", "", "16:34", 2, 5, 0.4, 0, 2, 0.0, 1, 2, 0.5, 2, 3, 5, 0, 0, 0, 1, 0, 5, 3.0], ["0021100034", 1610612745, "HOU", "Houston", 201938, "Jonny Flynn", "", "", "8:06", 0, 0, 0.0, 0, 0, 0.0, 0, 0, 0.0, 0, 0, 0, 2, 0, 0, 2, 0, 0, -3.0], ["0021100034", 1610612745, "HOU", "Houston", 202694, "Marcus Morris", "", "", "7:06", 1, 4, 0.25, 0, 0, 0.0, 0, 0, 0.0, 1, 0, 1, 0, 0, 0, 0, 0, 2, -3.0], ["0021100034", 1610612745, "HOU", "Houston", 201934, "Hasheem Thabeet", "", "", "4:20", 3, 3, 1.0, 0, 0, 0.0, 0, 0, 0.0, 1, 1, 2, 0, 0, 0, 0, 0, 6, -3.0]], "name": "PlayerStats"}, {"headers": ["GAME_ID", "TEAM_ID", "TEAM_NAME", "TEAM_ABBREVIATION", "TEAM_CITY", "MIN", "FGM", "FGA", "FG_PCT", "FG3M", "FG3A", "FG3_PCT", "FTM", "FTA", "FT_PCT", "OREB", "DREB", "REB", "AST", "STL", "BLK", "TO", "PF", "PTS", "PLUS_MINUS"], "rowSet": [["0021100034", 1610612759, "Spurs", "SAS", "San Antonio", "240:00", 35, 93, 0.376, 2, 17, 0.118, 13, 20, 0.65, 22, 24, 46, 12, 4, 7, 12, 10, 85, -20.0], ["0021100034", 1610612745, "Rockets", "HOU", "Houston", "240:00", 43, 85, 0.506, 9, 26, 0.346, 10, 13, 0.769, 13, 33, 46, 21, 7, 8, 11, 17, 105, 20.0]], "name": "TeamStats"}, {"headers": ["LEAGUE_ID", "SEASON_ID", "TEAM_ID", "TEAM_ABBREVIATION", "TEAM_CITY", "PTS_PAINT", "PTS_2ND_CHANCE", "PTS_FB", "LARGEST_LEAD", "LEAD_CHANGES", "TIMES_TIED"], "rowSet": [["00", "22011", 1610612759, "SAS", "San Antonio", 56, 21, 10, 25, 0, 1], ["00", "22011", 1610612745, "HOU", "Houston", 40, 19, 14, 23, 0, 1]], "name": "OtherStats"}, {"headers": ["OFFICIAL_ID", "FIRST_NAME", "LAST_NAME", "JERSEY_NUM"], "rowSet": [[1159, "Kevin", "Fehr", "7"], [1164, "Ron", "Garretson", "10"], [2148, "Mark", "Ayotte", "56"]], "name": "Officials"}, {"headers": ["GAME_DATE", "ATTENDANCE", "GAME_TIME"], "rowSet": [["THURSDAY, DECEMBER 29, 2011", 18267, "1:57"]], "name": "GameInfo"}, {"headers": ["PLAYER_ID", "FIRST_NAME", "LAST_NAME", "JERSEY_NUM", "TEAM_ID", "TEAM_CITY", "TEAM_NAME", "TEAM_ABBREVIATION"], "rowSet": [[202335, "Patrick", "Patterson", "54", 1610612745, "Houston", "Rockets", "HOU"], [202399, "Jeff", "Adrien", " 8", 1610612745, "Houston", "Rockets", "HOU"], [202390, "Gary", "Neal", "14", 1610612759, "San Antonio", "Spurs", "SAS"]], "name": "InactivePlayers"}, {"headers": ["VIDEO_AVAILABLE_FLAG"], "rowSet": [[0]], "name": "AvailableVideo"}], "parameters": {"GameID": "0021100034", "RangeType": 0, "StartPeriod": 0, "StartRange": 0, "EndPeriod": 0, "EndRange": 0}}