{"resource": "boxscore", "resultSets": [{"headers": ["GAME_DATE_EST", "GAME_SEQUENCE", "GAME_ID", "GAME_STATUS_ID", "GAME_STATUS_TEXT", "GAMECODE", "HOME_TEAM_ID", "VISITOR_TEAM_ID", "SEASON", "LIVE_PERIOD", "LIVE_PC_TIME", "NATL_TV_BROADCASTER_ABBREVIATION", "LIVE_PERIOD_TIME_BCAST", "WH_STATUS"], "rowSet": [["2011-12-31T00:00:00", 4, "0021100053", 3, "Final", "20111231/PHXOKC", 1610612760, 1610612756, "2011", 4, "", null, "Q4  - ", 1]], "name": "GameSummary"}, {"headers": ["GAME_DATE_EST", "GAME_SEQUENCE", "GAME_ID", "TEAM_ID", "TEAM_ABBREVIATION", "TEAM_CITY_NAME", "TEAM_WINS_LOSSES", "PTS_QTR1", "PTS_QTR2", "PTS_QTR3", "PTS_QTR4", "PTS_OT1", "PTS_OT2", "PTS_OT3", "PTS_OT4", "PTS_OT5", "PTS_OT6", "PTS_OT7", "PTS_OT8", "PTS_OT9", "PTS_OT10", "PTS"], "rowSet": [["2011-12-31T00:00:00", 4, "0021100053", 1610612756, "PHX", "Phoenix", "1-3", 22, 24, 21, 30, 0, 0, 0, 0, 0, 0, 0, 0, 0, 0, 97], ["2011-12-31T00:00:00", 4, "0021100053", 1610612760, "OKC", "Oklahoma City", "5-0", 27, 33, 29, 18, 0, 0, 0, 0, 0, 0, 0, 0, 0, 0, 107]], "name": "LineScore"}, {"headers": ["GAME_ID", "HOME_TEAM_ID", "VISITOR_TEAM_ID", "GAME_DATE_EST", "HOME_TEAM_WINS", "HOME_TEAM_LOSSES", "SERIES_LEADER"], "rowSet": [["0021100053", 1610612760, 1610612756, "2011-12-31T00:00:00", 3, 0, "Oklahoma City"]], "name": "SeasonSeries"}, {"headers": ["GAME_ID", "LAST_GAME_ID", "LAST_GAME_DATE_EST", "LAST_GAME_HOME_TEAM_ID", "LAST_GAME_HOME_TEAM_CITY", "LAST_GAME_HOME_TEAM_NAME", "LAST_GAME_HOME_TEAM_ABBREVIATION", "LAST_GAME_HOME_TEAM_POINTS", "LAST_GAME_VISITOR_TEAM_ID", "LAST_GAME_VISITOR_TEAM_CITY", "LAST_GAME_VISITOR_TEAM_NAME", "LAST_GAME_VISITOR_TEAM_CITY1", "LAST_GAME_VISITOR_TEAM_POINTS"], "rowSet": [["0021100053", "0021001116", "2011-03-30T00:00:00", 1610612760, "Oklahoma City", "Thunder", "OKC", 116, 1610612756, "Phoenix", "Suns", "PHX", 98]], "name": "LastMeeting"}, {"headers": ["GAME_ID", "TEAM_ID", "TEAM_ABBREVIATION", "TEAM_CITY", "PLAYER_ID", "PLAYER_NAME", "START_POSITION", "COMMENT", "MIN", "FGM", "FGA", "FG_PCT", "FG3M", "FG3A", "FG3_PCT", "FTM", "FTA", "FT_PCT", "OREB", "DREB", "REB", "AST", "STL", "BLK", "TO", "PF", "PTS", "PLUS_MINUS"], "rowSet": [["0021100053", 1610612756, "PHX", "Phoenix", 255, "Grant Hill", "F", "", "19:35", 2, 8, 0.25, 0, 2, 0.0, 2, 2, 1.0, 0, 1, 1, 0, 0, 1, 0, 3, 6, -14.0], ["0021100053", 1610612756, "PHX", "Phoenix", 101112, "Channing Frye", "F", "", "18:36", 1, 6, 0.167, 0, 4, 0.0, 0, 0, 0.0, 2, 2, 4, 3, 0, 0, 0, 1, 2, -12.0], ["0021100053", 1610612756, "PHX", "Phoenix", 101162, "Marcin Gortat", "C", "", "26:58", 5, 9, 0.556, 0, 0, 0.0, 2, 2, 1.0, 2, 4, 6, 0, 4, 2, 4, 2, 12, -15.0], ["0021100053", 1610612756, "PHX", "Phoenix", 201162, "Jared Dudley", "G", "", "26:28", 5, 10, 0.5, 1, 3, 0.333, 3, 3, 1.0, 2, 3, 5, 2, 2, 1, 1, 0, 14, -11.0], ["0021100053", 1610612756, "PHX", "Phoenix", 959, "Steve Nash", "G", "", "22:15", 3, 10, 0.3, 2, 7, 0.286, 0, 0, 0.0, 1, 3, 4, 6, 0, 0, 3, 0, 8, -10.0], ["0021100053", 1610612756, "PHX", "Phoenix", 2735, "Josh Childress", "", "", "16:08", 0, 4, 0.0, 0, 2, 0.0, 0, 0, 0.0, 1, 0, 1, 1, 1, 0, 0, 0, 0, -8.0], ["0021100053", 1610612756, "PHX", "Phoenix", 201577, "Robin Lopez", "", "", "21:02", 1, 4, 0.25, 0, 0, 0.0, 2, 2, 1.0, 3, 2, 5, 0, 0, 1, 0, 3, 4, 5.0], ["0021100053", 1610612756, "PHX", "Phoenix", 101179, "Ronnie Price", "", "", "16:44", 2, 6, 0.333, 0, 1, 0.0, 1, 2, 0.5, 0, 0, 0, 1, 0, 0, 2, 2, 5, -5.0], ["0021100053", 1610612756, "PHX", "Phoenix", 202693, "Markieff Morris", "", "", "15:47", 5, 8, 0.625, 3, 4, 0.75, 2, 3, 0.667, 0, 6, 6, 1, 0, 1, 1, 3, 15, 11.0], ["0021100053", 1610612756, "PHX", "Phoenix", 200769, "Shannon Brown", "", "", "20:44", 4, 8, 0.5, 1, 2, 0.5, 0, 0, 0.0, 0, 2, 2, 0, 1, 1, 1, 0, 9, -4.0], ["0021100053", 1610612756, "PHX", "Phoenix", 101124, "Hakim Warrick", "", "", "23:43", 5, 8, 0.625, 0, 0, 0.0, 5, 7, 0.714, 1, 1, 2, 3, 0, 0, 0, 1, 15, 1.0], ["0021100053", 1610612756, "PHX", "Phoenix", 2742, "Sebastian Telfair", "", "", "12:00", 2, 7, 0.286, 1, 1, 1.0, 2, 2, 1.0, 1, 0, 1, 2, 1, 0, 0, 1, 7, 12.0], ["0021100053", 1610612756, "PHX", "Phoenix", 202081, "Garret Siler", "", "DNP - Coach's Decision", null, null, null, null, null, null, null, null, null, null, null, null, null, null, null, null, null, null, null, null], ["0021100053", 1610612760, "OKC", "Oklahoma City", 201142, "Kevin Durant", "F", "", "26:17", 4, 11, 0.364, 2, 3, 0.667, 2, 2, 1.0, 1, 5, 6, 3, 2, 1, 5, 3, 12, 8.0], ["0021100053", 1610612760, "OKC", "Oklahoma City", 201586, "Serge Ibaka", "F", "", "21:17", 4, 4, 1.0, 0, 0, 0.0, 0, 0, 0.0, 2, 1, 3, 1, 0, 2, 1, 1, 8, 13.0], ["0021100053", 1610612760, "OKC", "Oklahoma City", 2570, "Kendrick Perkins", "C", "", "20:09", 2, 3, 0.667, 0, 0, 0.0, 0, 0, 0.0, 0, 8, 8, 0, 0, 1, 4, 3, 4, 10.0], ["0021100053", 1610612760, "OKC", "Oklahoma City", 200757, "Thabo Sefolosha", "G", "", "21:45", 4, 7, 0.571, 2, 3, 0.667, 2, 2, 1.0, 0, 1, 1, 1, 1, 1, 1, 2, 12, 9.0], ["0021100053", 1610612760, "OKC", "Oklahoma City", 201566, "Russell Westbrook", "G", "", "25:21", 8, 14, 0.571, 0, 1, 0.0, 2, 2, 1.0, 0, 2, 2, 4, 2, 0, 2, 1, 18, 7.0], ["0021100053", 1610612760, "OKC", "Oklahoma City", 2555, "Nick Collison", "", "", "19:42", 5, 7, 0.714, 0, 0, 0.0, 1, 1, 1.0, 1, 3, 4, 0, 0, 1, 0, 1, 11, 13.0], ["0021100053", 1610612760, "OKC", "Oklahoma City", 201935, "James Harden", "", "", "25:43", 1, 6, 0.167, 0, 4, 0.0, 8, 8, 1.0, 0, 7, 7, 8, 2, 0, 2, 3, 10, 3.0], ["0021100053", 1610612760, "OKC", "Oklahoma City", 1737, "Nazr Mohammed", "", "", "24:15", 4, 6, 0.667, 0, 0, 0.0, 1, 3, 0.333, 2, 5, 7, 1, 0, 0, 0, 4, 9, -1.0], ["0021100053", 1610612760, "OKC", "Oklahoma City", 201161, "Daequan Cook", "", "", "9:55", 4, 5, 0.8, 4, 5, 0.8, 0, 0, 0.0, 0, 3, 3, 0, 1, 0, 1, 3, 12, 12.0], ["0021100053", 1610612760, "OKC", "Oklahoma City", 201953, "Eric Maynor", "", "", "22:39", 0, 4, 0.0, 0, 2, 0.0, 0, 0, 0.0, 2, 0, 2, 6, 1, 0, 4, 2, 0, 3.0], ["0021100053", 1610612760, "OKC", "Oklahoma City", 202351, "Lazar Hayward", "", "", "12:00", 3, 5, 0.6, 1, 2, 0.5, 0, 0, 0.0, 0, 0, 0, 0, 0, 0, 1, 2, 7, -12.0], ["0021100053", 1610612760, "OKC", "Oklahoma City", 202332, "Cole Aldrich", "", "", "6:21", 1, 2, 0.5, 0, 0, 0.0, 0, 0, 0.0, 0, 2, 2, 0, 0, 0, 0, 2, 2, -10.0], ["0021100053", 1610612760, "OKC", "Oklahoma City", 202704, "Reggie Jackson", "", "", "4:36", 1, 3, 0.333, 0, 2, 0.0, 0, 0, 0.0, 0, 0, 0, 1, 0, 0, 0, 0, 2, -5.0]], "name": "PlayerStats"}, {"headers": ["GAME_ID", "TEAM_ID", "TEAM_NAME", "TEAM_ABBREVIATION", "TEAM_CITY", "MIN", "FGM", "FGA", "FG_PCT", "FG3M", "FG3A", "FG3_PCT", "FTM", "FTA", "FT_PCT", "OREB", "DREB", "REB", "AST", "STL", "BLK", "TO", "PF", "PTS", "PLUS_MINUS"], "rowSet": [["0021100053", 1610612756, "Suns", "PHX", "Phoenix", "240:00", 35, 88, 0.398, 8, 26, 0.308, 19, 23, 0.826, 13, 24, 37, 19, 9, 7, 12, 16, 97, -10.0], ["0021100053", 1610612760, "Thunder", "OKC", "Oklahoma City", "240:00", 41, 77, 0.532, 9, 22, 0.409, 16, 18, 0.889, 8, 37, 45, 25, 9, 6, 21, 27, 107, 10.0]], "name": "TeamStats"}, {"headers": ["LEAGUE_ID", "SEASON_ID", "TEAM_ID", "TEAM_ABBREVIATION", "TEAM_CITY", "PTS_PAINT", "PTS_2ND_CHANCE", "PTS_FB", "LARGEST_LEAD", "LEAD_CHANGES", "TIMES_TIED"], "rowSet": [["00", "22011", 1610612760, "OKC", "Oklahoma City", 54, 12, 21, 24, 0, 0], ["00", "22011", 1610612756, "PHX", "Phoenix", 42, 15, 5, 24, 0, 0]], "name": "OtherStats"}, {"headers": ["OFFICIAL_ID", "FIRST_NAME", "LAST_NAME", "JERSEY_NUM"], "rowSet": [[2530, "Ed", "Malloy", "14"], [2715, "Eric", "Lewis", "42"], [200832, "Curtis", "Blair", "74"]], "name": "Officials"}, {"headers": ["GAME_DATE", "ATTENDANCE", "GAME_TIME"], "rowSet": [["SATURDAY, DECEMBER 31, 2011", 18203, "2:04"]], "name": "GameInfo"}, {"headers": ["PLAYER_ID", "FIRST_NAME", "LAST_NAME", "JERSEY_NUM", "TEAM_ID", "TEAM_CITY", "TEAM_NAME", "TEAM_ABBREVIATION"], "rowSet": [[2072, "Michael", "Redd", "22", 1610612756, "Phoenix", "Suns", "PHX"], [2767, "Royal", "Ivey", " 7", 1610612760, "Oklahoma City", "Thunder", "OKC"], [202385, "Ryan", "Reid", "33", 1610612760, "Oklahoma City", "Thunder", "OKC"]], "name": "InactivePlayers"}, {"headers": ["VIDEO_AVAILABLE_FLAG"], "rowSet": [[0]], "name": "AvailableVideo"}], "parameters": {"GameID": "0021100053", "RangeType": 0, "StartPeriod": 0, "StartRange": 0, "EndPeriod": 0, "EndRange": 0}}