{"resource": "boxscore", "resultSets": [{"headers": ["GAME_DATE_EST", "GAME_SEQUENCE", "GAME_ID", "GAME_STATUS_ID", "GAME_STATUS_TEXT", "GAMECODE", "HOME_TEAM_ID", "VISITOR_TEAM_ID", "SEASON", "LIVE_PERIOD", "LIVE_PC_TIME", "NATL_TV_BROADCASTER_ABBREVIATION", "LIVE_PERIOD_TIME_BCAST", "WH_STATUS"], "rowSet": [["2010-10-30T00:00:00", 5, "0021000035", 3, "Final", "20101030/DETCHI", 1610612741, 1610612765, "2010", 4, "", null, "Q4  - ", 1]], "name": "GameSummary"}, {"headers": ["GAME_DATE_EST", "GAME_SEQUENCE", "GAME_ID", "TEAM_ID", "TEAM_ABBREVIATION", "TEAM_CITY_NAME", "TEAM_WINS_LOSSES", "PTS_QTR1", "PTS_QTR2", "PTS_QTR3", "PTS_QTR4", "PTS_OT1", "PTS_OT2", "PTS_OT3", "PTS_OT4", "PTS_OT5", "PTS_OT6", "PTS_OT7", "PTS_OT8", "PTS_OT9", "PTS_OT10", "PTS"], "rowSet": [["2010-10-30T00:00:00", 5, "0021000035", 1610612765, "DET", "Detroit", "0-3", 24, 39, 19, 9, 0, 0, 0, 0, 0, 0, 0, 0, 0, 0, 91], ["2010-10-30T00:00:00", 5, "0021000035", 1610612741, "CHI", "Chicago", "1-1", 21, 23, 23, 34, 0, 0, 0, 0, 0, 0, 0, 0, 0, 0, 101]], "name": "LineScore"}, {"headers": ["GAME_ID", "HOME_TEAM_ID", "VISITOR_TEAM_ID", "GAME_DATE_EST", "HOME_TEAM_WINS", "HOME_TEAM_LOSSES", "SERIES_LEADER"], "rowSet": [["0021000035", 1610612741, 1610612765, "2010-10-30T00:00:00", 4, 0, "Chicago"]], "name": "SeasonSeries"}, {"headers": ["GAME_ID", "LAST_GAME_ID", "LAST_GAME_DATE_EST", "LAST_GAME_HOME_TEAM_ID", "LAST_GAME_HOME_TEAM_CITY", "LAST_GAME_HOME_TEAM_NAME", "LAST_GAME_HOME_TEAM_ABBREVIATION", "LAST_GAME_HOME_TEAM_POINTS", "LAST_GAME_VISITOR_TEAM_ID", "LAST_GAME_VISITOR_TEAM_CITY", "LAST_GAME_VISITOR_TEAM_NAME", "LAST_GAME_VISITOR_TEAM_CITY1", "LAST_GAME_VISITOR_TEAM_POINTS"], "rowSet": [["0021000035", "0020901090", "2010-03-28T00:00:00", 1610612741, "Chicago", "Bulls", "CHI", 110, 1610612765, "Detroit", "Pistons", "DET", 103]], "name": "LastMeeting"}, {"headers": ["GAME_ID", "TEAM_ID", "TEAM_ABBREVIATION", "TEAM_CITY", "PLAYER_ID", "PLAYER_NAME", "START_POSITION", "COMMENT", "MIN", "FGM", "FGA", "FG_PCT", "FG3M", "FG3A", "FG3_PCT", "FTM", "FTA", "FT_PCT", "OREB", "DREB", "REB", "AST", "STL", "BLK", "TO", "PF", "PTS", "PLUS_MINUS"], "rowSet": [["0021000035", 1610612765, "DET", "Detroit", 2419, "Tayshaun Prince", "F", "", "41:31", 7, 17, 0.412, 0, 0, 0.0, 1, 2, 0.5, 2, 3, 5, 3, 1, 0, 1, 3, 15, -11.0], ["0021000035", 1610612765, "DET", "Detroit", 201948, "Austin Daye", "F", "", "17:06", 2, 6, 0.333, 1, 2, 0.5, 0, 0, 0.0, 0, 6, 6, 0, 0, 0, 1, 1, 5, -3.0], ["0021000035", 1610612765, "DET", "Detroit", 1112, "Ben Wallace", "C", "", "26:00", 2, 4, 0.5, 0, 0, 0.0, 0, 2, 0.0, 7, 6, 13, 2, 2, 2, 2, 2, 4, -14.0], ["0021000035", 1610612765, "DET", "Detroit", 1888, "Richard Hamilton", "G", "", "22:38", 2, 10, 0.2, 0, 4, 0.0, 1, 2, 0.5, 0, 1, 1, 0, 1, 0, 0, 2, 5, -21.0], ["0021000035", 1610612765, "DET", "Detroit", 201155, "Rodney Stuckey", "G", "", "37:41", 5, 13, 0.385, 0, 2, 0.0, 8, 11, 0.727, 1, 4, 5, 7, 1, 1, 1, 4, 18, -18.0], ["0021000035", 1610612765, "DET", "Detroit", 101131, "Jason Maxiell", "", "", "14:48", 1, 3, 0.333, 0, 0, 0.0, 2, 4, 0.5, 0, 4, 4, 0, 1, 3, 1, 3, 4, -10.0], ["0021000035", 1610612765, "DET", "Detroit", 1503, "Tracy McGrady", "", "", "16:49", 1, 3, 0.333, 0, 0, 0.0, 0, 0, 0.0, 1, 3, 4, 1, 2, 0, 3, 2, 2, 12.0], ["0021000035", 1610612765, "DET", "Detroit", 2732, "Ben Gordon", "", "", "27:39", 5, 10, 0.5, 1, 2, 0.5, 10, 10, 1.0, 0, 1, 1, 1, 0, 0, 5, 3, 21, 5.0], ["0021000035", 1610612765, "DET", "Detroit", 101111, "Charlie Villanueva", "", "", "28:37", 5, 15, 0.333, 3, 8, 0.375, 2, 4, 0.5, 0, 2, 2, 0, 0, 1, 1, 2, 15, -1.0], ["0021000035", 1610612765, "DET", "Detroit", 202328, "Greg Monroe", "", "", "7:11", 1, 1, 1.0, 0, 0, 0.0, 0, 0, 0.0, 1, 2, 3, 0, 0, 0, 1, 3, 2, 11.0], ["0021000035", 1610612765, "DET", "Detroit", 101198, "Will Bynum", "", "DND - Sore Right Hamstring", null, null, null, null, null, null, null, null, null, null, null, null, null, null, null, null, null, null, null, null], ["0021000035", 1610612765, "DET", "Detroit", 201969, "DaJuan Summers", "", "DNP - Coach's Decision", null, null, null, null, null, null, null, null, null, null, null, null, null, null, null, null, null, null, null, null], ["0021000035", 1610612741, "CHI", "Chicago", 2736, "Luol Deng", "F", "", "26:00", 2, 10, 0.2, 0, 1, 0.0, 5, 7, 0.714, 0, 2, 2, 1, 1, 1, 2, 3, 9, -4.0], ["0021000035", 1610612741, "CHI", "Chicago", 201959, "Taj Gibson", "F", "", "18:17", 5, 8, 0.625, 0, 0, 0.0, 1, 2, 0.5, 0, 0, 0, 0, 0, 0, 0, 6, 11, 0.0], ["0021000035", 1610612741, "CHI", "Chicago", 201149, "Joakim Noah", "C", "", "39:30", 6, 12, 0.5, 0, 1, 0.0, 3, 4, 0.75, 8, 9, 17, 1, 1, 3, 3, 1, 15, 12.0], ["0021000035", 1610612741, "CHI", "Chicago", 2586, "Keith Bogans", "G", "", "23:27", 1, 5, 0.2, 0, 4, 0.0, 0, 0, 0.0, 1, 2, 3, 0, 1, 0, 0, 2, 2, -3.0], ["0021000035", 1610612741, "CHI", "Chicago", 201565, "Derrick Rose", "G", "", "38:02", 13, 27, 0.481, 3, 7, 0.429, 10, 13, 0.769, 1, 5, 6, 7, 2, 2, 7, 3, 39, 15.0], ["0021000035", 1610612741, "CHI", "Chicago", 2243, "Brian Scalabrine", "", "", "20:26", 3, 4, 0.75, 0, 0, 0.0, 0, 0, 0.0, 0, 2, 2, 2, 2, 1, 2, 2, 6, 5.0], ["0021000035", 1610612741, "CHI", "Chicago", 200758, "Ronnie Brewer", "", "", "6:19", 1, 3, 0.333, 0, 0, 0.0, 0, 0, 0.0, 0, 1, 1, 1, 0, 0, 0, 2, 2, -13.0], ["0021000035", 1610612741, "CHI", "Chicago", 201228, "CJ Watson", "", "", "9:58", 2, 5, 0.4, 0, 1, 0.0, 0, 0, 0.0, 0, 0, 0, 1, 1, 0, 0, 0, 4, -5.0], ["0021000035", 1610612741, "CHI", "Chicago", 2594, "Kyle Korver", "", "", "21:28", 1, 5, 0.2, 1, 1, 1.0, 0, 1, 0.0, 0, 5, 5, 0, 0, 0, 0, 0, 3, 16.0], ["0021000035", 1610612741, "CHI", "Chicago", 703, "Kurt Thomas", "", "", "2:42", 0, 0, 0.0, 0, 0, 0.0, 0, 0, 0.0, 1, 0, 1, 0, 0, 0, 0, 0, 0, -9.0], ["0021000035", 1610612741, "CHI", "Chicago", 201600, "Omer Asik", "", "", "15:05", 1, 2, 0.5, 0, 0, 0.0, 0, 0, 0.0, 1, 4, 5, 0, 1, 0, 0, 4, 2, 12.0], ["0021000035", 1610612741, "CHI", "Chicago", 201949, "James Johnson", "", "", "18:46", 2, 5, 0.4, 1, 3, 0.333, 3, 4, 0.75, 2, 7, 9, 4, 2, 3, 1, 3, 8, 24.0]], "name": "PlayerStats"}, {"headers": ["GAME_ID", "TEAM_ID", "TEAM_NAME", "TEAM_ABBREVIATION", "TEAM_CITY", "MIN", "FGM", "FGA", "FG_PCT", "FG3M", "FG3A", "FG3_PCT", "FTM", "FTA", "FT_PCT", "OREB", "DREB", "REB", "AST", "STL", "BLK", "TO", "PF", "PTS", "PLUS_MINUS"], "rowSet": [["0021000035", 1610612765, "Pistons", "DET", "Detroit", "240:00", 31, 82, 0.378, 5, 18, 0.278, 24, 35, 0.686, 12, 32, 44, 14, 8, 7, 16, 25, 91, -10.0], ["0021000035", 1610612741, "Bulls", "CHI", "Chicago", "240:00", 37, 86, 0.43, 5, 18, 0.278, 22, 31, 0.71, 14, 37, 51, 17, 11, 10, 15, 26, 101, 10.0]], "name": "TeamStats"}, {"headers": ["LEAGUE_ID", "SEASON_ID", "TEAM_ID", "TEAM_ABBREVIATION", "TEAM_CITY", "PTS_PAINT", "PTS_2ND_CHANCE", "PTS_FB", "LARGEST_LEAD", "LEAD_CHANGES", "TIMES_TIED"], "rowSet": [["00", "22010", 1610612765, "DET", "Detroit", 28, 16, 15, 20, 10, 10], ["00", "22010", 1610612741, "CHI", "Chicago", 42, 16, 26, 21, 10, 10]], "name": "OtherStats"}, {"headers": ["OFFICIAL_ID", "FIRST_NAME", "LAST_NAME", "JERSEY_NUM"], "rowSet": [[1195, "Derrick", "Stafford", "9"], [1159, "Kevin", "Fehr", "7"], [2532, "Eli", "Roe", "44"]], "name": "Officials"}, {"headers": ["GAME_DATE", "ATTENDANCE", "GAME_TIME"], "rowSet": [["SATURDAY, OCTOBER 30, 2010", 21038, "2:30"]], "name": "GameInfo"}, {"headers": ["PLAYER_ID", "FIRST_NAME", "LAST_NAME", "JERSEY_NUM", "TEAM_ID", "TEAM_CITY", "TEAM_NAME", "TEAM_ABBREVIATION"], "rowSet": [[2430, "Carlos", "Boozer", " 5", 1610612741, "Chicago", "Bulls", "CHI"], [2404, "Chris", "Wilcox", " 9", 1610612765, "Detroit", "Pistons", "DET"], [201973, "Jonas", "Jerebko", "33", 1610612765, "Detroit", "Pistons", "DET"], [202358, "Terrico", "White", "23", 1610612765, "Detroit", "Pistons", "DET"]], "name": "InactivePlayers"}, {"headers": ["VIDEO_AVAILABLE_FLAG"], "rowSet": [[0]], "name": "AvailableVideo"}], "parameters": {"GameID": "0021000035", "RangeType": 0, "StartPeriod": 0, "StartRange": 0, "EndPeriod": 0, "EndRange": 0}}