{"resource": "boxscore", "resultSets": [{"headers": ["GAME_DATE_EST", "GAME_SEQUENCE", "GAME_ID", "GAME_STATUS_ID", "GAME_STATUS_TEXT", "GAMECODE", "HOME_TEAM_ID", "VISITOR_TEAM_ID", "SEASON", "LIVE_PERIOD", "LIVE_PC_TIME", "NATL_TV_BROADCASTER_ABBREVIATION", "LIVE_PERIOD_TIME_BCAST", "WH_STATUS"], "rowSet": [["2010-10-30T00:00:00", 6, "0021000036", 3, "Final", "20101030/MINMEM", 1610612763, 1610612750, "2010", 4, "", null, "Q4  - ", 1]], "name": "GameSummary"}, {"headers": ["GAME_DATE_EST", "GAME_SEQUENCE", "GAME_ID", "TEAM_ID", "TEAM_ABBREVIATION", "TEAM_CITY_NAME", "TEAM_WINS_LOSSES", "PTS_QTR1", "PTS_QTR2", "PTS_QTR3", "PTS_QTR4", "PTS_OT1", "PTS_OT2", "PTS_OT3", "PTS_OT4", "PTS_OT5", "PTS_OT6", "PTS_OT7", "PTS_OT8", "PTS_OT9", "PTS_OT10", "PTS"], "rowSet": [["2010-10-30T00:00:00", 6, "0021000036", 1610612750, "MIN", "Minnesota", "1-2", 19, 27, 29, 14, 0, 0, 0, 0, 0, 0, 0, 0, 0, 0, 89], ["2010-10-30T00:00:00", 6, "0021000036", 1610612763, "MEM", "Memphis", "2-1", 34, 25, 28, 22, 0, 0, 0, 0, 0, 0, 0, 0, 0, 0, 109]], "name": "LineScore"}, {"headers": ["GAME_ID", "HOME_TEAM_ID", "VISITOR_TEAM_ID", "GAME_DATE_EST", "HOME_TEAM_WINS", "HOME_TEAM_LOSSES", "SERIES_LEADER"], "rowSet": [["0021000036", 1610612763, 1610612750, "2010-10-30T00:00:00", 4, 0, "Memphis"]], "name": "SeasonSeries"}, {"headers": ["GAME_ID", "LAST_GAME_ID", "LAST_GAME_DATE_EST", "LAST_GAME_HOME_TEAM_ID", "LAST_GAME_HOME_TEAM_CITY", "LAST_GAME_HOME_TEAM_NAME", "LAST_GAME_HOME_TEAM_ABBREVIATION", "LAST_GAME_HOME_TEAM_POINTS", "LAST_GAME_VISITOR_TEAM_ID", "LAST_GAME_VISITOR_TEAM_CITY", "LAST_GAME_VISITOR_TEAM_NAME", "LAST_GAME_VISITOR_TEAM_CITY1", "LAST_GAME_VISITOR_TEAM_POINTS"], "rowSet": [["0021000036", "0020900746", "2010-02-06T00:00:00", 1610612763, "Memphis", "Grizzlies", "MEM", 102, 1610612750, "Minnesota", "Timberwolves", "MIN", 109]], "name": "LastMeeting"}, {"headers": ["GAME_ID", "TEAM_ID", "TEAM_ABBREVIATION", "TEAM_CITY", "PLAYER_ID", "PLAYER_NAME", "START_POSITION", "COMMENT", "MIN", "FGM", "FGA", "FG_PCT", "FG3M", "FG3A", "FG3_PCT", "FTM", "FTA", "FT_PCT", "OREB", "DREB", "REB", "AST", "STL", "BLK", "TO", "PF", "PTS", "PLUS_MINUS"], "rowSet": [["0021000036", 1610612750, "MIN", "Minnesota", 201563, "Michael Beasley", "F", "", "20:44", 2, 6, 0.333, 0, 0, 0.0, 2, 6, 0.333, 1, 4, 5, 1, 0, 1, 6, 3, 6, -22.0], ["0021000036", 1610612750, "MIN", "Minnesota", 201567, "Kevin Love", "F", "", "24:38", 6, 14, 0.429, 0, 2, 0.0, 2, 2, 1.0, 6, 7, 13, 1, 0, 1, 4, 0, 14, -22.0], ["0021000036", 1610612750, "MIN", "Minnesota", 2545, "Darko Milicic", "C", "", "19:29", 2, 6, 0.333, 0, 0, 0.0, 2, 3, 0.667, 0, 3, 3, 0, 1, 1, 5, 2, 6, -20.0], ["0021000036", 1610612750, "MIN", "Minnesota", 201961, "Wayne Ellington", "G", "", "29:03", 5, 13, 0.385, 3, 4, 0.75, 2, 2, 1.0, 1, 1, 2, 1, 2, 0, 0, 3, 15, -24.0], ["0021000036", 1610612750, "MIN", "Minnesota", 2557, "Luke Ridnour", "G", "", "25:07", 3, 10, 0.3, 1, 3, 0.333, 0, 1, 0.0, 0, 4, 4, 3, 1, 0, 3, 2, 7, -20.0], ["0021000036", 1610612750, "MIN", "Minnesota", 201593, "Nikola Pekovic", "", "", "13:44", 3, 5, 0.6, 0, 0, 0.0, 1, 2, 0.5, 3, 2, 5, 1, 0, 0, 3, 4, 7, -5.0], ["0021000036", 1610612750, "MIN", "Minnesota", 202325, "Wesley Johnson", "", "", "24:39", 2, 10, 0.2, 0, 2, 0.0, 2, 3, 0.667, 1, 6, 7, 1, 1, 0, 0, 2, 6, -2.0], ["0021000036", 1610612750, "MIN", "Minnesota", 201147, "Corey Brewer", "", "", "20:07", 3, 8, 0.375, 0, 2, 0.0, 0, 0, 0.0, 0, 2, 2, 2, 2, 0, 2, 2, 6, 4.0], ["0021000036", 1610612750, "MIN", "Minnesota", 201229, "Anthony Tolliver", "", "", "21:42", 1, 4, 0.25, 0, 2, 0.0, 4, 5, 0.8, 3, 5, 8, 1, 0, 0, 0, 2, 6, 8.0], ["0021000036", 1610612750, "MIN", "Minnesota", 2742, "Sebastian Telfair", "", "", "22:53", 3, 9, 0.333, 2, 4, 0.5, 4, 4, 1.0, 1, 2, 3, 2, 1, 0, 4, 0, 12, 0.0], ["0021000036", 1610612750, "MIN", "Minnesota", 202351, "Lazar Hayward", "", "", "11:52", 0, 2, 0.0, 0, 1, 0.0, 2, 4, 0.5, 2, 2, 4, 2, 1, 0, 0, 0, 2, -1.0], ["0021000036", 1610612750, "MIN", "Minnesota", 201585, "Kosta Koufos", "", "", "6:02", 1, 2, 0.5, 0, 0, 0.0, 0, 0, 0.0, 1, 0, 1, 0, 0, 0, 1, 1, 2, 4.0], ["0021000036", 1610612763, "MEM", "Memphis", 200752, "Rudy Gay", "F", "", "43:27", 11, 22, 0.5, 2, 4, 0.5, 1, 1, 1.0, 2, 4, 6, 5, 4, 0, 2, 3, 25, 30.0], ["0021000036", 1610612763, "MEM", "Memphis", 201589, "Darrell Arthur", "F", "", "30:31", 7, 13, 0.538, 0, 0, 0.0, 4, 4, 1.0, 1, 5, 6, 1, 2, 0, 1, 5, 18, 18.0], ["0021000036", 1610612763, "MEM", "Memphis", 201188, "Marc Gasol", "C", "", "31:26", 3, 6, 0.5, 0, 0, 0.0, 5, 7, 0.714, 2, 6, 8, 2, 3, 1, 3, 3, 11, 31.0], ["0021000036", 1610612763, "MEM", "Memphis", 201564, "O.J. Mayo", "G", "", "39:37", 11, 21, 0.524, 5, 9, 0.556, 2, 2, 1.0, 0, 7, 7, 5, 3, 1, 4, 2, 29, 26.0], ["0021000036", 1610612763, "MEM", "Memphis", 201144, "Mike Conley", "G", "", "38:10", 5, 15, 0.333, 1, 5, 0.2, 3, 4, 0.75, 2, 5, 7, 11, 7, 0, 3, 1, 14, 27.0], ["0021000036", 1610612763, "MEM", "Memphis", 201970, "Sam Young", "", "", "12:51", 0, 3, 0.0, 0, 1, 0.0, 0, 0, 0.0, 0, 1, 1, 0, 1, 0, 0, 1, 0, -13.0], ["0021000036", 1610612763, "MEM", "Memphis", 201934, "Hasheem Thabeet", "", "", "7:49", 0, 1, 0.0, 0, 0, 0.0, 0, 0, 0.0, 0, 1, 1, 0, 0, 1, 1, 5, 0, -10.0], ["0021000036", 1610612763, "MEM", "Memphis", 201151, "Acie Law", "", "", "7:07", 0, 1, 0.0, 0, 1, 0.0, 0, 0, 0.0, 0, 1, 1, 1, 0, 0, 0, 1, 0, -4.0], ["0021000036", 1610612763, "MEM", "Memphis", 2754, "Tony Allen", "", "", "21:31", 5, 8, 0.625, 0, 0, 0.0, 0, 0, 0.0, 2, 2, 4, 2, 2, 1, 3, 3, 10, -1.0], ["0021000036", 1610612763, "MEM", "Memphis", 201632, "Hamed Haddadi", "", "", "3:02", 0, 1, 0.0, 0, 0, 0.0, 0, 0, 0.0, 0, 1, 1, 0, 0, 0, 0, 0, 0, 3.0], ["0021000036", 1610612763, "MEM", "Memphis", 202349, "Greivis Vasquez", "", "", "2:43", 0, 1, 0.0, 0, 0, 0.0, 0, 0, 0.0, 0, 0, 0, 0, 0, 0, 0, 1, 0, -3.0], ["0021000036", 1610612763, "MEM", "Memphis", 201960, "DeMarre Carroll", "", "", "1:46", 1, 1, 1.0, 0, 0, 0.0, 0, 0, 0.0, 0, 1, 1, 0, 0, 0, 0, 0, 2, -4.0]], "name": "PlayerStats"}, {"headers": ["GAME_ID", "TEAM_ID", "TEAM_NAME", "TEAM_ABBREVIATION", "TEAM_CITY", "MIN", "FGM", "FGA", "FG_PCT", "FG3M", "FG3A", "FG3_PCT", "FTM", "FTA", "FT_PCT", "OREB", "DREB", "REB", "AST", "STL", "BLK", "TO", "PF", "PTS", "PLUS_MINUS"], "rowSet": [["0021000036", 1610612750, "Timberwolves", "MIN", "Minnesota", "240:00", 31, 89, 0.348, 6, 20, 0.3, 21, 32, 0.656, 19, 38, 57, 15, 9, 3, 28, 21, 89, -20.0], ["0021000036", 1610612763, "Grizzlies", "MEM", "Memphis", "240:00", 43, 93, 0.462, 8, 20, 0.4, 15, 18, 0.833, 9, 34, 43, 27, 22, 4, 17, 25, 109, 20.0]], "name": "TeamStats"}, {"headers": ["LEAGUE_ID", "SEASON_ID", "TEAM_ID", "TEAM_ABBREVIATION", "TEAM_CITY", "PTS_PAINT", "PTS_2ND_CHANCE", "PTS_FB", "LARGEST_LEAD", "LEAD_CHANGES", "TIMES_TIED"], "rowSet": [["00", "22010", 1610612763, "MEM", "Memphis", 58, 12, 33, 25, 0, 2], ["00", "22010", 1610612750, "MIN", "Minnesota", 40, 18, 24, 25, 0, 2]], "name": "OtherStats"}, {"headers": ["OFFICIAL_ID", "FIRST_NAME", "LAST_NAME", "JERSEY_NUM"], "rowSet": [[1168, "David", "Jones", "36"], [1200, "Greg", "Willard", "57"], [202053, "Scott", "Twardoski", "76"]], "name": "Officials"}, {"headers": ["GAME_DATE", "ATTENDANCE", "GAME_TIME"], "rowSet": [["SATURDAY, OCTOBER 30, 2010", 12753, "2:20"]], "name": "GameInfo"}, {"headers": ["PLAYER_ID", "FIRST_NAME", "LAST_NAME", "JERSEY_NUM", "TEAM_ID", "TEAM_CITY", "TEAM_NAME", "TEAM_ABBREVIATION"], "rowSet": [[2216, "Zach", "Randolph", "50", 1610612763, "Memphis", "Grizzlies", "MEM"], [202333, "Xavier", "Henry", "13", 1610612763, "Memphis", "Grizzlies", "MEM"], [101110, "Martell", "Webster", "5", 1610612750, "Minnesota", "Timberwolves", "MIN"], [200772, "Maurice", "Ager", "15", 1610612750, "Minnesota", "Timberwolves", "MIN"], [201938, "Jonny", "Flynn", "10", 1610612750, "Minnesota", "Timberwolves", "MIN"]], "name": "InactivePlayers"}, {"headers": ["VIDEO_AVAILABLE_FLAG"], "rowSet": [[0]], "name": "AvailableVideo"}], "parameters": {"GameID": "0021000036", "RangeType": 0, "StartPeriod": 0, "StartRange": 0, "EndPeriod": 0, "EndRange": 0}}