{"resource": "boxscore", "resultSets": [{"headers": ["GAME_DATE_EST", "GAME_SEQUENCE", "GAME_ID", "GAME_STATUS_ID", "GAME_STATUS_TEXT", "GAMECODE", "HOME_TEAM_ID", "VISITOR_TEAM_ID", "SEASON", "LIVE_PERIOD", "LIVE_PC_TIME", "NATL_TV_BROADCASTER_ABBREVIATION", "LIVE_PERIOD_TIME_BCAST", "WH_STATUS"], "rowSet": [["2010-11-03T00:00:00", 9, "0021000062", 3, "Final", "20101103/SASPHX", 1610612756, 1610612759, "2010", 4, "", null, "Q4  - ", 1]], "name": "GameSummary"}, {"headers": ["GAME_DATE_EST", "GAME_SEQUENCE", "GAME_ID", "TEAM_ID", "TEAM_ABBREVIATION", "TEAM_CITY_NAME", "TEAM_WINS_LOSSES", "PTS_QTR1", "PTS_QTR2", "PTS_QTR3", "PTS_QTR4", "PTS_OT1", "PTS_OT2", "PTS_OT3", "PTS_OT4", "PTS_OT5", "PTS_OT6", "PTS_OT7", "PTS_OT8", "PTS_OT9", "PTS_OT10", "PTS"], "rowSet": [["2010-11-03T00:00:00", 9, "0021000062", 1610612756, "PHX", "Phoenix", "1-3", 22, 28, 29, 31, 0, 0, 0, 0, 0, 0, 0, 0, 0, 0, 110], ["2010-11-03T00:00:00", 9, "0021000062", 1610612759, "SAS", "San Antonio", "3-1", 23, 27, 31, 31, 0, 0, 0, 0, 0, 0, 0, 0, 0, 0, 112]], "name": "LineScore"}, {"headers": ["GAME_ID", "HOME_TEAM_ID", "VISITOR_TEAM_ID", "GAME_DATE_EST", "HOME_TEAM_WINS", "HOME_TEAM_LOSSES", "SERIES_LEADER"], "rowSet": [["0021000062", 1610612756, 1610612759, "2010-11-03T00:00:00", 1, 3, "San Antonio"]], "name": "SeasonSeries"}, {"headers": ["GAME_ID", "LAST_GAME_ID", "LAST_GAME_DATE_EST", "LAST_GAME_HOME_TEAM_ID", "LAST_GAME_HOME_TEAM_CITY", "LAST_GAME_HOME_TEAM_NAME", "LAST_GAME_HOME_TEAM_ABBREVIATION", "LAST_GAME_HOME_TEAM_POINTS", "LAST_GAME_VISITOR_TEAM_ID", "LAST_GAME_VISITOR_TEAM_CITY", "LAST_GAME_VISITOR_TEAM_NAME", "LAST_GAME_VISITOR_TEAM_CITY1", "LAST_GAME_VISITOR_TEAM_POINTS"], "rowSet": [["0021000062", "0040900224", "2010-05-09T00:00:00", 1610612756, "Phoenix", "Suns", "PHX", 107, 1610612759, "San Antonio", "Spurs", "SAS", 101]], "name": "LastMeeting"}, {"headers": ["GAME_ID", "TEAM_ID", "TEAM_ABBREVIATION", "TEAM_CITY", "PLAYER_ID", "PLAYER_NAME", "START_POSITION", "COMMENT", "MIN", "FGM", "FGA", "FG_PCT", "FG3M", "FG3A", "FG3_PCT", "FTM", "FTA", "FT_PCT", "OREB", "DREB", "REB", "AST", "STL", "BLK", "TO", "PF", "PTS", "PLUS_MINUS"], "rowSet": [["0021000062", 1610612759, "SAS", "San Antonio", 2210, "Richard Jefferson", "F", "", "34:07", 9, 13, 0.692, 4, 5, 0.8, 6, 6, 1.0, 1, 3, 4, 1, 1, 0, 4, 0, 28, 8.0], ["0021000062", 1610612759, "SAS", "San Antonio", 1495, "Tim Duncan", "F", "", "33:17", 11, 13, 0.846, 0, 0, 0.0, 3, 3, 1.0, 4, 13, 17, 2, 1, 3, 6, 3, 25, 10.0], ["0021000062", 1610612759, "SAS", "San Antonio", 201971, "DeJuan Blair", "C", "", "19:16", 2, 6, 0.333, 0, 0, 0.0, 0, 0, 0.0, 1, 6, 7, 1, 0, 0, 3, 3, 4, 9.0], ["0021000062", 1610612759, "SAS", "San Antonio", 1938, "Manu Ginobili", "G", "", "32:59", 6, 12, 0.5, 1, 4, 0.25, 5, 8, 0.625, 0, 3, 3, 5, 0, 0, 4, 3, 18, -1.0], ["0021000062", 1610612759, "SAS", "San Antonio", 2225, "Tony Parker", "G", "", "33:55", 4, 11, 0.364, 0, 0, 0.0, 3, 4, 0.75, 1, 2, 3, 6, 1, 0, 3, 5, 11, 10.0], ["0021000062", 1610612759, "SAS", "San Antonio", 686, "Antonio McDyess", "", "", "26:57", 3, 6, 0.5, 0, 0, 0.0, 3, 4, 0.75, 1, 6, 7, 3, 0, 0, 1, 1, 9, -8.0], ["0021000062", 1610612759, "SAS", "San Antonio", 202390, "Gary Neal", "", "", "7:10", 1, 3, 0.333, 0, 2, 0.0, 0, 0, 0.0, 0, 0, 0, 0, 1, 0, 0, 0, 2, 2.0], ["0021000062", 1610612759, "SAS", "San Antonio", 201168, "Tiago Splitter", "", "", "15:12", 3, 6, 0.5, 0, 0, 0.0, 1, 3, 0.333, 3, 0, 3, 0, 0, 0, 0, 3, 7, 0.0], ["0021000062", 1610612759, "SAS", "San Antonio", 202341, "James Anderson", "", "", "23:03", 2, 5, 0.4, 1, 3, 0.333, 1, 2, 0.5, 0, 0, 0, 3, 1, 1, 1, 3, 6, -8.0], ["0021000062", 1610612759, "SAS", "San Antonio", 202066, "Garrett Temple", "", "", "13:59", 1, 2, 0.5, 0, 0, 0.0, 0, 2, 0.0, 0, 1, 1, 1, 1, 0, 1, 1, 2, -12.0], ["0021000062", 1610612759, "SAS", "San Antonio", 202087, "Alonzo Gee", "", "", "0:04", 0, 0, 0.0, 0, 0, 0.0, 0, 0, 0.0, 0, 0, 0, 0, 0, 0, 0, 0, 0, 0.0], ["0021000062", 1610612759, "SAS", "San Antonio", 2250, "Bobby Simmons", "", "DNP - Coach's Decision", null, null, null, null, null, null, null, null, null, null, null, null, null, null, null, null, null, null, null, null], ["0021000062", 1610612756, "PHX", "Phoenix", 255, "Grant Hill", "F", "", "33:26", 5, 11, 0.455, 1, 1, 1.0, 4, 4, 1.0, 4, 4, 8, 1, 3, 2, 0, 1, 15, 5.0], ["0021000062", 1610612756, "PHX", "Phoenix", 2045, "Hedo Turkoglu", "F", "", "16:40", 2, 7, 0.286, 0, 3, 0.0, 2, 2, 1.0, 1, 1, 2, 0, 2, 0, 0, 1, 6, -5.0], ["0021000062", 1610612756, "PHX", "Phoenix", 201577, "Robin Lopez", "C", "", "12:28", 1, 6, 0.167, 0, 0, 0.0, 2, 2, 1.0, 3, 0, 3, 0, 0, 1, 0, 3, 4, -14.0], ["0021000062", 1610612756, "PHX", "Phoenix", 2202, "Jason Richardson", "G", "", "35:30", 8, 18, 0.444, 3, 7, 0.429, 2, 2, 1.0, 1, 2, 3, 2, 2, 0, 1, 3, 21, 2.0], ["0021000062", 1610612756, "PHX", "Phoenix", 959, "Steve Nash", "G", "", "32:11", 8, 22, 0.364, 1, 2, 0.5, 2, 2, 1.0, 2, 4, 6, 7, 0, 0, 4, 0, 19, 3.0], ["0021000062", 1610612756, "PHX", "Phoenix", 101112, "Channing Frye", "", "", "23:11", 1, 4, 0.25, 1, 3, 0.333, 0, 0, 0.0, 1, 6, 7, 0, 2, 1, 1, 4, 3, 9.0], ["0021000062", 1610612756, "PHX", "Phoenix", 101124, "Hakim Warrick", "", "", "31:20", 7, 9, 0.778, 0, 0, 0.0, 5, 6, 0.833, 1, 4, 5, 0, 0, 0, 2, 4, 19, 3.0], ["0021000062", 1610612756, "PHX", "Phoenix", 201162, "Jared Dudley", "", "", "18:27", 3, 3, 1.0, 2, 2, 1.0, 0, 0, 0.0, 0, 1, 1, 1, 0, 0, 1, 3, 8, -4.0], ["0021000062", 1610612756, "PHX", "Phoenix", 2735, "Josh Childress", "", "", "13:39", 3, 4, 0.75, 0, 0, 0.0, 0, 0, 0.0, 1, 1, 2, 1, 0, 1, 0, 1, 6, -5.0], ["0021000062", 1610612756, "PHX", "Phoenix", 201609, "Goran Dragic", "", "", "15:49", 3, 8, 0.375, 0, 3, 0.0, 2, 3, 0.667, 1, 1, 2, 8, 0, 0, 2, 3, 8, -5.0], ["0021000062", 1610612756, "PHX", "Phoenix", 202081, "Garret Siler", "", "", "6:53", 0, 0, 0.0, 0, 0, 0.0, 1, 2, 0.5, 1, 0, 1, 0, 0, 2, 2, 2, 1, 1.0], ["0021000062", 1610612756, "PHX", "Phoenix", 201947, "Earl Clark", "", "", "0:27", 0, 0, 0.0, 0, 0, 0.0, 0, 0, 0.0, 0, 0, 0, 0, 0, 0, 0, 0, 0, 0.0]], "name": "PlayerStats"}, {"headers": ["GAME_ID", "TEAM_ID", "TEAM_NAME", "TEAM_ABBREVIATION", "TEAM_CITY", "MIN", "FGM", "FGA", "FG_PCT", "FG3M", "FG3A", "FG3_PCT", "FTM", "FTA", "FT_PCT", "OREB", "DREB", "REB", "AST", "STL", "BLK", "TO", "PF", "PTS", "PLUS_MINUS"], "rowSet": [["0021000062", 1610612759, "Spurs", "SAS", "San Antonio", "240:00", 42, 77, 0.545, 6, 14, 0.429, 22, 32, 0.688, 11, 34, 45, 22, 6, 4, 23, 22, 112, 2.0], ["0021000062", 1610612756, "Suns", "PHX", "Phoenix", "240:00", 41, 92, 0.446, 8, 21, 0.381, 20, 23, 0.87, 16, 24, 40, 20, 9, 7, 13, 25, 110, -2.0]], "name": "TeamStats"}, {"headers": ["LEAGUE_ID", "SEASON_ID", "TEAM_ID", "TEAM_ABBREVIATION", "TEAM_CITY", "PTS_PAINT", "PTS_2ND_CHANCE", "PTS_FB", "LARGEST_LEAD", "LEAD_CHANGES", "TIMES_TIED"], "rowSet": [["00", "22010", 1610612756, "PHX", "Phoenix", 54, 21, 19, 11, 23, 15], ["00", "22010", 1610612759, "SAS", "San Antonio", 56, 13, 24, 9, 23, 15]], "name": "OtherStats"}, {"headers": ["OFFICIAL_ID", "FIRST_NAME", "LAST_NAME", "JERSEY_NUM"], "rowSet": [[1201, "Leon", "Wood", "40"], [1164, "Ron", "Garretson", "10"], [201245, "Marat", "Kogut", "68"]], "name": "Officials"}, {"headers": ["GAME_DATE", "ATTENDANCE", "GAME_TIME"], "rowSet": [["WEDNESDAY, NOVEMBER 3, 2010", 17060, "2:20"]], "name": "GameInfo"}, {"headers": ["PLAYER_ID", "FIRST_NAME", "LAST_NAME", "JERSEY_NUM", "TEAM_ID", "TEAM_CITY", "TEAM_NAME", "TEAM_ABBREVIATION"], "rowSet": [[2588, "Matt", "Bonner", "15", 1610612759, "San Antonio", "Spurs", "SAS"], [201588, "George", "Hill", " 3", 1610612759, "San Antonio", "Spurs", "SAS"], [202394, "Matt", "Janning", "22", 1610612756, "Phoenix", "Suns", "PHX"], [202371, "Gani", "Lawal", "31", 1610612756, "Phoenix", "Suns", "PHX"]], "name": "InactivePlayers"}, {"headers": ["VIDEO_AVAILABLE_FLAG"], "rowSet": [[0]], "name": "AvailableVideo"}], "parameters": {"GameID": "0021000062", "RangeType": 0, "StartPeriod": 0, "StartRange": 0, "EndPeriod": 0, "EndRange": 0}}