{"resource": "boxscore", "resultSets": [{"headers": ["GAME_DATE_EST", "GAME_SEQUENCE", "GAME_ID", "GAME_STATUS_ID", "GAME_STATUS_TEXT", "GAMECODE", "HOME_TEAM_ID", "VISITOR_TEAM_ID", "SEASON", "LIVE_PERIOD", "LIVE_PC_TIME", "NATL_TV_BROADCASTER_ABBREVIATION", "LIVE_PERIOD_TIME_BCAST", "WH_STATUS"], "rowSet": [["2010-11-03T00:00:00", 6, "0021000059", 3, "Final", "20101103/NOHHOU", 1610612745, 1610612740, "2010", 4, "", null, "Q4  - ", 1]], "name": "GameSummary"}, {"headers": ["GAME_DATE_EST", "GAME_SEQUENCE", "GAME_ID", "TEAM_ID", "TEAM_ABBREVIATION", "TEAM_CITY_NAME", "TEAM_WINS_LOSSES", "PTS_QTR1", "PTS_QTR2", "PTS_QTR3", "PTS_QTR4", "PTS_OT1", "PTS_OT2", "PTS_OT3", "PTS_OT4", "PTS_OT5", "PTS_OT6", "PTS_OT7", "PTS_OT8", "PTS_OT9", "PTS_OT10", "PTS"], "rowSet": [["2010-11-03T00:00:00", 6, "0021000059", 1610612745, "HOU", "Houston", "0-4", 28, 21, 22, 28, 0, 0, 0, 0, 0, 0, 0, 0, 0, 0, 99], ["2010-11-03T00:00:00", 6, "0021000059", 1610612740, "NOH", "New Orleans", "4-0", 28, 15, 30, 34, 0, 0, 0, 0, 0, 0, 0, 0, 0, 0, 107]], "name": "LineScore"}, {"headers": ["GAME_ID", "HOME_TEAM_ID", "VISITOR_TEAM_ID", "GAME_DATE_EST", "HOME_TEAM_WINS", "HOME_TEAM_LOSSES", "SERIES_LEADER"], "rowSet": [["0021000059", 1610612745, 1610612740, "2010-11-03T00:00:00", 1, 3, "New Orleans"]], "name": "SeasonSeries"}, {"headers": ["GAME_ID", "LAST_GAME_ID", "LAST_GAME_DATE_EST", "LAST_GAME_HOME_TEAM_ID", "LAST_GAME_HOME_TEAM_CITY", "LAST_GAME_HOME_TEAM_NAME", "LAST_GAME_HOME_TEAM_ABBREVIATION", "LAST_GAME_HOME_TEAM_POINTS", "LAST_GAME_VISITOR_TEAM_ID", "LAST_GAME_VISITOR_TEAM_CITY", "LAST_GAME_VISITOR_TEAM_NAME", "LAST_GAME_VISITOR_TEAM_CITY1", "LAST_GAME_VISITOR_TEAM_POINTS"], "rowSet": [["0021000059", "0020901221", "2010-04-14T00:00:00", 1610612745, "Houston", "Rockets", "HOU", 115, 1610612740, "New Orleans", "Hornets", "NOH", 123]], "name": "LastMeeting"}, {"headers": ["GAME_ID", "TEAM_ID", "TEAM_ABBREVIATION", "TEAM_CITY", "PLAYER_ID", "PLAYER_NAME", "START_POSITION", "COMMENT", "MIN", "FGM", "FGA", "FG_PCT", "FG3M", "FG3A", "FG3_PCT", "FTM", "FTA", "FT_PCT", "OREB", "DREB", "REB", "AST", "STL", "BLK", "TO", "PF", "PTS", "PLUS_MINUS"], "rowSet": [["0021000059", 1610612740, "NOH", "New Orleans", 2772, "Trevor Ariza", "F", "", "26:00", 1, 3, 0.333, 0, 0, 0.0, 3, 5, 0.6, 0, 4, 4, 4, 3, 0, 0, 4, 5, 3.0], ["0021000059", 1610612740, "NOH", "New Orleans", 2561, "David West", "F", "", "32:01", 5, 14, 0.357, 0, 0, 0.0, 3, 4, 0.75, 4, 5, 9, 1, 0, 2, 4, 2, 13, 4.0], ["0021000059", 1610612740, "NOH", "New Orleans", 2731, "Emeka Okafor", "C", "", "30:20", 4, 6, 0.667, 0, 0, 0.0, 7, 12, 0.583, 2, 7, 9, 0, 1, 5, 1, 4, 15, 8.0], ["0021000059", 1610612740, "NOH", "New Orleans", 201158, "Marco Belinelli", "G", "", "24:53", 7, 12, 0.583, 4, 7, 0.571, 0, 1, 0.0, 0, 1, 1, 1, 0, 0, 0, 3, 18, 13.0], ["0021000059", 1610612740, "NOH", "New Orleans", 101108, "Chris Paul", "G", "", "34:49", 7, 12, 0.583, 1, 1, 1.0, 10, 12, 0.833, 1, 6, 7, 8, 4, 1, 1, 1, 25, 12.0], ["0021000059", 1610612740, "NOH", "New Orleans", 2584, "Willie Green", "", "", "31:20", 3, 10, 0.3, 0, 1, 0.0, 2, 2, 1.0, 0, 0, 0, 0, 1, 1, 0, 2, 8, 3.0], ["0021000059", 1610612740, "NOH", "New Orleans", 201160, "Jason Smith", "", "", "22:01", 5, 8, 0.625, 0, 0, 0.0, 4, 4, 1.0, 3, 6, 9, 1, 0, 0, 0, 2, 14, 3.0], ["0021000059", 1610612740, "NOH", "New Orleans", 2788, "DJ Mbenga", "", "", "11:38", 0, 0, 0.0, 0, 0, 0.0, 1, 2, 0.5, 1, 2, 3, 0, 0, 2, 2, 1, 1, 1.0], ["0021000059", 1610612740, "NOH", "New Orleans", 201977, "Marcus Thornton", "", "", "13:47", 2, 9, 0.222, 0, 1, 0.0, 0, 0, 0.0, 1, 1, 2, 1, 0, 0, 0, 1, 4, -3.0], ["0021000059", 1610612740, "NOH", "New Orleans", 201573, "Jerryd Bayless", "", "", "13:11", 2, 5, 0.4, 0, 3, 0.0, 0, 0, 0.0, 0, 1, 1, 4, 0, 0, 0, 2, 4, -4.0], ["0021000059", 1610612740, "NOH", "New Orleans", 200822, "Pops Mensah-Bonsu", "", "DNP - Coach's Decision", null, null, null, null, null, null, null, null, null, null, null, null, null, null, null, null, null, null, null, null], ["0021000059", 1610612740, "NOH", "New Orleans", 202347, "Quincy Pondexter", "", "DNP - Coach's Decision", null, null, null, null, null, null, null, null, null, null, null, null, null, null, null, null, null, null, null, null], ["0021000059", 1610612745, "HOU", "Houston", 2203, "Shane Battier", "F", "", "22:08", 1, 4, 0.25, 1, 3, 0.333, 0, 0, 0.0, 0, 4, 4, 3, 1, 0, 1, 1, 3, -8.0], ["0021000059", 1610612745, "HOU", "Houston", 2449, "Luis Scola", "F", "", "36:02", 4, 15, 0.267, 0, 0, 0.0, 1, 2, 0.5, 3, 13, 16, 5, 0, 1, 1, 5, 9, -12.0], ["0021000059", 1610612745, "HOU", "Houston", 2397, "Yao Ming", "C", "", "21:28", 5, 11, 0.455, 0, 0, 0.0, 5, 5, 1.0, 1, 4, 5, 1, 0, 2, 0, 4, 15, -2.0], ["0021000059", 1610612745, "HOU", "Houston", 2755, "Kevin Martin", "G", "", "32:28", 5, 12, 0.417, 2, 2, 1.0, 6, 9, 0.667, 0, 3, 3, 1, 0, 0, 4, 3, 18, -13.0], ["0021000059", 1610612745, "HOU", "Houston", 201166, "Aaron Brooks", "G", "", "27:14", 8, 14, 0.571, 2, 6, 0.333, 0, 0, 0.0, 0, 3, 3, 4, 1, 0, 1, 4, 18, -8.0], ["0021000059", 1610612745, "HOU", "Houston", 101236, "Charles Hayes", "", "", "11:58", 2, 3, 0.667, 0, 0, 0.0, 0, 0, 0.0, 1, 1, 2, 0, 0, 0, 0, 1, 4, 4.0], ["0021000059", 1610612745, "HOU", "Houston", 201941, "Jordan Hill", "", "", "26:01", 2, 6, 0.333, 0, 0, 0.0, 0, 0, 0.0, 4, 5, 9, 1, 1, 3, 1, 3, 4, -5.0], ["0021000059", 1610612745, "HOU", "Houston", 201978, "Chase Budinger", "", "", "26:23", 7, 15, 0.467, 1, 6, 0.167, 0, 0, 0.0, 0, 1, 1, 3, 1, 0, 1, 0, 15, -1.0], ["0021000059", 1610612745, "HOU", "Houston", 200768, "Kyle Lowry", "", "", "20:46", 3, 7, 0.429, 2, 5, 0.4, 1, 2, 0.5, 0, 0, 0, 3, 0, 0, 2, 5, 9, 0.0], ["0021000059", 1610612745, "HOU", "Houston", 201584, "Courtney Lee", "", "", "15:32", 2, 6, 0.333, 0, 2, 0.0, 0, 0, 0.0, 2, 0, 2, 1, 0, 0, 1, 0, 4, 5.0], ["0021000059", 1610612745, "HOU", "Houston", 2407, "Jared Jeffries", "", "DNP - Coach's Decision", null, null, null, null, null, null, null, null, null, null, null, null, null, null, null, null, null, null, null, null], ["0021000059", 1610612745, "HOU", "Houston", 1802, "Brad Miller", "", "DNP - Coach's Decision", null, null, null, null, null, null, null, null, null, null, null, null, null, null, null, null, null, null, null, null]], "name": "PlayerStats"}, {"headers": ["GAME_ID", "TEAM_ID", "TEAM_NAME", "TEAM_ABBREVIATION", "TEAM_CITY", "MIN", "FGM", "FGA", "FG_PCT", "FG3M", "FG3A", "FG3_PCT", "FTM", "FTA", "FT_PCT", "OREB", "DREB", "REB", "AST", "STL", "BLK", "TO", "PF", "PTS", "PLUS_MINUS"], "rowSet": [["0021000059", 1610612740, "Hornets", "NOH", "New Orleans", "240:00", 36, 79, 0.456, 5, 13, 0.385, 30, 42, 0.714, 12, 33, 45, 20, 9, 11, 8, 22, 107, 8.0], ["0021000059", 1610612745, "Rockets", "HOU", "Houston", "240:00", 39, 93, 0.419, 8, 24, 0.333, 13, 18, 0.722, 11, 34, 45, 22, 4, 6, 12, 26, 99, -8.0]], "name": "TeamStats"}, {"headers": ["LEAGUE_ID", "SEASON_ID", "TEAM_ID", "TEAM_ABBREVIATION", "TEAM_CITY", "PTS_PAINT", "PTS_2ND_CHANCE", "PTS_FB", "LARGEST_LEAD", "LEAD_CHANGES", "TIMES_TIED"], "rowSet": [["00", "22010", 1610612740, "NOH", "New Orleans", 28, 14, 19, 10, 15, 16], ["00", "22010", 1610612745, "HOU", "Houston", 44, 14, 10, 11, 15, 16]], "name": "OtherStats"}, {"headers": ["OFFICIAL_ID", "FIRST_NAME", "LAST_NAME", "JERSEY_NUM"], "rowSet": [[1168, "David", "Jones", "36"], [1174, "Ken", "Mauer", "41"], [1664, "Gary", "Zielinski", "59"]], "name": "Officials"}, {"headers": ["GAME_DATE", "ATTENDANCE", "GAME_TIME"], "rowSet": [["WEDNESDAY, NOVEMBER 3, 2010", 13484, "2:20"]], "name": "GameInfo"}, {"headers": ["PLAYER_ID", "FIRST_NAME", "LAST_NAME", "JERSEY_NUM", "TEAM_ID", "TEAM_CITY", "TEAM_NAME", "TEAM_ABBREVIATION"], "rowSet": [[978, "Peja", "Stojakovic", "16", 1610612740, "New Orleans", "Hornets", "NOH"], [201189, "Aaron", "Gray", "34", 1610612740, "New Orleans", "Hornets", "NOH"], [201570, "Joe", "Alexander", "11", 1610612740, "New Orleans", "Hornets", "NOH"], [201966, "Jermaine", "Taylor", " 8", 1610612745, "Houston", "Rockets", "HOU"], [202397, "Ish", "Smith", "13", 1610612745, "Houston", "Rockets", "HOU"], [202335, "Patrick", "Patterson", "54", 1610612745, "Houston", "Rockets", "HOU"]], "name": "InactivePlayers"}, {"headers": ["VIDEO_AVAILABLE_FLAG"], "rowSet": [[0]], "name": "AvailableVideo"}], "parameters": {"GameID": "0021000059", "RangeType": 0, "StartPeriod": 0, "StartRange": 0, "EndPeriod": 0, "EndRange": 0}}