{"resource": "boxscore", "resultSets": [{"headers": ["GAME_DATE_EST", "GAME_SEQUENCE", "GAME_ID", "GAME_STATUS_ID", "GAME_STATUS_TEXT", "GAMECODE", "HOME_TEAM_ID", "VISITOR_TEAM_ID", "SEASON", "LIVE_PERIOD", "LIVE_PC_TIME", "NATL_TV_BROADCASTER_ABBREVIATION", "LIVE_PERIOD_TIME_BCAST", "WH_STATUS"], "rowSet": [["2010-10-26T00:00:00", 2, "0021000002", 3, "Final", "20101026/PHXPOR", 1610612757, 1610612756, "2010", 4, "", null, "Q4  - ", 1]], "name": "GameSummary"}, {"headers": ["GAME_DATE_EST", "GAME_SEQUENCE", "GAME_ID", "TEAM_ID", "TEAM_ABBREVIATION", "TEAM_CITY_NAME", "TEAM_WINS_LOSSES", "PTS_QTR1", "PTS_QTR2", "PTS_QTR3", "PTS_QTR4", "PTS_OT1", "PTS_OT2", "PTS_OT3", "PTS_OT4", "PTS_OT5", "PTS_OT6", "PTS_OT7", "PTS_OT8", "PTS_OT9", "PTS_OT10", "PTS"], "rowSet": [["2010-10-26T00:00:00", 2, "0021000002", 1610612756, "PHX", "Phoenix", "0-1", 26, 20, 35, 11, 0, 0, 0, 0, 0, 0, 0, 0, 0, 0, 92], ["2010-10-26T00:00:00", 2, "0021000002", 1610612757, "POR", "Portland", "1-0", 28, 22, 25, 31, 0, 0, 0, 0, 0, 0, 0, 0, 0, 0, 106]], "name": "LineScore"}, {"headers": ["GAME_ID", "HOME_TEAM_ID", "VISITOR_TEAM_ID", "GAME_DATE_EST", "HOME_TEAM_WINS", "HOME_TEAM_LOSSES", "SERIES_LEADER"], "rowSet": [["0021000002", 1610612757, 1610612756, "2010-10-26T00:00:00", 3, 1, "Portland"]], "name": "SeasonSeries"}, {"headers": ["GAME_ID", "LAST_GAME_ID", "LAST_GAME_DATE_EST", "LAST_GAME_HOME_TEAM_ID", "LAST_GAME_HOME_TEAM_CITY", "LAST_GAME_HOME_TEAM_NAME", "LAST_GAME_HOME_TEAM_ABBREVIATION", "LAST_GAME_HOME_TEAM_POINTS", "LAST_GAME_VISITOR_TEAM_ID", "LAST_GAME_VISITOR_TEAM_CITY", "LAST_GAME_VISITOR_TEAM_NAME", "LAST_GAME_VISITOR_TEAM_CITY1", "LAST_GAME_VISITOR_TEAM_POINTS"], "rowSet": [["0021000002", "0040900166", "2010-04-29T00:00:00", 1610612757, "Portland", "Trail Blazers", "POR", 90, 1610612756, "Phoenix", "Suns", "PHX", 99]], "name": "LastMeeting"}, {"headers": ["GAME_ID", "TEAM_ID", "TEAM_ABBREVIATION", "TEAM_CITY", "PLAYER_ID", "PLAYER_NAME", "START_POSITION", "COMMENT", "MIN", "FGM", "FGA", "FG_PCT", "FG3M", "FG3A", "FG3_PCT", "FTM", "FTA", "FT_PCT", "OREB", "DREB", "REB", "AST", "STL", "BLK", "TO", "PF", "PTS", "PLUS_MINUS"], "rowSet": [["0021000002", 1610612756, "PHX", "Phoenix", 255, "Grant Hill", "F", "", "26:05", 2, 4, 0.5, 0, 1, 0.0, 0, 1, 0.0, 1, 0, 1, 1, 0, 1, 3, 1, 4, -8.0], ["0021000002", 1610612756, "PHX", "Phoenix", 2045, "Hedo Turkoglu", "F", "", "27:13", 2, 7, 0.286, 2, 4, 0.5, 0, 0, 0.0, 0, 3, 3, 2, 1, 0, 1, 5, 6, -7.0], ["0021000002", 1610612756, "PHX", "Phoenix", 201577, "Robin Lopez", "C", "", "24:50", 2, 4, 0.5, 0, 0, 0.0, 1, 2, 0.5, 3, 3, 6, 0, 0, 1, 1, 0, 5, 0.0], ["0021000002", 1610612756, "PHX", "Phoenix", 2202, "Jason Richardson", "G", "", "35:05", 9, 13, 0.692, 3, 4, 0.75, 1, 2, 0.5, 2, 4, 6, 1, 1, 0, 1, 0, 22, -7.0], ["0021000002", 1610612756, "PHX", "Phoenix", 959, "Steve Nash", "G", "", "35:25", 10, 19, 0.526, 2, 4, 0.5, 4, 5, 0.8, 0, 3, 3, 6, 1, 0, 9, 1, 26, -7.0], ["0021000002", 1610612756, "PHX", "Phoenix", 101112, "Channing Frye", "", "", "25:24", 1, 4, 0.25, 1, 1, 1.0, 0, 0, 0.0, 0, 6, 6, 2, 0, 2, 2, 3, 3, -19.0], ["0021000002", 1610612756, "PHX", "Phoenix", 101124, "Hakim Warrick", "", "", "18:11", 3, 6, 0.5, 0, 0, 0.0, 4, 5, 0.8, 0, 2, 2, 1, 0, 0, 1, 2, 10, -2.0], ["0021000002", 1610612756, "PHX", "Phoenix", 201162, "Jared Dudley", "", "", "18:18", 3, 8, 0.375, 0, 3, 0.0, 0, 0, 0.0, 1, 2, 3, 1, 0, 0, 1, 4, 6, -2.0], ["0021000002", 1610612756, "PHX", "Phoenix", 2735, "Josh Childress", "", "", "16:54", 2, 4, 0.5, 0, 0, 0.0, 0, 0, 0.0, 0, 0, 0, 0, 0, 0, 0, 2, 4, -11.0], ["0021000002", 1610612756, "PHX", "Phoenix", 201609, "Goran Dragic", "", "", "12:35", 2, 5, 0.4, 1, 2, 0.5, 1, 1, 1.0, 0, 0, 0, 1, 0, 0, 0, 1, 6, -7.0], ["0021000002", 1610612756, "PHX", "Phoenix", 201947, "Earl Clark", "", "DNP - Coach's Decision", null, null, null, null, null, null, null, null, null, null, null, null, null, null, null, null, null, null, null, null], ["0021000002", 1610612756, "PHX", "Phoenix", 202081, "Garret Siler", "", "DNP - Coach's Decision", null, null, null, null, null, null, null, null, null, null, null, null, null, null, null, null, null, null, null, null], ["0021000002", 1610612757, "POR", "Portland", 201587, "Nicolas Batum", "F", "", "26:47", 8, 17, 0.471, 3, 8, 0.375, 0, 0, 0.0, 5, 6, 11, 1, 1, 0, 2, 3, 19, 10.0], ["0021000002", 1610612757, "POR", "Portland", 200746, "LaMarcus Aldridge", "F", "", "38:17", 3, 9, 0.333, 0, 0, 0.0, 2, 4, 0.5, 3, 6, 9, 3, 2, 1, 2, 3, 8, 5.0], ["0021000002", 1610612757, "POR", "Portland", 948, "Marcus Camby", "C", "", "30:02", 6, 11, 0.545, 0, 0, 0.0, 1, 1, 1.0, 4, 6, 10, 3, 1, 1, 1, 2, 13, 5.0], ["0021000002", 1610612757, "POR", "Portland", 200750, "Brandon Roy", "G", "", "39:48", 9, 20, 0.45, 4, 6, 0.667, 2, 2, 1.0, 1, 2, 3, 6, 3, 0, 2, 2, 24, 14.0], ["0021000002", 1610612757, "POR", "Portland", 1889, "Andre Miller", "G", "", "26:42", 4, 8, 0.5, 0, 0, 0.0, 2, 2, 1.0, 2, 0, 2, 9, 1, 0, 3, 1, 10, 14.0], ["0021000002", 1610612757, "POR", "Portland", 202083, "Wesley Matthews", "", "", "30:24", 5, 12, 0.417, 1, 2, 0.5, 2, 3, 0.667, 2, 4, 6, 3, 0, 0, 0, 4, 13, 22.0], ["0021000002", 1610612757, "POR", "Portland", 201164, "Rudy Fernandez", "", "", "21:50", 2, 5, 0.4, 2, 4, 0.5, 1, 3, 0.333, 0, 2, 2, 3, 3, 0, 0, 2, 7, -3.0], ["0021000002", 1610612757, "POR", "Portland", 201967, "Dante Cunningham", "", "", "13:44", 3, 5, 0.6, 0, 0, 0.0, 0, 0, 0.0, 1, 1, 2, 0, 0, 0, 0, 0, 6, -2.0], ["0021000002", 1610612757, "POR", "Portland", 101177, "Fabricio Oberto", "", "", "3:03", 0, 1, 0.0, 0, 0, 0.0, 0, 0, 0.0, 0, 1, 1, 0, 0, 0, 1, 2, 0, 0.0], ["0021000002", 1610612757, "POR", "Portland", 202356, "Armon Johnson", "", "", "9:23", 3, 5, 0.6, 0, 0, 0.0, 0, 0, 0.0, 0, 2, 2, 3, 0, 0, 1, 3, 6, 5.0], ["0021000002", 1610612757, "POR", "Portland", 202337, "Luke Babbitt", "", "DNP - Coach's Decision", null, null, null, null, null, null, null, null, null, null, null, null, null, null, null, null, null, null, null, null], ["0021000002", 1610612757, "POR", "Portland", 201988, "Patty Mills", "", "DNP - Coach's Decision", null, null, null, null, null, null, null, null, null, null, null, null, null, null, null, null, null, null, null, null]], "name": "PlayerStats"}, {"headers": ["GAME_ID", "TEAM_ID", "TEAM_NAME", "TEAM_ABBREVIATION", "TEAM_CITY", "MIN", "FGM", "FGA", "FG_PCT", "FG3M", "FG3A", "FG3_PCT", "FTM", "FTA", "FT_PCT", "OREB", "DREB", "REB", "AST", "STL", "BLK", "TO", "PF", "PTS", "PLUS_MINUS"], "rowSet": [["0021000002", 1610612757, "Trail Blazers", "POR", "Portland", "240:00", 43, 93, 0.462, 10, 20, 0.5, 10, 15, 0.667, 18, 30, 48, 31, 11, 2, 12, 22, 106, 14.0], ["0021000002", 1610612756, "Suns", "PHX", "Phoenix", "240:00", 36, 74, 0.486, 9, 19, 0.474, 11, 16, 0.688, 7, 23, 30, 15, 3, 4, 19, 19, 92, -14.0]], "name": "TeamStats"}, {"headers": ["LEAGUE_ID", "SEASON_ID", "TEAM_ID", "TEAM_ABBREVIATION", "TEAM_CITY", "PTS_PAINT", "PTS_2ND_CHANCE", "PTS_FB", "LARGEST_LEAD", "LEAD_CHANGES", "TIMES_TIED"], "rowSet": [["00", "22010", 1610612757, "POR", "Portland", 42, 21, 13, 11, 20, 5], ["00", "22010", 1610612756, "PHX", "Phoenix", 44, 11, 6, 14, 20, 5]], "name": "OtherStats"}, {"headers": ["OFFICIAL_ID", "FIRST_NAME", "LAST_NAME", "JERSEY_NUM"], "rowSet": [[1185, "Violet", "Palmer", "12"], [1179, "Rodney", "Mott", "71"], [1194, "Bill", "Spooner", "22"]], "name": "Officials"}, {"headers": ["GAME_DATE", "ATTENDANCE", "GAME_TIME"], "rowSet": [["TUESDAY, OCTOBER 26, 2010", 20603, "2:16"]], "name": "GameInfo"}, {"headers": ["PLAYER_ID", "FIRST_NAME", "LAST_NAME", "JERSEY_NUM", "TEAM_ID", "TEAM_CITY", "TEAM_NAME", "TEAM_ABBREVIATION"], "rowSet": [[202394, "Matt", "Janning", "22", 1610612756, "Phoenix", "Suns", "PHX"], [202371, "Gani", "Lawal", "31", 1610612756, "Phoenix", "Suns", "PHX"], [2038, "Joel", "Przybilla", "10", 1610612757, "Portland", "Trail Blazers", "POR"], [201141, "Greg", "Oden", "52", 1610612757, "Portland", "Trail Blazers", "POR"], [202343, "Elliot", "Williams", "9", 1610612757, "Portland", "Trail Blazers", "POR"]], "name": "InactivePlayers"}, {"headers": ["VIDEO_AVAILABLE_FLAG"], "rowSet": [[0]], "name": "AvailableVideo"}], "parameters": {"GameID": "0021000002", "RangeType": 0, "StartPeriod": 0, "StartRange": 0, "EndPeriod": 0, "EndRange": 0}}