{"resource": "boxscore", "resultSets": [{"headers": ["GAME_DATE_EST", "GAME_SEQUENCE", "GAME_ID", "GAME_STATUS_ID", "GAME_STATUS_TEXT", "GAMECODE", "HOME_TEAM_ID", "VISITOR_TEAM_ID", "SEASON", "LIVE_PERIOD", "LIVE_PC_TIME", "NATL_TV_BROADCASTER_ABBREVIATION", "LIVE_PERIOD_TIME_BCAST", "WH_STATUS"], "rowSet": [["2010-10-27T00:00:00", 2, "0021000005", 3, "Final", "20101027/DETNJN", 1610612751, 1610612765, "2010", 4, "", null, "Q4  - ", 1]], "name": "GameSummary"}, {"headers": ["GAME_DATE_EST", "GAME_SEQUENCE", "GAME_ID", "TEAM_ID", "TEAM_ABBREVIATION", "TEAM_CITY_NAME", "TEAM_WINS_LOSSES", "PTS_QTR1", "PTS_QTR2", "PTS_QTR3", "PTS_QTR4", "PTS_OT1", "PTS_OT2", "PTS_OT3", "PTS_OT4", "PTS_OT5", "PTS_OT6", "PTS_OT7", "PTS_OT8", "PTS_OT9", "PTS_OT10", "PTS"], "rowSet": [["2010-10-27T00:00:00", 2, "0021000005", 1610612765, "DET", "Detroit", "0-1", 20, 27, 20, 31, 0, 0, 0, 0, 0, 0, 0, 0, 0, 0, 98], ["2010-10-27T00:00:00", 2, "0021000005", 1610612751, "NJN", "New Jersey", "1-0", 20, 19, 31, 31, 0, 0, 0, 0, 0, 0, 0, 0, 0, 0, 101]], "name": "LineScore"}, {"headers": ["GAME_ID", "HOME_TEAM_ID", "VISITOR_TEAM_ID", "GAME_DATE_EST", "HOME_TEAM_WINS", "HOME_TEAM_LOSSES", "SERIES_LEADER"], "rowSet": [["0021000005", 1610612751, 1610612765, "2010-10-27T00:00:00", 2, 2, "Tied"]], "name": "SeasonSeries"}, {"headers": ["GAME_ID", "LAST_GAME_ID", "LAST_GAME_DATE_EST", "LAST_GAME_HOME_TEAM_ID", "LAST_GAME_HOME_TEAM_CITY", "LAST_GAME_HOME_TEAM_NAME", "LAST_GAME_HOME_TEAM_ABBREVIATION", "LAST_GAME_HOME_TEAM_POINTS", "LAST_GAME_VISITOR_TEAM_ID", "LAST_GAME_VISITOR_TEAM_CITY", "LAST_GAME_VISITOR_TEAM_NAME", "LAST_GAME_VISITOR_TEAM_CITY1", "LAST_GAME_VISITOR_TEAM_POINTS"], "rowSet": [["0021000005", "0020901077", "2010-03-26T00:00:00", 1610612751, "New Jersey", "Nets", "NJN", 118, 1610612765, "Detroit", "Pistons", "DET", 110]], "name": "LastMeeting"}, {"headers": ["GAME_ID", "TEAM_ID", "TEAM_ABBREVIATION", "TEAM_CITY", "PLAYER_ID", "PLAYER_NAME", "START_POSITION", "COMMENT", "MIN", "FGM", "FGA", "FG_PCT", "FG3M", "FG3A", "FG3_PCT", "FTM", "FTA", "FT_PCT", "OREB", "DREB", "REB", "AST", "STL", "BLK", "TO", "PF", "PTS", "PLUS_MINUS"], "rowSet": [["0021000005", 1610612765, "DET", "Detroit", 2419, "Tayshaun Prince", "F", "", "31:26", 5, 10, 0.5, 0, 0, 0.0, 4, 7, 0.571, 0, 2, 2, 1, 0, 2, 0, 2, 14, -5.0], ["0021000005", 1610612765, "DET", "Detroit", 201948, "Austin Daye", "F", "", "21:11", 2, 8, 0.25, 0, 2, 0.0, 0, 0, 0.0, 0, 3, 3, 1, 0, 0, 0, 2, 4, -4.0], ["0021000005", 1610612765, "DET", "Detroit", 1112, "Ben Wallace", "C", "", "27:00", 2, 3, 0.667, 0, 0, 0.0, 2, 8, 0.25, 3, 7, 10, 1, 1, 0, 1, 1, 6, -12.0], ["0021000005", 1610612765, "DET", "Detroit", 1888, "Richard Hamilton", "G", "", "31:49", 6, 14, 0.429, 1, 3, 0.333, 0, 0, 0.0, 1, 3, 4, 3, 1, 0, 1, 1, 13, -12.0], ["0021000005", 1610612765, "DET", "Detroit", 201155, "Rodney Stuckey", "G", "", "29:23", 4, 10, 0.4, 1, 2, 0.5, 5, 6, 0.833, 1, 2, 3, 7, 0, 0, 0, 2, 14, -5.0], ["0021000005", 1610612765, "DET", "Detroit", 101198, "Will Bynum", "", "", "18:37", 3, 10, 0.3, 1, 2, 0.5, 3, 3, 1.0, 1, 2, 3, 2, 1, 0, 0, 2, 10, 2.0], ["0021000005", 1610612765, "DET", "Detroit", 2732, "Ben Gordon", "", "", "23:25", 5, 6, 0.833, 1, 1, 1.0, 1, 2, 0.5, 0, 1, 1, 3, 0, 0, 2, 4, 12, -7.0], ["0021000005", 1610612765, "DET", "Detroit", 101111, "Charlie Villanueva", "", "", "22:49", 5, 10, 0.5, 4, 9, 0.444, 0, 0, 0.0, 1, 2, 3, 0, 1, 1, 1, 4, 14, 11.0], ["0021000005", 1610612765, "DET", "Detroit", 101131, "Jason Maxiell", "", "", "20:34", 5, 9, 0.556, 0, 0, 0.0, 1, 4, 0.25, 2, 4, 6, 0, 1, 0, 1, 0, 11, 8.0], ["0021000005", 1610612765, "DET", "Detroit", 1503, "Tracy McGrady", "", "", "13:45", 0, 3, 0.0, 0, 0, 0.0, 0, 0, 0.0, 1, 1, 2, 3, 2, 0, 0, 1, 0, 9.0], ["0021000005", 1610612765, "DET", "Detroit", 202328, "Greg Monroe", "", "DNP - Coach's Decision", null, null, null, null, null, null, null, null, null, null, null, null, null, null, null, null, null, null, null, null], ["0021000005", 1610612765, "DET", "Detroit", 201969, "DaJuan Summers", "", "DNP - Coach's Decision", null, null, null, null, null, null, null, null, null, null, null, null, null, null, null, null, null, null, null, null], ["0021000005", 1610612751, "NJN", "New Jersey", 2566, "Travis Outlaw", "F", "", "21:24", 1, 7, 0.143, 1, 2, 0.5, 2, 2, 1.0, 0, 3, 3, 0, 0, 0, 1, 5, 5, -5.0], ["0021000005", 1610612751, "NJN", "New Jersey", 693, "Joe Smith", "F", "", "5:25", 0, 1, 0.0, 0, 0, 0.0, 0, 0, 0.0, 0, 1, 1, 0, 0, 0, 0, 1, 0, -1.0], ["0021000005", 1610612751, "NJN", "New Jersey", 201572, "Brook Lopez", "C", "", "37:15", 11, 20, 0.55, 0, 0, 0.0, 3, 4, 0.75, 3, 6, 9, 0, 0, 3, 1, 3, 25, 6.0], ["0021000005", 1610612751, "NJN", "New Jersey", 201627, "Anthony Morrow", "G", "", "37:21", 5, 10, 0.5, 3, 6, 0.5, 0, 1, 0.0, 1, 1, 2, 0, 0, 0, 0, 1, 13, 6.0], ["0021000005", 1610612751, "NJN", "New Jersey", 2734, "Devin Harris", "G", "", "30:43", 8, 15, 0.533, 0, 1, 0.0, 6, 6, 1.0, 0, 4, 4, 9, 2, 0, 3, 4, 22, 6.0], ["0021000005", 1610612751, "NJN", "New Jersey", 202324, "Derrick Favors", "", "", "20:00", 3, 5, 0.6, 0, 0, 0.0, 2, 4, 0.5, 3, 7, 10, 0, 0, 0, 1, 1, 8, -6.0], ["0021000005", 1610612751, "NJN", "New Jersey", 201944, "Terrence Williams", "", "", "32:22", 5, 8, 0.625, 0, 1, 0.0, 0, 2, 0.0, 0, 6, 6, 4, 0, 0, 3, 4, 10, 14.0], ["0021000005", 1610612751, "NJN", "New Jersey", 200770, "Jordan Farmar", "", "", "22:00", 2, 6, 0.333, 2, 4, 0.5, 4, 4, 1.0, 0, 0, 0, 4, 2, 0, 2, 0, 10, 5.0], ["0021000005", 1610612751, "NJN", "New Jersey", 101130, "Johan Petro", "", "", "9:05", 1, 2, 0.5, 0, 0, 0.0, 0, 0, 0.0, 1, 2, 3, 0, 0, 1, 0, 1, 2, 0.0], ["0021000005", 1610612751, "NJN", "New Jersey", 2743, "Kris Humphries", "", "", "18:09", 2, 2, 1.0, 0, 0, 0.0, 0, 0, 0.0, 1, 5, 6, 0, 0, 0, 0, 2, 4, -6.0], ["0021000005", 1610612751, "NJN", "New Jersey", 101211, "Stephen Graham", "", "", "2:18", 0, 1, 0.0, 0, 0, 0.0, 0, 0, 0.0, 0, 0, 0, 0, 0, 0, 0, 0, 0, -2.0], ["0021000005", 1610612751, "NJN", "New Jersey", 202345, "Damion James", "", "", "3:59", 1, 3, 0.333, 0, 0, 0.0, 0, 1, 0.0, 0, 0, 0, 0, 0, 0, 0, 1, 2, -2.0]], "name": "PlayerStats"}, {"headers": ["GAME_ID", "TEAM_ID", "TEAM_NAME", "TEAM_ABBREVIATION", "TEAM_CITY", "MIN", "FGM", "FGA", "FG_PCT", "FG3M", "FG3A", "FG3_PCT", "FTM", "FTA", "FT_PCT", "OREB", "DREB", "REB", "AST", "STL", "BLK", "TO", "PF", "PTS", "PLUS_MINUS"], "rowSet": [["0021000005", 1610612751, "Nets", "NJN", "New Jersey", "240:00", 39, 80, 0.488, 6, 14, 0.429, 17, 24, 0.708, 9, 35, 44, 17, 4, 4, 11, 23, 101, 3.0], ["0021000005", 1610612765, "Pistons", "DET", "Detroit", "240:00", 37, 83, 0.446, 8, 19, 0.421, 16, 30, 0.533, 10, 27, 37, 21, 7, 3, 6, 19, 98, -3.0]], "name": "TeamStats"}, {"headers": ["LEAGUE_ID", "SEASON_ID", "TEAM_ID", "TEAM_ABBREVIATION", "TEAM_CITY", "PTS_PAINT", "PTS_2ND_CHANCE", "PTS_FB", "LARGEST_LEAD", "LEAD_CHANGES", "TIMES_TIED"], "rowSet": [["00", "22010", 1610612751, "NJN", "New Jersey", 48, 18, 4, 10, 17, 7], ["00", "22010", 1610612765, "DET", "Detroit", 34, 15, 19, 9, 17, 7]], "name": "OtherStats"}, {"headers": ["OFFICIAL_ID", "FIRST_NAME", "LAST_NAME", "JERSEY_NUM"], "rowSet": [[1153, "Joe", "Crawford", "17"], [2001, "Jason", "Phillips", "23"], [201639, "Josh", "Tiven", "58"]], "name": "Officials"}, {"headers": ["GAME_DATE", "ATTENDANCE", "GAME_TIME"], "rowSet": [["WEDNESDAY, OCTOBER 27, 2010", 15178, "2:22"]], "name": "GameInfo"}, {"headers": ["PLAYER_ID", "FIRST_NAME", "LAST_NAME", "JERSEY_NUM", "TEAM_ID", "TEAM_CITY", "TEAM_NAME", "TEAM_ABBREVIATION"], "rowSet": [[2211, "Troy", "Murphy", " 7", 1610612751, "New Jersey", "Nets", "NJN"], [2624, "Quinton", "Ross", "13", 1610612751, "New Jersey", "Nets", "NJN"], [202386, "Ben", "Uzoh", "18", 1610612751, "New Jersey", "Nets", "NJN"], [2404, "Chris", "Wilcox", " 9", 1610612765, "Detroit", "Pistons", "DET"], [201973, "Jonas", "Jerebko", "33", 1610612765, "Detroit", "Pistons", "DET"], [202358, "Terrico", "White", "23", 1610612765, "Detroit", "Pistons", "DET"]], "name": "InactivePlayers"}, {"headers": ["VIDEO_AVAILABLE_FLAG"], "rowSet": [[0]], "name": "AvailableVideo"}], "parameters": {"GameID": "0021000005", "RangeType": 0, "StartPeriod": 0, "StartRange": 0, "EndPeriod": 0, "EndRange": 0}}