{"resource": "boxscore", "resultSets": [{"headers": ["GAME_DATE_EST", "GAME_SEQUENCE", "GAME_ID", "GAME_STATUS_ID", "GAME_STATUS_TEXT", "GAMECODE", "HOME_TEAM_ID", "VISITOR_TEAM_ID", "SEASON", "LIVE_PERIOD", "LIVE_PC_TIME", "NATL_TV_BROADCASTER_ABBREVIATION", "LIVE_PERIOD_TIME_BCAST", "WH_STATUS"], "rowSet": [["2010-11-02T00:00:00", 7, "0021000053", 3, "Final", "20101102/MEMLAL", 1610612747, 1610612763, "2010", 4, "", "NBA TV", "Q4  - NBA TV", 1]], "name": "GameSummary"}, {"headers": ["GAME_DATE_EST", "GAME_SEQUENCE", "GAME_ID", "TEAM_ID", "TEAM_ABBREVIATION", "TEAM_CITY_NAME", "TEAM_WINS_LOSSES", "PTS_QTR1", "PTS_QTR2", "PTS_QTR3", "PTS_QTR4", "PTS_OT1", "PTS_OT2", "PTS_OT3", "PTS_OT4", "PTS_OT5", "PTS_OT6", "PTS_OT7", "PTS_OT8", "PTS_OT9", "PTS_OT10", "PTS"], "rowSet": [["2010-11-02T00:00:00", 7, "0021000053", 1610612763, "MEM", "Memphis", "2-2", 23, 23, 30, 29, 0, 0, 0, 0, 0, 0, 0, 0, 0, 0, 105], ["2010-11-02T00:00:00", 7, "0021000053", 1610612747, "LAL", "Los Angeles", "4-0", 34, 39, 24, 27, 0, 0, 0, 0, 0, 0, 0, 0, 0, 0, 124]], "name": "LineScore"}, {"headers": ["GAME_ID", "HOME_TEAM_ID", "VISITOR_TEAM_ID", "GAME_DATE_EST", "HOME_TEAM_WINS", "HOME_TEAM_LOSSES", "SERIES_LEADER"], "rowSet": [["0021000053", 1610612747, 1610612763, "2010-11-02T00:00:00", 2, 2, "Tied"]], "name": "SeasonSeries"}, {"headers": ["GAME_ID", "LAST_GAME_ID", "LAST_GAME_DATE_EST", "LAST_GAME_HOME_TEAM_ID", "LAST_GAME_HOME_TEAM_CITY", "LAST_GAME_HOME_TEAM_NAME", "LAST_GAME_HOME_TEAM_ABBREVIATION", "LAST_GAME_HOME_TEAM_POINTS", "LAST_GAME_VISITOR_TEAM_ID", "LAST_GAME_VISITOR_TEAM_CITY", "LAST_GAME_VISITOR_TEAM_NAME", "LAST_GAME_VISITOR_TEAM_CITY1", "LAST_GAME_VISITOR_TEAM_POINTS"], "rowSet": [["0021000053", "0020900841", "2010-02-23T00:00:00", 1610612747, "Los Angeles", "Lakers", "LAL", 99, 1610612763, "Memphis", "Grizzlies", "MEM", 98]], "name": "LastMeeting"}, {"headers": ["GAME_ID", "TEAM_ID", "TEAM_ABBREVIATION", "TEAM_CITY", "PLAYER_ID", "PLAYER_NAME", "START_POSITION", "COMMENT", "MIN", "FGM", "FGA", "FG_PCT", "FG3M", "FG3A", "FG3_PCT", "FTM", "FTA", "FT_PCT", "OREB", "DREB", "REB", "AST", "STL", "BLK", "TO", "PF", "PTS", "PLUS_MINUS"], "rowSet": [["0021000053", 1610612763, "MEM", "Memphis", 200752, "Rudy Gay", "F", "", "32:16", 12, 18, 0.667, 3, 3, 1.0, 3, 3, 1.0, 1, 3, 4, 3, 1, 1, 2, 2, 30, -16.0], ["0021000053", 1610612763, "MEM", "Memphis", 201589, "Darrell Arthur", "F", "", "34:19", 5, 15, 0.333, 0, 0, 0.0, 0, 1, 0.0, 2, 5, 7, 2, 2, 1, 1, 2, 10, -11.0], ["0021000053", 1610612763, "MEM", "Memphis", 201188, "Marc Gasol", "C", "", "28:16", 3, 8, 0.375, 0, 0, 0.0, 5, 5, 1.0, 5, 3, 8, 5, 2, 0, 2, 4, 11, -9.0], ["0021000053", 1610612763, "MEM", "Memphis", 201564, "O.J. Mayo", "G", "", "26:50", 3, 11, 0.273, 1, 4, 0.25, 1, 1, 1.0, 0, 1, 1, 0, 2, 0, 2, 2, 8, -2.0], ["0021000053", 1610612763, "MEM", "Memphis", 201144, "Mike Conley", "G", "", "34:05", 6, 11, 0.545, 3, 4, 0.75, 1, 3, 0.333, 1, 4, 5, 8, 3, 0, 1, 0, 16, -1.0], ["0021000053", 1610612763, "MEM", "Memphis", 2754, "Tony Allen", "", "", "13:53", 2, 7, 0.286, 0, 0, 0.0, 1, 1, 1.0, 1, 0, 1, 2, 0, 0, 1, 2, 5, -5.0], ["0021000053", 1610612763, "MEM", "Memphis", 201970, "Sam Young", "", "", "20:04", 1, 7, 0.143, 0, 2, 0.0, 6, 6, 1.0, 0, 2, 2, 0, 2, 0, 1, 3, 8, -13.0], ["0021000053", 1610612763, "MEM", "Memphis", 201934, "Hasheem Thabeet", "", "", "14:22", 1, 1, 1.0, 0, 0, 0.0, 1, 2, 0.5, 2, 1, 3, 0, 0, 2, 0, 3, 3, -16.0], ["0021000053", 1610612763, "MEM", "Memphis", 201151, "Acie Law", "", "", "13:55", 1, 5, 0.2, 0, 0, 0.0, 0, 0, 0.0, 1, 0, 1, 2, 0, 0, 2, 0, 2, -18.0], ["0021000053", 1610612763, "MEM", "Memphis", 202333, "Xavier Henry", "", "", "11:56", 3, 7, 0.429, 0, 1, 0.0, 4, 7, 0.571, 2, 1, 3, 0, 0, 0, 0, 2, 10, -11.0], ["0021000053", 1610612763, "MEM", "Memphis", 201960, "DeMarre Carroll", "", "", "10:04", 1, 2, 0.5, 0, 0, 0.0, 0, 0, 0.0, 0, 1, 1, 0, 0, 1, 0, 1, 2, 7.0], ["0021000053", 1610612763, "MEM", "Memphis", 201632, "Hamed Haddadi", "", "DNP - Coach's Decision", null, null, null, null, null, null, null, null, null, null, null, null, null, null, null, null, null, null, null, null], ["0021000053", 1610612747, "LAL", "Los Angeles", 1897, "Metta World Peace", "F", "", "23:38", 2, 5, 0.4, 1, 3, 0.333, 0, 0, 0.0, 0, 4, 4, 0, 0, 1, 1, 2, 5, 7.0], ["0021000053", 1610612747, "LAL", "Los Angeles", 1885, "Lamar Odom", "F", "", "34:13", 6, 7, 0.857, 3, 4, 0.75, 2, 2, 1.0, 1, 7, 8, 6, 1, 0, 4, 3, 17, 28.0], ["0021000053", 1610612747, "LAL", "Los Angeles", 2200, "Pau Gasol", "C", "", "28:57", 9, 16, 0.563, 0, 0, 0.0, 3, 3, 1.0, 5, 8, 13, 5, 1, 0, 3, 2, 21, 11.0], ["0021000053", 1610612747, "LAL", "Los Angeles", 977, "Kobe Bryant", "G", "", "25:46", 7, 13, 0.538, 3, 5, 0.6, 6, 8, 0.75, 1, 4, 5, 1, 1, 0, 2, 2, 23, 6.0], ["0021000053", 1610612747, "LAL", "Los Angeles", 965, "Derek Fisher", "G", "", "23:24", 2, 6, 0.333, 2, 3, 0.667, 2, 2, 1.0, 0, 1, 1, 4, 2, 0, 0, 3, 8, 13.0], ["0021000053", 1610612747, "LAL", "Los Angeles", 2581, "Steve Blake", "", "", "21:12", 4, 6, 0.667, 2, 2, 1.0, 0, 0, 0.0, 0, 4, 4, 3, 0, 0, 1, 0, 10, 9.0], ["0021000053", 1610612747, "LAL", "Los Angeles", 2440, "Matt Barnes", "", "", "26:45", 6, 16, 0.375, 0, 3, 0.0, 4, 7, 0.571, 9, 5, 14, 2, 1, 1, 2, 3, 16, 12.0], ["0021000053", 1610612747, "LAL", "Los Angeles", 200769, "Shannon Brown", "", "", "22:14", 5, 7, 0.714, 3, 3, 1.0, 0, 0, 0.0, 0, 1, 1, 0, 1, 0, 3, 5, 13, 13.0], ["0021000053", 1610612747, "LAL", "Los Angeles", 689, "Theo Ratliff", "", "", "9:08", 0, 0, 0.0, 0, 0, 0.0, 0, 0, 0.0, 0, 4, 4, 0, 0, 1, 2, 0, 0, 7.0], ["0021000053", 1610612747, "LAL", "Los Angeles", 202382, "Derrick Caracter", "", "", "9:59", 0, 3, 0.0, 0, 0, 0.0, 6, 6, 1.0, 3, 0, 3, 0, 1, 0, 0, 2, 6, 1.0], ["0021000053", 1610612747, "LAL", "Los Angeles", 202365, "Devin Ebanks", "", "", "11:20", 2, 4, 0.5, 0, 0, 0.0, 0, 0, 0.0, 1, 1, 2, 1, 0, 1, 0, 1, 4, -9.0], ["0021000053", 1610612747, "LAL", "Los Angeles", 2756, "Sasha Vujacic", "", "", "3:24", 0, 1, 0.0, 0, 0, 0.0, 1, 2, 0.5, 0, 0, 0, 0, 0, 0, 1, 0, 1, -3.0]], "name": "PlayerStats"}, {"headers": ["GAME_ID", "TEAM_ID", "TEAM_NAME", "TEAM_ABBREVIATION", "TEAM_CITY", "MIN", "FGM", "FGA", "FG_PCT", "FG3M", "FG3A", "FG3_PCT", "FTM", "FTA", "FT_PCT", "OREB", "DREB", "REB", "AST", "STL", "BLK", "TO", "PF", "PTS", "PLUS_MINUS"], "rowSet": [["0021000053", 1610612763, "Grizzlies", "MEM", "Memphis", "240:00", 38, 92, 0.413, 7, 14, 0.5, 22, 29, 0.759, 15, 21, 36, 22, 12, 5, 12, 21, 105, -19.0], ["0021000053", 1610612747, "Lakers", "LAL", "Los Angeles", "240:00", 43, 84, 0.512, 14, 23, 0.609, 24, 30, 0.8, 20, 39, 59, 22, 8, 4, 19, 23, 124, 19.0]], "name": "TeamStats"}, {"headers": ["LEAGUE_ID", "SEASON_ID", "TEAM_ID", "TEAM_ABBREVIATION", "TEAM_CITY", "PTS_PAINT", "PTS_2ND_CHANCE", "PTS_FB", "LARGEST_LEAD", "LEAD_CHANGES", "TIMES_TIED"], "rowSet": [["00", "22010", 1610612763, "MEM", "Memphis", 46, 22, 22, 29, 0, 0], ["00", "22010", 1610612747, "LAL", "Los Angeles", 46, 24, 12, 28, 0, 0]], "name": "OtherStats"}, {"headers": ["OFFICIAL_ID", "FIRST_NAME", "LAST_NAME", "JERSEY_NUM"], "rowSet": [[1148, "James", "Capers", "19"], [2001, "Jason", "Phillips", "23"], [200834, "Mark", "Lindsay", "53"]], "name": "Officials"}, {"headers": ["GAME_DATE", "ATTENDANCE", "GAME_TIME"], "rowSet": [["TUESDAY, NOVEMBER 2, 2010", 18997, "2:17"]], "name": "GameInfo"}, {"headers": ["PLAYER_ID", "FIRST_NAME", "LAST_NAME", "JERSEY_NUM", "TEAM_ID", "TEAM_CITY", "TEAM_NAME", "TEAM_ABBREVIATION"], "rowSet": [[2216, "Zach", "Randolph", "50", 1610612763, "Memphis", "Grizzlies", "MEM"], [202349, "Greivis", "Vasquez", "21", 1610612763, "Memphis", "Grizzlies", "MEM"], [2575, "Luke", "Walton", " 4", 1610612747, "Los Angeles", "Lakers", "LAL"], [101115, "Andrew", "Bynum", "17", 1610612747, "Los Angeles", "Lakers", "LAL"]], "name": "InactivePlayers"}, {"headers": ["VIDEO_AVAILABLE_FLAG"], "rowSet": [[0]], "name": "AvailableVideo"}], "parameters": {"GameID": "0021000053", "RangeType": 0, "StartPeriod": 0, "StartRange": 0, "EndPeriod": 0, "EndRange": 0}}