{"resource": "boxscore", "resultSets": [{"headers": ["GAME_DATE_EST", "GAME_SEQUENCE", "GAME_ID", "GAME_STATUS_ID", "GAME_STATUS_TEXT", "GAMECODE", "HOME_TEAM_ID", "VISITOR_TEAM_ID", "SEASON", "LIVE_PERIOD", "LIVE_PC_TIME", "NATL_TV_BROADCASTER_ABBREVIATION", "LIVE_PERIOD_TIME_BCAST", "WH_STATUS"], "rowSet": [["2010-11-05T00:00:00", 5, "0021000072", 3, "Final", "20101105/WASNYK", 1610612752, 1610612764, "2010", 4, "", null, "Q4  - ", 1]], "name": "GameSummary"}, {"headers": ["GAME_DATE_EST", "GAME_SEQUENCE", "GAME_ID", "TEAM_ID", "TEAM_ABBREVIATION", "TEAM_CITY_NAME", "TEAM_WINS_LOSSES", "PTS_QTR1", "PTS_QTR2", "PTS_QTR3", "PTS_QTR4", "PTS_OT1", "PTS_OT2", "PTS_OT3", "PTS_OT4", "PTS_OT5", "PTS_OT6", "PTS_OT7", "PTS_OT8", "PTS_OT9", "PTS_OT10", "PTS"], "rowSet": [["2010-11-05T00:00:00", 5, "0021000072", 1610612764, "WAS", "Washington", "1-3", 27, 22, 24, 18, 0, 0, 0, 0, 0, 0, 0, 0, 0, 0, 91], ["2010-11-05T00:00:00", 5, "0021000072", 1610612752, "NYK", "New York", "3-2", 26, 32, 23, 31, 0, 0, 0, 0, 0, 0, 0, 0, 0, 0, 112]], "name": "LineScore"}, {"headers": ["GAME_ID", "HOME_TEAM_ID", "VISITOR_TEAM_ID", "GAME_DATE_EST", "HOME_TEAM_WINS", "HOME_TEAM_LOSSES", "SERIES_LEADER"], "rowSet": [["0021000072", 1610612752, 1610612764, "2010-11-05T00:00:00", 3, 0, "New York"]], "name": "SeasonSeries"}, {"headers": ["GAME_ID", "LAST_GAME_ID", "LAST_GAME_DATE_EST", "LAST_GAME_HOME_TEAM_ID", "LAST_GAME_HOME_TEAM_CITY", "LAST_GAME_HOME_TEAM_NAME", "LAST_GAME_HOME_TEAM_ABBREVIATION", "LAST_GAME_HOME_TEAM_POINTS", "LAST_GAME_VISITOR_TEAM_ID", "LAST_GAME_VISITOR_TEAM_CITY", "LAST_GAME_VISITOR_TEAM_NAME", "LAST_GAME_VISITOR_TEAM_CITY1", "LAST_GAME_VISITOR_TEAM_POINTS"], "rowSet": [["0021000072", "0011000085", "2010-10-17T00:00:00", 1610612752, "New York", "Knicks", "NYK", 92, 1610612764, "Washington", "Wizards", "WAS", 90]], "name": "LastMeeting"}, {"headers": ["GAME_ID", "TEAM_ID", "TEAM_ABBREVIATION", "TEAM_CITY", "PLAYER_ID", "PLAYER_NAME", "START_POSITION", "COMMENT", "MIN", "FGM", "FGA", "FG_PCT", "FG3M", "FG3A", "FG3_PCT", "FTM", "FTA", "FT_PCT", "OREB", "DREB", "REB", "AST", "STL", "BLK", "TO", "PF", "PTS", "PLUS_MINUS"], "rowSet": [["0021000072", 1610612764, "WAS", "Washington", 101154, "Andray Blatche", "F", "", "38:15", 9, 17, 0.529, 0, 1, 0.0, 4, 4, 1.0, 2, 4, 6, 2, 3, 0, 3, 1, 22, -14.0], ["0021000072", 1610612764, "WAS", "Washington", 201154, "Al Thornton", "F", "", "26:14", 4, 9, 0.444, 0, 0, 0.0, 0, 0, 0.0, 3, 3, 6, 0, 0, 0, 2, 3, 8, -3.0], ["0021000072", 1610612764, "WAS", "Washington", 201580, "JaVale McGee", "C", "", "24:44", 4, 5, 0.8, 0, 0, 0.0, 0, 0, 0.0, 3, 5, 8, 0, 1, 1, 2, 5, 8, -12.0], ["0021000072", 1610612764, "WAS", "Washington", 2550, "Kirk Hinrich", "G", "", "33:05", 2, 8, 0.25, 0, 4, 0.0, 3, 4, 0.75, 0, 2, 2, 2, 1, 0, 3, 2, 7, -5.0], ["0021000072", 1610612764, "WAS", "Washington", 202322, "John Wall", "G", "", "34:45", 4, 11, 0.364, 0, 2, 0.0, 5, 6, 0.833, 0, 4, 4, 7, 0, 0, 9, 2, 13, -16.0], ["0021000072", 1610612764, "WAS", "Washington", 200756, "Hilton Armstrong", "", "", "17:55", 2, 4, 0.5, 0, 0, 0.0, 0, 0, 0.0, 1, 6, 7, 0, 0, 1, 0, 0, 4, -1.0], ["0021000072", 1610612764, "WAS", "Washington", 2240, "Gilbert Arenas", "", "", "26:19", 6, 13, 0.462, 4, 8, 0.5, 2, 3, 0.667, 0, 1, 1, 1, 1, 0, 0, 2, 18, -13.0], ["0021000072", 1610612764, "WAS", "Washington", 201991, "Lester Hudson", "", "", "1:54", 0, 0, 0.0, 0, 0, 0.0, 0, 0, 0.0, 0, 0, 0, 0, 0, 0, 0, 0, 0, -6.0], ["0021000072", 1610612764, "WAS", "Washington", 202344, "Trevor Booker", "", "", "1:54", 0, 0, 0.0, 0, 0, 0.0, 0, 0, 0.0, 0, 0, 0, 0, 0, 0, 1, 1, 0, -6.0], ["0021000072", 1610612764, "WAS", "Washington", 201146, "Yi Jianlian", "", "", "13:12", 2, 5, 0.4, 0, 0, 0.0, 4, 4, 1.0, 0, 1, 1, 1, 0, 0, 2, 0, 8, -9.0], ["0021000072", 1610612764, "WAS", "Washington", 201156, "Nick Young", "", "", "14:57", 1, 3, 0.333, 0, 1, 0.0, 1, 1, 1.0, 0, 1, 1, 0, 0, 0, 0, 0, 3, -18.0], ["0021000072", 1610612764, "WAS", "Washington", 201858, "Cartier Martin", "", "", "6:46", 0, 0, 0.0, 0, 0, 0.0, 0, 0, 0.0, 0, 1, 1, 0, 0, 0, 1, 2, 0, -2.0], ["0021000072", 1610612752, "NYK", "New York", 201568, "Danilo Gallinari", "F", "", "33:27", 6, 13, 0.462, 4, 9, 0.444, 0, 1, 0.0, 2, 2, 4, 2, 0, 2, 1, 1, 16, 24.0], ["0021000072", 1610612752, "NYK", "New York", 2405, "Amar'e Stoudemire", "F", "", "32:45", 6, 11, 0.545, 0, 0, 0.0, 6, 7, 0.857, 1, 3, 4, 2, 1, 4, 2, 1, 18, 11.0], ["0021000072", 1610612752, "NYK", "New York", 202389, "Timofey Mozgov", "C", "", "14:01", 3, 4, 0.75, 0, 0, 0.0, 0, 2, 0.0, 0, 0, 0, 2, 3, 1, 4, 1, 6, -2.0], ["0021000072", 1610612752, "NYK", "New York", 101109, "Raymond Felton", "G", "", "30:48", 5, 10, 0.5, 2, 5, 0.4, 1, 1, 1.0, 0, 2, 2, 10, 1, 0, 3, 4, 13, 9.0], ["0021000072", 1610612752, "NYK", "New York", 202361, "Landry Fields", "G", "", "19:30", 2, 5, 0.4, 1, 2, 0.5, 0, 0, 0.0, 1, 2, 3, 1, 0, 0, 0, 2, 5, 8.0], ["0021000072", 1610612752, "NYK", "New York", 201962, "Toney Douglas", "", "", "30:13", 8, 19, 0.421, 3, 8, 0.375, 0, 0, 0.0, 4, 6, 10, 3, 5, 0, 1, 1, 19, 19.0], ["0021000072", 1610612752, "NYK", "New York", 201163, "Wilson Chandler", "", "", "24:00", 5, 8, 0.625, 1, 2, 0.5, 3, 3, 1.0, 2, 4, 6, 0, 0, 1, 2, 1, 14, 13.0], ["0021000072", 1610612752, "NYK", "New York", 101142, "Ronny Turiaf", "", "", "30:12", 4, 4, 1.0, 0, 0, 0.0, 2, 2, 1.0, 0, 4, 4, 2, 0, 1, 2, 5, 10, 23.0], ["0021000072", 1610612752, "NYK", "New York", 201611, "Henry Walker", "", "", "15:03", 4, 6, 0.667, 1, 2, 0.5, 0, 0, 0.0, 0, 1, 1, 1, 0, 0, 0, 2, 9, 1.0], ["0021000072", 1610612752, "NYK", "New York", 201576, "Anthony Randolph", "", "", "10:01", 1, 7, 0.143, 0, 1, 0.0, 0, 2, 0.0, 3, 4, 7, 0, 1, 2, 3, 3, 2, -1.0], ["0021000072", 1610612752, "NYK", "New York", 2427, "Roger Mason Jr.", "", "DNP - Coach's Decision", null, null, null, null, null, null, null, null, null, null, null, null, null, null, null, null, null, null, null, null], ["0021000072", 1610612752, "NYK", "New York", 202360, "Andy Rautins", "", "DNP - Coach's Decision", null, null, null, null, null, null, null, null, null, null, null, null, null, null, null, null, null, null, null, null]], "name": "PlayerStats"}, {"headers": ["GAME_ID", "TEAM_ID", "TEAM_NAME", "TEAM_ABBREVIATION", "TEAM_CITY", "MIN", "FGM", "FGA", "FG_PCT", "FG3M", "FG3A", "FG3_PCT", "FTM", "FTA", "FT_PCT", "OREB", "DREB", "REB", "AST", "STL", "BLK", "TO", "PF", "PTS", "PLUS_MINUS"], "rowSet": [["0021000072", 1610612764, "Wizards", "WAS", "Washington", "240:00", 34, 75, 0.453, 4, 16, 0.25, 19, 22, 0.864, 9, 28, 37, 13, 6, 2, 23, 18, 91, -21.0], ["0021000072", 1610612752, "Knicks", "NYK", "New York", "240:00", 44, 87, 0.506, 12, 29, 0.414, 12, 18, 0.667, 13, 28, 41, 23, 11, 11, 18, 21, 112, 21.0]], "name": "TeamStats"}, {"headers": ["LEAGUE_ID", "SEASON_ID", "TEAM_ID", "TEAM_ABBREVIATION", "TEAM_CITY", "PTS_PAINT", "PTS_2ND_CHANCE", "PTS_FB", "LARGEST_LEAD", "LEAD_CHANGES", "TIMES_TIED"], "rowSet": [["00", "22010", 1610612764, "WAS", "Washington", 38, 16, 13, 21, 11, 13], ["00", "22010", 1610612752, "NYK", "New York", 46, 10, 19, 20, 11, 13]], "name": "OtherStats"}, {"headers": ["OFFICIAL_ID", "FIRST_NAME", "LAST_NAME", "JERSEY_NUM"], "rowSet": [[1176, "Monty", "McCutchen", "13"], [2715, "Eric", "Lewis", "42"], [101283, "Brian", "Forte", "45"]], "name": "Officials"}, {"headers": ["GAME_DATE", "ATTENDANCE", "GAME_TIME"], "rowSet": [["FRIDAY, NOVEMBER 5, 2010", 19763, "2:11"]], "name": "GameInfo"}, {"headers": ["PLAYER_ID", "FIRST_NAME", "LAST_NAME", "JERSEY_NUM", "TEAM_ID", "TEAM_CITY", "TEAM_NAME", "TEAM_ABBREVIATION"], "rowSet": [[2201, "Eddy", "Curry", "34", 1610612752, "New York", "Knicks", "NYK"], [200761, "Shawne", "Williams", " 3", 1610612752, "New York", "Knicks", "NYK"], [101235, "Kelenna", "Azubuike", " 7", 1610612752, "New York", "Knicks", "NYK"], [2572, "Josh", "Howard", " 5", 1610612764, "Washington", "Wizards", "WAS"], [202338, "Kevin", "Seraphin", "13", 1610612764, "Washington", "Wizards", "WAS"], [202380, "Hamady", "Ndiaye", "55", 1610612764, "Washington", "Wizards", "WAS"]], "name": "InactivePlayers"}, {"headers": ["VIDEO_AVAILABLE_FLAG"], "rowSet": [[0]], "name": "AvailableVideo"}], "parameters": {"GameID": "0021000072", "RangeType": 0, "StartPeriod": 0, "StartRange": 0, "EndPeriod": 0, "EndRange": 0}}