{"resource": "boxscore", "resultSets": [{"headers": ["GAME_DATE_EST", "GAME_SEQUENCE", "GAME_ID", "GAME_STATUS_ID", "GAME_STATUS_TEXT", "GAMECODE", "HOME_TEAM_ID", "VISITOR_TEAM_ID", "SEASON", "LIVE_PERIOD", "LIVE_PC_TIME", "NATL_TV_BROADCASTER_ABBREVIATION", "LIVE_PERIOD_TIME_BCAST", "WH_STATUS"], "rowSet": [["2010-10-31T00:00:00", 3, "0021000042", 3, "Final", "20101031/UTAOKC", 1610612760, 1610612762, "2010", 4, "", "NBA TV", "Q4  - NBA TV", 1]], "name": "GameSummary"}, {"headers": ["GAME_DATE_EST", "GAME_SEQUENCE", "GAME_ID", "TEAM_ID", "TEAM_ABBREVIATION", "TEAM_CITY_NAME", "TEAM_WINS_LOSSES", "PTS_QTR1", "PTS_QTR2", "PTS_QTR3", "PTS_QTR4", "PTS_OT1", "PTS_OT2", "PTS_OT3", "PTS_OT4", "PTS_OT5", "PTS_OT6", "PTS_OT7", "PTS_OT8", "PTS_OT9", "PTS_OT10", "PTS"], "rowSet": [["2010-10-31T00:00:00", 3, "0021000042", 1610612762, "UTA", "Utah", "1-2", 27, 29, 35, 29, 0, 0, 0, 0, 0, 0, 0, 0, 0, 0, 120], ["2010-10-31T00:00:00", 3, "0021000042", 1610612760, "OKC", "Oklahoma City", "2-1", 23, 17, 34, 25, 0, 0, 0, 0, 0, 0, 0, 0, 0, 0, 99]], "name": "LineScore"}, {"headers": ["GAME_ID", "HOME_TEAM_ID", "VISITOR_TEAM_ID", "GAME_DATE_EST", "HOME_TEAM_WINS", "HOME_TEAM_LOSSES", "SERIES_LEADER"], "rowSet": [["0021000042", 1610612760, 1610612762, "2010-10-31T00:00:00", 3, 1, "Oklahoma City"]], "name": "SeasonSeries"}, {"headers": ["GAME_ID", "LAST_GAME_ID", "LAST_GAME_DATE_EST", "LAST_GAME_HOME_TEAM_ID", "LAST_GAME_HOME_TEAM_CITY", "LAST_GAME_HOME_TEAM_NAME", "LAST_GAME_HOME_TEAM_ABBREVIATION", "LAST_GAME_HOME_TEAM_POINTS", "LAST_GAME_VISITOR_TEAM_ID", "LAST_GAME_VISITOR_TEAM_CITY", "LAST_GAME_VISITOR_TEAM_NAME", "LAST_GAME_VISITOR_TEAM_CITY1", "LAST_GAME_VISITOR_TEAM_POINTS"], "rowSet": [["0021000042", "0020901156", "2010-04-06T00:00:00", 1610612760, "Oklahoma City", "Thunder", "OKC", 139, 1610612762, "Utah", "Jazz", "UTA", 140]], "name": "LastMeeting"}, {"headers": ["GAME_ID", "TEAM_ID", "TEAM_ABBREVIATION", "TEAM_CITY", "PLAYER_ID", "PLAYER_NAME", "START_POSITION", "COMMENT", "MIN", "FGM", "FGA", "FG_PCT", "FG3M", "FG3A", "FG3_PCT", "FTM", "FTA", "FT_PCT", "OREB", "DREB", "REB", "AST", "STL", "BLK", "TO", "PF", "PTS", "PLUS_MINUS"], "rowSet": [["0021000042", 1610612762, "UTA", "Utah", 200794, "Paul Millsap", "F", "", "38:15", 12, 19, 0.632, 0, 0, 0.0, 6, 8, 0.75, 3, 13, 16, 6, 1, 0, 2, 2, 30, 24.0], ["0021000042", 1610612762, "UTA", "Utah", 1905, "Andrei Kirilenko", "F", "", "38:14", 7, 12, 0.583, 2, 3, 0.667, 3, 4, 0.75, 2, 2, 4, 4, 1, 1, 3, 3, 19, 22.0], ["0021000042", 1610612762, "UTA", "Utah", 2744, "Al Jefferson", "C", "", "41:21", 6, 14, 0.429, 0, 0, 0.0, 11, 12, 0.917, 2, 8, 10, 1, 1, 1, 2, 4, 23, 19.0], ["0021000042", 1610612762, "UTA", "Utah", 1952, "Raja Bell", "G", "", "18:34", 3, 3, 1.0, 1, 1, 1.0, 0, 0, 0.0, 0, 1, 1, 2, 0, 0, 1, 2, 7, 5.0], ["0021000042", 1610612762, "UTA", "Utah", 101114, "Deron Williams", "G", "", "36:30", 6, 12, 0.5, 1, 1, 1.0, 3, 3, 1.0, 0, 6, 6, 15, 0, 0, 3, 4, 16, 18.0], ["0021000042", 1610612762, "UTA", "Utah", 202379, "Jeremy Evans", "", "", "5:53", 0, 1, 0.0, 0, 0, 0.0, 0, 0, 0.0, 0, 0, 0, 0, 1, 0, 0, 1, 0, -1.0], ["0021000042", 1610612762, "UTA", "Utah", 201178, "Kyrylo Fesenko", "", "", "3:17", 0, 1, 0.0, 0, 0, 0.0, 0, 0, 0.0, 0, 0, 0, 0, 0, 0, 0, 2, 0, 2.0], ["0021000042", 1610612762, "UTA", "Utah", 101139, "CJ Miles", "", "", "24:50", 8, 13, 0.615, 3, 5, 0.6, 2, 3, 0.667, 1, 3, 4, 0, 1, 1, 1, 3, 21, 21.0], ["0021000042", 1610612762, "UTA", "Utah", 202330, "Gordon Hayward", "", "", "14:56", 2, 5, 0.4, 0, 0, 0.0, 0, 0, 0.0, 0, 0, 0, 0, 0, 0, 2, 2, 4, -7.0], ["0021000042", 1610612762, "UTA", "Utah", 2248, "Earl Watson", "", "", "11:30", 0, 2, 0.0, 0, 1, 0.0, 0, 0, 0.0, 0, 1, 1, 2, 1, 0, 1, 1, 0, 3.0], ["0021000042", 1610612762, "UTA", "Utah", 1922, "Francisco Elson", "", "", "4:27", 0, 1, 0.0, 0, 0, 0.0, 0, 0, 0.0, 0, 0, 0, 2, 0, 0, 0, 0, 0, 0.0], ["0021000042", 1610612762, "UTA", "Utah", 101179, "Ronnie Price", "", "", "2:13", 0, 0, 0.0, 0, 0, 0.0, 0, 0, 0.0, 0, 0, 0, 0, 0, 0, 0, 1, 0, -1.0], ["0021000042", 1610612760, "OKC", "Oklahoma City", 201142, "Kevin Durant", "F", "", "38:29", 8, 19, 0.421, 4, 6, 0.667, 8, 9, 0.889, 0, 4, 4, 1, 2, 2, 6, 2, 28, -22.0], ["0021000042", 1610612760, "OKC", "Oklahoma City", 201145, "Jeff Green", "F", "", "38:47", 5, 14, 0.357, 0, 4, 0.0, 7, 7, 1.0, 2, 7, 9, 1, 0, 0, 1, 4, 17, -25.0], ["0021000042", 1610612760, "OKC", "Oklahoma City", 2420, "Nenad Krstic", "C", "", "14:54", 0, 3, 0.0, 0, 0, 0.0, 0, 0, 0.0, 0, 2, 2, 0, 0, 0, 1, 1, 0, -17.0], ["0021000042", 1610612760, "OKC", "Oklahoma City", 200757, "Thabo Sefolosha", "G", "", "23:32", 3, 8, 0.375, 0, 3, 0.0, 0, 0, 0.0, 1, 4, 5, 1, 2, 0, 0, 3, 6, -16.0], ["0021000042", 1610612760, "OKC", "Oklahoma City", 201566, "Russell Westbrook", "G", "", "30:07", 7, 13, 0.538, 0, 1, 0.0, 8, 8, 1.0, 1, 3, 4, 5, 4, 1, 3, 3, 22, -17.0], ["0021000042", 1610612760, "OKC", "Oklahoma City", 201586, "Serge Ibaka", "", "", "22:38", 3, 6, 0.5, 0, 0, 0.0, 0, 0, 0.0, 1, 5, 6, 0, 0, 2, 1, 6, 6, -3.0], ["0021000042", 1610612760, "OKC", "Oklahoma City", 201935, "James Harden", "", "", "32:48", 1, 7, 0.143, 0, 5, 0.0, 5, 6, 0.833, 0, 2, 2, 1, 0, 0, 2, 4, 7, -4.0], ["0021000042", 1610612760, "OKC", "Oklahoma City", 201953, "Eric Maynor", "", "", "16:09", 2, 5, 0.4, 1, 1, 1.0, 1, 2, 0.5, 0, 3, 3, 1, 0, 0, 0, 2, 6, -3.0], ["0021000042", 1610612760, "OKC", "Oklahoma City", 202332, "Cole Aldrich", "", "", "10:51", 2, 3, 0.667, 0, 0, 0.0, 1, 2, 0.5, 1, 1, 2, 0, 1, 0, 0, 0, 5, 0.0], ["0021000042", 1610612760, "OKC", "Oklahoma City", 201161, "Daequan Cook", "", "", "9:03", 0, 0, 0.0, 0, 0, 0.0, 0, 0, 0.0, 0, 0, 0, 0, 0, 0, 0, 2, 0, 1.0], ["0021000042", 1610612760, "OKC", "Oklahoma City", 201591, "DJ White", "", "", "2:42", 1, 2, 0.5, 0, 0, 0.0, 0, 0, 0.0, 1, 0, 1, 0, 0, 0, 0, 0, 2, 1.0], ["0021000042", 1610612760, "OKC", "Oklahoma City", 2767, "Royal Ivey", "", "DNP - Coach's Decision", null, null, null, null, null, null, null, null, null, null, null, null, null, null, null, null, null, null, null, null]], "name": "PlayerStats"}, {"headers": ["GAME_ID", "TEAM_ID", "TEAM_NAME", "TEAM_ABBREVIATION", "TEAM_CITY", "MIN", "FGM", "FGA", "FG_PCT", "FG3M", "FG3A", "FG3_PCT", "FTM", "FTA", "FT_PCT", "OREB", "DREB", "REB", "AST", "STL", "BLK", "TO", "PF", "PTS", "PLUS_MINUS"], "rowSet": [["0021000042", 1610612762, "Jazz", "UTA", "Utah", "240:00", 44, 83, 0.53, 7, 11, 0.636, 25, 30, 0.833, 8, 34, 42, 32, 6, 3, 15, 25, 120, 21.0], ["0021000042", 1610612760, "Thunder", "OKC", "Oklahoma City", "240:00", 32, 80, 0.4, 5, 20, 0.25, 30, 34, 0.882, 7, 31, 38, 10, 9, 5, 14, 27, 99, -21.0]], "name": "TeamStats"}, {"headers": ["LEAGUE_ID", "SEASON_ID", "TEAM_ID", "TEAM_ABBREVIATION", "TEAM_CITY", "PTS_PAINT", "PTS_2ND_CHANCE", "PTS_FB", "LARGEST_LEAD", "LEAD_CHANGES", "TIMES_TIED"], "rowSet": [["00", "22010", 1610612760, "OKC", "Oklahoma City", 48, 8, 11, 27, 5, 5], ["00", "22010", 1610612762, "UTA", "Utah", 52, 18, 8, 25, 5, 5]], "name": "OtherStats"}, {"headers": ["OFFICIAL_ID", "FIRST_NAME", "LAST_NAME", "JERSEY_NUM"], "rowSet": [[1194, "Bill", "Spooner", "22"], [101284, "John", "Goble", "30"], [202058, "James", "Williams", "60"]], "name": "Officials"}, {"headers": ["GAME_DATE", "ATTENDANCE", "GAME_TIME"], "rowSet": [["SUNDAY, OCTOBER 31, 2010", 18203, "2:20"]], "name": "GameInfo"}, {"headers": ["PLAYER_ID", "FIRST_NAME", "LAST_NAME", "JERSEY_NUM", "TEAM_ID", "TEAM_CITY", "TEAM_NAME", "TEAM_ABBREVIATION"], "rowSet": [[2246, "Mehmet", "Okur", "13", 1610612762, "Utah", "Jazz", "UTA"], [2050, "Morris", "Peterson", "42", 1610612760, "Oklahoma City", "Thunder", "OKC"], [2555, "Nick", "Collison", "4", 1610612760, "Oklahoma City", "Thunder", "OKC"], [201957, "Byron", "Mullens", "23", 1610612760, "Oklahoma City", "Thunder", "OKC"]], "name": "InactivePlayers"}, {"headers": ["VIDEO_AVAILABLE_FLAG"], "rowSet": [[0]], "name": "AvailableVideo"}], "parameters": {"GameID": "0021000042", "RangeType": 0, "StartPeriod": 0, "StartRange": 0, "EndPeriod": 0, "EndRange": 0}}