{"resource": "boxscore", "resultSets": [{"headers": ["GAME_DATE_EST", "GAME_SEQUENCE", "GAME_ID", "GAME_STATUS_ID", "GAME_STATUS_TEXT", "GAMECODE", "HOME_TEAM_ID", "VISITOR_TEAM_ID", "SEASON", "LIVE_PERIOD", "LIVE_PC_TIME", "NATL_TV_BROADCASTER_ABBREVIATION", "LIVE_PERIOD_TIME_BCAST", "WH_STATUS"], "rowSet": [["2010-11-06T00:00:00", 2, "0021000081", 3, "Final", "20101106/CLEWAS", 1610612764, 1610612739, "2010", 4, "", null, "Q4  - ", 1]], "name": "GameSummary"}, {"headers": ["GAME_DATE_EST", "GAME_SEQUENCE", "GAME_ID", "TEAM_ID", "TEAM_ABBREVIATION", "TEAM_CITY_NAME", "TEAM_WINS_LOSSES", "PTS_QTR1", "PTS_QTR2", "PTS_QTR3", "PTS_QTR4", "PTS_OT1", "PTS_OT2", "PTS_OT3", "PTS_OT4", "PTS_OT5", "PTS_OT6", "PTS_OT7", "PTS_OT8", "PTS_OT9", "PTS_OT10", "PTS"], "rowSet": [["2010-11-06T00:00:00", 2, "0021000081", 1610612764, "WAS", "Washington", "1-4", 28, 23, 25, 26, 0, 0, 0, 0, 0, 0, 0, 0, 0, 0, 102], ["2010-11-06T00:00:00", 2, "0021000081", 1610612739, "CLE", "Cleveland", "3-3", 27, 32, 17, 31, 0, 0, 0, 0, 0, 0, 0, 0, 0, 0, 107]], "name": "LineScore"}, {"headers": ["GAME_ID", "HOME_TEAM_ID", "VISITOR_TEAM_ID", "GAME_DATE_EST", "HOME_TEAM_WINS", "HOME_TEAM_LOSSES", "SERIES_LEADER"], "rowSet": [["0021000081", 1610612764, 1610612739, "2010-11-06T00:00:00", 2, 2, "Tied"]], "name": "SeasonSeries"}, {"headers": ["GAME_ID", "LAST_GAME_ID", "LAST_GAME_DATE_EST", "LAST_GAME_HOME_TEAM_ID", "LAST_GAME_HOME_TEAM_CITY", "LAST_GAME_HOME_TEAM_NAME", "LAST_GAME_HOME_TEAM_ABBREVIATION", "LAST_GAME_HOME_TEAM_POINTS", "LAST_GAME_VISITOR_TEAM_ID", "LAST_GAME_VISITOR_TEAM_CITY", "LAST_GAME_VISITOR_TEAM_NAME", "LAST_GAME_VISITOR_TEAM_CITY1", "LAST_GAME_VISITOR_TEAM_POINTS"], "rowSet": [["0021000081", "0011000018", "2010-10-07T00:00:00", 1610612764, "Washington", "Wizards", "WAS", 97, 1610612739, "Cleveland", "Cavaliers", "CLE", 83]], "name": "LastMeeting"}, {"headers": ["GAME_ID", "TEAM_ID", "TEAM_ABBREVIATION", "TEAM_CITY", "PLAYER_ID", "PLAYER_NAME", "START_POSITION", "COMMENT", "MIN", "FGM", "FGA", "FG_PCT", "FG3M", "FG3A", "FG3_PCT", "FTM", "FTA", "FT_PCT", "OREB", "DREB", "REB", "AST", "STL", "BLK", "TO", "PF", "PTS", "PLUS_MINUS"], "rowSet": [["0021000081", 1610612739, "CLE", "Cleveland", 200081, "Jamario Moon", "F", "", "24:50", 2, 8, 0.25, 1, 4, 0.25, 2, 2, 1.0, 0, 3, 3, 5, 2, 0, 0, 3, 7, -16.0], ["0021000081", 1610612739, "CLE", "Cleveland", 201581, "JJ Hickson", "F", "", "30:44", 4, 10, 0.4, 0, 0, 0.0, 2, 4, 0.5, 1, 2, 3, 2, 0, 1, 2, 3, 10, -4.0], ["0021000081", 1610612739, "CLE", "Cleveland", 2760, "Anderson Varejao", "C", "", "35:02", 4, 7, 0.571, 0, 0, 0.0, 0, 0, 0.0, 2, 9, 11, 2, 1, 0, 0, 3, 8, 1.0], ["0021000081", 1610612739, "CLE", "Cleveland", 1515, "Anthony Parker", "G", "", "29:34", 4, 9, 0.444, 3, 4, 0.75, 2, 2, 1.0, 0, 2, 2, 1, 0, 0, 1, 1, 13, -4.0], ["0021000081", 1610612739, "CLE", "Cleveland", 2590, "Mo Williams", "G", "", "31:36", 10, 19, 0.526, 1, 6, 0.167, 7, 10, 0.7, 0, 4, 4, 3, 2, 0, 3, 2, 28, -3.0], ["0021000081", 1610612739, "CLE", "Cleveland", 200789, "Daniel Gibson", "", "", "27:54", 7, 11, 0.636, 2, 2, 1.0, 3, 3, 1.0, 1, 3, 4, 2, 2, 0, 2, 3, 19, 10.0], ["0021000081", 1610612739, "CLE", "Cleveland", 200797, "Ryan Hollins", "", "", "17:16", 5, 5, 1.0, 0, 0, 0.0, 1, 1, 1.0, 0, 1, 1, 0, 0, 1, 0, 0, 11, 9.0], ["0021000081", 1610612739, "CLE", "Cleveland", 101214, "Jawad Williams", "", "", "15:14", 1, 6, 0.167, 1, 2, 0.5, 0, 0, 0.0, 0, 3, 3, 3, 0, 0, 1, 0, 3, 9.0], ["0021000081", 1610612739, "CLE", "Cleveland", 201196, "Ramon Sessions", "", "", "18:12", 1, 6, 0.167, 0, 0, 0.0, 4, 4, 1.0, 1, 4, 5, 1, 0, 0, 1, 1, 6, 15.0], ["0021000081", 1610612739, "CLE", "Cleveland", 101121, "Joey Graham", "", "", "9:38", 1, 1, 1.0, 0, 0, 0.0, 0, 0, 0.0, 0, 1, 1, 0, 0, 0, 2, 1, 2, 8.0], ["0021000081", 1610612739, "CLE", "Cleveland", 202412, "Manny Harris", "", "DNP - Coach's Decision", null, null, null, null, null, null, null, null, null, null, null, null, null, null, null, null, null, null, null, null], ["0021000081", 1610612739, "CLE", "Cleveland", 200796, "Leon Powe", "", "DNP - Coach's Decision", null, null, null, null, null, null, null, null, null, null, null, null, null, null, null, null, null, null, null, null], ["0021000081", 1610612764, "WAS", "Washington", 201154, "Al Thornton", "F", "", "32:45", 10, 16, 0.625, 1, 2, 0.5, 2, 2, 1.0, 1, 5, 6, 2, 1, 0, 1, 1, 23, 7.0], ["0021000081", 1610612764, "WAS", "Washington", 101154, "Andray Blatche", "F", "", "33:15", 6, 14, 0.429, 0, 0, 0.0, 4, 4, 1.0, 4, 11, 15, 2, 1, 1, 3, 2, 16, 9.0], ["0021000081", 1610612764, "WAS", "Washington", 201580, "JaVale McGee", "C", "", "32:25", 5, 8, 0.625, 0, 0, 0.0, 1, 4, 0.25, 4, 6, 10, 2, 0, 3, 0, 2, 11, 12.0], ["0021000081", 1610612764, "WAS", "Washington", 2550, "Kirk Hinrich", "G", "", "37:03", 7, 14, 0.5, 3, 9, 0.333, 4, 4, 1.0, 1, 4, 5, 4, 1, 0, 0, 3, 21, 12.0], ["0021000081", 1610612764, "WAS", "Washington", 202322, "John Wall", "G", "", "43:04", 5, 14, 0.357, 0, 1, 0.0, 3, 4, 0.75, 0, 4, 4, 10, 1, 1, 6, 4, 13, -1.0], ["0021000081", 1610612764, "WAS", "Washington", 200756, "Hilton Armstrong", "", "", "15:16", 0, 1, 0.0, 0, 0, 0.0, 0, 0, 0.0, 1, 1, 2, 1, 2, 0, 2, 3, 0, -20.0], ["0021000081", 1610612764, "WAS", "Washington", 2240, "Gilbert Arenas", "", "", "25:12", 4, 13, 0.308, 3, 6, 0.5, 2, 2, 1.0, 0, 1, 1, 3, 2, 1, 2, 2, 13, -21.0], ["0021000081", 1610612764, "WAS", "Washington", 201146, "Yi Jianlian", "", "", "15:04", 1, 5, 0.2, 0, 1, 0.0, 0, 0, 0.0, 0, 1, 1, 2, 0, 1, 0, 2, 2, -11.0], ["0021000081", 1610612764, "WAS", "Washington", 201156, "Nick Young", "", "", "5:56", 1, 3, 0.333, 1, 2, 0.5, 0, 0, 0.0, 0, 0, 0, 0, 0, 0, 0, 0, 3, -12.0], ["0021000081", 1610612764, "WAS", "Washington", 202344, "Trevor Booker", "", "DNP - Coach's Decision", null, null, null, null, null, null, null, null, null, null, null, null, null, null, null, null, null, null, null, null], ["0021000081", 1610612764, "WAS", "Washington", 201991, "Lester Hudson", "", "DNP - Coach's Decision", null, null, null, null, null, null, null, null, null, null, null, null, null, null, null, null, null, null, null, null], ["0021000081", 1610612764, "WAS", "Washington", 201858, "Cartier Martin", "", "DNP - Coach's Decision", null, null, null, null, null, null, null, null, null, null, null, null, null, null, null, null, null, null, null, null]], "name": "PlayerStats"}, {"headers": ["GAME_ID", "TEAM_ID", "TEAM_NAME", "TEAM_ABBREVIATION", "TEAM_CITY", "MIN", "FGM", "FGA", "FG_PCT", "FG3M", "FG3A", "FG3_PCT", "FTM", "FTA", "FT_PCT", "OREB", "DREB", "REB", "AST", "STL", "BLK", "TO", "PF", "PTS", "PLUS_MINUS"], "rowSet": [["0021000081", 1610612764, "Wizards", "WAS", "Washington", "240:00", 39, 88, 0.443, 8, 21, 0.381, 16, 20, 0.8, 11, 33, 44, 26, 8, 7, 14, 19, 102, -5.0], ["0021000081", 1610612739, "Cavaliers", "CLE", "Cleveland", "240:00", 39, 82, 0.476, 8, 18, 0.444, 21, 26, 0.808, 5, 32, 37, 19, 7, 2, 12, 17, 107, 5.0]], "name": "TeamStats"}, {"headers": ["LEAGUE_ID", "SEASON_ID", "TEAM_ID", "TEAM_ABBREVIATION", "TEAM_CITY", "PTS_PAINT", "PTS_2ND_CHANCE", "PTS_FB", "LARGEST_LEAD", "LEAD_CHANGES", "TIMES_TIED"], "rowSet": [["00", "22010", 1610612764, "WAS", "Washington", 36, 8, 18, 11, 16, 12], ["00", "22010", 1610612739, "CLE", "Cleveland", 40, 9, 14, 9, 16, 12]], "name": "OtherStats"}, {"headers": ["OFFICIAL_ID", "FIRST_NAME", "LAST_NAME", "JERSEY_NUM"], "rowSet": [[2005, "Matt", "Boland", "46"], [2530, "Ed", "Malloy", "14"], [200833, "Eric", "Dalen", "75"]], "name": "Officials"}, {"headers": ["GAME_DATE", "ATTENDANCE", "GAME_TIME"], "rowSet": [["SATURDAY, NOVEMBER 6, 2010", 14442, "2:16"]], "name": "GameInfo"}, {"headers": ["PLAYER_ID", "FIRST_NAME", "LAST_NAME", "JERSEY_NUM", "TEAM_ID", "TEAM_CITY", "TEAM_NAME", "TEAM_ABBREVIATION"], "rowSet": [[1712, "Antawn", "Jamison", " 4", 1610612739, "Cleveland", "Cavaliers", "CLE"], [201963, "Christian", "Eyenga", " 8", 1610612739, "Cleveland", "Cavaliers", "CLE"], [202396, "Samardo", "Samuels", "24", 1610612739, "Cleveland", "Cavaliers", "CLE"], [2572, "Josh", "Howard", " 5", 1610612764, "Washington", "Wizards", "WAS"], [202338, "Kevin", "Seraphin", "13", 1610612764, "Washington", "Wizards", "WAS"], [202380, "Hamady", "Ndiaye", "55", 1610612764, "Washington", "Wizards", "WAS"]], "name": "InactivePlayers"}, {"headers": ["VIDEO_AVAILABLE_FLAG"], "rowSet": [[0]], "name": "AvailableVideo"}], "parameters": {"GameID": "0021000081", "RangeType": 0, "StartPeriod": 0, "StartRange": 0, "EndPeriod": 0, "EndRange": 0}}