{"resource": "boxscore", "resultSets": [{"headers": ["GAME_DATE_EST", "GAME_SEQUENCE", "GAME_ID", "GAME_STATUS_ID", "GAME_STATUS_TEXT", "GAMECODE", "HOME_TEAM_ID", "VISITOR_TEAM_ID", "SEASON", "LIVE_PERIOD", "LIVE_PC_TIME", "NATL_TV_BROADCASTER_ABBREVIATION", "LIVE_PERIOD_TIME_BCAST", "WH_STATUS"], "rowSet": [["2010-10-29T00:00:00", 10, "0021000028", 3, "Final", "20101029/MEMDAL", 1610612742, 1610612763, "2010", 4, "", null, "Q4  - ", 1]], "name": "GameSummary"}, {"headers": ["GAME_DATE_EST", "GAME_SEQUENCE", "GAME_ID", "TEAM_ID", "TEAM_ABBREVIATION", "TEAM_CITY_NAME", "TEAM_WINS_LOSSES", "PTS_QTR1", "PTS_QTR2", "PTS_QTR3", "PTS_QTR4", "PTS_OT1", "PTS_OT2", "PTS_OT3", "PTS_OT4", "PTS_OT5", "PTS_OT6", "PTS_OT7", "PTS_OT8", "PTS_OT9", "PTS_OT10", "PTS"], "rowSet": [["2010-10-29T00:00:00", 10, "0021000028", 1610612742, "DAL", "Dallas", "1-1", 29, 21, 25, 15, 0, 0, 0, 0, 0, 0, 0, 0, 0, 0, 90], ["2010-10-29T00:00:00", 10, "0021000028", 1610612763, "MEM", "Memphis", "1-1", 24, 17, 28, 22, 0, 0, 0, 0, 0, 0, 0, 0, 0, 0, 91]], "name": "LineScore"}, {"headers": ["GAME_ID", "HOME_TEAM_ID", "VISITOR_TEAM_ID", "GAME_DATE_EST", "HOME_TEAM_WINS", "HOME_TEAM_LOSSES", "SERIES_LEADER"], "rowSet": [["0021000028", 1610612742, 1610612763, "2010-10-29T00:00:00", 1, 3, "Memphis"]], "name": "SeasonSeries"}, {"headers": ["GAME_ID", "LAST_GAME_ID", "LAST_GAME_DATE_EST", "LAST_GAME_HOME_TEAM_ID", "LAST_GAME_HOME_TEAM_CITY", "LAST_GAME_HOME_TEAM_NAME", "LAST_GAME_HOME_TEAM_ABBREVIATION", "LAST_GAME_HOME_TEAM_POINTS", "LAST_GAME_VISITOR_TEAM_ID", "LAST_GAME_VISITOR_TEAM_CITY", "LAST_GAME_VISITOR_TEAM_NAME", "LAST_GAME_VISITOR_TEAM_CITY1", "LAST_GAME_VISITOR_TEAM_POINTS"], "rowSet": [["0021000028", "0020901167", "2010-04-07T00:00:00", 1610612742, "Dallas", "Mavericks", "DAL", 110, 1610612763, "Memphis", "Grizzlies", "MEM", 84]], "name": "LastMeeting"}, {"headers": ["GAME_ID", "TEAM_ID", "TEAM_ABBREVIATION", "TEAM_CITY", "PLAYER_ID", "PLAYER_NAME", "START_POSITION", "COMMENT", "MIN", "FGM", "FGA", "FG_PCT", "FG3M", "FG3A", "FG3_PCT", "FTM", "FTA", "FT_PCT", "OREB", "DREB", "REB", "AST", "STL", "BLK", "TO", "PF", "PTS", "PLUS_MINUS"], "rowSet": [["0021000028", 1610612763, "MEM", "Memphis", 200752, "Rudy Gay", "F", "", "43:55", 9, 19, 0.474, 0, 3, 0.0, 3, 4, 0.75, 3, 5, 8, 3, 3, 1, 1, 1, 21, -3.0], ["0021000028", 1610612763, "MEM", "Memphis", 201589, "Darrell Arthur", "F", "", "26:39", 6, 10, 0.6, 0, 0, 0.0, 2, 2, 1.0, 2, 3, 5, 1, 1, 1, 1, 5, 14, 6.0], ["0021000028", 1610612763, "MEM", "Memphis", 201188, "Marc Gasol", "C", "", "33:03", 2, 5, 0.4, 0, 0, 0.0, 6, 8, 0.75, 6, 9, 15, 4, 1, 0, 1, 4, 10, 14.0], ["0021000028", 1610612763, "MEM", "Memphis", 201564, "O.J. Mayo", "G", "", "36:53", 6, 17, 0.353, 4, 9, 0.444, 4, 4, 1.0, 1, 3, 4, 2, 3, 1, 1, 2, 20, 4.0], ["0021000028", 1610612763, "MEM", "Memphis", 201144, "Mike Conley", "G", "", "37:23", 3, 11, 0.273, 0, 1, 0.0, 2, 4, 0.5, 1, 4, 5, 6, 4, 0, 4, 3, 8, 8.0], ["0021000028", 1610612763, "MEM", "Memphis", 201970, "Sam Young", "", "", "10:30", 0, 3, 0.0, 0, 0, 0.0, 0, 0, 0.0, 0, 1, 1, 0, 0, 0, 2, 0, 0, -3.0], ["0021000028", 1610612763, "MEM", "Memphis", 201934, "Hasheem Thabeet", "", "", "11:45", 0, 0, 0.0, 0, 0, 0.0, 1, 2, 0.5, 0, 2, 2, 0, 0, 0, 0, 0, 1, -11.0], ["0021000028", 1610612763, "MEM", "Memphis", 202333, "Xavier Henry", "", "", "12:26", 1, 7, 0.143, 0, 1, 0.0, 4, 6, 0.667, 0, 1, 1, 0, 0, 0, 0, 3, 6, -8.0], ["0021000028", 1610612763, "MEM", "Memphis", 201151, "Acie Law", "", "", "10:36", 0, 2, 0.0, 0, 1, 0.0, 0, 0, 0.0, 0, 0, 0, 1, 0, 0, 0, 1, 0, -7.0], ["0021000028", 1610612763, "MEM", "Memphis", 201632, "Hamed Haddadi", "", "", "3:08", 0, 1, 0.0, 0, 0, 0.0, 1, 2, 0.5, 0, 2, 2, 0, 0, 0, 0, 1, 1, -2.0], ["0021000028", 1610612763, "MEM", "Memphis", 2754, "Tony Allen", "", "", "13:43", 4, 5, 0.8, 0, 0, 0.0, 2, 4, 0.5, 1, 1, 2, 0, 0, 0, 3, 4, 10, 7.0], ["0021000028", 1610612763, "MEM", "Memphis", 201960, "DeMarre Carroll", "", "DNP - Coach's Decision", null, null, null, null, null, null, null, null, null, null, null, null, null, null, null, null, null, null, null, null], ["0021000028", 1610612742, "DAL", "Dallas", 2406, "Caron Butler", "F", "", "34:13", 8, 17, 0.471, 0, 0, 0.0, 2, 3, 0.667, 3, 3, 6, 1, 2, 1, 2, 2, 18, -4.0], ["0021000028", 1610612742, "DAL", "Dallas", 1717, "Dirk Nowitzki", "F", "", "37:51", 11, 15, 0.733, 1, 1, 1.0, 4, 6, 0.667, 1, 6, 7, 2, 0, 0, 2, 3, 27, -5.0], ["0021000028", 1610612742, "DAL", "Dallas", 2199, "Tyson Chandler", "C", "", "28:21", 0, 1, 0.0, 0, 0, 0.0, 3, 4, 0.75, 0, 9, 9, 0, 0, 3, 2, 4, 3, -1.0], ["0021000028", 1610612742, "DAL", "Dallas", 1891, "Jason Terry", "G", "", "36:24", 6, 13, 0.462, 1, 5, 0.2, 0, 1, 0.0, 0, 3, 3, 5, 0, 0, 1, 1, 13, 3.0], ["0021000028", 1610612742, "DAL", "Dallas", 467, "Jason Kidd", "G", "", "34:42", 3, 9, 0.333, 2, 7, 0.286, 1, 2, 0.5, 2, 4, 6, 10, 2, 0, 5, 5, 9, -7.0], ["0021000028", 1610612742, "DAL", "Dallas", 202346, "Dominique Jones", "", "", "8:56", 0, 0, 0.0, 0, 0, 0.0, 1, 2, 0.5, 0, 1, 1, 2, 0, 0, 1, 0, 1, 0.0], ["0021000028", 1610612742, "DAL", "Dallas", 1890, "Shawn Marion", "", "", "24:03", 4, 11, 0.364, 1, 1, 1.0, 3, 4, 0.75, 2, 5, 7, 0, 1, 0, 1, 2, 12, 7.0], ["0021000028", 1610612742, "DAL", "Dallas", 2217, "Brendan Haywood", "", "", "19:33", 0, 1, 0.0, 0, 0, 0.0, 0, 0, 0.0, 0, 4, 4, 0, 1, 2, 2, 4, 0, 0.0], ["0021000028", 1610612742, "DAL", "Dallas", 200826, "Jose Juan Barea", "", "", "15:58", 2, 5, 0.4, 1, 4, 0.25, 2, 2, 1.0, 0, 2, 2, 4, 1, 0, 2, 1, 7, 2.0], ["0021000028", 1610612742, "DAL", "Dallas", 2073, "Brian Cardinal", "", "DNP - Coach's Decision", null, null, null, null, null, null, null, null, null, null, null, null, null, null, null, null, null, null, null, null], ["0021000028", 1610612742, "DAL", "Dallas", 101133, "Ian Mahinmi", "", "DNP - Coach's Decision", null, null, null, null, null, null, null, null, null, null, null, null, null, null, null, null, null, null, null, null], ["0021000028", 1610612742, "DAL", "Dallas", 2052, "DeShawn Stevenson", "", "DNP - Coach's Decision", null, null, null, null, null, null, null, null, null, null, null, null, null, null, null, null, null, null, null, null]], "name": "PlayerStats"}, {"headers": ["GAME_ID", "TEAM_ID", "TEAM_NAME", "TEAM_ABBREVIATION", "TEAM_CITY", "MIN", "FGM", "FGA", "FG_PCT", "FG3M", "FG3A", "FG3_PCT", "FTM", "FTA", "FT_PCT", "OREB", "DREB", "REB", "AST", "STL", "BLK", "TO", "PF", "PTS", "PLUS_MINUS"], "rowSet": [["0021000028", 1610612763, "Grizzlies", "MEM", "Memphis", "240:00", 31, 80, 0.388, 4, 15, 0.267, 25, 36, 0.694, 14, 31, 45, 17, 12, 3, 13, 24, 91, 1.0], ["0021000028", 1610612742, "Mavericks", "DAL", "Dallas", "240:00", 34, 72, 0.472, 6, 18, 0.333, 16, 24, 0.667, 8, 37, 45, 24, 7, 6, 18, 22, 90, -1.0]], "name": "TeamStats"}, {"headers": ["LEAGUE_ID", "SEASON_ID", "TEAM_ID", "TEAM_ABBREVIATION", "TEAM_CITY", "PTS_PAINT", "PTS_2ND_CHANCE", "PTS_FB", "LARGEST_LEAD", "LEAD_CHANGES", "TIMES_TIED"], "rowSet": [["00", "22010", 1610612742, "DAL", "Dallas", 30, 6, 13, 10, 14, 4], ["00", "22010", 1610612763, "MEM", "Memphis", 34, 16, 12, 11, 15, 5]], "name": "OtherStats"}, {"headers": ["OFFICIAL_ID", "FIRST_NAME", "LAST_NAME", "JERSEY_NUM"], "rowSet": [[1174, "Ken", "Mauer", "41"], [2002, "Derrick", "Collins", "11"], [202007, "Nick", "Buchert", "54"]], "name": "Officials"}, {"headers": ["GAME_DATE", "ATTENDANCE", "GAME_TIME"], "rowSet": [["FRIDAY, OCTOBER 29, 2010", 20060, "2:29"]], "name": "GameInfo"}, {"headers": ["PLAYER_ID", "FIRST_NAME", "LAST_NAME", "JERSEY_NUM", "TEAM_ID", "TEAM_CITY", "TEAM_NAME", "TEAM_ABBREVIATION"], "rowSet": [[2216, "Zach", "Randolph", "50", 1610612763, "Memphis", "Grizzlies", "MEM"], [202349, "Greivis", "Vasquez", "21", 1610612763, "Memphis", "Grizzlies", "MEM"], [200779, "Steve", "Novak", "21", 1610612742, "Dallas", "Mavericks", "DAL"], [201582, "Alexis", "Ajinca", "8", 1610612742, "Dallas", "Mavericks", "DAL"], [201958, "Rodrigue", "Beaubois", "3", 1610612742, "Dallas", "Mavericks", "DAL"]], "name": "InactivePlayers"}, {"headers": ["VIDEO_AVAILABLE_FLAG"], "rowSet": [[0]], "name": "AvailableVideo"}], "parameters": {"GameID": "0021000028", "RangeType": 0, "StartPeriod": 0, "StartRange": 0, "EndPeriod": 0, "EndRange": 0}}