{"resource": "boxscore", "resultSets": [{"headers": ["GAME_DATE_EST", "GAME_SEQUENCE", "GAME_ID", "GAME_STATUS_ID", "GAME_STATUS_TEXT", "GAMECODE", "HOME_TEAM_ID", "VISITOR_TEAM_ID", "SEASON", "LIVE_PERIOD", "LIVE_PC_TIME", "NATL_TV_BROADCASTER_ABBREVIATION", "LIVE_PERIOD_TIME_BCAST", "WH_STATUS"], "rowSet": [["2010-11-03T00:00:00", 10, "0021000063", 3, "Final", "20101103/MEMGSW", 1610612744, 1610612763, "2010", 4, "", null, "Q4  - ", 1]], "name": "GameSummary"}, {"headers": ["GAME_DATE_EST", "GAME_SEQUENCE", "GAME_ID", "TEAM_ID", "TEAM_ABBREVIATION", "TEAM_CITY_NAME", "TEAM_WINS_LOSSES", "PTS_QTR1", "PTS_QTR2", "PTS_QTR3", "PTS_QTR4", "PTS_OT1", "PTS_OT2", "PTS_OT3", "PTS_OT4", "PTS_OT5", "PTS_OT6", "PTS_OT7", "PTS_OT8", "PTS_OT9", "PTS_OT10", "PTS"], "rowSet": [["2010-11-03T00:00:00", 10, "0021000063", 1610612763, "MEM", "Memphis", "2-3", 26, 26, 31, 26, 0, 0, 0, 0, 0, 0, 0, 0, 0, 0, 109], ["2010-11-03T00:00:00", 10, "0021000063", 1610612744, "GSW", "Golden State", "3-1", 27, 37, 24, 27, 0, 0, 0, 0, 0, 0, 0, 0, 0, 0, 115]], "name": "LineScore"}, {"headers": ["GAME_ID", "HOME_TEAM_ID", "VISITOR_TEAM_ID", "GAME_DATE_EST", "HOME_TEAM_WINS", "HOME_TEAM_LOSSES", "SERIES_LEADER"], "rowSet": [["0021000063", 1610612744, 1610612763, "2010-11-03T00:00:00", 1, 2, "Memphis"]], "name": "SeasonSeries"}, {"headers": ["GAME_ID", "LAST_GAME_ID", "LAST_GAME_DATE_EST", "LAST_GAME_HOME_TEAM_ID", "LAST_GAME_HOME_TEAM_CITY", "LAST_GAME_HOME_TEAM_NAME", "LAST_GAME_HOME_TEAM_ABBREVIATION", "LAST_GAME_HOME_TEAM_POINTS", "LAST_GAME_VISITOR_TEAM_ID", "LAST_GAME_VISITOR_TEAM_CITY", "LAST_GAME_VISITOR_TEAM_NAME", "LAST_GAME_VISITOR_TEAM_CITY1", "LAST_GAME_VISITOR_TEAM_POINTS"], "rowSet": [["0021000063", "0020901067", "2010-03-24T00:00:00", 1610612744, "Golden State", "Warriors", "GSW", 128, 1610612763, "Memphis", "Grizzlies", "MEM", 110]], "name": "LastMeeting"}, {"headers": ["GAME_ID", "TEAM_ID", "TEAM_ABBREVIATION", "TEAM_CITY", "PLAYER_ID", "PLAYER_NAME", "START_POSITION", "COMMENT", "MIN", "FGM", "FGA", "FG_PCT", "FG3M", "FG3A", "FG3_PCT", "FTM", "FTA", "FT_PCT", "OREB", "DREB", "REB", "AST", "STL", "BLK", "TO", "PF", "PTS", "PLUS_MINUS"], "rowSet": [["0021000063", 1610612763, "MEM", "Memphis", 200752, "Rudy Gay", "F", "", "45:30", 14, 23, 0.609, 4, 7, 0.571, 3, 4, 0.75, 1, 6, 7, 3, 2, 0, 3, 3, 35, -6.0], ["0021000063", 1610612763, "MEM", "Memphis", 201589, "Darrell Arthur", "F", "", "27:50", 5, 9, 0.556, 0, 0, 0.0, 0, 0, 0.0, 1, 3, 4, 0, 0, 0, 2, 6, 10, 8.0], ["0021000063", 1610612763, "MEM", "Memphis", 201188, "Marc Gasol", "C", "", "31:13", 3, 5, 0.6, 0, 0, 0.0, 4, 6, 0.667, 2, 6, 8, 2, 1, 1, 4, 4, 10, 4.0], ["0021000063", 1610612763, "MEM", "Memphis", 201564, "O.J. Mayo", "G", "", "36:52", 9, 20, 0.45, 3, 5, 0.6, 2, 2, 1.0, 0, 2, 2, 5, 1, 1, 2, 1, 23, -7.0], ["0021000063", 1610612763, "MEM", "Memphis", 201144, "Mike Conley", "G", "", "44:01", 6, 13, 0.462, 1, 5, 0.2, 5, 7, 0.714, 0, 7, 7, 13, 3, 0, 3, 2, 18, -6.0], ["0021000063", 1610612763, "MEM", "Memphis", 201934, "Hasheem Thabeet", "", "", "10:11", 1, 2, 0.5, 0, 0, 0.0, 2, 4, 0.5, 3, 1, 4, 1, 0, 0, 1, 3, 4, 1.0], ["0021000063", 1610612763, "MEM", "Memphis", 202333, "Xavier Henry", "", "", "11:51", 0, 2, 0.0, 0, 1, 0.0, 0, 0, 0.0, 0, 1, 1, 1, 1, 0, 2, 4, 0, -5.0], ["0021000063", 1610612763, "MEM", "Memphis", 201632, "Hamed Haddadi", "", "", "4:36", 0, 0, 0.0, 0, 0, 0.0, 0, 0, 0.0, 1, 1, 2, 1, 0, 0, 1, 1, 0, -6.0], ["0021000063", 1610612763, "MEM", "Memphis", 201151, "Acie Law", "", "", "4:06", 0, 0, 0.0, 0, 0, 0.0, 0, 0, 0.0, 0, 3, 3, 2, 0, 0, 0, 0, 0, 0.0], ["0021000063", 1610612763, "MEM", "Memphis", 2754, "Tony Allen", "", "", "4:31", 1, 2, 0.5, 0, 0, 0.0, 0, 0, 0.0, 1, 0, 1, 0, 0, 0, 1, 1, 2, -7.0], ["0021000063", 1610612763, "MEM", "Memphis", 201970, "Sam Young", "", "", "19:19", 3, 6, 0.5, 0, 0, 0.0, 1, 2, 0.5, 0, 0, 0, 0, 2, 0, 0, 1, 7, -6.0], ["0021000063", 1610612763, "MEM", "Memphis", 202349, "Greivis Vasquez", "", "DNP - Coach's Decision", null, null, null, null, null, null, null, null, null, null, null, null, null, null, null, null, null, null, null, null], ["0021000063", 1610612744, "GSW", "Golden State", 2748, "Dorell Wright", "F", "", "42:52", 8, 17, 0.471, 7, 13, 0.538, 2, 3, 0.667, 1, 5, 6, 0, 2, 2, 3, 2, 25, 6.0], ["0021000063", 1610612744, "GSW", "Golden State", 101135, "David Lee", "F", "", "36:52", 5, 17, 0.294, 0, 0, 0.0, 5, 5, 1.0, 9, 7, 16, 2, 3, 1, 2, 2, 15, -5.0], ["0021000063", 1610612744, "GSW", "Golden State", 2740, "Andris Biedrins", "C", "", "30:04", 1, 3, 0.333, 0, 0, 0.0, 0, 0, 0.0, 3, 2, 5, 3, 1, 1, 2, 5, 2, -9.0], ["0021000063", 1610612744, "GSW", "Golden State", 200760, "Rodney Carney", "G", "", "19:31", 3, 7, 0.429, 0, 2, 0.0, 1, 1, 1.0, 0, 2, 2, 0, 0, 1, 2, 1, 7, -2.0], ["0021000063", 1610612744, "GSW", "Golden State", 101145, "Monta Ellis", "G", "", "42:39", 12, 26, 0.462, 1, 5, 0.2, 14, 19, 0.737, 2, 7, 9, 8, 3, 0, 4, 5, 39, 6.0], ["0021000063", 1610612744, "GSW", "Golden State", 202130, "Reggie Williams", "", "", "33:33", 5, 11, 0.455, 2, 4, 0.5, 4, 5, 0.8, 0, 4, 4, 8, 1, 0, 4, 2, 16, 8.0], ["0021000063", 1610612744, "GSW", "Golden State", 2209, "Vladimir Radmanovic", "", "", "15:51", 2, 6, 0.333, 2, 4, 0.5, 0, 0, 0.0, 0, 1, 1, 2, 1, 3, 0, 5, 6, 14.0], ["0021000063", 1610612744, "GSW", "Golden State", 2294, "Charlie Bell", "", "", "12:29", 1, 2, 0.5, 1, 2, 0.5, 0, 0, 0.0, 1, 1, 2, 3, 0, 0, 0, 0, 3, 7.0], ["0021000063", 1610612744, "GSW", "Golden State", 2429, "Dan Gadzuric", "", "", "6:09", 1, 3, 0.333, 0, 0, 0.0, 0, 1, 0.0, 3, 0, 3, 0, 0, 0, 2, 1, 2, 5.0], ["0021000063", 1610612744, "GSW", "Golden State", 202399, "Jeff Adrien", "", "DNP - Coach's Decision", null, null, null, null, null, null, null, null, null, null, null, null, null, null, null, null, null, null, null, null], ["0021000063", 1610612744, "GSW", "Golden State", 202391, "Jeremy Lin", "", "DNP - Coach's Decision", null, null, null, null, null, null, null, null, null, null, null, null, null, null, null, null, null, null, null, null], ["0021000063", 1610612744, "GSW", "Golden State", 201148, "Brandan Wright", "", "NWT- Stomach Flu", null, null, null, null, null, null, null, null, null, null, null, null, null, null, null, null, null, null, null, null]], "name": "PlayerStats"}, {"headers": ["GAME_ID", "TEAM_ID", "TEAM_NAME", "TEAM_ABBREVIATION", "TEAM_CITY", "MIN", "FGM", "FGA", "FG_PCT", "FG3M", "FG3A", "FG3_PCT", "FTM", "FTA", "FT_PCT", "OREB", "DREB", "REB", "AST", "STL", "BLK", "TO", "PF", "PTS", "PLUS_MINUS"], "rowSet": [["0021000063", 1610612763, "Grizzlies", "MEM", "Memphis", "240:00", 42, 82, 0.512, 8, 18, 0.444, 17, 25, 0.68, 9, 30, 39, 28, 10, 2, 19, 26, 109, -6.0], ["0021000063", 1610612744, "Warriors", "GSW", "Golden State", "240:00", 38, 92, 0.413, 13, 30, 0.433, 26, 34, 0.765, 19, 29, 48, 26, 11, 8, 19, 23, 115, 6.0]], "name": "TeamStats"}, {"headers": ["LEAGUE_ID", "SEASON_ID", "TEAM_ID", "TEAM_ABBREVIATION", "TEAM_CITY", "PTS_PAINT", "PTS_2ND_CHANCE", "PTS_FB", "LARGEST_LEAD", "LEAD_CHANGES", "TIMES_TIED"], "rowSet": [["00", "22010", 1610612744, "GSW", "Golden State", 38, 13, 28, 18, 5, 7], ["00", "22010", 1610612763, "MEM", "Memphis", 48, 7, 22, 18, 5, 7]], "name": "OtherStats"}, {"headers": ["OFFICIAL_ID", "FIRST_NAME", "LAST_NAME", "JERSEY_NUM"], "rowSet": [[1179, "Rodney", "Mott", "71"], [1194, "Bill", "Spooner", "22"], [201246, "Kevin", "Cutler", "34"]], "name": "Officials"}, {"headers": ["GAME_DATE", "ATTENDANCE", "GAME_TIME"], "rowSet": [["WEDNESDAY, NOVEMBER 3, 2010", 16607, "2:31"]], "name": "GameInfo"}, {"headers": ["PLAYER_ID", "FIRST_NAME", "LAST_NAME", "JERSEY_NUM", "TEAM_ID", "TEAM_CITY", "TEAM_NAME", "TEAM_ABBREVIATION"], "rowSet": [[2216, "Zach", "Randolph", "50", 1610612763, "Memphis", "Grizzlies", "MEM"], [201960, "DeMarre", "Carroll", " 1", 1610612763, "Memphis", "Grizzlies", "MEM"], [200811, "Lou", "Amundson", "19", 1610612744, "Golden State", "Warriors", "GSW"], [201939, "Stephen", "Curry", "30", 1610612744, "Golden State", "Warriors", "GSW"], [202327, "Ekpe", "Udoh", "20", 1610612744, "Golden State", "Warriors", "GSW"]], "name": "InactivePlayers"}, {"headers": ["VIDEO_AVAILABLE_FLAG"], "rowSet": [[0]], "name": "AvailableVideo"}], "parameters": {"GameID": "0021000063", "RangeType": 0, "StartPeriod": 0, "StartRange": 0, "EndPeriod": 0, "EndRange": 0}}