{"resource": "boxscore", "resultSets": [{"headers": ["GAME_DATE_EST", "GAME_SEQUENCE", "GAME_ID", "GAME_STATUS_ID", "GAME_STATUS_TEXT", "GAMECODE", "HOME_TEAM_ID", "VISITOR_TEAM_ID", "SEASON", "LIVE_PERIOD", "LIVE_PC_TIME", "NATL_TV_BROADCASTER_ABBREVIATION", "LIVE_PERIOD_TIME_BCAST", "WH_STATUS"], "rowSet": [["2010-11-05T00:00:00", 2, "0021000069", 3, "Final", "20101105/NJNORL", 1610612753, 1610612751, "2010", 4, "", null, "Q4  - ", 1]], "name": "GameSummary"}, {"headers": ["GAME_DATE_EST", "GAME_SEQUENCE", "GAME_ID", "TEAM_ID", "TEAM_ABBREVIATION", "TEAM_CITY_NAME", "TEAM_WINS_LOSSES", "PTS_QTR1", "PTS_QTR2", "PTS_QTR3", "PTS_QTR4", "PTS_OT1", "PTS_OT2", "PTS_OT3", "PTS_OT4", "PTS_OT5", "PTS_OT6", "PTS_OT7", "PTS_OT8", "PTS_OT9", "PTS_OT10", "PTS"], "rowSet": [["2010-11-05T00:00:00", 2, "0021000069", 1610612751, "NJN", "New Jersey", "2-3", 18, 33, 16, 23, 0, 0, 0, 0, 0, 0, 0, 0, 0, 0, 90], ["2010-11-05T00:00:00", 2, "0021000069", 1610612753, "ORL", "Orlando", "3-1", 20, 28, 32, 25, 0, 0, 0, 0, 0, 0, 0, 0, 0, 0, 105]], "name": "LineScore"}, {"headers": ["GAME_ID", "HOME_TEAM_ID", "VISITOR_TEAM_ID", "GAME_DATE_EST", "HOME_TEAM_WINS", "HOME_TEAM_LOSSES", "SERIES_LEADER"], "rowSet": [["0021000069", 1610612753, 1610612751, "2010-11-05T00:00:00", 4, 0, "Orlando"]], "name": "SeasonSeries"}, {"headers": ["GAME_ID", "LAST_GAME_ID", "LAST_GAME_DATE_EST", "LAST_GAME_HOME_TEAM_ID", "LAST_GAME_HOME_TEAM_CITY", "LAST_GAME_HOME_TEAM_NAME", "LAST_GAME_HOME_TEAM_ABBREVIATION", "LAST_GAME_HOME_TEAM_POINTS", "LAST_GAME_VISITOR_TEAM_ID", "LAST_GAME_VISITOR_TEAM_CITY", "LAST_GAME_VISITOR_TEAM_NAME", "LAST_GAME_VISITOR_TEAM_CITY1", "LAST_GAME_VISITOR_TEAM_POINTS"], "rowSet": [["0021000069", "0020900920", "2010-03-05T00:00:00", 1610612753, "Orlando", "Magic", "ORL", 97, 1610612751, "New Jersey", "Nets", "NJN", 87]], "name": "LastMeeting"}, {"headers": ["GAME_ID", "TEAM_ID", "TEAM_ABBREVIATION", "TEAM_CITY", "PLAYER_ID", "PLAYER_NAME", "START_POSITION", "COMMENT", "MIN", "FGM", "FGA", "FG_PCT", "FG3M", "FG3A", "FG3_PCT", "FTM", "FTA", "FT_PCT", "OREB", "DREB", "REB", "AST", "STL", "BLK", "TO", "PF", "PTS", "PLUS_MINUS"], "rowSet": [["0021000069", 1610612751, "NJN", "New Jersey", 2566, "Travis Outlaw", "F", "", "38:47", 7, 8, 0.875, 3, 4, 0.75, 0, 0, 0.0, 0, 6, 6, 1, 0, 1, 0, 2, 17, -29.0], ["0021000069", 1610612751, "NJN", "New Jersey", 2211, "Troy Murphy", "F", "", "28:18", 2, 9, 0.222, 1, 4, 0.25, 0, 0, 0.0, 2, 3, 5, 3, 2, 0, 1, 2, 5, -8.0], ["0021000069", 1610612751, "NJN", "New Jersey", 201572, "Brook Lopez", "C", "", "31:05", 3, 17, 0.176, 0, 0, 0.0, 4, 4, 1.0, 0, 5, 5, 1, 1, 0, 1, 5, 10, -11.0], ["0021000069", 1610612751, "NJN", "New Jersey", 201627, "Anthony Morrow", "G", "", "23:41", 2, 6, 0.333, 1, 3, 0.333, 0, 0, 0.0, 0, 0, 0, 0, 0, 0, 0, 3, 5, 7.0], ["0021000069", 1610612751, "NJN", "New Jersey", 2734, "Devin Harris", "G", "", "30:51", 5, 10, 0.5, 1, 3, 0.333, 3, 3, 1.0, 0, 2, 2, 4, 2, 0, 3, 5, 14, -1.0], ["0021000069", 1610612751, "NJN", "New Jersey", 201944, "Terrence Williams", "", "", "25:55", 6, 14, 0.429, 3, 4, 0.75, 0, 0, 0.0, 1, 3, 4, 3, 0, 0, 2, 2, 15, -12.0], ["0021000069", 1610612751, "NJN", "New Jersey", 202324, "Derrick Favors", "", "", "16:56", 2, 3, 0.667, 0, 0, 0.0, 0, 0, 0.0, 1, 0, 1, 0, 0, 1, 0, 3, 4, -2.0], ["0021000069", 1610612751, "NJN", "New Jersey", 200770, "Jordan Farmar", "", "", "27:14", 3, 10, 0.3, 1, 4, 0.25, 0, 0, 0.0, 0, 4, 4, 7, 2, 0, 3, 2, 7, -13.0], ["0021000069", 1610612751, "NJN", "New Jersey", 2743, "Kris Humphries", "", "", "17:13", 6, 7, 0.857, 0, 0, 0.0, 1, 2, 0.5, 3, 1, 4, 1, 0, 1, 0, 3, 13, -6.0], ["0021000069", 1610612751, "NJN", "New Jersey", 202345, "Damion James", "", "DNP - Coach's Decision", null, null, null, null, null, null, null, null, null, null, null, null, null, null, null, null, null, null, null, null], ["0021000069", 1610612751, "NJN", "New Jersey", 101130, "Johan Petro", "", "DNP - Coach's Decision", null, null, null, null, null, null, null, null, null, null, null, null, null, null, null, null, null, null, null, null], ["0021000069", 1610612751, "NJN", "New Jersey", 2624, "Quinton Ross", "", "DNP - Coach's Decision", null, null, null, null, null, null, null, null, null, null, null, null, null, null, null, null, null, null, null, null], ["0021000069", 1610612753, "ORL", "Orlando", 1740, "Rashard Lewis", "F", "", "33:21", 5, 15, 0.333, 2, 8, 0.25, 0, 0, 0.0, 3, 5, 8, 1, 1, 1, 2, 1, 12, 14.0], ["0021000069", 1610612753, "ORL", "Orlando", 201583, "Ryan Anderson", "F", "", "7:00", 0, 1, 0.0, 0, 1, 0.0, 0, 0, 0.0, 1, 3, 4, 0, 0, 0, 2, 0, 0, 4.0], ["0021000069", 1610612753, "ORL", "Orlando", 2730, "Dwight Howard", "C", "", "37:53", 9, 13, 0.692, 0, 0, 0.0, 12, 16, 0.75, 5, 11, 16, 2, 2, 1, 5, 5, 30, 21.0], ["0021000069", 1610612753, "ORL", "Orlando", 1713, "Vince Carter", "G", "", "37:36", 6, 11, 0.545, 3, 6, 0.5, 4, 4, 1.0, 0, 5, 5, 3, 0, 0, 1, 2, 19, 31.0], ["0021000069", 1610612753, "ORL", "Orlando", 2749, "Jameer Nelson", "G", "", "32:31", 7, 12, 0.583, 2, 4, 0.5, 4, 6, 0.667, 0, 2, 2, 6, 1, 0, 3, 2, 20, 25.0], ["0021000069", 1610612753, "ORL", "Orlando", 2047, "Quentin Richardson", "", "", "8:51", 0, 1, 0.0, 0, 1, 0.0, 0, 0, 0.0, 0, 2, 2, 0, 0, 0, 0, 0, 0, -8.0], ["0021000069", 1610612753, "ORL", "Orlando", 101138, "Brandon Bass", "", "", "18:18", 1, 3, 0.333, 0, 0, 0.0, 4, 4, 1.0, 4, 5, 9, 1, 0, 0, 1, 0, 6, -1.0], ["0021000069", 1610612753, "ORL", "Orlando", 2768, "Chris Duhon", "", "", "15:29", 0, 3, 0.0, 0, 1, 0.0, 0, 0, 0.0, 0, 0, 0, 3, 0, 0, 2, 1, 0, -10.0], ["0021000069", 1610612753, "ORL", "Orlando", 101162, "Marcin Gortat", "", "", "10:07", 1, 1, 1.0, 0, 0, 0.0, 0, 0, 0.0, 0, 2, 2, 0, 0, 1, 0, 0, 2, -6.0], ["0021000069", 1610612753, "ORL", "Orlando", 200755, "JJ Redick", "", "", "20:34", 2, 5, 0.4, 1, 3, 0.333, 2, 2, 1.0, 0, 0, 0, 0, 0, 0, 0, 0, 7, -15.0], ["0021000069", 1610612753, "ORL", "Orlando", 2554, "Mickael Pietrus", "", "", "18:20", 3, 6, 0.5, 3, 4, 0.75, 0, 0, 0.0, 0, 2, 2, 0, 1, 0, 1, 0, 9, 20.0], ["0021000069", 1610612753, "ORL", "Orlando", 1715, "Jason Williams", "", "DNP - Coach's Decision", null, null, null, null, null, null, null, null, null, null, null, null, null, null, null, null, null, null, null, null]], "name": "PlayerStats"}, {"headers": ["GAME_ID", "TEAM_ID", "TEAM_NAME", "TEAM_ABBREVIATION", "TEAM_CITY", "MIN", "FGM", "FGA", "FG_PCT", "FG3M", "FG3A", "FG3_PCT", "FTM", "FTA", "FT_PCT", "OREB", "DREB", "REB", "AST", "STL", "BLK", "TO", "PF", "PTS", "PLUS_MINUS"], "rowSet": [["0021000069", 1610612753, "Magic", "ORL", "Orlando", "240:00", 34, 71, 0.479, 11, 28, 0.393, 26, 32, 0.813, 13, 37, 50, 16, 5, 3, 17, 11, 105, 15.0], ["0021000069", 1610612751, "Nets", "NJN", "New Jersey", "240:00", 36, 84, 0.429, 10, 22, 0.455, 8, 9, 0.889, 7, 24, 31, 20, 7, 3, 10, 27, 90, -15.0]], "name": "TeamStats"}, {"headers": ["LEAGUE_ID", "SEASON_ID", "TEAM_ID", "TEAM_ABBREVIATION", "TEAM_CITY", "PTS_PAINT", "PTS_2ND_CHANCE", "PTS_FB", "LARGEST_LEAD", "LEAD_CHANGES", "TIMES_TIED"], "rowSet": [["00", "22010", 1610612753, "ORL", "Orlando", 36, 16, 13, 19, 7, 6], ["00", "22010", 1610612751, "NJN", "New Jersey", 30, 8, 20, 20, 7, 6]], "name": "OtherStats"}, {"headers": ["OFFICIAL_ID", "FIRST_NAME", "LAST_NAME", "JERSEY_NUM"], "rowSet": [[1188, "Leroy", "Richardson", "20"], [1174, "Ken", "Mauer", "41"], [1664, "Gary", "Zielinski", "59"]], "name": "Officials"}, {"headers": ["GAME_DATE", "ATTENDANCE", "GAME_TIME"], "rowSet": [["FRIDAY, NOVEMBER 5, 2010", 18846, "2:16"]], "name": "GameInfo"}, {"headers": ["PLAYER_ID", "FIRST_NAME", "LAST_NAME", "JERSEY_NUM", "TEAM_ID", "TEAM_CITY", "TEAM_NAME", "TEAM_ABBREVIATION"], "rowSet": [[2124, "Malik", "Allen", "35", 1610612753, "Orlando", "Magic", "ORL"], [202350, "Daniel", "Orton", "21", 1610612753, "Orlando", "Magic", "ORL"], [693, "Joe", "Smith", " 8", 1610612751, "New Jersey", "Nets", "NJN"], [101211, "Stephen", "Graham", "26", 1610612751, "New Jersey", "Nets", "NJN"], [202386, "Ben", "Uzoh", "18", 1610612751, "New Jersey", "Nets", "NJN"]], "name": "InactivePlayers"}, {"headers": ["VIDEO_AVAILABLE_FLAG"], "rowSet": [[0]], "name": "AvailableVideo"}], "parameters": {"GameID": "0021000069", "RangeType": 0, "StartPeriod": 0, "StartRange": 0, "EndPeriod": 0, "EndRange": 0}}