{"resource": "boxscore", "resultSets": [{"headers": ["GAME_DATE_EST", "GAME_SEQUENCE", "GAME_ID", "GAME_STATUS_ID", "GAME_STATUS_TEXT", "GAMECODE", "HOME_TEAM_ID", "VISITOR_TEAM_ID", "SEASON", "LIVE_PERIOD", "LIVE_PC_TIME", "NATL_TV_BROADCASTER_ABBREVIATION", "LIVE_PERIOD_TIME_BCAST", "WH_STATUS"], "rowSet": [["2010-11-06T00:00:00", 3, "0021000082", 3, "Final", "20101106/NJNMIA", 1610612748, 1610612751, "2010", 4, "", null, "Q4  - ", 1]], "name": "GameSummary"}, {"headers": ["GAME_DATE_EST", "GAME_SEQUENCE", "GAME_ID", "TEAM_ID", "TEAM_ABBREVIATION", "TEAM_CITY_NAME", "TEAM_WINS_LOSSES", "PTS_QTR1", "PTS_QTR2", "PTS_QTR3", "PTS_QTR4", "PTS_OT1", "PTS_OT2", "PTS_OT3", "PTS_OT4", "PTS_OT5", "PTS_OT6", "PTS_OT7", "PTS_OT8", "PTS_OT9", "PTS_OT10", "PTS"], "rowSet": [["2010-11-06T00:00:00", 3, "0021000082", 1610612751, "NJN", "New Jersey", "2-4", 25, 26, 17, 21, 0, 0, 0, 0, 0, 0, 0, 0, 0, 0, 89], ["2010-11-06T00:00:00", 3, "0021000082", 1610612748, "MIA", "Miami", "5-2", 24, 31, 32, 14, 0, 0, 0, 0, 0, 0, 0, 0, 0, 0, 101]], "name": "LineScore"}, {"headers": ["GAME_ID", "HOME_TEAM_ID", "VISITOR_TEAM_ID", "GAME_DATE_EST", "HOME_TEAM_WINS", "HOME_TEAM_LOSSES", "SERIES_LEADER"], "rowSet": [["0021000082", 1610612748, 1610612751, "2010-11-06T00:00:00", 3, 0, "Miami"]], "name": "SeasonSeries"}, {"headers": ["GAME_ID", "LAST_GAME_ID", "LAST_GAME_DATE_EST", "LAST_GAME_HOME_TEAM_ID", "LAST_GAME_HOME_TEAM_CITY", "LAST_GAME_HOME_TEAM_NAME", "LAST_GAME_HOME_TEAM_ABBREVIATION", "LAST_GAME_HOME_TEAM_POINTS", "LAST_GAME_VISITOR_TEAM_ID", "LAST_GAME_VISITOR_TEAM_CITY", "LAST_GAME_VISITOR_TEAM_NAME", "LAST_GAME_VISITOR_TEAM_CITY1", "LAST_GAME_VISITOR_TEAM_POINTS"], "rowSet": [["0021000082", "0021000040", "2010-10-31T00:00:00", 1610612748, "Miami", "Heat", "MIA", 101, 1610612751, "New Jersey", "Nets", "NJN", 78]], "name": "LastMeeting"}, {"headers": ["GAME_ID", "TEAM_ID", "TEAM_ABBREVIATION", "TEAM_CITY", "PLAYER_ID", "PLAYER_NAME", "START_POSITION", "COMMENT", "MIN", "FGM", "FGA", "FG_PCT", "FG3M", "FG3A", "FG3_PCT", "FTM", "FTA", "FT_PCT", "OREB", "DREB", "REB", "AST", "STL", "BLK", "TO", "PF", "PTS", "PLUS_MINUS"], "rowSet": [["0021000082", 1610612751, "NJN", "New Jersey", 2566, "Travis Outlaw", "F", "", "28:42", 2, 6, 0.333, 1, 3, 0.333, 0, 0, 0.0, 1, 5, 6, 0, 0, 0, 0, 2, 5, -20.0], ["0021000082", 1610612751, "NJN", "New Jersey", 2211, "Troy Murphy", "F", "", "22:42", 3, 11, 0.273, 2, 5, 0.4, 0, 1, 0.0, 1, 4, 5, 1, 0, 0, 1, 3, 8, -13.0], ["0021000082", 1610612751, "NJN", "New Jersey", 201572, "Brook Lopez", "C", "", "31:25", 5, 16, 0.313, 0, 0, 0.0, 2, 2, 1.0, 1, 2, 3, 2, 0, 1, 2, 2, 12, -11.0], ["0021000082", 1610612751, "NJN", "New Jersey", 201627, "Anthony Morrow", "G", "", "34:21", 10, 17, 0.588, 4, 7, 0.571, 1, 1, 1.0, 3, 4, 7, 1, 3, 1, 3, 1, 25, -11.0], ["0021000082", 1610612751, "NJN", "New Jersey", 2734, "Devin Harris", "G", "", "23:03", 1, 4, 0.25, 0, 0, 0.0, 4, 4, 1.0, 1, 1, 2, 1, 1, 0, 1, 3, 6, -10.0], ["0021000082", 1610612751, "NJN", "New Jersey", 201944, "Terrence Williams", "", "", "25:42", 3, 7, 0.429, 1, 2, 0.5, 0, 0, 0.0, 0, 7, 7, 9, 0, 0, 3, 2, 7, 0.0], ["0021000082", 1610612751, "NJN", "New Jersey", 2743, "Kris Humphries", "", "", "7:18", 1, 1, 1.0, 0, 0, 0.0, 0, 0, 0.0, 1, 0, 1, 1, 0, 1, 1, 2, 2, -3.0], ["0021000082", 1610612751, "NJN", "New Jersey", 202324, "Derrick Favors", "", "", "28:27", 5, 8, 0.625, 0, 0, 0.0, 1, 2, 0.5, 2, 3, 5, 0, 1, 0, 0, 4, 11, -3.0], ["0021000082", 1610612751, "NJN", "New Jersey", 200770, "Jordan Farmar", "", "", "17:45", 2, 7, 0.286, 0, 3, 0.0, 2, 3, 0.667, 1, 1, 2, 2, 0, 0, 1, 0, 6, -10.0], ["0021000082", 1610612751, "NJN", "New Jersey", 202345, "Damion James", "", "", "8:25", 3, 6, 0.5, 0, 0, 0.0, 1, 2, 0.5, 0, 2, 2, 0, 0, 0, 1, 0, 7, 9.0], ["0021000082", 1610612751, "NJN", "New Jersey", 101130, "Johan Petro", "", "", "6:09", 0, 2, 0.0, 0, 0, 0.0, 0, 0, 0.0, 0, 1, 1, 0, 0, 0, 0, 2, 0, 6.0], ["0021000082", 1610612751, "NJN", "New Jersey", 2624, "Quinton Ross", "", "", "6:03", 0, 0, 0.0, 0, 0, 0.0, 0, 2, 0.0, 0, 0, 0, 0, 0, 0, 0, 0, 0, 6.0], ["0021000082", 1610612748, "MIA", "Miami", 2544, "LeBron James", "F", "", "33:35", 9, 16, 0.563, 2, 4, 0.5, 3, 5, 0.6, 0, 3, 3, 9, 2, 0, 4, 1, 23, 11.0], ["0021000082", 1610612748, "MIA", "Miami", 2547, "Chris Bosh", "F", "", "33:02", 6, 12, 0.5, 0, 1, 0.0, 9, 10, 0.9, 0, 5, 5, 2, 1, 3, 0, 0, 21, 11.0], ["0021000082", 1610612748, "MIA", "Miami", 201202, "Joel Anthony", "C", "", "11:53", 0, 0, 0.0, 0, 0, 0.0, 2, 2, 1.0, 0, 2, 2, 0, 0, 2, 0, 1, 2, 2.0], ["0021000082", 1610612748, "MIA", "Miami", 2548, "Dwyane Wade", "G", "", "35:39", 10, 17, 0.588, 2, 3, 0.667, 7, 10, 0.7, 3, 7, 10, 3, 2, 1, 3, 2, 29, 15.0], ["0021000082", 1610612748, "MIA", "Miami", 2306, "Carlos Arroyo", "G", "", "19:44", 2, 4, 0.5, 0, 1, 0.0, 0, 0, 0.0, 0, 0, 0, 1, 0, 0, 1, 2, 4, 6.0], ["0021000082", 1610612748, "MIA", "Miami", 2067, "Eddie House", "", "", "22:46", 1, 4, 0.25, 0, 2, 0.0, 0, 0, 0.0, 1, 2, 3, 1, 2, 0, 0, 2, 2, 1.0], ["0021000082", 1610612748, "MIA", "Miami", 980, "Zydrunas Ilgauskas", "", "", "16:55", 2, 4, 0.5, 0, 0, 0.0, 0, 0, 0.0, 0, 8, 8, 0, 0, 0, 0, 2, 4, 11.0], ["0021000082", 1610612748, "MIA", "Miami", 2617, "Udonis Haslem", "", "", "29:52", 3, 9, 0.333, 0, 0, 0.0, 0, 0, 0.0, 1, 6, 7, 2, 0, 0, 3, 4, 6, 8.0], ["0021000082", 1610612748, "MIA", "Miami", 2592, "James Jones", "", "", "23:40", 3, 4, 0.75, 2, 3, 0.667, 0, 0, 0.0, 0, 3, 3, 1, 0, 0, 0, 0, 8, 19.0], ["0021000082", 1610612748, "MIA", "Miami", 2048, "Jamaal Magloire", "", "", "4:18", 0, 2, 0.0, 0, 0, 0.0, 2, 2, 1.0, 1, 2, 3, 0, 0, 0, 0, 1, 2, -8.0], ["0021000082", 1610612748, "MIA", "Miami", 711, "Jerry Stackhouse", "", "", "4:18", 0, 1, 0.0, 0, 0, 0.0, 0, 0, 0.0, 0, 0, 0, 0, 0, 1, 0, 1, 0, -8.0], ["0021000082", 1610612748, "MIA", "Miami", 201596, "Mario Chalmers", "", "", "4:18", 0, 1, 0.0, 0, 1, 0.0, 0, 0, 0.0, 0, 0, 0, 0, 0, 0, 1, 0, 0, -8.0]], "name": "PlayerStats"}, {"headers": ["GAME_ID", "TEAM_ID", "TEAM_NAME", "TEAM_ABBREVIATION", "TEAM_CITY", "MIN", "FGM", "FGA", "FG_PCT", "FG3M", "FG3A", "FG3_PCT", "FTM", "FTA", "FT_PCT", "OREB", "DREB", "REB", "AST", "STL", "BLK", "TO", "PF", "PTS", "PLUS_MINUS"], "rowSet": [["0021000082", 1610612751, "Nets", "NJN", "New Jersey", "240:00", 35, 85, 0.412, 8, 20, 0.4, 11, 17, 0.647, 11, 30, 41, 17, 5, 3, 13, 21, 89, -12.0], ["0021000082", 1610612748, "Heat", "MIA", "Miami", "240:00", 36, 74, 0.486, 6, 15, 0.4, 23, 29, 0.793, 6, 38, 44, 19, 7, 7, 12, 16, 101, 12.0]], "name": "TeamStats"}, {"headers": ["LEAGUE_ID", "SEASON_ID", "TEAM_ID", "TEAM_ABBREVIATION", "TEAM_CITY", "PTS_PAINT", "PTS_2ND_CHANCE", "PTS_FB", "LARGEST_LEAD", "LEAD_CHANGES", "TIMES_TIED"], "rowSet": [["00", "22010", 1610612751, "NJN", "New Jersey", 36, 10, 9, 21, 4, 3], ["00", "22010", 1610612748, "MIA", "Miami", 46, 9, 21, 20, 4, 3]], "name": "OtherStats"}, {"headers": ["OFFICIAL_ID", "FIRST_NAME", "LAST_NAME", "JERSEY_NUM"], "rowSet": [[1168, "David", "Jones", "36"], [1662, "Bill", "Kennedy", "55"], [202007, "Nick", "Buchert", "54"]], "name": "Officials"}, {"headers": ["GAME_DATE", "ATTENDANCE", "GAME_TIME"], "rowSet": [["SATURDAY, NOVEMBER 6, 2010", 19600, "2:12"]], "name": "GameInfo"}, {"headers": ["PLAYER_ID", "FIRST_NAME", "LAST_NAME", "JERSEY_NUM", "TEAM_ID", "TEAM_CITY", "TEAM_NAME", "TEAM_ABBREVIATION"], "rowSet": [[436, "Juwan", "Howard", "5", 1610612748, "Miami", "Heat", "MIA"], [2034, "Mike", "Miller", "13", 1610612748, "Miami", "Heat", "MIA"], [202354, "Dexter", "Pittman", "45", 1610612748, "Miami", "Heat", "MIA"], [693, "Joe", "Smith", "8", 1610612751, "New Jersey", "Nets", "NJN"], [101211, "Stephen", "Graham", "26", 1610612751, "New Jersey", "Nets", "NJN"], [202386, "Ben", "Uzoh", "18", 1610612751, "New Jersey", "Nets", "NJN"]], "name": "InactivePlayers"}, {"headers": ["VIDEO_AVAILABLE_FLAG"], "rowSet": [[0]], "name": "AvailableVideo"}], "parameters": {"GameID": "0021000082", "RangeType": 0, "StartPeriod": 0, "StartRange": 0, "EndPeriod": 0, "EndRange": 0}}