{"resource": "boxscore", "resultSets": [{"headers": ["GAME_DATE_EST", "GAME_SEQUENCE", "GAME_ID", "GAME_STATUS_ID", "GAME_STATUS_TEXT", "GAMECODE", "HOME_TEAM_ID", "VISITOR_TEAM_ID", "SEASON", "LIVE_PERIOD", "LIVE_PC_TIME", "NATL_TV_BROADCASTER_ABBREVIATION", "LIVE_PERIOD_TIME_BCAST", "WH_STATUS"], "rowSet": [["2011-03-28T00:00:00", 3, "0021000051", 3, "Final", "20110328/ORLNYK", 1610612752, 1610612753, "2010", 5, "", null, "Q5  - ", 1]], "name": "GameSummary"}, {"headers": ["GAME_DATE_EST", "GAME_SEQUENCE", "GAME_ID", "TEAM_ID", "TEAM_ABBREVIATION", "TEAM_CITY_NAME", "TEAM_WINS_LOSSES", "PTS_QTR1", "PTS_QTR2", "PTS_QTR3", "PTS_QTR4", "PTS_OT1", "PTS_OT2", "PTS_OT3", "PTS_OT4", "PTS_OT5", "PTS_OT6", "PTS_OT7", "PTS_OT8", "PTS_OT9", "PTS_OT10", "PTS"], "rowSet": [["2011-03-28T00:00:00", 3, "0021000051", 1610612752, "NYK", "New York", "36-38", 18, 30, 27, 25, 13, 0, 0, 0, 0, 0, 0, 0, 0, 0, 113], ["2011-03-28T00:00:00", 3, "0021000051", 1610612753, "ORL", "Orlando", "47-27", 18, 26, 29, 27, 6, 0, 0, 0, 0, 0, 0, 0, 0, 0, 106]], "name": "LineScore"}, {"headers": ["GAME_ID", "HOME_TEAM_ID", "VISITOR_TEAM_ID", "GAME_DATE_EST", "HOME_TEAM_WINS", "HOME_TEAM_LOSSES", "SERIES_LEADER"], "rowSet": [["0021000051", 1610612752, 1610612753, "2011-03-28T00:00:00", 1, 3, "Orlando"]], "name": "SeasonSeries"}, {"headers": ["GAME_ID", "LAST_GAME_ID", "LAST_GAME_DATE_EST", "LAST_GAME_HOME_TEAM_ID", "LAST_GAME_HOME_TEAM_CITY", "LAST_GAME_HOME_TEAM_NAME", "LAST_GAME_HOME_TEAM_ABBREVIATION", "LAST_GAME_HOME_TEAM_POINTS", "LAST_GAME_VISITOR_TEAM_ID", "LAST_GAME_VISITOR_TEAM_CITY", "LAST_GAME_VISITOR_TEAM_NAME", "LAST_GAME_VISITOR_TEAM_CITY1", "LAST_GAME_VISITOR_TEAM_POINTS"], "rowSet": [["0021000051", "0021001059", "2011-03-23T00:00:00", 1610612752, "New York", "Knicks", "NYK", 99, 1610612753, "Orlando", "Magic", "ORL", 111]], "name": "LastMeeting"}, {"headers": ["GAME_ID", "TEAM_ID", "TEAM_ABBREVIATION", "TEAM_CITY", "PLAYER_ID", "PLAYER_NAME", "START_POSITION", "COMMENT", "MIN", "FGM", "FGA", "FG_PCT", "FG3M", "FG3A", "FG3_PCT", "FTM", "FTA", "FT_PCT", "OREB", "DREB", "REB", "AST", "STL", "BLK", "TO", "PF", "PTS", "PLUS_MINUS"], "rowSet": [["0021000051", 1610612753, "ORL", "Orlando", 101138, "Brandon Bass", "F", "", "33:17", 7, 9, 0.778, 0, 0, 0.0, 0, 0, 0.0, 0, 6, 6, 0, 1, 0, 1, 3, 14, -14.0], ["0021000051", 1610612753, "ORL", "Orlando", 2045, "Hedo Turkoglu", "F", "", "40:31", 5, 13, 0.385, 4, 8, 0.5, 4, 7, 0.571, 0, 2, 2, 4, 0, 0, 3, 6, 18, 10.0], ["0021000051", 1610612753, "ORL", "Orlando", 2730, "Dwight Howard", "C", "", "46:04", 9, 17, 0.529, 0, 0, 0.0, 11, 15, 0.733, 4, 14, 18, 2, 1, 0, 5, 6, 29, 4.0], ["0021000051", 1610612753, "ORL", "Orlando", 2240, "Gilbert Arenas", "G", "", "43:25", 2, 11, 0.182, 1, 7, 0.143, 4, 6, 0.667, 2, 8, 10, 5, 3, 0, 5, 3, 9, -2.0], ["0021000051", 1610612753, "ORL", "Orlando", 2202, "Jason Richardson", "G", "", "45:11", 10, 20, 0.5, 4, 11, 0.364, 0, 0, 0.0, 0, 2, 2, 4, 4, 1, 4, 3, 24, -2.0], ["0021000051", 1610612753, "ORL", "Orlando", 2768, "Chris Duhon", "", "", "11:55", 0, 0, 0.0, 0, 0, 0.0, 0, 0, 0.0, 0, 0, 0, 1, 0, 0, 1, 0, 0, -11.0], ["0021000051", 1610612753, "ORL", "Orlando", 201583, "Ryan Anderson", "", "", "26:39", 2, 7, 0.286, 2, 6, 0.333, 4, 4, 1.0, 3, 3, 6, 3, 0, 0, 2, 1, 10, -4.0], ["0021000051", 1610612753, "ORL", "Orlando", 201947, "Earl Clark", "", "", "17:46", 1, 3, 0.333, 0, 0, 0.0, 0, 0, 0.0, 0, 0, 0, 0, 0, 1, 0, 6, 2, -16.0], ["0021000051", 1610612753, "ORL", "Orlando", 2124, "Malik Allen", "", "", "0:11", 0, 0, 0.0, 0, 0, 0.0, 0, 0, 0.0, 0, 0, 0, 0, 0, 0, 0, 0, 0, 0.0], ["0021000051", 1610612753, "ORL", "Orlando", 2749, "Jameer Nelson", "", "DND - Sprained Left Knee", null, null, null, null, null, null, null, null, null, null, null, null, null, null, null, null, null, null, null, null], ["0021000051", 1610612753, "ORL", "Orlando", 200755, "JJ Redick", "", "NWT - Strained Lower Abdomen", null, null, null, null, null, null, null, null, null, null, null, null, null, null, null, null, null, null, null, null], ["0021000051", 1610612753, "ORL", "Orlando", 2047, "Quentin Richardson", "", "DNP - Coach's Decision", null, null, null, null, null, null, null, null, null, null, null, null, null, null, null, null, null, null, null, null], ["0021000051", 1610612752, "NYK", "New York", 2546, "Carmelo Anthony", "F", "", "43:14", 12, 26, 0.462, 2, 6, 0.333, 13, 17, 0.765, 3, 7, 10, 2, 1, 0, 3, 4, 39, 4.0], ["0021000051", 1610612752, "NYK", "New York", 2405, "Amar'e Stoudemire", "F", "", "44:16", 6, 10, 0.6, 0, 0, 0.0, 8, 10, 0.8, 3, 6, 9, 3, 2, 0, 4, 2, 20, 13.0], ["0021000051", 1610612752, "NYK", "New York", 200761, "Shawne Williams", "C", "", "16:56", 2, 6, 0.333, 2, 4, 0.5, 2, 2, 1.0, 1, 2, 3, 0, 1, 0, 0, 3, 8, -10.0], ["0021000051", 1610612752, "NYK", "New York", 1497, "Chauncey Billups", "G", "", "32:54", 4, 10, 0.4, 3, 9, 0.333, 6, 8, 0.75, 0, 6, 6, 6, 0, 0, 0, 1, 17, 4.0], ["0021000051", 1610612752, "NYK", "New York", 202361, "Landry Fields", "G", "", "25:25", 1, 3, 0.333, 0, 2, 0.0, 1, 2, 0.5, 0, 4, 4, 1, 1, 0, 3, 3, 3, -8.0], ["0021000051", 1610612752, "NYK", "New York", 201962, "Toney Douglas", "", "", "36:50", 6, 17, 0.353, 3, 10, 0.3, 1, 2, 0.5, 0, 4, 4, 2, 0, 0, 1, 1, 16, 20.0], ["0021000051", 1610612752, "NYK", "New York", 200749, "Shelden Williams", "", "", "15:51", 0, 1, 0.0, 0, 0, 0.0, 0, 0, 0.0, 1, 2, 3, 0, 2, 0, 1, 6, 0, 7.0], ["0021000051", 1610612752, "NYK", "New York", 1853, "Anthony Carter", "", "", "13:11", 1, 2, 0.5, 0, 0, 0.0, 0, 0, 0.0, 0, 0, 0, 0, 0, 1, 0, 4, 2, -2.0], ["0021000051", 1610612752, "NYK", "New York", 201611, "Henry Walker", "", "", "14:12", 2, 5, 0.4, 2, 4, 0.5, 0, 0, 0.0, 2, 1, 3, 1, 2, 0, 2, 3, 6, 7.0], ["0021000051", 1610612752, "NYK", "New York", 2407, "Jared Jeffries", "", "", "22:11", 1, 1, 1.0, 0, 0, 0.0, 0, 0, 0.0, 1, 0, 1, 1, 1, 0, 0, 4, 2, 0.0], ["0021000051", 1610612752, "NYK", "New York", 201974, "Derrick Brown", "", "DNP - Coach's Decision", null, null, null, null, null, null, null, null, null, null, null, null, null, null, null, null, null, null, null, null], ["0021000051", 1610612752, "NYK", "New York", 2427, "Roger Mason Jr.", "", "DNP - Coach's Decision", null, null, null, null, null, null, null, null, null, null, null, null, null, null, null, null, null, null, null, null]], "name": "PlayerStats"}, {"headers": ["GAME_ID", "TEAM_ID", "TEAM_NAME", "TEAM_ABBREVIATION", "TEAM_CITY", "MIN", "FGM", "FGA", "FG_PCT", "FG3M", "FG3A", "FG3_PCT", "FTM", "FTA", "FT_PCT", "OREB", "DREB", "REB", "AST", "STL", "BLK", "TO", "PF", "PTS", "PLUS_MINUS"], "rowSet": [["0021000051", 1610612753, "Magic", "ORL", "Orlando", "265:00", 36, 80, 0.45, 11, 32, 0.344, 23, 32, 0.719, 9, 35, 44, 19, 9, 2, 21, 28, 106, -7.0], ["0021000051", 1610612752, "Knicks", "NYK", "New York", "265:00", 35, 81, 0.432, 12, 35, 0.343, 31, 41, 0.756, 11, 32, 43, 16, 10, 1, 14, 31, 113, 7.0]], "name": "TeamStats"}, {"headers": ["LEAGUE_ID", "SEASON_ID", "TEAM_ID", "TEAM_ABBREVIATION", "TEAM_CITY", "PTS_PAINT", "PTS_2ND_CHANCE", "PTS_FB", "LARGEST_LEAD", "LEAD_CHANGES", "TIMES_TIED"], "rowSet": [["00", "22010", 1610612752, "NYK", "New York", 26, 15, 4, 6, 15, 19], ["00", "22010", 1610612753, "ORL", "Orlando", 30, 22, 0, 7, 15, 19]], "name": "OtherStats"}, {"headers": ["OFFICIAL_ID", "FIRST_NAME", "LAST_NAME", "JERSEY_NUM"], "rowSet": [[1201, "Leon", "Wood", "40"], [1142, "Dick", "Bavetta", "27"], [101284, "John", "Goble", "30"]], "name": "Officials"}, {"headers": ["GAME_DATE", "ATTENDANCE", "GAME_TIME"], "rowSet": [["MONDAY, MARCH 28, 2011", 19763, "2:53"]], "name": "GameInfo"}, {"headers": ["PLAYER_ID", "FIRST_NAME", "LAST_NAME", "JERSEY_NUM", "TEAM_ID", "TEAM_CITY", "TEAM_NAME", "TEAM_ABBREVIATION"], "rowSet": [[101142, "Ronny", "Turiaf", "14", 1610612752, "New York", "Knicks", "NYK"], [200764, "Renaldo", "Balkman", "32", 1610612752, "New York", "Knicks", "NYK"], [202360, "Andy", "Rautins", "11", 1610612752, "New York", "Knicks", "NYK"], [202350, "Daniel", "Orton", "21", 1610612753, "Orlando", "Magic", "ORL"]], "name": "InactivePlayers"}, {"headers": ["VIDEO_AVAILABLE_FLAG"], "rowSet": [[0]], "name": "AvailableVideo"}], "parameters": {"GameID": "0021000051", "RangeType": 0, "StartPeriod": 0, "StartRange": 0, "EndPeriod": 0, "EndRange": 0}}