{"resource": "boxscore", "resultSets": [{"headers": ["GAME_DATE_EST", "GAME_SEQUENCE", "GAME_ID", "GAME_STATUS_ID", "GAME_STATUS_TEXT", "GAMECODE", "HOME_TEAM_ID", "VISITOR_TEAM_ID", "SEASON", "LIVE_PERIOD", "LIVE_PC_TIME", "NATL_TV_BROADCASTER_ABBREVIATION", "LIVE_PERIOD_TIME_BCAST", "WH_STATUS"], "rowSet": [["2010-11-01T00:00:00", 1, "0021000044", 3, "Final", "20101101/PORCHI", 1610612741, 1610612757, "2010", 4, "", "NBA TV", "Q4  - NBA TV", 1]], "name": "GameSummary"}, {"headers": ["GAME_DATE_EST", "GAME_SEQUENCE", "GAME_ID", "TEAM_ID", "TEAM_ABBREVIATION", "TEAM_CITY_NAME", "TEAM_WINS_LOSSES", "PTS_QTR1", "PTS_QTR2", "PTS_QTR3", "PTS_QTR4", "PTS_OT1", "PTS_OT2", "PTS_OT3", "PTS_OT4", "PTS_OT5", "PTS_OT6", "PTS_OT7", "PTS_OT8", "PTS_OT9", "PTS_OT10", "PTS"], "rowSet": [["2010-11-01T00:00:00", 1, "0021000044", 1610612741, "CHI", "Chicago", "2-1", 32, 24, 32, 22, 0, 0, 0, 0, 0, 0, 0, 0, 0, 0, 110], ["2010-11-01T00:00:00", 1, "0021000044", 1610612757, "POR", "Portland", "3-1", 21, 26, 26, 25, 0, 0, 0, 0, 0, 0, 0, 0, 0, 0, 98]], "name": "LineScore"}, {"headers": ["GAME_ID", "HOME_TEAM_ID", "VISITOR_TEAM_ID", "GAME_DATE_EST", "HOME_TEAM_WINS", "HOME_TEAM_LOSSES", "SERIES_LEADER"], "rowSet": [["0021000044", 1610612741, 1610612757, "2010-11-01T00:00:00", 1, 1, "Tied"]], "name": "SeasonSeries"}, {"headers": ["GAME_ID", "LAST_GAME_ID", "LAST_GAME_DATE_EST", "LAST_GAME_HOME_TEAM_ID", "LAST_GAME_HOME_TEAM_CITY", "LAST_GAME_HOME_TEAM_NAME", "LAST_GAME_HOME_TEAM_ABBREVIATION", "LAST_GAME_HOME_TEAM_POINTS", "LAST_GAME_VISITOR_TEAM_ID", "LAST_GAME_VISITOR_TEAM_CITY", "LAST_GAME_VISITOR_TEAM_NAME", "LAST_GAME_VISITOR_TEAM_CITY1", "LAST_GAME_VISITOR_TEAM_POINTS"], "rowSet": [["0021000044", "0020900862", "2010-02-26T00:00:00", 1610612741, "Chicago", "Bulls", "CHI", 115, 1610612757, "Portland", "Trail Blazers", "POR", 111]], "name": "LastMeeting"}, {"headers": ["GAME_ID", "TEAM_ID", "TEAM_ABBREVIATION", "TEAM_CITY", "PLAYER_ID", "PLAYER_NAME", "START_POSITION", "COMMENT", "MIN", "FGM", "FGA", "FG_PCT", "FG3M", "FG3A", "FG3_PCT", "FTM", "FTA", "FT_PCT", "OREB", "DREB", "REB", "AST", "STL", "BLK", "TO", "PF", "PTS", "PLUS_MINUS"], "rowSet": [["0021000044", 1610612757, "POR", "Portland", 201587, "Nicolas Batum", "F", "", "17:53", 1, 5, 0.2, 0, 2, 0.0, 1, 2, 0.5, 1, 0, 1, 0, 0, 0, 0, 1, 3, -4.0], ["0021000044", 1610612757, "POR", "Portland", 200746, "LaMarcus Aldridge", "F", "", "38:38", 12, 19, 0.632, 0, 0, 0.0, 9, 9, 1.0, 4, 5, 9, 0, 1, 1, 0, 4, 33, -9.0], ["0021000044", 1610612757, "POR", "Portland", 948, "Marcus Camby", "C", "", "25:06", 2, 7, 0.286, 0, 0, 0.0, 5, 5, 1.0, 7, 4, 11, 1, 0, 1, 0, 2, 9, -7.0], ["0021000044", 1610612757, "POR", "Portland", 200750, "Brandon Roy", "G", "", "39:20", 4, 12, 0.333, 0, 2, 0.0, 9, 11, 0.818, 0, 2, 2, 3, 1, 0, 1, 0, 17, -4.0], ["0021000044", 1610612757, "POR", "Portland", 1889, "Andre Miller", "G", "", "33:26", 2, 6, 0.333, 0, 0, 0.0, 3, 4, 0.75, 1, 2, 3, 6, 2, 0, 2, 3, 7, -10.0], ["0021000044", 1610612757, "POR", "Portland", 202083, "Wesley Matthews", "", "", "17:37", 1, 4, 0.25, 0, 3, 0.0, 3, 4, 0.75, 0, 0, 0, 0, 0, 0, 0, 5, 5, -15.0], ["0021000044", 1610612757, "POR", "Portland", 201967, "Dante Cunningham", "", "", "19:20", 3, 8, 0.375, 0, 1, 0.0, 0, 0, 0.0, 2, 3, 5, 2, 2, 0, 0, 2, 6, -3.0], ["0021000044", 1610612757, "POR", "Portland", 201164, "Rudy Fernandez", "", "", "21:50", 3, 10, 0.3, 0, 6, 0.0, 0, 0, 0.0, 0, 1, 1, 1, 3, 0, 4, 5, 6, -1.0], ["0021000044", 1610612757, "POR", "Portland", 202356, "Armon Johnson", "", "", "12:07", 4, 8, 0.5, 0, 0, 0.0, 2, 6, 0.333, 0, 2, 2, 2, 0, 0, 1, 2, 10, -1.0], ["0021000044", 1610612757, "POR", "Portland", 101177, "Fabricio Oberto", "", "", "10:20", 0, 0, 0.0, 0, 0, 0.0, 0, 0, 0.0, 1, 0, 1, 0, 0, 0, 1, 3, 0, -5.0], ["0021000044", 1610612757, "POR", "Portland", 202337, "Luke Babbitt", "", "", "4:24", 1, 1, 1.0, 0, 0, 0.0, 0, 0, 0.0, 0, 0, 0, 0, 0, 0, 1, 0, 2, -1.0], ["0021000044", 1610612757, "POR", "Portland", 201988, "Patty Mills", "", "DNP - Coach's Decision", null, null, null, null, null, null, null, null, null, null, null, null, null, null, null, null, null, null, null, null], ["0021000044", 1610612741, "CHI", "Chicago", 2736, "Luol Deng", "F", "", "40:36", 14, 19, 0.737, 3, 5, 0.6, 9, 11, 0.818, 0, 4, 4, 2, 1, 0, 0, 3, 40, 18.0], ["0021000044", 1610612741, "CHI", "Chicago", 201959, "Taj Gibson", "F", "", "21:31", 6, 9, 0.667, 0, 0, 0.0, 0, 0, 0.0, 2, 1, 3, 1, 0, 0, 1, 5, 12, 0.0], ["0021000044", 1610612741, "CHI", "Chicago", 201149, "Joakim Noah", "C", "", "42:05", 4, 9, 0.444, 0, 0, 0.0, 2, 4, 0.5, 2, 8, 10, 4, 0, 1, 3, 5, 10, 14.0], ["0021000044", 1610612741, "CHI", "Chicago", 2586, "Keith Bogans", "G", "", "16:05", 1, 2, 0.5, 1, 2, 0.5, 0, 0, 0.0, 1, 2, 3, 2, 0, 0, 0, 2, 3, 16.0], ["0021000044", 1610612741, "CHI", "Chicago", 201565, "Derrick Rose", "G", "", "36:35", 6, 11, 0.545, 0, 3, 0.0, 4, 6, 0.667, 0, 5, 5, 13, 1, 0, 6, 2, 16, 9.0], ["0021000044", 1610612741, "CHI", "Chicago", 201600, "Omer Asik", "", "", "26:14", 2, 3, 0.667, 0, 0, 0.0, 2, 6, 0.333, 3, 4, 7, 1, 0, 3, 0, 6, 6, 13.0], ["0021000044", 1610612741, "CHI", "Chicago", 201949, "James Johnson", "", "", "10:57", 1, 2, 0.5, 0, 0, 0.0, 0, 2, 0.0, 0, 1, 1, 0, 0, 0, 2, 5, 2, 5.0], ["0021000044", 1610612741, "CHI", "Chicago", 201228, "CJ Watson", "", "", "11:25", 2, 5, 0.4, 0, 1, 0.0, 0, 0, 0.0, 0, 1, 1, 0, 1, 0, 2, 1, 4, 3.0], ["0021000044", 1610612741, "CHI", "Chicago", 2594, "Kyle Korver", "", "", "22:02", 4, 7, 0.571, 1, 2, 0.5, 2, 2, 1.0, 0, 0, 0, 4, 0, 0, 0, 2, 11, -9.0], ["0021000044", 1610612741, "CHI", "Chicago", 200758, "Ronnie Brewer", "", "", "6:20", 2, 3, 0.667, 0, 0, 0.0, 0, 1, 0.0, 0, 1, 1, 0, 1, 0, 0, 0, 4, -6.0], ["0021000044", 1610612741, "CHI", "Chicago", 2243, "Brian Scalabrine", "", "", "6:10", 1, 1, 1.0, 0, 0, 0.0, 0, 0, 0.0, 1, 0, 1, 0, 0, 0, 1, 2, 2, -3.0], ["0021000044", 1610612741, "CHI", "Chicago", 703, "Kurt Thomas", "", "DNP - Coach's Decision", null, null, null, null, null, null, null, null, null, null, null, null, null, null, null, null, null, null, null, null]], "name": "PlayerStats"}, {"headers": ["GAME_ID", "TEAM_ID", "TEAM_NAME", "TEAM_ABBREVIATION", "TEAM_CITY", "MIN", "FGM", "FGA", "FG_PCT", "FG3M", "FG3A", "FG3_PCT", "FTM", "FTA", "FT_PCT", "OREB", "DREB", "REB", "AST", "STL", "BLK", "TO", "PF", "PTS", "PLUS_MINUS"], "rowSet": [["0021000044", 1610612757, "Trail Blazers", "POR", "Portland", "240:00", 33, 80, 0.413, 0, 14, 0.0, 32, 41, 0.78, 16, 19, 35, 15, 9, 2, 10, 27, 98, -12.0], ["0021000044", 1610612741, "Bulls", "CHI", "Chicago", "240:00", 43, 71, 0.606, 5, 13, 0.385, 19, 32, 0.594, 9, 27, 36, 27, 4, 4, 15, 33, 110, 12.0]], "name": "TeamStats"}, {"headers": ["LEAGUE_ID", "SEASON_ID", "TEAM_ID", "TEAM_ABBREVIATION", "TEAM_CITY", "PTS_PAINT", "PTS_2ND_CHANCE", "PTS_FB", "LARGEST_LEAD", "LEAD_CHANGES", "TIMES_TIED"], "rowSet": [["00", "22010", 1610612757, "POR", "Portland", 40, 17, 10, 17, 3, 0], ["00", "22010", 1610612741, "CHI", "Chicago", 48, 13, 27, 17, 3, 0]], "name": "OtherStats"}, {"headers": ["OFFICIAL_ID", "FIRST_NAME", "LAST_NAME", "JERSEY_NUM"], "rowSet": [[1200, "Greg", "Willard", "57"], [1179, "Rodney", "Mott", "71"], [201637, "Haywoode", "Workman", "66"]], "name": "Officials"}, {"headers": ["GAME_DATE", "ATTENDANCE", "GAME_TIME"], "rowSet": [["MONDAY, NOVEMBER 1, 2010", 21057, "2:26"]], "name": "GameInfo"}, {"headers": ["PLAYER_ID", "FIRST_NAME", "LAST_NAME", "JERSEY_NUM", "TEAM_ID", "TEAM_CITY", "TEAM_NAME", "TEAM_ABBREVIATION"], "rowSet": [[2430, "Carlos", "Boozer", " 5", 1610612741, "Chicago", "Bulls", "CHI"], [2038, "Joel", "Przybilla", "10", 1610612757, "Portland", "Trail Blazers", "POR"], [201141, "Greg", "Oden", "52", 1610612757, "Portland", "Trail Blazers", "POR"], [202343, "Elliot", "Williams", " 9", 1610612757, "Portland", "Trail Blazers", "POR"]], "name": "InactivePlayers"}, {"headers": ["VIDEO_AVAILABLE_FLAG"], "rowSet": [[0]], "name": "AvailableVideo"}], "parameters": {"GameID": "0021000044", "RangeType": 0, "StartPeriod": 0, "StartRange": 0, "EndPeriod": 0, "EndRange": 0}}