{"resource": "boxscore", "resultSets": [{"headers": ["GAME_DATE_EST", "GAME_SEQUENCE", "GAME_ID", "GAME_STATUS_ID", "GAME_STATUS_TEXT", "GAMECODE", "HOME_TEAM_ID", "VISITOR_TEAM_ID", "SEASON", "LIVE_PERIOD", "LIVE_PC_TIME", "NATL_TV_BROADCASTER_ABBREVIATION", "LIVE_PERIOD_TIME_BCAST", "WH_STATUS"], "rowSet": [["2010-10-29T00:00:00", 12, "0021000030", 3, "Final", "20101029/LALPHX", 1610612756, 1610612747, "2010", 4, "", "ESPN", "Q4  - ESPN", 1]], "name": "GameSummary"}, {"headers": ["GAME_DATE_EST", "GAME_SEQUENCE", "GAME_ID", "TEAM_ID", "TEAM_ABBREVIATION", "TEAM_CITY_NAME", "TEAM_WINS_LOSSES", "PTS_QTR1", "PTS_QTR2", "PTS_QTR3", "PTS_QTR4", "PTS_OT1", "PTS_OT2", "PTS_OT3", "PTS_OT4", "PTS_OT5", "PTS_OT6", "PTS_OT7", "PTS_OT8", "PTS_OT9", "PTS_OT10", "PTS"], "rowSet": [["2010-10-29T00:00:00", 12, "0021000030", 1610612756, "PHX", "Phoenix", "1-2", 27, 23, 29, 27, 0, 0, 0, 0, 0, 0, 0, 0, 0, 0, 106], ["2010-10-29T00:00:00", 12, "0021000030", 1610612747, "LAL", "Los Angeles", "2-0", 28, 29, 30, 27, 0, 0, 0, 0, 0, 0, 0, 0, 0, 0, 114]], "name": "LineScore"}, {"headers": ["GAME_ID", "HOME_TEAM_ID", "VISITOR_TEAM_ID", "GAME_DATE_EST", "HOME_TEAM_WINS", "HOME_TEAM_LOSSES", "SERIES_LEADER"], "rowSet": [["0021000030", 1610612756, 1610612747, "2010-10-29T00:00:00", 1, 3, "L.A. Lakers"]], "name": "SeasonSeries"}, {"headers": ["GAME_ID", "LAST_GAME_ID", "LAST_GAME_DATE_EST", "LAST_GAME_HOME_TEAM_ID", "LAST_GAME_HOME_TEAM_CITY", "LAST_GAME_HOME_TEAM_NAME", "LAST_GAME_HOME_TEAM_ABBREVIATION", "LAST_GAME_HOME_TEAM_POINTS", "LAST_GAME_VISITOR_TEAM_ID", "LAST_GAME_VISITOR_TEAM_CITY", "LAST_GAME_VISITOR_TEAM_NAME", "LAST_GAME_VISITOR_TEAM_CITY1", "LAST_GAME_VISITOR_TEAM_POINTS"], "rowSet": [["0021000030", "0040900316", "2010-05-29T00:00:00", 1610612756, "Phoenix", "Suns", "PHX", 103, 1610612747, "Los Angeles", "Lakers", "LAL", 111]], "name": "LastMeeting"}, {"headers": ["GAME_ID", "TEAM_ID", "TEAM_ABBREVIATION", "TEAM_CITY", "PLAYER_ID", "PLAYER_NAME", "START_POSITION", "COMMENT", "MIN", "FGM", "FGA", "FG_PCT", "FG3M", "FG3A", "FG3_PCT", "FTM", "FTA", "FT_PCT", "OREB", "DREB", "REB", "AST", "STL", "BLK", "TO", "PF", "PTS", "PLUS_MINUS"], "rowSet": [["0021000030", 1610612747, "LAL", "Los Angeles", 1897, "Metta World Peace", "F", "", "36:47", 5, 14, 0.357, 3, 8, 0.375, 1, 1, 1.0, 4, 0, 4, 0, 3, 0, 1, 0, 14, -4.0], ["0021000030", 1610612747, "LAL", "Los Angeles", 1885, "Lamar Odom", "F", "", "40:17", 8, 12, 0.667, 1, 1, 1.0, 1, 2, 0.5, 3, 14, 17, 5, 1, 0, 3, 2, 18, 10.0], ["0021000030", 1610612747, "LAL", "Los Angeles", 2200, "Pau Gasol", "C", "", "39:33", 10, 17, 0.588, 0, 0, 0.0, 1, 2, 0.5, 2, 6, 8, 9, 1, 2, 1, 0, 21, 15.0], ["0021000030", 1610612747, "LAL", "Los Angeles", 977, "Kobe Bryant", "G", "", "33:54", 9, 19, 0.474, 2, 5, 0.4, 5, 5, 1.0, 1, 6, 7, 3, 0, 0, 3, 1, 25, 9.0], ["0021000030", 1610612747, "LAL", "Los Angeles", 965, "Derek Fisher", "G", "", "29:24", 4, 9, 0.444, 1, 2, 0.5, 2, 2, 1.0, 0, 3, 3, 0, 1, 0, 1, 2, 11, -2.0], ["0021000030", 1610612747, "LAL", "Los Angeles", 2581, "Steve Blake", "", "", "18:36", 2, 8, 0.25, 2, 5, 0.4, 0, 0, 0.0, 1, 0, 1, 2, 0, 0, 0, 3, 6, 10.0], ["0021000030", 1610612747, "LAL", "Los Angeles", 2440, "Matt Barnes", "", "", "17:47", 4, 8, 0.5, 3, 4, 0.75, 0, 0, 0.0, 1, 4, 5, 0, 1, 0, 1, 3, 11, 5.0], ["0021000030", 1610612747, "LAL", "Los Angeles", 200769, "Shannon Brown", "", "", "15:15", 4, 8, 0.5, 0, 2, 0.0, 0, 0, 0.0, 1, 0, 1, 1, 1, 0, 0, 3, 8, 4.0], ["0021000030", 1610612747, "LAL", "Los Angeles", 689, "Theo Ratliff", "", "", "8:27", 0, 0, 0.0, 0, 0, 0.0, 0, 0, 0.0, 0, 0, 0, 1, 0, 1, 0, 0, 0, -7.0], ["0021000030", 1610612747, "LAL", "Los Angeles", 202382, "Derrick Caracter", "", "DNP - Coach's Decision", null, null, null, null, null, null, null, null, null, null, null, null, null, null, null, null, null, null, null, null], ["0021000030", 1610612747, "LAL", "Los Angeles", 202365, "Devin Ebanks", "", "DNP - Coach's Decision", null, null, null, null, null, null, null, null, null, null, null, null, null, null, null, null, null, null, null, null], ["0021000030", 1610612747, "LAL", "Los Angeles", 2756, "Sasha Vujacic", "", "DNP - Coach's Decision", null, null, null, null, null, null, null, null, null, null, null, null, null, null, null, null, null, null, null, null], ["0021000030", 1610612756, "PHX", "Phoenix", 255, "Grant Hill", "F", "", "33:55", 10, 17, 0.588, 0, 1, 0.0, 1, 2, 0.5, 1, 2, 3, 2, 0, 0, 0, 3, 21, -2.0], ["0021000030", 1610612756, "PHX", "Phoenix", 2045, "Hedo Turkoglu", "F", "", "30:31", 4, 7, 0.571, 1, 2, 0.5, 0, 0, 0.0, 0, 6, 6, 3, 1, 2, 2, 5, 9, -10.0], ["0021000030", 1610612756, "PHX", "Phoenix", 201577, "Robin Lopez", "C", "", "32:29", 9, 18, 0.5, 0, 0, 0.0, 0, 0, 0.0, 7, 7, 14, 0, 0, 1, 0, 0, 18, -6.0], ["0021000030", 1610612756, "PHX", "Phoenix", 2202, "Jason Richardson", "G", "", "29:24", 6, 18, 0.333, 4, 10, 0.4, 1, 2, 0.5, 0, 6, 6, 1, 1, 1, 0, 2, 17, 2.0], ["0021000030", 1610612756, "PHX", "Phoenix", 959, "Steve Nash", "G", "", "29:24", 3, 9, 0.333, 1, 2, 0.5, 1, 2, 0.5, 1, 1, 2, 9, 1, 0, 3, 0, 8, 2.0], ["0021000030", 1610612756, "PHX", "Phoenix", 101124, "Hakim Warrick", "", "", "17:29", 0, 2, 0.0, 0, 0, 0.0, 2, 2, 1.0, 1, 3, 4, 2, 0, 1, 1, 0, 2, 2.0], ["0021000030", 1610612756, "PHX", "Phoenix", 201609, "Goran Dragic", "", "", "18:36", 6, 9, 0.667, 2, 3, 0.667, 1, 1, 1.0, 0, 1, 1, 4, 1, 0, 3, 1, 15, -10.0], ["0021000030", 1610612756, "PHX", "Phoenix", 201162, "Jared Dudley", "", "", "18:36", 3, 4, 0.75, 1, 2, 0.5, 3, 4, 0.75, 1, 2, 3, 0, 0, 0, 0, 2, 10, -10.0], ["0021000030", 1610612756, "PHX", "Phoenix", 101112, "Channing Frye", "", "", "15:31", 1, 4, 0.25, 0, 3, 0.0, 0, 0, 0.0, 0, 1, 1, 0, 0, 1, 0, 1, 2, -2.0], ["0021000030", 1610612756, "PHX", "Phoenix", 2735, "Josh Childress", "", "", "14:05", 2, 5, 0.4, 0, 1, 0.0, 0, 0, 0.0, 1, 2, 3, 0, 0, 1, 1, 0, 4, -6.0], ["0021000030", 1610612756, "PHX", "Phoenix", 201947, "Earl Clark", "", "DNP - Coach's Decision", null, null, null, null, null, null, null, null, null, null, null, null, null, null, null, null, null, null, null, null], ["0021000030", 1610612756, "PHX", "Phoenix", 202081, "Garret Siler", "", "DNP - Coach's Decision", null, null, null, null, null, null, null, null, null, null, null, null, null, null, null, null, null, null, null, null]], "name": "PlayerStats"}, {"headers": ["GAME_ID", "TEAM_ID", "TEAM_NAME", "TEAM_ABBREVIATION", "TEAM_CITY", "MIN", "FGM", "FGA", "FG_PCT", "FG3M", "FG3A", "FG3_PCT", "FTM", "FTA", "FT_PCT", "OREB", "DREB", "REB", "AST", "STL", "BLK", "TO", "PF", "PTS", "PLUS_MINUS"], "rowSet": [["0021000030", 1610612756, "Suns", "PHX", "Phoenix", "240:00", 44, 93, 0.473, 9, 24, 0.375, 9, 13, 0.692, 12, 31, 43, 21, 4, 7, 10, 14, 106, -8.0], ["0021000030", 1610612747, "Lakers", "LAL", "Los Angeles", "240:00", 46, 95, 0.484, 12, 27, 0.444, 10, 12, 0.833, 13, 33, 46, 21, 8, 3, 10, 14, 114, 8.0]], "name": "TeamStats"}, {"headers": ["LEAGUE_ID", "SEASON_ID", "TEAM_ID", "TEAM_ABBREVIATION", "TEAM_CITY", "PTS_PAINT", "PTS_2ND_CHANCE", "PTS_FB", "LARGEST_LEAD", "LEAD_CHANGES", "TIMES_TIED"], "rowSet": [["00", "22010", 1610612747, "LAL", "Los Angeles", 42, 10, 15, 11, 18, 7], ["00", "22010", 1610612756, "PHX", "Phoenix", 50, 14, 21, 13, 18, 7]], "name": "OtherStats"}, {"headers": ["OFFICIAL_ID", "FIRST_NAME", "LAST_NAME", "JERSEY_NUM"], "rowSet": [[1153, "Joe", "Crawford", "17"], [2003, "Pat", "Fraher", "52"], [2878, "Tommy", "Nunez Jr.", "28"]], "name": "Officials"}, {"headers": ["GAME_DATE", "ATTENDANCE", "GAME_TIME"], "rowSet": [["FRIDAY, OCTOBER 29, 2010", 18422, "2:18"]], "name": "GameInfo"}, {"headers": ["PLAYER_ID", "FIRST_NAME", "LAST_NAME", "JERSEY_NUM", "TEAM_ID", "TEAM_CITY", "TEAM_NAME", "TEAM_ABBREVIATION"], "rowSet": [[2575, "Luke", "Walton", " 4", 1610612747, "Los Angeles", "Lakers", "LAL"], [101115, "Andrew", "Bynum", "17", 1610612747, "Los Angeles", "Lakers", "LAL"], [202394, "Matt", "Janning", "22", 1610612756, "Phoenix", "Suns", "PHX"], [202371, "Gani", "Lawal", "31", 1610612756, "Phoenix", "Suns", "PHX"]], "name": "InactivePlayers"}, {"headers": ["VIDEO_AVAILABLE_FLAG"], "rowSet": [[0]], "name": "AvailableVideo"}], "parameters": {"GameID": "0021000030", "RangeType": 0, "StartPeriod": 0, "StartRange": 0, "EndPeriod": 0, "EndRange": 0}}