{"resource": "boxscore", "resultSets": [{"headers": ["GAME_DATE_EST", "GAME_SEQUENCE", "GAME_ID", "GAME_STATUS_ID", "GAME_STATUS_TEXT", "GAMECODE", "HOME_TEAM_ID", "VISITOR_TEAM_ID", "SEASON", "LIVE_PERIOD", "LIVE_PC_TIME", "NATL_TV_BROADCASTER_ABBREVIATION", "LIVE_PERIOD_TIME_BCAST", "WH_STATUS"], "rowSet": [["2010-11-03T00:00:00", 4, "0021000057", 3, "Final", "20101103/INDPHI", 1610612755, 1610612754, "2010", 4, "", null, "Q4  - ", 1]], "name": "GameSummary"}, {"headers": ["GAME_DATE_EST", "GAME_SEQUENCE", "GAME_ID", "TEAM_ID", "TEAM_ABBREVIATION", "TEAM_CITY_NAME", "TEAM_WINS_LOSSES", "PTS_QTR1", "PTS_QTR2", "PTS_QTR3", "PTS_QTR4", "PTS_OT1", "PTS_OT2", "PTS_OT3", "PTS_OT4", "PTS_OT5", "PTS_OT6", "PTS_OT7", "PTS_OT8", "PTS_OT9", "PTS_OT10", "PTS"], "rowSet": [["2010-11-03T00:00:00", 4, "0021000057", 1610612755, "PHI", "Philadelphia", "1-4", 31, 26, 21, 23, 0, 0, 0, 0, 0, 0, 0, 0, 0, 0, 101], ["2010-11-03T00:00:00", 4, "0021000057", 1610612754, "IND", "Indiana", "2-2", 16, 15, 27, 17, 0, 0, 0, 0, 0, 0, 0, 0, 0, 0, 75]], "name": "LineScore"}, {"headers": ["GAME_ID", "HOME_TEAM_ID", "VISITOR_TEAM_ID", "GAME_DATE_EST", "HOME_TEAM_WINS", "HOME_TEAM_LOSSES", "SERIES_LEADER"], "rowSet": [["0021000057", 1610612755, 1610612754, "2010-11-03T00:00:00", 2, 2, "Tied"]], "name": "SeasonSeries"}, {"headers": ["GAME_ID", "LAST_GAME_ID", "LAST_GAME_DATE_EST", "LAST_GAME_HOME_TEAM_ID", "LAST_GAME_HOME_TEAM_CITY", "LAST_GAME_HOME_TEAM_NAME", "LAST_GAME_HOME_TEAM_ABBREVIATION", "LAST_GAME_HOME_TEAM_POINTS", "LAST_GAME_VISITOR_TEAM_ID", "LAST_GAME_VISITOR_TEAM_CITY", "LAST_GAME_VISITOR_TEAM_NAME", "LAST_GAME_VISITOR_TEAM_CITY1", "LAST_GAME_VISITOR_TEAM_POINTS"], "rowSet": [["0021000057", "0021000034", "2010-10-30T00:00:00", 1610612755, "Philadelphia", "76ers", "PHI", 86, 1610612754, "Indiana", "Pacers", "IND", 99]], "name": "LastMeeting"}, {"headers": ["GAME_ID", "TEAM_ID", "TEAM_ABBREVIATION", "TEAM_CITY", "PLAYER_ID", "PLAYER_NAME", "START_POSITION", "COMMENT", "MIN", "FGM", "FGA", "FG_PCT", "FG3M", "FG3A", "FG3_PCT", "FTM", "FTA", "FT_PCT", "OREB", "DREB", "REB", "AST", "STL", "BLK", "TO", "PF", "PTS", "PLUS_MINUS"], "rowSet": [["0021000057", 1610612754, "IND", "Indiana", 101122, "Danny Granger", "F", "", "39:28", 2, 14, 0.143, 1, 4, 0.25, 2, 2, 1.0, 0, 7, 7, 3, 0, 0, 2, 3, 7, -18.0], ["0021000057", 1610612754, "IND", "Indiana", 201177, "Josh McRoberts", "F", "", "19:53", 4, 6, 0.667, 2, 3, 0.667, 0, 0, 0.0, 0, 4, 4, 2, 3, 1, 2, 4, 10, -11.0], ["0021000057", 1610612754, "IND", "Indiana", 201579, "Roy Hibbert", "C", "", "27:18", 4, 12, 0.333, 0, 1, 0.0, 1, 2, 0.5, 5, 3, 8, 3, 0, 3, 1, 3, 9, 2.0], ["0021000057", 1610612754, "IND", "Indiana", 2399, "Mike Dunleavy", "G", "", "31:06", 2, 11, 0.182, 2, 4, 0.5, 0, 0, 0.0, 2, 5, 7, 1, 0, 1, 1, 1, 6, -18.0], ["0021000057", 1610612754, "IND", "Indiana", 201954, "Darren Collison", "G", "", "32:02", 4, 16, 0.25, 0, 2, 0.0, 3, 3, 1.0, 2, 2, 4, 3, 0, 0, 3, 1, 11, -15.0], ["0021000057", 1610612754, "IND", "Indiana", 201946, "Tyler Hansbrough", "", "", "18:28", 2, 6, 0.333, 0, 0, 0.0, 2, 6, 0.333, 2, 1, 3, 1, 0, 0, 0, 1, 6, -16.0], ["0021000057", 1610612754, "IND", "Indiana", 200780, "Solomon Jones", "", "", "16:50", 3, 4, 0.75, 0, 0, 0.0, 0, 0, 0.0, 0, 2, 2, 1, 0, 0, 0, 2, 6, -22.0], ["0021000057", 1610612754, "IND", "Indiana", 202331, "Paul George", "", "", "14:42", 1, 4, 0.25, 0, 2, 0.0, 0, 0, 0.0, 0, 2, 2, 1, 1, 0, 1, 1, 2, -16.0], ["0021000057", 1610612754, "IND", "Indiana", 2551, "T.J. Ford", "", "", "15:58", 3, 10, 0.3, 1, 3, 0.333, 0, 0, 0.0, 0, 2, 2, 1, 1, 0, 2, 2, 7, -11.0], ["0021000057", 1610612754, "IND", "Indiana", 2563, "Dahntay Jones", "", "", "10:44", 2, 3, 0.667, 0, 0, 0.0, 4, 4, 1.0, 0, 4, 4, 2, 0, 0, 1, 1, 8, 0.0], ["0021000057", 1610612754, "IND", "Indiana", 1899, "James Posey", "", "", "13:31", 1, 3, 0.333, 1, 3, 0.333, 0, 0, 0.0, 0, 3, 3, 1, 1, 0, 0, 0, 3, -5.0], ["0021000057", 1610612754, "IND", "Indiana", 201575, "Brandon Rush", "", "NWT - League Suspension", null, null, null, null, null, null, null, null, null, null, null, null, null, null, null, null, null, null, null, null], ["0021000057", 1610612755, "PHI", "Philadelphia", 2804, "Andres Nocioni", "F", "", "14:24", 1, 5, 0.2, 1, 3, 0.333, 1, 2, 0.5, 0, 2, 2, 0, 0, 0, 0, 0, 4, -9.0], ["0021000057", 1610612755, "PHI", "Philadelphia", 1882, "Elton Brand", "F", "", "35:44", 9, 15, 0.6, 0, 0, 0.0, 7, 7, 1.0, 5, 7, 12, 4, 1, 2, 0, 4, 25, 23.0], ["0021000057", 1610612755, "PHI", "Philadelphia", 201150, "Spencer Hawes", "C", "", "14:28", 3, 5, 0.6, 1, 1, 1.0, 2, 4, 0.5, 0, 4, 4, 0, 0, 2, 1, 3, 9, -5.0], ["0021000057", 1610612755, "PHI", "Philadelphia", 2738, "Andre Iguodala", "G", "", "40:22", 4, 9, 0.444, 0, 1, 0.0, 3, 4, 0.75, 1, 8, 9, 4, 1, 4, 0, 2, 11, 25.0], ["0021000057", 1610612755, "PHI", "Philadelphia", 201950, "Jrue Holiday", "G", "", "34:45", 4, 8, 0.5, 0, 1, 0.0, 3, 3, 1.0, 0, 4, 4, 5, 4, 0, 1, 1, 11, 17.0], ["0021000057", 1610612755, "PHI", "Philadelphia", 202323, "Evan Turner", "", "", "22:36", 5, 8, 0.625, 0, 1, 0.0, 2, 2, 1.0, 0, 6, 6, 3, 1, 0, 3, 2, 12, 23.0], ["0021000057", 1610612755, "PHI", "Philadelphia", 201152, "Thaddeus Young", "", "", "28:07", 7, 14, 0.5, 1, 1, 1.0, 1, 1, 1.0, 2, 3, 5, 0, 1, 0, 1, 1, 16, 21.0], ["0021000057", 1610612755, "PHI", "Philadelphia", 101150, "Louis Williams", "", "", "23:36", 4, 8, 0.5, 1, 3, 0.333, 2, 2, 1.0, 0, 1, 1, 4, 0, 0, 2, 2, 11, 16.0], ["0021000057", 1610612755, "PHI", "Philadelphia", 201578, "Marreese Speights", "", "", "13:38", 1, 6, 0.167, 0, 0, 0.0, 0, 0, 0.0, 1, 10, 11, 1, 0, 0, 2, 3, 2, 8.0], ["0021000057", 1610612755, "PHI", "Philadelphia", 2574, "Jason Kapono", "", "", "12:20", 0, 3, 0.0, 0, 1, 0.0, 0, 0, 0.0, 0, 0, 0, 0, 1, 0, 0, 0, 0, 11.0], ["0021000057", 1610612755, "PHI", "Philadelphia", 1499, "Tony Battie", "", "DNP - Coach's Decision", null, null, null, null, null, null, null, null, null, null, null, null, null, null, null, null, null, null, null, null], ["0021000057", 1610612755, "PHI", "Philadelphia", 2443, "Darius Songaila", "", "DNP - Coach's Decision", null, null, null, null, null, null, null, null, null, null, null, null, null, null, null, null, null, null, null, null]], "name": "PlayerStats"}, {"headers": ["GAME_ID", "TEAM_ID", "TEAM_NAME", "TEAM_ABBREVIATION", "TEAM_CITY", "MIN", "FGM", "FGA", "FG_PCT", "FG3M", "FG3A", "FG3_PCT", "FTM", "FTA", "FT_PCT", "OREB", "DREB", "REB", "AST", "STL", "BLK", "TO", "PF", "PTS", "PLUS_MINUS"], "rowSet": [["0021000057", 1610612755, "76ers", "PHI", "Philadelphia", "240:00", 38, 81, 0.469, 4, 12, 0.333, 21, 25, 0.84, 9, 45, 54, 21, 9, 8, 10, 18, 101, 26.0], ["0021000057", 1610612754, "Pacers", "IND", "Indiana", "240:00", 28, 89, 0.315, 7, 22, 0.318, 12, 17, 0.706, 11, 35, 46, 19, 6, 5, 13, 19, 75, -26.0]], "name": "TeamStats"}, {"headers": ["LEAGUE_ID", "SEASON_ID", "TEAM_ID", "TEAM_ABBREVIATION", "TEAM_CITY", "PTS_PAINT", "PTS_2ND_CHANCE", "PTS_FB", "LARGEST_LEAD", "LEAD_CHANGES", "TIMES_TIED"], "rowSet": [["00", "22010", 1610612754, "IND", "Indiana", 34, 14, 10, 32, 1, 3], ["00", "22010", 1610612755, "PHI", "Philadelphia", 46, 11, 24, 30, 1, 3]], "name": "OtherStats"}, {"headers": ["OFFICIAL_ID", "FIRST_NAME", "LAST_NAME", "JERSEY_NUM"], "rowSet": [[1146, "Tony", "Brothers", "25"], [1152, "Dan", "Crawford", "43"], [202058, "James", "Williams", "60"]], "name": "Officials"}, {"headers": ["GAME_DATE", "ATTENDANCE", "GAME_TIME"], "rowSet": [["WEDNESDAY, NOVEMBER 3, 2010", 12277, "2:05"]], "name": "GameInfo"}, {"headers": ["PLAYER_ID", "FIRST_NAME", "LAST_NAME", "JERSEY_NUM", "TEAM_ID", "TEAM_CITY", "TEAM_NAME", "TEAM_ABBREVIATION"], "rowSet": [[201975, "Jodie", "Meeks", "20", 1610612755, "Philadelphia", "76ers", "PHI"], [202342, "Craig", "Brackins", "33", 1610612755, "Philadelphia", "76ers", "PHI"], [1902, "Jeff", "Foster", "10", 1610612754, "Indiana", "Pacers", "IND"], [201985, "A.J.", "Price", "12", 1610612754, "Indiana", "Pacers", "IND"], [202362, "Lance", "Stephenson", " 6", 1610612754, "Indiana", "Pacers", "IND"]], "name": "InactivePlayers"}, {"headers": ["VIDEO_AVAILABLE_FLAG"], "rowSet": [[0]], "name": "AvailableVideo"}], "parameters": {"GameID": "0021000057", "RangeType": 0, "StartPeriod": 0, "StartRange": 0, "EndPeriod": 0, "EndRange": 0}}