{"resource": "boxscore", "resultSets": [{"headers": ["GAME_DATE_EST", "GAME_SEQUENCE", "GAME_ID", "GAME_STATUS_ID", "GAME_STATUS_TEXT", "GAMECODE", "HOME_TEAM_ID", "VISITOR_TEAM_ID", "SEASON", "LIVE_PERIOD", "LIVE_PC_TIME", "NATL_TV_BROADCASTER_ABBREVIATION", "LIVE_PERIOD_TIME_BCAST", "WH_STATUS"], "rowSet": [["2010-11-03T00:00:00", 5, "0021000058", 3, "Final", "20101103/MILBOS", 1610612738, 1610612749, "2010", 5, "", "ESPN", "Q5  - ESPN", 1]], "name": "GameSummary"}, {"headers": ["GAME_DATE_EST", "GAME_SEQUENCE", "GAME_ID", "TEAM_ID", "TEAM_ABBREVIATION", "TEAM_CITY_NAME", "TEAM_WINS_LOSSES", "PTS_QTR1", "PTS_QTR2", "PTS_QTR3", "PTS_QTR4", "PTS_OT1", "PTS_OT2", "PTS_OT3", "PTS_OT4", "PTS_OT5", "PTS_OT6", "PTS_OT7", "PTS_OT8", "PTS_OT9", "PTS_OT10", "PTS"], "rowSet": [["2010-11-03T00:00:00", 5, "0021000058", 1610612749, "MIL", "Milwaukee", "1-4", 16, 31, 16, 28, 11, 0, 0, 0, 0, 0, 0, 0, 0, 0, 102], ["2010-11-03T00:00:00", 5, "0021000058", 1610612738, "BOS", "Boston", "4-1", 25, 22, 15, 29, 14, 0, 0, 0, 0, 0, 0, 0, 0, 0, 105]], "name": "LineScore"}, {"headers": ["GAME_ID", "HOME_TEAM_ID", "VISITOR_TEAM_ID", "GAME_DATE_EST", "HOME_TEAM_WINS", "HOME_TEAM_LOSSES", "SERIES_LEADER"], "rowSet": [["0021000058", 1610612738, 1610612749, "2010-11-03T00:00:00", 3, 0, "Boston"]], "name": "SeasonSeries"}, {"headers": ["GAME_ID", "LAST_GAME_ID", "LAST_GAME_DATE_EST", "LAST_GAME_HOME_TEAM_ID", "LAST_GAME_HOME_TEAM_CITY", "LAST_GAME_HOME_TEAM_NAME", "LAST_GAME_HOME_TEAM_ABBREVIATION", "LAST_GAME_HOME_TEAM_POINTS", "LAST_GAME_VISITOR_TEAM_ID", "LAST_GAME_VISITOR_TEAM_CITY", "LAST_GAME_VISITOR_TEAM_NAME", "LAST_GAME_VISITOR_TEAM_CITY1", "LAST_GAME_VISITOR_TEAM_POINTS"], "rowSet": [["0021000058", "0020901218", "2010-04-14T00:00:00", 1610612738, "Boston", "Celtics", "BOS", 95, 1610612749, "Milwaukee", "Bucks", "MIL", 106]], "name": "LastMeeting"}, {"headers": ["GAME_ID", "TEAM_ID", "TEAM_ABBREVIATION", "TEAM_CITY", "PLAYER_ID", "PLAYER_NAME", "START_POSITION", "COMMENT", "MIN", "FGM", "FGA", "FG_PCT", "FG3M", "FG3A", "FG3_PCT", "FTM", "FTA", "FT_PCT", "OREB", "DREB", "REB", "AST", "STL", "BLK", "TO", "PF", "PTS", "PLUS_MINUS"], "rowSet": [["0021000058", 1610612749, "MIL", "Milwaukee", 2568, "Carlos Delfino", "F", "", "49:18", 6, 15, 0.4, 1, 4, 0.25, 2, 2, 1.0, 0, 4, 4, 7, 1, 0, 5, 1, 15, -1.0], ["0021000058", 1610612749, "MIL", "Milwaukee", 2400, "Drew Gooden", "F", "", "17:42", 2, 5, 0.4, 0, 0, 0.0, 2, 2, 1.0, 3, 1, 4, 0, 2, 0, 1, 4, 6, -4.0], ["0021000058", 1610612749, "MIL", "Milwaukee", 101106, "Andrew Bogut", "C", "", "47:50", 8, 17, 0.471, 0, 0, 0.0, 5, 7, 0.714, 6, 7, 13, 0, 0, 1, 1, 2, 21, 9.0], ["0021000058", 1610612749, "MIL", "Milwaukee", 2422, "John Salmons", "G", "", "25:12", 3, 10, 0.3, 0, 1, 0.0, 3, 4, 0.75, 0, 3, 3, 2, 0, 0, 2, 2, 9, -11.0], ["0021000058", 1610612749, "MIL", "Milwaukee", 201943, "Brandon Jennings", "G", "", "34:11", 5, 13, 0.385, 0, 1, 0.0, 3, 4, 0.75, 0, 3, 3, 4, 1, 0, 3, 3, 13, -16.0], ["0021000058", 1610612749, "MIL", "Milwaukee", 101141, "Ersan Ilyasova", "", "", "34:49", 5, 10, 0.5, 2, 2, 1.0, 3, 3, 1.0, 1, 6, 7, 1, 0, 0, 1, 4, 15, 9.0], ["0021000058", 1610612749, "MIL", "Milwaukee", 201972, "Jon Brockman", "", "", "4:38", 1, 1, 1.0, 0, 0, 0.0, 0, 0, 0.0, 2, 0, 2, 0, 0, 0, 0, 1, 2, -4.0], ["0021000058", 1610612749, "MIL", "Milwaukee", 1894, "Corey Maggette", "", "", "21:44", 2, 6, 0.333, 0, 0, 0.0, 7, 8, 0.875, 0, 3, 3, 0, 0, 0, 2, 5, 11, -9.0], ["0021000058", 1610612749, "MIL", "Milwaukee", 2039, "Keyon Dooling", "", "", "19:26", 4, 7, 0.571, 2, 5, 0.4, 0, 1, 0.0, 0, 1, 1, 2, 0, 0, 0, 2, 10, 5.0], ["0021000058", 1610612749, "MIL", "Milwaukee", 201601, "Luc Mbah a Moute", "", "", "10:11", 0, 2, 0.0, 0, 0, 0.0, 0, 0, 0.0, 1, 1, 2, 1, 0, 0, 0, 0, 0, 7.0], ["0021000058", 1610612749, "MIL", "Milwaukee", 1863, "Earl Boykins", "", "DNP - Coach's Decision", null, null, null, null, null, null, null, null, null, null, null, null, null, null, null, null, null, null, null, null], ["0021000058", 1610612749, "MIL", "Milwaukee", 202336, "Larry Sanders", "", "DNP - Coach's Decision", null, null, null, null, null, null, null, null, null, null, null, null, null, null, null, null, null, null, null, null], ["0021000058", 1610612738, "BOS", "Boston", 1718, "Paul Pierce", "F", "", "40:59", 8, 17, 0.471, 1, 4, 0.25, 11, 11, 1.0, 0, 5, 5, 4, 1, 0, 4, 4, 28, 17.0], ["0021000058", 1610612738, "BOS", "Boston", 708, "Kevin Garnett", "F", "", "38:23", 5, 15, 0.333, 0, 0, 0.0, 3, 4, 0.75, 0, 8, 8, 1, 0, 1, 1, 1, 13, 10.0], ["0021000058", 1610612738, "BOS", "Boston", 979, "Jermaine O'Neal", "C", "", "25:16", 2, 4, 0.5, 0, 0, 0.0, 1, 2, 0.5, 2, 5, 7, 1, 0, 3, 0, 6, 5, -5.0], ["0021000058", 1610612738, "BOS", "Boston", 951, "Ray Allen", "G", "", "44:58", 9, 20, 0.45, 3, 8, 0.375, 2, 3, 0.667, 2, 4, 6, 2, 2, 0, 2, 4, 23, 9.0], ["0021000058", 1610612738, "BOS", "Boston", 200765, "Rajon Rondo", "G", "", "46:58", 7, 10, 0.7, 0, 0, 0.0, 3, 4, 0.75, 3, 5, 8, 15, 3, 1, 6, 3, 17, 11.0], ["0021000058", 1610612738, "BOS", "Boston", 201175, "Glen Davis", "", "", "33:55", 5, 9, 0.556, 0, 0, 0.0, 4, 4, 1.0, 2, 2, 4, 1, 2, 0, 2, 6, 14, 1.0], ["0021000058", 1610612738, "BOS", "Boston", 2605, "Marquis Daniels", "", "", "19:04", 0, 1, 0.0, 0, 0, 0.0, 3, 4, 0.75, 1, 2, 3, 0, 1, 1, 0, 3, 3, -11.0], ["0021000058", 1610612738, "BOS", "Boston", 101126, "Nate Robinson", "", "", "6:37", 0, 2, 0.0, 0, 0, 0.0, 0, 0, 0.0, 0, 0, 0, 0, 0, 0, 1, 1, 0, -3.0], ["0021000058", 1610612738, "BOS", "Boston", 201623, "Semih Erden", "", "", "5:53", 0, 0, 0.0, 0, 0, 0.0, 0, 0, 0.0, 0, 2, 2, 0, 0, 0, 0, 1, 0, -7.0], ["0021000058", 1610612738, "BOS", "Boston", 101144, "Von Wafer", "", "", "2:58", 1, 1, 1.0, 0, 0, 0.0, 0, 0, 0.0, 0, 0, 0, 0, 0, 0, 0, 0, 2, -7.0], ["0021000058", 1610612738, "BOS", "Boston", 202376, "Luke Harangody", "", "DNP - Coach's Decision", null, null, null, null, null, null, null, null, null, null, null, null, null, null, null, null, null, null, null, null], ["0021000058", 1610612738, "BOS", "Boston", 2753, "Delonte West", "", "NWT - League Suspension", null, null, null, null, null, null, null, null, null, null, null, null, null, null, null, null, null, null, null, null]], "name": "PlayerStats"}, {"headers": ["GAME_ID", "TEAM_ID", "TEAM_NAME", "TEAM_ABBREVIATION", "TEAM_CITY", "MIN", "FGM", "FGA", "FG_PCT", "FG3M", "FG3A", "FG3_PCT", "FTM", "FTA", "FT_PCT", "OREB", "DREB", "REB", "AST", "STL", "BLK", "TO", "PF", "PTS", "PLUS_MINUS"], "rowSet": [["0021000058", 1610612749, "Bucks", "MIL", "Milwaukee", "265:00", 36, 86, 0.419, 5, 13, 0.385, 25, 31, 0.806, 13, 29, 42, 17, 4, 1, 15, 24, 102, -3.0], ["0021000058", 1610612738, "Celtics", "BOS", "Boston", "265:00", 37, 79, 0.468, 4, 12, 0.333, 27, 32, 0.844, 10, 33, 43, 24, 9, 6, 16, 29, 105, 3.0]], "name": "TeamStats"}, {"headers": ["LEAGUE_ID", "SEASON_ID", "TEAM_ID", "TEAM_ABBREVIATION", "TEAM_CITY", "PTS_PAINT", "PTS_2ND_CHANCE", "PTS_FB", "LARGEST_LEAD", "LEAD_CHANGES", "TIMES_TIED"], "rowSet": [["00", "22010", 1610612738, "BOS", "Boston", 34, 16, 11, 9, 15, 15], ["00", "22010", 1610612749, "MIL", "Milwaukee", 42, 21, 9, 9, 15, 15]], "name": "OtherStats"}, {"headers": ["OFFICIAL_ID", "FIRST_NAME", "LAST_NAME", "JERSEY_NUM"], "rowSet": [[1159, "Kevin", "Fehr", "7"], [1363, "Bennie", "Adams", "47"], [2530, "Ed", "Malloy", "14"]], "name": "Officials"}, {"headers": ["GAME_DATE", "ATTENDANCE", "GAME_TIME"], "rowSet": [["WEDNESDAY, NOVEMBER 3, 2010", 18624, "2:58"]], "name": "GameInfo"}, {"headers": ["PLAYER_ID", "FIRST_NAME", "LAST_NAME", "JERSEY_NUM", "TEAM_ID", "TEAM_CITY", "TEAM_NAME", "TEAM_ABBREVIATION"], "rowSet": [[2072, "Michael", "Redd", "22", 1610612749, "Milwaukee", "Bucks", "MIL"], [201604, "Chris", "Douglas-Roberts", "17", 1610612749, "Milwaukee", "Bucks", "MIL"], [202359, "Darington", "Hobson", "9", 1610612749, "Milwaukee", "Bucks", "MIL"], [406, "Shaquille", "O'Neal", "36", 1610612738, "Boston", "Celtics", "BOS"], [2570, "Kendrick", "Perkins", "43", 1610612738, "Boston", "Celtics", "BOS"], [202340, "Avery", "Bradley", "0", 1610612738, "Boston", "Celtics", "BOS"]], "name": "InactivePlayers"}, {"headers": ["VIDEO_AVAILABLE_FLAG"], "rowSet": [[0]], "name": "AvailableVideo"}], "parameters": {"GameID": "0021000058", "RangeType": 0, "StartPeriod": 0, "StartRange": 0, "EndPeriod": 0, "EndRange": 0}}