{"resource": "boxscore", "resultSets": [{"headers": ["GAME_DATE_EST", "GAME_SEQUENCE", "GAME_ID", "GAME_STATUS_ID", "GAME_STATUS_TEXT", "GAMECODE", "HOME_TEAM_ID", "VISITOR_TEAM_ID", "SEASON", "LIVE_PERIOD", "LIVE_PC_TIME", "NATL_TV_BROADCASTER_ABBREVIATION", "LIVE_PERIOD_TIME_BCAST", "WH_STATUS"], "rowSet": [["2010-10-27T00:00:00", 5, "0021000008", 3, "Final", "20101027/ATLMEM", 1610612763, 1610612737, "2010", 4, "", null, "Q4  - ", 1]], "name": "GameSummary"}, {"headers": ["GAME_DATE_EST", "GAME_SEQUENCE", "GAME_ID", "TEAM_ID", "TEAM_ABBREVIATION", "TEAM_CITY_NAME", "TEAM_WINS_LOSSES", "PTS_QTR1", "PTS_QTR2", "PTS_QTR3", "PTS_QTR4", "PTS_OT1", "PTS_OT2", "PTS_OT3", "PTS_OT4", "PTS_OT5", "PTS_OT6", "PTS_OT7", "PTS_OT8", "PTS_OT9", "PTS_OT10", "PTS"], "rowSet": [["2010-10-27T00:00:00", 5, "0021000008", 1610612763, "MEM", "Memphis", "0-1", 22, 28, 25, 29, 0, 0, 0, 0, 0, 0, 0, 0, 0, 0, 104], ["2010-10-27T00:00:00", 5, "0021000008", 1610612737, "ATL", "Atlanta", "1-0", 30, 32, 29, 28, 0, 0, 0, 0, 0, 0, 0, 0, 0, 0, 119]], "name": "LineScore"}, {"headers": ["GAME_ID", "HOME_TEAM_ID", "VISITOR_TEAM_ID", "GAME_DATE_EST", "HOME_TEAM_WINS", "HOME_TEAM_LOSSES", "SERIES_LEADER"], "rowSet": [["0021000008", 1610612763, 1610612737, "2010-10-27T00:00:00", 0, 2, "Atlanta"]], "name": "SeasonSeries"}, {"headers": ["GAME_ID", "LAST_GAME_ID", "LAST_GAME_DATE_EST", "LAST_GAME_HOME_TEAM_ID", "LAST_GAME_HOME_TEAM_CITY", "LAST_GAME_HOME_TEAM_NAME", "LAST_GAME_HOME_TEAM_ABBREVIATION", "LAST_GAME_HOME_TEAM_POINTS", "LAST_GAME_VISITOR_TEAM_ID", "LAST_GAME_VISITOR_TEAM_CITY", "LAST_GAME_VISITOR_TEAM_NAME", "LAST_GAME_VISITOR_TEAM_CITY1", "LAST_GAME_VISITOR_TEAM_POINTS"], "rowSet": [["0021000008", "0011000017", "2010-10-07T00:00:00", 1610612763, "Memphis", "Grizzlies", "MEM", 115, 1610612737, "Atlanta", "Hawks", "ATL", 111]], "name": "LastMeeting"}, {"headers": ["GAME_ID", "TEAM_ID", "TEAM_ABBREVIATION", "TEAM_CITY", "PLAYER_ID", "PLAYER_NAME", "START_POSITION", "COMMENT", "MIN", "FGM", "FGA", "FG_PCT", "FG3M", "FG3A", "FG3_PCT", "FTM", "FTA", "FT_PCT", "OREB", "DREB", "REB", "AST", "STL", "BLK", "TO", "PF", "PTS", "PLUS_MINUS"], "rowSet": [["0021000008", 1610612737, "ATL", "Atlanta", 101107, "Marvin Williams", "F", "", "31:20", 5, 6, 0.833, 0, 1, 0.0, 5, 6, 0.833, 2, 5, 7, 0, 0, 1, 1, 0, 15, 10.0], ["0021000008", 1610612737, "ATL", "Atlanta", 2746, "Josh Smith", "F", "", "24:55", 5, 10, 0.5, 1, 1, 1.0, 0, 0, 0.0, 0, 6, 6, 4, 0, 5, 3, 5, 11, 7.0], ["0021000008", 1610612737, "ATL", "Atlanta", 201143, "Al Horford", "C", "", "17:56", 1, 5, 0.2, 0, 0, 0.0, 0, 1, 0.0, 0, 7, 7, 1, 1, 0, 1, 3, 2, 2.0], ["0021000008", 1610612737, "ATL", "Atlanta", 2207, "Joe Johnson", "G", "", "30:42", 6, 16, 0.375, 1, 5, 0.2, 9, 11, 0.818, 1, 3, 4, 7, 1, 0, 2, 1, 22, 7.0], ["0021000008", 1610612737, "ATL", "Atlanta", 1710, "Mike Bibby", "G", "", "27:23", 7, 9, 0.778, 4, 4, 1.0, 1, 1, 1.0, 0, 1, 1, 4, 1, 0, 1, 4, 19, 5.0], ["0021000008", 1610612737, "ATL", "Atlanta", 2585, "Zaza Pachulia", "", "", "29:37", 5, 7, 0.714, 0, 0, 0.0, 7, 7, 1.0, 5, 6, 11, 1, 0, 2, 2, 3, 17, 13.0], ["0021000008", 1610612737, "ATL", "Atlanta", 2037, "Jamal Crawford", "", "", "25:23", 5, 11, 0.455, 0, 2, 0.0, 3, 3, 1.0, 0, 1, 1, 2, 3, 0, 2, 0, 13, 12.0], ["0021000008", 1610612737, "ATL", "Atlanta", 201952, "Jeff Teague", "", "", "16:03", 2, 5, 0.4, 1, 1, 1.0, 0, 0, 0.0, 0, 0, 0, 1, 0, 1, 2, 0, 5, 10.0], ["0021000008", 1610612737, "ATL", "Atlanta", 2230, "Maurice Evans", "", "", "14:35", 3, 3, 1.0, 1, 1, 1.0, 0, 0, 0.0, 0, 0, 0, 0, 0, 0, 0, 3, 7, 8.0], ["0021000008", 1610612737, "ATL", "Atlanta", 2694, "Josh Powell", "", "", "20:01", 3, 7, 0.429, 0, 0, 0.0, 2, 2, 1.0, 1, 5, 6, 0, 1, 0, 1, 1, 8, 4.0], ["0021000008", 1610612737, "ATL", "Atlanta", 202348, "Jordan Crawford", "", "", "2:05", 0, 1, 0.0, 0, 1, 0.0, 0, 0, 0.0, 0, 1, 1, 0, 0, 0, 0, 0, 0, -3.0], ["0021000008", 1610612737, "ATL", "Atlanta", 2215, "Jason Collins", "", "DNP - Coach's Decision", null, null, null, null, null, null, null, null, null, null, null, null, null, null, null, null, null, null, null, null], ["0021000008", 1610612763, "MEM", "Memphis", 200752, "Rudy Gay", "F", "", "30:41", 7, 16, 0.438, 1, 2, 0.5, 6, 7, 0.857, 2, 8, 10, 2, 1, 0, 0, 4, 21, -10.0], ["0021000008", 1610612763, "MEM", "Memphis", 201589, "Darrell Arthur", "F", "", "30:44", 8, 12, 0.667, 0, 0, 0.0, 3, 3, 1.0, 0, 3, 3, 0, 0, 0, 2, 6, 19, -9.0], ["0021000008", 1610612763, "MEM", "Memphis", 2216, "Zach Randolph", "C", "", "15:26", 1, 6, 0.167, 0, 0, 0.0, 2, 2, 1.0, 1, 1, 2, 0, 0, 0, 0, 1, 4, -9.0], ["0021000008", 1610612763, "MEM", "Memphis", 201564, "O.J. Mayo", "G", "", "33:31", 4, 9, 0.444, 1, 2, 0.5, 0, 0, 0.0, 1, 1, 2, 0, 0, 0, 2, 3, 9, -3.0], ["0021000008", 1610612763, "MEM", "Memphis", 201144, "Mike Conley", "G", "", "36:07", 9, 15, 0.6, 1, 2, 0.5, 4, 4, 1.0, 1, 4, 5, 8, 0, 0, 2, 3, 23, -1.0], ["0021000008", 1610612763, "MEM", "Memphis", 201934, "Hasheem Thabeet", "", "", "18:44", 0, 4, 0.0, 0, 0, 0.0, 0, 0, 0.0, 1, 2, 3, 0, 0, 2, 2, 1, 0, -18.0], ["0021000008", 1610612763, "MEM", "Memphis", 201970, "Sam Young", "", "", "26:20", 8, 12, 0.667, 1, 1, 1.0, 0, 1, 0.0, 0, 5, 5, 2, 3, 1, 2, 1, 17, -4.0], ["0021000008", 1610612763, "MEM", "Memphis", 2754, "Tony Allen", "", "", "11:04", 0, 6, 0.0, 0, 0, 0.0, 0, 0, 0.0, 1, 0, 1, 1, 1, 0, 1, 4, 0, -17.0], ["0021000008", 1610612763, "MEM", "Memphis", 201151, "Acie Law", "", "", "11:53", 0, 2, 0.0, 0, 2, 0.0, 3, 6, 0.5, 0, 0, 0, 0, 2, 0, 3, 2, 3, -14.0], ["0021000008", 1610612763, "MEM", "Memphis", 202333, "Xavier Henry", "", "", "14:29", 3, 3, 1.0, 0, 0, 0.0, 0, 0, 0.0, 1, 1, 2, 0, 0, 0, 0, 1, 6, 2.0], ["0021000008", 1610612763, "MEM", "Memphis", 201960, "DeMarre Carroll", "", "", "6:21", 0, 1, 0.0, 0, 0, 0.0, 2, 2, 1.0, 1, 2, 3, 0, 0, 0, 0, 0, 2, 3.0], ["0021000008", 1610612763, "MEM", "Memphis", 201632, "Hamed Haddadi", "", "", "4:40", 0, 0, 0.0, 0, 0, 0.0, 0, 0, 0.0, 0, 3, 3, 0, 0, 1, 0, 0, 0, 5.0]], "name": "PlayerStats"}, {"headers": ["GAME_ID", "TEAM_ID", "TEAM_NAME", "TEAM_ABBREVIATION", "TEAM_CITY", "MIN", "FGM", "FGA", "FG_PCT", "FG3M", "FG3A", "FG3_PCT", "FTM", "FTA", "FT_PCT", "OREB", "DREB", "REB", "AST", "STL", "BLK", "TO", "PF", "PTS", "PLUS_MINUS"], "rowSet": [["0021000008", 1610612763, "Grizzlies", "MEM", "Memphis", "240:00", 40, 86, 0.465, 4, 9, 0.444, 20, 25, 0.8, 9, 30, 39, 13, 7, 4, 14, 26, 104, -15.0], ["0021000008", 1610612737, "Hawks", "ATL", "Atlanta", "240:00", 42, 80, 0.525, 8, 16, 0.5, 27, 31, 0.871, 9, 35, 44, 20, 7, 9, 15, 20, 119, 15.0]], "name": "TeamStats"}, {"headers": ["LEAGUE_ID", "SEASON_ID", "TEAM_ID", "TEAM_ABBREVIATION", "TEAM_CITY", "PTS_PAINT", "PTS_2ND_CHANCE", "PTS_FB", "LARGEST_LEAD", "LEAD_CHANGES", "TIMES_TIED"], "rowSet": [["00", "22010", 1610612737, "ATL", "Atlanta", 50, 14, 26, 20, 2, 2], ["00", "22010", 1610612763, "MEM", "Memphis", 44, 10, 15, 20, 2, 2]], "name": "OtherStats"}, {"headers": ["OFFICIAL_ID", "FIRST_NAME", "LAST_NAME", "JERSEY_NUM"], "rowSet": [[1147, "Mike", "Callahan", "24"], [2882, "Sean", "Wright", "65"], [2716, "Olandis", "Poole", "50"]], "name": "Officials"}, {"headers": ["GAME_DATE", "ATTENDANCE", "GAME_TIME"], "rowSet": [["WEDNESDAY, OCTOBER 27, 2010", 17519, "2:18"]], "name": "GameInfo"}, {"headers": ["PLAYER_ID", "FIRST_NAME", "LAST_NAME", "JERSEY_NUM", "TEAM_ID", "TEAM_CITY", "TEAM_NAME", "TEAM_ABBREVIATION"], "rowSet": [[201188, "Marc", "Gasol", "33", 1610612763, "Memphis", "Grizzlies", "MEM"], [202349, "Greivis", "Vasquez", "21", 1610612763, "Memphis", "Grizzlies", "MEM"], [2041, "Etan", "Thomas", "36", 1610612737, "Atlanta", "Hawks", "ATL"], [202377, "Pape", "Sy", "19", 1610612737, "Atlanta", "Hawks", "ATL"]], "name": "InactivePlayers"}, {"headers": ["VIDEO_AVAILABLE_FLAG"], "rowSet": [[0]], "name": "AvailableVideo"}], "parameters": {"GameID": "0021000008", "RangeType": 0, "StartPeriod": 0, "StartRange": 0, "EndPeriod": 0, "EndRange": 0}}