{"resource": "boxscore", "resultSets": [{"headers": ["GAME_DATE_EST", "GAME_SEQUENCE", "GAME_ID", "GAME_STATUS_ID", "GAME_STATUS_TEXT", "GAMECODE", "HOME_TEAM_ID", "VISITOR_TEAM_ID", "SEASON", "LIVE_PERIOD", "LIVE_PC_TIME", "NATL_TV_BROADCASTER_ABBREVIATION", "LIVE_PERIOD_TIME_BCAST", "WH_STATUS"], "rowSet": [["2010-11-01T00:00:00", 2, "0021000045", 3, "Final", "20101101/TORSAC", 1610612758, 1610612761, "2010", 4, "", null, "Q4  - ", 1]], "name": "GameSummary"}, {"headers": ["GAME_DATE_EST", "GAME_SEQUENCE", "GAME_ID", "TEAM_ID", "TEAM_ABBREVIATION", "TEAM_CITY_NAME", "TEAM_WINS_LOSSES", "PTS_QTR1", "PTS_QTR2", "PTS_QTR3", "PTS_QTR4", "PTS_OT1", "PTS_OT2", "PTS_OT3", "PTS_OT4", "PTS_OT5", "PTS_OT6", "PTS_OT7", "PTS_OT8", "PTS_OT9", "PTS_OT10", "PTS"], "rowSet": [["2010-11-01T00:00:00", 2, "0021000045", 1610612761, "TOR", "Toronto", "1-2", 33, 29, 24, 22, 0, 0, 0, 0, 0, 0, 0, 0, 0, 0, 108], ["2010-11-01T00:00:00", 2, "0021000045", 1610612758, "SAC", "Sacramento", "3-1", 16, 35, 27, 33, 0, 0, 0, 0, 0, 0, 0, 0, 0, 0, 111]], "name": "LineScore"}, {"headers": ["GAME_ID", "HOME_TEAM_ID", "VISITOR_TEAM_ID", "GAME_DATE_EST", "HOME_TEAM_WINS", "HOME_TEAM_LOSSES", "SERIES_LEADER"], "rowSet": [["0021000045", 1610612758, 1610612761, "2010-11-01T00:00:00", 1, 1, "Tied"]], "name": "SeasonSeries"}, {"headers": ["GAME_ID", "LAST_GAME_ID", "LAST_GAME_DATE_EST", "LAST_GAME_HOME_TEAM_ID", "LAST_GAME_HOME_TEAM_CITY", "LAST_GAME_HOME_TEAM_NAME", "LAST_GAME_HOME_TEAM_ABBREVIATION", "LAST_GAME_HOME_TEAM_POINTS", "LAST_GAME_VISITOR_TEAM_ID", "LAST_GAME_VISITOR_TEAM_CITY", "LAST_GAME_VISITOR_TEAM_NAME", "LAST_GAME_VISITOR_TEAM_CITY1", "LAST_GAME_VISITOR_TEAM_POINTS"], "rowSet": [["0021000045", "0020900961", "2010-03-10T00:00:00", 1610612758, "Sacramento", "Kings", "SAC", 113, 1610612761, "Toronto", "Raptors", "TOR", 90]], "name": "LastMeeting"}, {"headers": ["GAME_ID", "TEAM_ID", "TEAM_ABBREVIATION", "TEAM_CITY", "PLAYER_ID", "PLAYER_NAME", "START_POSITION", "COMMENT", "MIN", "FGM", "FGA", "FG_PCT", "FG3M", "FG3A", "FG3_PCT", "FTM", "FTA", "FT_PCT", "OREB", "DREB", "REB", "AST", "STL", "BLK", "TO", "PF", "PTS", "PLUS_MINUS"], "rowSet": [["0021000045", 1610612761, "TOR", "Toronto", 101132, "Linas Kleiza", "F", "", "34:20", 6, 16, 0.375, 3, 8, 0.375, 3, 3, 1.0, 0, 1, 1, 2, 0, 0, 4, 4, 18, 1.0], ["0021000045", 1610612761, "TOR", "Toronto", 2501, "Reggie Evans", "F", "", "34:19", 2, 6, 0.333, 0, 0, 0.0, 2, 5, 0.4, 10, 9, 19, 2, 0, 0, 1, 4, 6, 9.0], ["0021000045", 1610612761, "TOR", "Toronto", 200745, "Andrea Bargnani", "C", "", "35:53", 10, 17, 0.588, 3, 6, 0.5, 5, 5, 1.0, 0, 2, 2, 1, 1, 2, 1, 3, 28, 0.0], ["0021000045", 1610612761, "TOR", "Toronto", 201942, "DeMar DeRozan", "G", "", "32:10", 7, 12, 0.583, 0, 0, 0.0, 10, 14, 0.714, 1, 3, 4, 1, 0, 1, 1, 4, 24, 9.0], ["0021000045", 1610612761, "TOR", "Toronto", 101127, "Jarrett Jack", "G", "", "22:52", 1, 5, 0.2, 0, 1, 0.0, 0, 0, 0.0, 0, 3, 3, 5, 0, 0, 3, 0, 2, 7.0], ["0021000045", 1610612761, "TOR", "Toronto", 201603, "Sonny Weems", "", "", "18:12", 3, 10, 0.3, 0, 0, 0.0, 0, 0, 0.0, 1, 2, 3, 2, 1, 0, 0, 2, 6, -10.0], ["0021000045", 1610612761, "TOR", "Toronto", 101181, "Jose Calderon", "", "", "25:18", 5, 9, 0.556, 2, 3, 0.667, 1, 2, 0.5, 0, 2, 2, 5, 1, 0, 0, 1, 13, -10.0], ["0021000045", 1610612761, "TOR", "Toronto", 2431, "David Andersen", "", "", "14:39", 2, 2, 1.0, 1, 1, 1.0, 0, 0, 0.0, 0, 2, 2, 1, 0, 0, 1, 3, 5, -4.0], ["0021000045", 1610612761, "TOR", "Toronto", 2571, "Leandro Barbosa", "", "", "11:47", 1, 6, 0.167, 0, 2, 0.0, 0, 0, 0.0, 2, 1, 3, 0, 0, 0, 3, 2, 2, -6.0], ["0021000045", 1610612761, "TOR", "Toronto", 101161, "Amir Johnson", "", "", "10:30", 2, 2, 1.0, 0, 0, 0.0, 0, 0, 0.0, 3, 0, 3, 0, 0, 0, 0, 3, 4, -11.0], ["0021000045", 1610612761, "TOR", "Toronto", 201595, "Joey Dorsey", "", "DNP - Coach's Decision", null, null, null, null, null, null, null, null, null, null, null, null, null, null, null, null, null, null, null, null], ["0021000045", 1610612761, "TOR", "Toronto", 201153, "Julian Wright", "", "DNP - Coach's Decision", null, null, null, null, null, null, null, null, null, null, null, null, null, null, null, null, null, null, null, null], ["0021000045", 1610612758, "SAC", "Sacramento", 201956, "Omri Casspi", "F", "", "32:47", 5, 10, 0.5, 3, 6, 0.5, 1, 2, 0.5, 0, 0, 0, 2, 1, 0, 1, 1, 14, 1.0], ["0021000045", 1610612758, "SAC", "Sacramento", 201171, "Carl Landry", "F", "", "32:27", 4, 13, 0.308, 0, 0, 0.0, 1, 1, 1.0, 2, 2, 4, 1, 0, 0, 2, 3, 9, -8.0], ["0021000045", 1610612758, "SAC", "Sacramento", 202326, "DeMarcus Cousins", "C", "", "17:22", 6, 10, 0.6, 0, 0, 0.0, 4, 4, 1.0, 3, 1, 4, 2, 1, 1, 0, 5, 16, 2.0], ["0021000045", 1610612758, "SAC", "Sacramento", 201936, "Tyreke Evans", "G", "", "36:42", 9, 16, 0.563, 0, 0, 0.0, 5, 7, 0.714, 2, 5, 7, 5, 2, 1, 2, 5, 23, 12.0], ["0021000045", 1610612758, "SAC", "Sacramento", 2757, "Beno Udrih", "G", "", "30:17", 7, 12, 0.583, 1, 2, 0.5, 2, 2, 1.0, 0, 3, 3, 1, 0, 0, 2, 2, 17, -9.0], ["0021000045", 1610612758, "SAC", "Sacramento", 2223, "Samuel Dalembert", "", "", "22:22", 2, 7, 0.286, 0, 0, 0.0, 0, 0, 0.0, 6, 8, 14, 0, 0, 0, 1, 3, 4, -4.0], ["0021000045", 1610612758, "SAC", "Sacramento", 101128, "Francisco Garcia", "", "", "14:43", 2, 4, 0.5, 0, 1, 0.0, 0, 0, 0.0, 0, 1, 1, 0, 0, 2, 0, 2, 4, -7.0], ["0021000045", 1610612758, "SAC", "Sacramento", 101120, "Antoine Wright", "", "", "2:46", 0, 1, 0.0, 0, 0, 0.0, 0, 0, 0.0, 0, 0, 0, 0, 0, 0, 0, 0, 0, -5.0], ["0021000045", 1610612758, "SAC", "Sacramento", 101129, "Luther Head", "", "", "22:13", 1, 6, 0.167, 1, 3, 0.333, 6, 6, 1.0, 0, 0, 0, 3, 1, 0, 1, 0, 9, 13.0], ["0021000045", 1610612758, "SAC", "Sacramento", 201574, "Jason Thompson", "", "", "18:24", 3, 5, 0.6, 0, 0, 0.0, 1, 1, 1.0, 0, 4, 4, 1, 0, 0, 1, 2, 7, 16.0], ["0021000045", 1610612758, "SAC", "Sacramento", 201616, "Darnell Jackson", "", "", "9:57", 3, 4, 0.75, 0, 0, 0.0, 2, 4, 0.5, 3, 0, 3, 0, 0, 0, 1, 1, 8, 4.0], ["0021000045", 1610612758, "SAC", "Sacramento", 201590, "Donte Greene", "", "DNP - Coach's Decision", null, null, null, null, null, null, null, null, null, null, null, null, null, null, null, null, null, null, null, null]], "name": "PlayerStats"}, {"headers": ["GAME_ID", "TEAM_ID", "TEAM_NAME", "TEAM_ABBREVIATION", "TEAM_CITY", "MIN", "FGM", "FGA", "FG_PCT", "FG3M", "FG3A", "FG3_PCT", "FTM", "FTA", "FT_PCT", "OREB", "DREB", "REB", "AST", "STL", "BLK", "TO", "PF", "PTS", "PLUS_MINUS"], "rowSet": [["0021000045", 1610612761, "Raptors", "TOR", "Toronto", "240:00", 39, 85, 0.459, 9, 21, 0.429, 21, 29, 0.724, 17, 25, 42, 19, 3, 3, 14, 26, 108, -3.0], ["0021000045", 1610612758, "Kings", "SAC", "Sacramento", "240:00", 42, 88, 0.477, 5, 12, 0.417, 22, 27, 0.815, 16, 24, 40, 15, 5, 4, 11, 24, 111, 3.0]], "name": "TeamStats"}, {"headers": ["LEAGUE_ID", "SEASON_ID", "TEAM_ID", "TEAM_ABBREVIATION", "TEAM_CITY", "PTS_PAINT", "PTS_2ND_CHANCE", "PTS_FB", "LARGEST_LEAD", "LEAD_CHANGES", "TIMES_TIED"], "rowSet": [["00", "22010", 1610612761, "TOR", "Toronto", 44, 17, 21, 17, 3, 3], ["00", "22010", 1610612758, "SAC", "Sacramento", 52, 21, 16, 17, 3, 3]], "name": "OtherStats"}, {"headers": ["OFFICIAL_ID", "FIRST_NAME", "LAST_NAME", "JERSEY_NUM"], "rowSet": [[1153, "Joe", "Crawford", "17"], [2003, "Pat", "Fraher", "52"], [201245, "Marat", "Kogut", "68"]], "name": "Officials"}, {"headers": ["GAME_DATE", "ATTENDANCE", "GAME_TIME"], "rowSet": [["MONDAY, NOVEMBER 1, 2010", 17317, "2:24"]], "name": "GameInfo"}, {"headers": ["PLAYER_ID", "FIRST_NAME", "LAST_NAME", "JERSEY_NUM", "TEAM_ID", "TEAM_CITY", "TEAM_NAME", "TEAM_ABBREVIATION"], "rowSet": [[202355, "Hassan", "Whiteside", "33", 1610612758, "Sacramento", "Kings", "SAC"], [200817, "Pooh", "Jeter", " 5", 1610612758, "Sacramento", "Kings", "SAC"], [2556, "Marcus", "Banks", " 3", 1610612761, "Toronto", "Raptors", "TOR"], [202374, "Solomon", "Alabi", "50", 1610612761, "Toronto", "Raptors", "TOR"], [202334, "Ed", "Davis", "32", 1610612761, "Toronto", "Raptors", "TOR"]], "name": "InactivePlayers"}, {"headers": ["VIDEO_AVAILABLE_FLAG"], "rowSet": [[0]], "name": "AvailableVideo"}], "parameters": {"GameID": "0021000045", "RangeType": 0, "StartPeriod": 0, "StartRange": 0, "EndPeriod": 0, "EndRange": 0}}