{"resource": "boxscore", "resultSets": [{"headers": ["GAME_DATE_EST", "GAME_SEQUENCE", "GAME_ID", "GAME_STATUS_ID", "GAME_STATUS_TEXT", "GAMECODE", "HOME_TEAM_ID", "VISITOR_TEAM_ID", "SEASON", "LIVE_PERIOD", "LIVE_PC_TIME", "NATL_TV_BROADCASTER_ABBREVIATION", "LIVE_PERIOD_TIME_BCAST", "WH_STATUS"], "rowSet": [["2010-11-05T00:00:00", 7, "0021000074", 3, "Final", "20101105/ATLMIN", 1610612750, 1610612737, "2010", 4, "", null, "Q4  - ", 1]], "name": "GameSummary"}, {"headers": ["GAME_DATE_EST", "GAME_SEQUENCE", "GAME_ID", "TEAM_ID", "TEAM_ABBREVIATION", "TEAM_CITY_NAME", "TEAM_WINS_LOSSES", "PTS_QTR1", "PTS_QTR2", "PTS_QTR3", "PTS_QTR4", "PTS_OT1", "PTS_OT2", "PTS_OT3", "PTS_OT4", "PTS_OT5", "PTS_OT6", "PTS_OT7", "PTS_OT8", "PTS_OT9", "PTS_OT10", "PTS"], "rowSet": [["2010-11-05T00:00:00", 7, "0021000074", 1610612750, "MIN", "Minnesota", "1-5", 25, 26, 20, 32, 0, 0, 0, 0, 0, 0, 0, 0, 0, 0, 103], ["2010-11-05T00:00:00", 7, "0021000074", 1610612737, "ATL", "Atlanta", "6-0", 26, 30, 27, 30, 0, 0, 0, 0, 0, 0, 0, 0, 0, 0, 113]], "name": "LineScore"}, {"headers": ["GAME_ID", "HOME_TEAM_ID", "VISITOR_TEAM_ID", "GAME_DATE_EST", "HOME_TEAM_WINS", "HOME_TEAM_LOSSES", "SERIES_LEADER"], "rowSet": [["0021000074", 1610612750, 1610612737, "2010-11-05T00:00:00", 0, 2, "Atlanta"]], "name": "SeasonSeries"}, {"headers": ["GAME_ID", "LAST_GAME_ID", "LAST_GAME_DATE_EST", "LAST_GAME_HOME_TEAM_ID", "LAST_GAME_HOME_TEAM_CITY", "LAST_GAME_HOME_TEAM_NAME", "LAST_GAME_HOME_TEAM_ABBREVIATION", "LAST_GAME_HOME_TEAM_POINTS", "LAST_GAME_VISITOR_TEAM_ID", "LAST_GAME_VISITOR_TEAM_CITY", "LAST_GAME_VISITOR_TEAM_NAME", "LAST_GAME_VISITOR_TEAM_CITY1", "LAST_GAME_VISITOR_TEAM_POINTS"], "rowSet": [["0021000074", "0020900845", "2010-02-24T00:00:00", 1610612750, "Minnesota", "Timberwolves", "MIN", 92, 1610612737, "Atlanta", "Hawks", "ATL", 98]], "name": "LastMeeting"}, {"headers": ["GAME_ID", "TEAM_ID", "TEAM_ABBREVIATION", "TEAM_CITY", "PLAYER_ID", "PLAYER_NAME", "START_POSITION", "COMMENT", "MIN", "FGM", "FGA", "FG_PCT", "FG3M", "FG3A", "FG3_PCT", "FTM", "FTA", "FT_PCT", "OREB", "DREB", "REB", "AST", "STL", "BLK", "TO", "PF", "PTS", "PLUS_MINUS"], "rowSet": [["0021000074", 1610612737, "ATL", "Atlanta", 2746, "Josh Smith", "F", "", "40:09", 9, 13, 0.692, 0, 1, 0.0, 2, 3, 0.667, 2, 6, 8, 6, 2, 5, 0, 1, 20, 15.0], ["0021000074", 1610612737, "ATL", "Atlanta", 201143, "Al Horford", "F", "", "24:42", 7, 11, 0.636, 0, 0, 0.0, 0, 0, 0.0, 3, 9, 12, 3, 0, 0, 2, 5, 14, 16.0], ["0021000074", 1610612737, "ATL", "Atlanta", 2215, "Jason Collins", "C", "", "21:03", 2, 3, 0.667, 0, 0, 0.0, 2, 2, 1.0, 1, 2, 3, 2, 0, 0, 0, 2, 6, 13.0], ["0021000074", 1610612737, "ATL", "Atlanta", 2207, "Joe Johnson", "G", "", "36:47", 4, 13, 0.308, 0, 4, 0.0, 3, 3, 1.0, 0, 4, 4, 5, 0, 0, 1, 1, 11, 4.0], ["0021000074", 1610612737, "ATL", "Atlanta", 1710, "Mike Bibby", "G", "", "29:04", 5, 11, 0.455, 3, 7, 0.429, 2, 3, 0.667, 0, 4, 4, 5, 1, 0, 4, 1, 15, 15.0], ["0021000074", 1610612737, "ATL", "Atlanta", 2037, "Jamal Crawford", "", "", "31:39", 8, 14, 0.571, 1, 4, 0.25, 5, 5, 1.0, 1, 4, 5, 1, 0, 1, 6, 1, 22, 0.0], ["0021000074", 1610612737, "ATL", "Atlanta", 2585, "Zaza Pachulia", "", "", "18:46", 1, 2, 0.5, 0, 0, 0.0, 5, 8, 0.625, 1, 3, 4, 0, 1, 0, 1, 1, 7, -4.0], ["0021000074", 1610612737, "ATL", "Atlanta", 201952, "Jeff Teague", "", "", "14:56", 2, 5, 0.4, 0, 1, 0.0, 2, 2, 1.0, 0, 1, 1, 5, 1, 1, 0, 1, 6, -3.0], ["0021000074", 1610612737, "ATL", "Atlanta", 2694, "Josh Powell", "", "", "13:20", 5, 6, 0.833, 0, 0, 0.0, 0, 0, 0.0, 0, 1, 1, 0, 0, 1, 1, 1, 10, -6.0], ["0021000074", 1610612737, "ATL", "Atlanta", 202348, "Jordan Crawford", "", "", "9:34", 1, 3, 0.333, 0, 1, 0.0, 0, 0, 0.0, 0, 1, 1, 0, 0, 0, 0, 1, 2, 0.0], ["0021000074", 1610612737, "ATL", "Atlanta", 2041, "Etan Thomas", "", "DNP - Coach's Decision", null, null, null, null, null, null, null, null, null, null, null, null, null, null, null, null, null, null, null, null], ["0021000074", 1610612737, "ATL", "Atlanta", 101107, "Marvin Williams", "", "NWT - Right Knee Bone Bruise", null, null, null, null, null, null, null, null, null, null, null, null, null, null, null, null, null, null, null, null], ["0021000074", 1610612750, "MIN", "Minnesota", 201563, "Michael Beasley", "F", "", "35:35", 6, 17, 0.353, 0, 3, 0.0, 4, 5, 0.8, 1, 5, 6, 2, 1, 2, 3, 4, 16, -9.0], ["0021000074", 1610612750, "MIN", "Minnesota", 201567, "Kevin Love", "F", "", "26:59", 6, 19, 0.316, 1, 4, 0.25, 5, 5, 1.0, 6, 6, 12, 2, 1, 0, 1, 4, 18, -17.0], ["0021000074", 1610612750, "MIN", "Minnesota", 2545, "Darko Milicic", "C", "", "21:12", 2, 7, 0.286, 0, 0, 0.0, 0, 0, 0.0, 3, 5, 8, 1, 0, 3, 1, 1, 4, -8.0], ["0021000074", 1610612750, "MIN", "Minnesota", 202325, "Wesley Johnson", "G", "", "35:25", 7, 11, 0.636, 4, 6, 0.667, 0, 0, 0.0, 0, 1, 1, 2, 1, 1, 0, 2, 18, -2.0], ["0021000074", 1610612750, "MIN", "Minnesota", 2557, "Luke Ridnour", "G", "", "21:00", 4, 6, 0.667, 1, 2, 0.5, 0, 0, 0.0, 1, 1, 2, 2, 0, 0, 1, 1, 9, -11.0], ["0021000074", 1610612750, "MIN", "Minnesota", 201147, "Corey Brewer", "", "", "25:08", 8, 16, 0.5, 0, 1, 0.0, 2, 2, 1.0, 1, 1, 2, 2, 5, 1, 1, 1, 18, 3.0], ["0021000074", 1610612750, "MIN", "Minnesota", 201593, "Nikola Pekovic", "", "", "13:21", 2, 6, 0.333, 0, 0, 0.0, 0, 0, 0.0, 1, 0, 1, 0, 0, 0, 1, 3, 4, 0.0], ["0021000074", 1610612750, "MIN", "Minnesota", 201229, "Anthony Tolliver", "", "", "22:16", 2, 6, 0.333, 0, 3, 0.0, 0, 0, 0.0, 2, 4, 6, 6, 0, 0, 1, 4, 4, 3.0], ["0021000074", 1610612750, "MIN", "Minnesota", 2742, "Sebastian Telfair", "", "", "27:00", 3, 8, 0.375, 2, 3, 0.667, 0, 0, 0.0, 1, 2, 3, 7, 0, 1, 1, 2, 8, 1.0], ["0021000074", 1610612750, "MIN", "Minnesota", 201961, "Wayne Ellington", "", "", "12:04", 2, 3, 0.667, 0, 0, 0.0, 0, 0, 0.0, 0, 1, 1, 0, 0, 0, 1, 0, 4, -10.0], ["0021000074", 1610612750, "MIN", "Minnesota", 202351, "Lazar Hayward", "", "DNP - Coach's Decision", null, null, null, null, null, null, null, null, null, null, null, null, null, null, null, null, null, null, null, null], ["0021000074", 1610612750, "MIN", "Minnesota", 201585, "Kosta Koufos", "", "DNP - Coach's Decision", null, null, null, null, null, null, null, null, null, null, null, null, null, null, null, null, null, null, null, null]], "name": "PlayerStats"}, {"headers": ["GAME_ID", "TEAM_ID", "TEAM_NAME", "TEAM_ABBREVIATION", "TEAM_CITY", "MIN", "FGM", "FGA", "FG_PCT", "FG3M", "FG3A", "FG3_PCT", "FTM", "FTA", "FT_PCT", "OREB", "DREB", "REB", "AST", "STL", "BLK", "TO", "PF", "PTS", "PLUS_MINUS"], "rowSet": [["0021000074", 1610612750, "Timberwolves", "MIN", "Minnesota", "240:00", 42, 99, 0.424, 8, 22, 0.364, 11, 12, 0.917, 16, 26, 42, 24, 8, 8, 11, 22, 103, -10.0], ["0021000074", 1610612737, "Hawks", "ATL", "Atlanta", "240:00", 44, 81, 0.543, 4, 18, 0.222, 21, 26, 0.808, 8, 35, 43, 27, 5, 8, 15, 15, 113, 10.0]], "name": "TeamStats"}, {"headers": ["LEAGUE_ID", "SEASON_ID", "TEAM_ID", "TEAM_ABBREVIATION", "TEAM_CITY", "PTS_PAINT", "PTS_2ND_CHANCE", "PTS_FB", "LARGEST_LEAD", "LEAD_CHANGES", "TIMES_TIED"], "rowSet": [["00", "22010", 1610612750, "MIN", "Minnesota", 42, 16, 9, 17, 1, 1], ["00", "22010", 1610612737, "ATL", "Atlanta", 42, 15, 24, 17, 1, 1]], "name": "OtherStats"}, {"headers": ["OFFICIAL_ID", "FIRST_NAME", "LAST_NAME", "JERSEY_NUM"], "rowSet": [[1146, "Tony", "Brothers", "25"], [2530, "Ed", "Malloy", "14"], [201640, "Kane", "Fitzgerald", "35"]], "name": "Officials"}, {"headers": ["GAME_DATE", "ATTENDANCE", "GAME_TIME"], "rowSet": [["FRIDAY, NOVEMBER 5, 2010", 17222, "2:10"]], "name": "GameInfo"}, {"headers": ["PLAYER_ID", "FIRST_NAME", "LAST_NAME", "JERSEY_NUM", "TEAM_ID", "TEAM_CITY", "TEAM_NAME", "TEAM_ABBREVIATION"], "rowSet": [[2230, "Maurice", "Evans", " 1", 1610612737, "Atlanta", "Hawks", "ATL"], [202377, "Pape", "Sy", "19", 1610612737, "Atlanta", "Hawks", "ATL"], [101110, "Martell", "Webster", " 5", 1610612750, "Minnesota", "Timberwolves", "MIN"], [200772, "Maurice", "Ager", "15", 1610612750, "Minnesota", "Timberwolves", "MIN"], [201938, "Jonny", "Flynn", "10", 1610612750, "Minnesota", "Timberwolves", "MIN"]], "name": "InactivePlayers"}, {"headers": ["VIDEO_AVAILABLE_FLAG"], "rowSet": [[0]], "name": "AvailableVideo"}], "parameters": {"GameID": "0021000074", "RangeType": 0, "StartPeriod": 0, "StartRange": 0, "EndPeriod": 0, "EndRange": 0}}