{"resource": "boxscore", "resultSets": [{"headers": ["GAME_DATE_EST", "GAME_SEQUENCE", "GAME_ID", "GAME_STATUS_ID", "GAME_STATUS_TEXT", "GAMECODE", "HOME_TEAM_ID", "VISITOR_TEAM_ID", "SEASON", "LIVE_PERIOD", "LIVE_PC_TIME", "NATL_TV_BROADCASTER_ABBREVIATION", "LIVE_PERIOD_TIME_BCAST", "WH_STATUS"], "rowSet": [["2010-10-30T00:00:00", 1, "0021000031", 3, "Final", "20101030/WASATL", 1610612737, 1610612764, "2010", 4, "", null, "Q4  - ", 1]], "name": "GameSummary"}, {"headers": ["GAME_DATE_EST", "GAME_SEQUENCE", "GAME_ID", "TEAM_ID", "TEAM_ABBREVIATION", "TEAM_CITY_NAME", "TEAM_WINS_LOSSES", "PTS_QTR1", "PTS_QTR2", "PTS_QTR3", "PTS_QTR4", "PTS_OT1", "PTS_OT2", "PTS_OT3", "PTS_OT4", "PTS_OT5", "PTS_OT6", "PTS_OT7", "PTS_OT8", "PTS_OT9", "PTS_OT10", "PTS"], "rowSet": [["2010-10-30T00:00:00", 1, "0021000031", 1610612764, "WAS", "Washington", "0-2", 27, 13, 30, 25, 0, 0, 0, 0, 0, 0, 0, 0, 0, 0, 95], ["2010-10-30T00:00:00", 1, "0021000031", 1610612737, "ATL", "Atlanta", "3-0", 18, 26, 26, 29, 0, 0, 0, 0, 0, 0, 0, 0, 0, 0, 99]], "name": "LineScore"}, {"headers": ["GAME_ID", "HOME_TEAM_ID", "VISITOR_TEAM_ID", "GAME_DATE_EST", "HOME_TEAM_WINS", "HOME_TEAM_LOSSES", "SERIES_LEADER"], "rowSet": [["0021000031", 1610612737, 1610612764, "2010-10-30T00:00:00", 3, 1, "Atlanta"]], "name": "SeasonSeries"}, {"headers": ["GAME_ID", "LAST_GAME_ID", "LAST_GAME_DATE_EST", "LAST_GAME_HOME_TEAM_ID", "LAST_GAME_HOME_TEAM_CITY", "LAST_GAME_HOME_TEAM_NAME", "LAST_GAME_HOME_TEAM_ABBREVIATION", "LAST_GAME_HOME_TEAM_POINTS", "LAST_GAME_VISITOR_TEAM_ID", "LAST_GAME_VISITOR_TEAM_CITY", "LAST_GAME_VISITOR_TEAM_NAME", "LAST_GAME_VISITOR_TEAM_CITY1", "LAST_GAME_VISITOR_TEAM_POINTS"], "rowSet": [["0021000031", "0011000050", "2010-10-12T00:00:00", 1610612737, "Atlanta", "Hawks", "ATL", 92, 1610612764, "Washington", "Wizards", "WAS", 107]], "name": "LastMeeting"}, {"headers": ["GAME_ID", "TEAM_ID", "TEAM_ABBREVIATION", "TEAM_CITY", "PLAYER_ID", "PLAYER_NAME", "START_POSITION", "COMMENT", "MIN", "FGM", "FGA", "FG_PCT", "FG3M", "FG3A", "FG3_PCT", "FTM", "FTA", "FT_PCT", "OREB", "DREB", "REB", "AST", "STL", "BLK", "TO", "PF", "PTS", "PLUS_MINUS"], "rowSet": [["0021000031", 1610612764, "WAS", "Washington", 201154, "Al Thornton", "F", "", "42:28", 10, 15, 0.667, 0, 2, 0.0, 4, 8, 0.5, 4, 3, 7, 1, 2, 1, 1, 1, 24, 2.0], ["0021000031", 1610612764, "WAS", "Washington", 101154, "Andray Blatche", "F", "", "33:30", 9, 19, 0.474, 0, 1, 0.0, 0, 0, 0.0, 2, 5, 7, 2, 1, 1, 4, 3, 18, 0.0], ["0021000031", 1610612764, "WAS", "Washington", 201580, "JaVale McGee", "C", "", "26:50", 3, 4, 0.75, 0, 0, 0.0, 1, 1, 1.0, 2, 6, 8, 0, 1, 7, 5, 5, 7, -6.0], ["0021000031", 1610612764, "WAS", "Washington", 2550, "Kirk Hinrich", "G", "", "41:07", 3, 8, 0.375, 2, 5, 0.4, 0, 0, 0.0, 0, 3, 3, 4, 3, 0, 0, 5, 8, -5.0], ["0021000031", 1610612764, "WAS", "Washington", 202322, "John Wall", "G", "", "42:23", 9, 17, 0.529, 2, 3, 0.667, 8, 10, 0.8, 0, 5, 5, 9, 0, 0, 3, 1, 28, 3.0], ["0021000031", 1610612764, "WAS", "Washington", 201146, "Yi Jianlian", "", "", "24:05", 4, 8, 0.5, 0, 0, 0.0, 2, 2, 1.0, 0, 1, 1, 0, 0, 1, 1, 4, 10, 5.0], ["0021000031", 1610612764, "WAS", "Washington", 201156, "Nick Young", "", "", "10:32", 0, 2, 0.0, 0, 1, 0.0, 0, 0, 0.0, 0, 0, 0, 0, 0, 1, 0, 1, 0, -2.0], ["0021000031", 1610612764, "WAS", "Washington", 201858, "Cartier Martin", "", "", "8:42", 0, 1, 0.0, 0, 0, 0.0, 0, 0, 0.0, 0, 0, 0, 0, 1, 0, 1, 2, 0, -13.0], ["0021000031", 1610612764, "WAS", "Washington", 202344, "Trevor Booker", "", "", "2:50", 0, 1, 0.0, 0, 0, 0.0, 0, 0, 0.0, 0, 1, 1, 0, 0, 0, 0, 1, 0, -4.0], ["0021000031", 1610612764, "WAS", "Washington", 200756, "Hilton Armstrong", "", "", "7:33", 0, 1, 0.0, 0, 0, 0.0, 0, 0, 0.0, 0, 2, 2, 0, 0, 2, 2, 2, 0, 0.0], ["0021000031", 1610612764, "WAS", "Washington", 201991, "Lester Hudson", "", "DNP - Coach's Decision", null, null, null, null, null, null, null, null, null, null, null, null, null, null, null, null, null, null, null, null], ["0021000031", 1610612764, "WAS", "Washington", 202338, "Kevin Seraphin", "", "DNP - Coach's Decision", null, null, null, null, null, null, null, null, null, null, null, null, null, null, null, null, null, null, null, null], ["0021000031", 1610612737, "ATL", "Atlanta", 101107, "Marvin Williams", "F", "", "21:04", 0, 3, 0.0, 0, 1, 0.0, 0, 0, 0.0, 0, 4, 4, 2, 0, 0, 0, 3, 0, -10.0], ["0021000031", 1610612737, "ATL", "Atlanta", 2746, "Josh Smith", "F", "", "33:54", 4, 8, 0.5, 0, 0, 0.0, 4, 5, 0.8, 2, 8, 10, 3, 1, 2, 4, 4, 12, -1.0], ["0021000031", 1610612737, "ATL", "Atlanta", 201143, "Al Horford", "C", "", "25:38", 6, 10, 0.6, 0, 0, 0.0, 9, 10, 0.9, 2, 8, 10, 3, 0, 0, 1, 3, 21, -6.0], ["0021000031", 1610612737, "ATL", "Atlanta", 2207, "Joe Johnson", "G", "", "43:28", 10, 23, 0.435, 2, 5, 0.4, 3, 4, 0.75, 1, 2, 3, 3, 2, 0, 4, 0, 25, 14.0], ["0021000031", 1610612737, "ATL", "Atlanta", 1710, "Mike Bibby", "G", "", "31:17", 5, 9, 0.556, 2, 5, 0.4, 0, 0, 0.0, 1, 2, 3, 4, 0, 0, 0, 3, 12, 15.0], ["0021000031", 1610612737, "ATL", "Atlanta", 2037, "Jamal Crawford", "", "", "34:02", 5, 15, 0.333, 1, 8, 0.125, 4, 5, 0.8, 0, 1, 1, 3, 1, 0, 1, 0, 15, -1.0], ["0021000031", 1610612737, "ATL", "Atlanta", 201952, "Jeff Teague", "", "", "14:09", 2, 7, 0.286, 0, 0, 0.0, 2, 2, 1.0, 0, 1, 1, 1, 0, 0, 0, 2, 6, -6.0], ["0021000031", 1610612737, "ATL", "Atlanta", 2585, "Zaza Pachulia", "", "", "17:19", 1, 3, 0.333, 0, 0, 0.0, 4, 4, 1.0, 4, 1, 5, 0, 0, 1, 2, 4, 6, 2.0], ["0021000031", 1610612737, "ATL", "Atlanta", 2694, "Josh Powell", "", "", "14:06", 0, 2, 0.0, 0, 0, 0.0, 0, 0, 0.0, 3, 2, 5, 0, 0, 0, 1, 1, 0, 5.0], ["0021000031", 1610612737, "ATL", "Atlanta", 2215, "Jason Collins", "", "", "5:03", 1, 1, 1.0, 0, 0, 0.0, 0, 0, 0.0, 0, 1, 1, 0, 0, 1, 3, 2, 2, 8.0], ["0021000031", 1610612737, "ATL", "Atlanta", 202348, "Jordan Crawford", "", "DNP - Coach's Decision", null, null, null, null, null, null, null, null, null, null, null, null, null, null, null, null, null, null, null, null], ["0021000031", 1610612737, "ATL", "Atlanta", 2041, "Etan Thomas", "", "DNP - Coach's Decision", null, null, null, null, null, null, null, null, null, null, null, null, null, null, null, null, null, null, null, null]], "name": "PlayerStats"}, {"headers": ["GAME_ID", "TEAM_ID", "TEAM_NAME", "TEAM_ABBREVIATION", "TEAM_CITY", "MIN", "FGM", "FGA", "FG_PCT", "FG3M", "FG3A", "FG3_PCT", "FTM", "FTA", "FT_PCT", "OREB", "DREB", "REB", "AST", "STL", "BLK", "TO", "PF", "PTS", "PLUS_MINUS"], "rowSet": [["0021000031", 1610612764, "Wizards", "WAS", "Washington", "240:00", 38, 76, 0.5, 4, 12, 0.333, 15, 21, 0.714, 8, 26, 34, 16, 8, 13, 17, 25, 95, -4.0], ["0021000031", 1610612737, "Hawks", "ATL", "Atlanta", "240:00", 34, 81, 0.42, 5, 19, 0.263, 26, 30, 0.867, 13, 30, 43, 19, 4, 4, 16, 22, 99, 4.0]], "name": "TeamStats"}, {"headers": ["LEAGUE_ID", "SEASON_ID", "TEAM_ID", "TEAM_ABBREVIATION", "TEAM_CITY", "PTS_PAINT", "PTS_2ND_CHANCE", "PTS_FB", "LARGEST_LEAD", "LEAD_CHANGES", "TIMES_TIED"], "rowSet": [["00", "22010", 1610612737, "ATL", "Atlanta", 48, 17, 19, 11, 5, 8], ["00", "22010", 1610612764, "WAS", "Washington", 36, 10, 22, 11, 5, 8]], "name": "OtherStats"}, {"headers": ["OFFICIAL_ID", "FIRST_NAME", "LAST_NAME", "JERSEY_NUM"], "rowSet": [[1179, "Rodney", "Mott", "71"], [1162, "Scott", "Foster", "48"], [200832, "Curtis", "Blair", "74"]], "name": "Officials"}, {"headers": ["GAME_DATE", "ATTENDANCE", "GAME_TIME"], "rowSet": [["SATURDAY, OCTOBER 30, 2010", 18729, "2:20"]], "name": "GameInfo"}, {"headers": ["PLAYER_ID", "FIRST_NAME", "LAST_NAME", "JERSEY_NUM", "TEAM_ID", "TEAM_CITY", "TEAM_NAME", "TEAM_ABBREVIATION"], "rowSet": [[2230, "Maurice", "Evans", " 1", 1610612737, "Atlanta", "Hawks", "ATL"], [202377, "Pape", "Sy", "19", 1610612737, "Atlanta", "Hawks", "ATL"], [2240, "Gilbert", "Arenas", " 9", 1610612764, "Washington", "Wizards", "WAS"], [2572, "Josh", "Howard", " 5", 1610612764, "Washington", "Wizards", "WAS"], [202380, "Hamady", "Ndiaye", "55", 1610612764, "Washington", "Wizards", "WAS"]], "name": "InactivePlayers"}, {"headers": ["VIDEO_AVAILABLE_FLAG"], "rowSet": [[0]], "name": "AvailableVideo"}], "parameters": {"GameID": "0021000031", "RangeType": 0, "StartPeriod": 0, "StartRange": 0, "EndPeriod": 0, "EndRange": 0}}