{"resource": "boxscore", "resultSets": [{"headers": ["GAME_DATE_EST", "GAME_SEQUENCE", "GAME_ID", "GAME_STATUS_ID", "GAME_STATUS_TEXT", "GAMECODE", "HOME_TEAM_ID", "VISITOR_TEAM_ID", "SEASON", "LIVE_PERIOD", "LIVE_PC_TIME", "NATL_TV_BROADCASTER_ABBREVIATION", "LIVE_PERIOD_TIME_BCAST", "WH_STATUS"], "rowSet": [["2010-11-02T00:00:00", 6, "0021000052", 3, "Final", "20101102/PORMIL", 1610612749, 1610612757, "2010", 4, "", null, "Q4  - ", 1]], "name": "GameSummary"}, {"headers": ["GAME_DATE_EST", "GAME_SEQUENCE", "GAME_ID", "TEAM_ID", "TEAM_ABBREVIATION", "TEAM_CITY_NAME", "TEAM_WINS_LOSSES", "PTS_QTR1", "PTS_QTR2", "PTS_QTR3", "PTS_QTR4", "PTS_OT1", "PTS_OT2", "PTS_OT3", "PTS_OT4", "PTS_OT5", "PTS_OT6", "PTS_OT7", "PTS_OT8", "PTS_OT9", "PTS_OT10", "PTS"], "rowSet": [["2010-11-02T00:00:00", 6, "0021000052", 1610612749, "MIL", "Milwaukee", "1-3", 27, 18, 17, 14, 0, 0, 0, 0, 0, 0, 0, 0, 0, 0, 76], ["2010-11-02T00:00:00", 6, "0021000052", 1610612757, "POR", "Portland", "4-1", 21, 26, 26, 17, 0, 0, 0, 0, 0, 0, 0, 0, 0, 0, 90]], "name": "LineScore"}, {"headers": ["GAME_ID", "HOME_TEAM_ID", "VISITOR_TEAM_ID", "GAME_DATE_EST", "HOME_TEAM_WINS", "HOME_TEAM_LOSSES", "SERIES_LEADER"], "rowSet": [["0021000052", 1610612749, 1610612757, "2010-11-02T00:00:00", 0, 2, "Portland"]], "name": "SeasonSeries"}, {"headers": ["GAME_ID", "LAST_GAME_ID", "LAST_GAME_DATE_EST", "LAST_GAME_HOME_TEAM_ID", "LAST_GAME_HOME_TEAM_CITY", "LAST_GAME_HOME_TEAM_NAME", "LAST_GAME_HOME_TEAM_ABBREVIATION", "LAST_GAME_HOME_TEAM_POINTS", "LAST_GAME_VISITOR_TEAM_ID", "LAST_GAME_VISITOR_TEAM_CITY", "LAST_GAME_VISITOR_TEAM_NAME", "LAST_GAME_VISITOR_TEAM_CITY1", "LAST_GAME_VISITOR_TEAM_POINTS"], "rowSet": [["0021000052", "0020900567", "2010-01-13T00:00:00", 1610612749, "Milwaukee", "Bucks", "MIL", 108, 1610612757, "Portland", "Trail Blazers", "POR", 120]], "name": "LastMeeting"}, {"headers": ["GAME_ID", "TEAM_ID", "TEAM_ABBREVIATION", "TEAM_CITY", "PLAYER_ID", "PLAYER_NAME", "START_POSITION", "COMMENT", "MIN", "FGM", "FGA", "FG_PCT", "FG3M", "FG3A", "FG3_PCT", "FTM", "FTA", "FT_PCT", "OREB", "DREB", "REB", "AST", "STL", "BLK", "TO", "PF", "PTS", "PLUS_MINUS"], "rowSet": [["0021000052", 1610612757, "POR", "Portland", 201587, "Nicolas Batum", "F", "", "13:45", 1, 5, 0.2, 0, 3, 0.0, 0, 0, 0.0, 0, 3, 3, 0, 0, 0, 1, 3, 2, -5.0], ["0021000052", 1610612757, "POR", "Portland", 200746, "LaMarcus Aldridge", "F", "", "43:48", 6, 14, 0.429, 1, 1, 1.0, 1, 3, 0.333, 3, 5, 8, 2, 4, 5, 2, 4, 14, 15.0], ["0021000052", 1610612757, "POR", "Portland", 948, "Marcus Camby", "C", "", "20:05", 1, 3, 0.333, 0, 0, 0.0, 0, 0, 0.0, 3, 10, 13, 0, 0, 1, 0, 3, 2, 1.0], ["0021000052", 1610612757, "POR", "Portland", 200750, "Brandon Roy", "G", "", "37:35", 7, 17, 0.412, 1, 5, 0.2, 2, 2, 1.0, 0, 0, 0, 2, 5, 1, 3, 3, 17, 8.0], ["0021000052", 1610612757, "POR", "Portland", 1889, "Andre Miller", "G", "", "27:34", 5, 10, 0.5, 0, 1, 0.0, 2, 2, 1.0, 0, 0, 0, 5, 0, 0, 2, 3, 12, 8.0], ["0021000052", 1610612757, "POR", "Portland", 202083, "Wesley Matthews", "", "", "27:53", 7, 15, 0.467, 2, 8, 0.25, 2, 2, 1.0, 1, 4, 5, 4, 0, 0, 3, 4, 18, 18.0], ["0021000052", 1610612757, "POR", "Portland", 202356, "Armon Johnson", "", "", "21:56", 4, 4, 1.0, 2, 2, 1.0, 0, 0, 0.0, 1, 1, 2, 5, 0, 0, 1, 0, 10, 4.0], ["0021000052", 1610612757, "POR", "Portland", 101177, "Fabricio Oberto", "", "", "3:55", 0, 0, 0.0, 0, 0, 0.0, 0, 0, 0.0, 0, 1, 1, 0, 0, 0, 0, 0, 0, 2.0], ["0021000052", 1610612757, "POR", "Portland", 201967, "Dante Cunningham", "", "", "28:12", 6, 8, 0.75, 0, 0, 0.0, 0, 0, 0.0, 2, 4, 6, 1, 0, 1, 0, 3, 12, 10.0], ["0021000052", 1610612757, "POR", "Portland", 201164, "Rudy Fernandez", "", "", "15:18", 1, 4, 0.25, 1, 4, 0.25, 0, 0, 0.0, 0, 1, 1, 2, 1, 0, 0, 1, 3, 9.0], ["0021000052", 1610612757, "POR", "Portland", 202337, "Luke Babbitt", "", "DNP - Coach's Decision", null, null, null, null, null, null, null, null, null, null, null, null, null, null, null, null, null, null, null, null], ["0021000052", 1610612757, "POR", "Portland", 202343, "Elliot Williams", "", "DNP - Coach's Decision", null, null, null, null, null, null, null, null, null, null, null, null, null, null, null, null, null, null, null, null], ["0021000052", 1610612749, "MIL", "Milwaukee", 2568, "Carlos Delfino", "F", "", "36:03", 5, 8, 0.625, 3, 5, 0.6, 1, 2, 0.5, 0, 5, 5, 2, 2, 0, 1, 0, 14, -18.0], ["0021000052", 1610612749, "MIL", "Milwaukee", 2400, "Drew Gooden", "F", "", "25:41", 1, 5, 0.2, 0, 0, 0.0, 3, 4, 0.75, 1, 5, 6, 2, 0, 0, 1, 2, 5, -11.0], ["0021000052", 1610612749, "MIL", "Milwaukee", 101106, "Andrew Bogut", "C", "", "29:48", 5, 10, 0.5, 0, 0, 0.0, 2, 4, 0.5, 4, 5, 9, 1, 1, 2, 1, 3, 12, -4.0], ["0021000052", 1610612749, "MIL", "Milwaukee", 2422, "John Salmons", "G", "", "27:54", 2, 14, 0.143, 0, 4, 0.0, 1, 2, 0.5, 1, 3, 4, 0, 0, 0, 1, 0, 5, -8.0], ["0021000052", 1610612749, "MIL", "Milwaukee", 201943, "Brandon Jennings", "G", "", "35:54", 2, 7, 0.286, 0, 4, 0.0, 4, 5, 0.8, 1, 3, 4, 7, 0, 0, 6, 0, 8, -15.0], ["0021000052", 1610612749, "MIL", "Milwaukee", 201601, "Luc Mbah a Moute", "", "", "15:59", 3, 4, 0.75, 0, 0, 0.0, 0, 0, 0.0, 0, 1, 1, 0, 1, 1, 3, 1, 6, -1.0], ["0021000052", 1610612749, "MIL", "Milwaukee", 1894, "Corey Maggette", "", "", "17:06", 4, 12, 0.333, 0, 1, 0.0, 8, 8, 1.0, 1, 2, 3, 0, 0, 0, 2, 2, 16, -12.0], ["0021000052", 1610612749, "MIL", "Milwaukee", 201972, "Jon Brockman", "", "", "11:34", 2, 4, 0.5, 0, 0, 0.0, 0, 0, 0.0, 2, 1, 3, 1, 0, 0, 0, 2, 4, -14.0], ["0021000052", 1610612749, "MIL", "Milwaukee", 101141, "Ersan Ilyasova", "", "", "13:13", 1, 2, 0.5, 0, 1, 0.0, 0, 0, 0.0, 0, 4, 4, 1, 0, 1, 0, 0, 2, 2.0], ["0021000052", 1610612749, "MIL", "Milwaukee", 2039, "Keyon Dooling", "", "", "13:33", 1, 2, 0.5, 0, 0, 0.0, 0, 0, 0.0, 0, 0, 0, 1, 0, 0, 1, 0, 2, 3.0], ["0021000052", 1610612749, "MIL", "Milwaukee", 202336, "Larry Sanders", "", "", "6:38", 1, 3, 0.333, 0, 0, 0.0, 0, 0, 0.0, 1, 0, 1, 0, 0, 0, 1, 1, 2, 4.0], ["0021000052", 1610612749, "MIL", "Milwaukee", 1863, "Earl Boykins", "", "", "6:38", 0, 1, 0.0, 0, 0, 0.0, 0, 0, 0.0, 0, 0, 0, 1, 0, 0, 0, 0, 0, 4.0]], "name": "PlayerStats"}, {"headers": ["GAME_ID", "TEAM_ID", "TEAM_NAME", "TEAM_ABBREVIATION", "TEAM_CITY", "MIN", "FGM", "FGA", "FG_PCT", "FG3M", "FG3A", "FG3_PCT", "FTM", "FTA", "FT_PCT", "OREB", "DREB", "REB", "AST", "STL", "BLK", "TO", "PF", "PTS", "PLUS_MINUS"], "rowSet": [["0021000052", 1610612757, "Trail Blazers", "POR", "Portland", "240:00", 38, 80, 0.475, 7, 24, 0.292, 7, 9, 0.778, 10, 29, 39, 21, 10, 8, 12, 24, 90, 14.0], ["0021000052", 1610612749, "Bucks", "MIL", "Milwaukee", "240:00", 27, 72, 0.375, 3, 15, 0.2, 19, 25, 0.76, 11, 29, 40, 16, 4, 4, 17, 11, 76, -14.0]], "name": "TeamStats"}, {"headers": ["LEAGUE_ID", "SEASON_ID", "TEAM_ID", "TEAM_ABBREVIATION", "TEAM_CITY", "PTS_PAINT", "PTS_2ND_CHANCE", "PTS_FB", "LARGEST_LEAD", "LEAD_CHANGES", "TIMES_TIED"], "rowSet": [["00", "22010", 1610612749, "MIL", "Milwaukee", 32, 13, 4, 18, 3, 1], ["00", "22010", 1610612757, "POR", "Portland", 38, 10, 10, 16, 3, 1]], "name": "OtherStats"}, {"headers": ["OFFICIAL_ID", "FIRST_NAME", "LAST_NAME", "JERSEY_NUM"], "rowSet": [[1188, "Leroy", "Richardson", "20"], [1167, "Steve", "Javie", "29"], [201638, "Brent", "Barnaky", "70"]], "name": "Officials"}, {"headers": ["GAME_DATE", "ATTENDANCE", "GAME_TIME"], "rowSet": [["TUESDAY, NOVEMBER 2, 2010", 13087, "2:07"]], "name": "GameInfo"}, {"headers": ["PLAYER_ID", "FIRST_NAME", "LAST_NAME", "JERSEY_NUM", "TEAM_ID", "TEAM_CITY", "TEAM_NAME", "TEAM_ABBREVIATION"], "rowSet": [[2072, "Michael", "Redd", "22", 1610612749, "Milwaukee", "Bucks", "MIL"], [201604, "Chris", "Douglas-Roberts", "17", 1610612749, "Milwaukee", "Bucks", "MIL"], [202359, "Darington", "Hobson", " 9", 1610612749, "Milwaukee", "Bucks", "MIL"], [2038, "Joel", "Przybilla", "10", 1610612757, "Portland", "Trail Blazers", "POR"], [201141, "Greg", "Oden", "52", 1610612757, "Portland", "Trail Blazers", "POR"], [201988, "Patty", "Mills", " 8", 1610612757, "Portland", "Trail Blazers", "POR"]], "name": "InactivePlayers"}, {"headers": ["VIDEO_AVAILABLE_FLAG"], "rowSet": [[0]], "name": "AvailableVideo"}], "parameters": {"GameID": "0021000052", "RangeType": 0, "StartPeriod": 0, "StartRange": 0, "EndPeriod": 0, "EndRange": 0}}