{"resource": "boxscore", "resultSets": [{"headers": ["GAME_DATE_EST", "GAME_SEQUENCE", "GAME_ID", "GAME_STATUS_ID", "GAME_STATUS_TEXT", "GAMECODE", "HOME_TEAM_ID", "VISITOR_TEAM_ID", "SEASON", "LIVE_PERIOD", "LIVE_PC_TIME", "NATL_TV_BROADCASTER_ABBREVIATION", "LIVE_PERIOD_TIME_BCAST", "WH_STATUS"], "rowSet": [["2010-11-04T00:00:00", 2, "0021000067", 3, "Final", "20101104/OKCPOR", 1610612757, 1610612760, "2010", 5, "", "TNT", "Q5  - TNT", 1]], "name": "GameSummary"}, {"headers": ["GAME_DATE_EST", "GAME_SEQUENCE", "GAME_ID", "TEAM_ID", "TEAM_ABBREVIATION", "TEAM_CITY_NAME", "TEAM_WINS_LOSSES", "PTS_QTR1", "PTS_QTR2", "PTS_QTR3", "PTS_QTR4", "PTS_OT1", "PTS_OT2", "PTS_OT3", "PTS_OT4", "PTS_OT5", "PTS_OT6", "PTS_OT7", "PTS_OT8", "PTS_OT9", "PTS_OT10", "PTS"], "rowSet": [["2010-11-04T00:00:00", 2, "0021000067", 1610612760, "OKC", "Oklahoma City", "3-2", 29, 22, 24, 25, 7, 0, 0, 0, 0, 0, 0, 0, 0, 0, 107], ["2010-11-04T00:00:00", 2, "0021000067", 1610612757, "POR", "Portland", "4-2", 23, 35, 23, 19, 6, 0, 0, 0, 0, 0, 0, 0, 0, 0, 106]], "name": "LineScore"}, {"headers": ["GAME_ID", "HOME_TEAM_ID", "VISITOR_TEAM_ID", "GAME_DATE_EST", "HOME_TEAM_WINS", "HOME_TEAM_LOSSES", "SERIES_LEADER"], "rowSet": [["0021000067", 1610612757, 1610612760, "2010-11-04T00:00:00", 1, 3, "Oklahoma City"]], "name": "SeasonSeries"}, {"headers": ["GAME_ID", "LAST_GAME_ID", "LAST_GAME_DATE_EST", "LAST_GAME_HOME_TEAM_ID", "LAST_GAME_HOME_TEAM_CITY", "LAST_GAME_HOME_TEAM_NAME", "LAST_GAME_HOME_TEAM_ABBREVIATION", "LAST_GAME_HOME_TEAM_POINTS", "LAST_GAME_VISITOR_TEAM_ID", "LAST_GAME_VISITOR_TEAM_CITY", "LAST_GAME_VISITOR_TEAM_NAME", "LAST_GAME_VISITOR_TEAM_CITY1", "LAST_GAME_VISITOR_TEAM_POINTS"], "rowSet": [["0021000067", "0020901210", "2010-04-12T00:00:00", 1610612757, "Portland", "Trail Blazers", "POR", 103, 1610612760, "Oklahoma City", "Thunder", "OKC", 95]], "name": "LastMeeting"}, {"headers": ["GAME_ID", "TEAM_ID", "TEAM_ABBREVIATION", "TEAM_CITY", "PLAYER_ID", "PLAYER_NAME", "START_POSITION", "COMMENT", "MIN", "FGM", "FGA", "FG_PCT", "FG3M", "FG3A", "FG3_PCT", "FTM", "FTA", "FT_PCT", "OREB", "DREB", "REB", "AST", "STL", "BLK", "TO", "PF", "PTS", "PLUS_MINUS"], "rowSet": [["0021000067", 1610612760, "OKC", "Oklahoma City", 201142, "Kevin Durant", "F", "", "52:28", 11, 24, 0.458, 2, 5, 0.4, 4, 4, 1.0, 0, 11, 11, 2, 0, 3, 5, 3, 28, 3.0], ["0021000067", 1610612760, "OKC", "Oklahoma City", 201145, "Jeff Green", "F", "", "45:45", 7, 13, 0.538, 0, 2, 0.0, 5, 5, 1.0, 4, 5, 9, 1, 0, 0, 2, 4, 19, 5.0], ["0021000067", 1610612760, "OKC", "Oklahoma City", 2420, "Nenad Krstic", "C", "", "25:59", 3, 6, 0.5, 0, 0, 0.0, 1, 2, 0.5, 1, 2, 3, 0, 0, 0, 2, 4, 7, -1.0], ["0021000067", 1610612760, "OKC", "Oklahoma City", 200757, "Thabo Sefolosha", "G", "", "22:58", 3, 5, 0.6, 1, 2, 0.5, 0, 0, 0.0, 0, 4, 4, 2, 1, 0, 0, 2, 7, -8.0], ["0021000067", 1610612760, "OKC", "Oklahoma City", 201566, "Russell Westbrook", "G", "", "43:58", 9, 22, 0.409, 0, 5, 0.0, 10, 10, 1.0, 6, 5, 11, 5, 0, 0, 4, 4, 28, 4.0], ["0021000067", 1610612760, "OKC", "Oklahoma City", 201586, "Serge Ibaka", "", "", "30:29", 4, 4, 1.0, 0, 0, 0.0, 3, 4, 0.75, 4, 3, 7, 0, 0, 2, 0, 4, 11, 7.0], ["0021000067", 1610612760, "OKC", "Oklahoma City", 201935, "James Harden", "", "", "25:11", 3, 5, 0.6, 0, 1, 0.0, 1, 1, 1.0, 0, 1, 1, 1, 1, 0, 1, 2, 7, 1.0], ["0021000067", 1610612760, "OKC", "Oklahoma City", 201953, "Eric Maynor", "", "", "14:05", 0, 2, 0.0, 0, 0, 0.0, 0, 0, 0.0, 0, 1, 1, 1, 1, 0, 2, 1, 0, 1.0], ["0021000067", 1610612760, "OKC", "Oklahoma City", 202332, "Cole Aldrich", "", "", "4:08", 0, 0, 0.0, 0, 0, 0.0, 0, 0, 0.0, 0, 0, 0, 0, 0, 0, 0, 0, 0, -7.0], ["0021000067", 1610612760, "OKC", "Oklahoma City", 201161, "Daequan Cook", "", "DNP - Coach's Decision", null, null, null, null, null, null, null, null, null, null, null, null, null, null, null, null, null, null, null, null], ["0021000067", 1610612760, "OKC", "Oklahoma City", 2767, "Royal Ivey", "", "DNP - Coach's Decision", null, null, null, null, null, null, null, null, null, null, null, null, null, null, null, null, null, null, null, null], ["0021000067", 1610612760, "OKC", "Oklahoma City", 201591, "DJ White", "", "DNP - Coach's Decision", null, null, null, null, null, null, null, null, null, null, null, null, null, null, null, null, null, null, null, null], ["0021000067", 1610612757, "POR", "Portland", 201587, "Nicolas Batum", "F", "", "46:52", 7, 16, 0.438, 2, 7, 0.286, 0, 0, 0.0, 4, 1, 5, 2, 1, 0, 0, 4, 16, -6.0], ["0021000067", 1610612757, "POR", "Portland", 200746, "LaMarcus Aldridge", "F", "", "45:58", 11, 19, 0.579, 0, 1, 0.0, 0, 0, 0.0, 1, 3, 4, 1, 0, 0, 1, 6, 22, -8.0], ["0021000067", 1610612757, "POR", "Portland", 948, "Marcus Camby", "C", "", "42:56", 6, 7, 0.857, 0, 0, 0.0, 1, 3, 0.333, 4, 8, 12, 3, 2, 1, 3, 3, 13, 2.0], ["0021000067", 1610612757, "POR", "Portland", 200750, "Brandon Roy", "G", "", "46:33", 6, 17, 0.353, 1, 4, 0.25, 6, 6, 1.0, 0, 5, 5, 5, 0, 1, 4, 2, 19, 3.0], ["0021000067", 1610612757, "POR", "Portland", 1889, "Andre Miller", "G", "", "35:16", 7, 18, 0.389, 0, 1, 0.0, 2, 2, 1.0, 4, 2, 6, 11, 2, 0, 2, 1, 16, 0.0], ["0021000067", 1610612757, "POR", "Portland", 202083, "Wesley Matthews", "", "", "19:29", 4, 8, 0.5, 0, 1, 0.0, 5, 7, 0.714, 0, 1, 1, 2, 2, 0, 0, 0, 13, 0.0], ["0021000067", 1610612757, "POR", "Portland", 201967, "Dante Cunningham", "", "", "15:57", 1, 4, 0.25, 0, 0, 0.0, 2, 2, 1.0, 2, 1, 3, 0, 0, 0, 0, 2, 4, 2.0], ["0021000067", 1610612757, "POR", "Portland", 202356, "Armon Johnson", "", "", "11:59", 1, 3, 0.333, 1, 2, 0.5, 0, 0, 0.0, 0, 2, 2, 3, 1, 0, 0, 1, 3, 2.0], ["0021000067", 1610612757, "POR", "Portland", 202337, "Luke Babbitt", "", "DNP - Coach's Decision", null, null, null, null, null, null, null, null, null, null, null, null, null, null, null, null, null, null, null, null], ["0021000067", 1610612757, "POR", "Portland", 201164, "Rudy Fernandez", "", "DNP - Coach's Decision", null, null, null, null, null, null, null, null, null, null, null, null, null, null, null, null, null, null, null, null], ["0021000067", 1610612757, "POR", "Portland", 201988, "Patty Mills", "", "DNP - Coach's Decision", null, null, null, null, null, null, null, null, null, null, null, null, null, null, null, null, null, null, null, null], ["0021000067", 1610612757, "POR", "Portland", 2038, "Joel Przybilla", "", "DND-right knee", null, null, null, null, null, null, null, null, null, null, null, null, null, null, null, null, null, null, null, null]], "name": "PlayerStats"}, {"headers": ["GAME_ID", "TEAM_ID", "TEAM_NAME", "TEAM_ABBREVIATION", "TEAM_CITY", "MIN", "FGM", "FGA", "FG_PCT", "FG3M", "FG3A", "FG3_PCT", "FTM", "FTA", "FT_PCT", "OREB", "DREB", "REB", "AST", "STL", "BLK", "TO", "PF", "PTS", "PLUS_MINUS"], "rowSet": [["0021000067", 1610612757, "Trail Blazers", "POR", "Portland", "265:00", 43, 92, 0.467, 4, 16, 0.25, 16, 20, 0.8, 15, 23, 38, 27, 8, 2, 10, 19, 106, -1.0], ["0021000067", 1610612760, "Thunder", "OKC", "Oklahoma City", "265:00", 40, 81, 0.494, 3, 15, 0.2, 24, 26, 0.923, 15, 32, 47, 12, 3, 5, 16, 24, 107, 1.0]], "name": "TeamStats"}, {"headers": ["LEAGUE_ID", "SEASON_ID", "TEAM_ID", "TEAM_ABBREVIATION", "TEAM_CITY", "PTS_PAINT", "PTS_2ND_CHANCE", "PTS_FB", "LARGEST_LEAD", "LEAD_CHANGES", "TIMES_TIED"], "rowSet": [["00", "22010", 1610612760, "OKC", "Oklahoma City", 34, 20, 14, 13, 6, 9], ["00", "22010", 1610612757, "POR", "Portland", 50, 18, 18, 12, 6, 9]], "name": "OtherStats"}, {"headers": ["OFFICIAL_ID", "FIRST_NAME", "LAST_NAME", "JERSEY_NUM"], "rowSet": [[1148, "James", "Capers", "19"], [2001, "Jason", "Phillips", "23"], [200834, "Mark", "Lindsay", "53"]], "name": "Officials"}, {"headers": ["GAME_DATE", "ATTENDANCE", "GAME_TIME"], "rowSet": [["THURSDAY, NOVEMBER 4, 2010", 20611, "2:48"]], "name": "GameInfo"}, {"headers": ["PLAYER_ID", "FIRST_NAME", "LAST_NAME", "JERSEY_NUM", "TEAM_ID", "TEAM_CITY", "TEAM_NAME", "TEAM_ABBREVIATION"], "rowSet": [[2050, "Morris", "Peterson", "42", 1610612760, "Oklahoma City", "Thunder", "OKC"], [2555, "Nick", "Collison", " 4", 1610612760, "Oklahoma City", "Thunder", "OKC"], [201957, "Byron", "Mullens", "23", 1610612760, "Oklahoma City", "Thunder", "OKC"], [201141, "Greg", "Oden", "52", 1610612757, "Portland", "Trail Blazers", "POR"], [202343, "Elliot", "Williams", " 9", 1610612757, "Portland", "Trail Blazers", "POR"]], "name": "InactivePlayers"}, {"headers": ["VIDEO_AVAILABLE_FLAG"], "rowSet": [[0]], "name": "AvailableVideo"}], "parameters": {"GameID": "0021000067", "RangeType": 0, "StartPeriod": 0, "StartRange": 0, "EndPeriod": 0, "EndRange": 0}}