{"resource": "boxscore", "resultSets": [{"headers": ["GAME_DATE_EST", "GAME_SEQUENCE", "GAME_ID", "GAME_STATUS_ID", "GAME_STATUS_TEXT", "GAMECODE", "HOME_TEAM_ID", "VISITOR_TEAM_ID", "SEASON", "LIVE_PERIOD", "LIVE_PC_TIME", "NATL_TV_BROADCASTER_ABBREVIATION", "LIVE_PERIOD_TIME_BCAST", "WH_STATUS"], "rowSet": [["2010-10-30T00:00:00", 4, "0021000034", 3, "Final", "20101030/PHIIND", 1610612754, 1610612755, "2010", 4, "", null, "Q4  - ", 1]], "name": "GameSummary"}, {"headers": ["GAME_DATE_EST", "GAME_SEQUENCE", "GAME_ID", "TEAM_ID", "TEAM_ABBREVIATION", "TEAM_CITY_NAME", "TEAM_WINS_LOSSES", "PTS_QTR1", "PTS_QTR2", "PTS_QTR3", "PTS_QTR4", "PTS_OT1", "PTS_OT2", "PTS_OT3", "PTS_OT4", "PTS_OT5", "PTS_OT6", "PTS_OT7", "PTS_OT8", "PTS_OT9", "PTS_OT10", "PTS"], "rowSet": [["2010-10-30T00:00:00", 4, "0021000034", 1610612755, "PHI", "Philadelphia", "0-3", 26, 25, 15, 20, 0, 0, 0, 0, 0, 0, 0, 0, 0, 0, 86], ["2010-10-30T00:00:00", 4, "0021000034", 1610612754, "IND", "Indiana", "2-1", 21, 30, 27, 21, 0, 0, 0, 0, 0, 0, 0, 0, 0, 0, 99]], "name": "LineScore"}, {"headers": ["GAME_ID", "HOME_TEAM_ID", "VISITOR_TEAM_ID", "GAME_DATE_EST", "HOME_TEAM_WINS", "HOME_TEAM_LOSSES", "SERIES_LEADER"], "rowSet": [["0021000034", 1610612754, 1610612755, "2010-10-30T00:00:00", 2, 2, "Tied"]], "name": "SeasonSeries"}, {"headers": ["GAME_ID", "LAST_GAME_ID", "LAST_GAME_DATE_EST", "LAST_GAME_HOME_TEAM_ID", "LAST_GAME_HOME_TEAM_CITY", "LAST_GAME_HOME_TEAM_NAME", "LAST_GAME_HOME_TEAM_ABBREVIATION", "LAST_GAME_HOME_TEAM_POINTS", "LAST_GAME_VISITOR_TEAM_ID", "LAST_GAME_VISITOR_TEAM_CITY", "LAST_GAME_VISITOR_TEAM_NAME", "LAST_GAME_VISITOR_TEAM_CITY1", "LAST_GAME_VISITOR_TEAM_POINTS"], "rowSet": [["0021000034", "0020900946", "2010-03-09T00:00:00", 1610612754, "Indiana", "Pacers", "IND", 107, 1610612755, "Philadelphia", "76ers", "PHI", 96]], "name": "LastMeeting"}, {"headers": ["GAME_ID", "TEAM_ID", "TEAM_ABBREVIATION", "TEAM_CITY", "PLAYER_ID", "PLAYER_NAME", "START_POSITION", "COMMENT", "MIN", "FGM", "FGA", "FG_PCT", "FG3M", "FG3A", "FG3_PCT", "FTM", "FTA", "FT_PCT", "OREB", "DREB", "REB", "AST", "STL", "BLK", "TO", "PF", "PTS", "PLUS_MINUS"], "rowSet": [["0021000034", 1610612755, "PHI", "Philadelphia", 2804, "Andres Nocioni", "F", "", "31:32", 2, 6, 0.333, 2, 5, 0.4, 0, 0, 0.0, 0, 7, 7, 1, 0, 1, 2, 5, 6, -9.0], ["0021000034", 1610612755, "PHI", "Philadelphia", 1882, "Elton Brand", "F", "", "33:47", 5, 16, 0.313, 0, 0, 0.0, 2, 3, 0.667, 6, 4, 10, 2, 4, 4, 0, 3, 12, -20.0], ["0021000034", 1610612755, "PHI", "Philadelphia", 201150, "Spencer Hawes", "C", "", "13:30", 2, 4, 0.5, 0, 0, 0.0, 0, 0, 0.0, 0, 2, 2, 0, 0, 2, 1, 3, 4, -17.0], ["0021000034", 1610612755, "PHI", "Philadelphia", 201950, "Jrue Holiday", "G", "", "30:11", 6, 14, 0.429, 0, 1, 0.0, 0, 0, 0.0, 2, 1, 3, 2, 2, 0, 2, 1, 12, -18.0], ["0021000034", 1610612755, "PHI", "Philadelphia", 2738, "Andre Iguodala", "G", "", "34:03", 4, 10, 0.4, 1, 2, 0.5, 3, 8, 0.375, 1, 2, 3, 3, 0, 0, 5, 3, 12, -28.0], ["0021000034", 1610612755, "PHI", "Philadelphia", 201152, "Thaddeus Young", "", "", "25:53", 5, 9, 0.556, 1, 1, 1.0, 0, 0, 0.0, 2, 5, 7, 0, 2, 2, 2, 3, 11, 13.0], ["0021000034", 1610612755, "PHI", "Philadelphia", 101150, "Louis Williams", "", "", "20:32", 7, 8, 0.875, 2, 2, 1.0, 2, 3, 0.667, 0, 2, 2, 3, 1, 0, 5, 2, 18, 1.0], ["0021000034", 1610612755, "PHI", "Philadelphia", 202323, "Evan Turner", "", "", "33:03", 4, 11, 0.364, 0, 0, 0.0, 1, 2, 0.5, 1, 6, 7, 2, 0, 0, 2, 3, 9, 5.0], ["0021000034", 1610612755, "PHI", "Philadelphia", 1499, "Tony Battie", "", "", "9:06", 0, 3, 0.0, 0, 0, 0.0, 0, 0, 0.0, 0, 3, 3, 0, 0, 1, 0, 2, 0, 8.0], ["0021000034", 1610612755, "PHI", "Philadelphia", 201578, "Marreese Speights", "", "", "8:23", 1, 1, 1.0, 0, 0, 0.0, 0, 0, 0.0, 0, 2, 2, 0, 0, 1, 0, 1, 2, 0.0], ["0021000034", 1610612755, "PHI", "Philadelphia", 2574, "Jason Kapono", "", "DNP - Coach's Decision", null, null, null, null, null, null, null, null, null, null, null, null, null, null, null, null, null, null, null, null], ["0021000034", 1610612755, "PHI", "Philadelphia", 2443, "Darius Songaila", "", "DNP - Coach's Decision", null, null, null, null, null, null, null, null, null, null, null, null, null, null, null, null, null, null, null, null], ["0021000034", 1610612754, "IND", "Indiana", 101122, "Danny Granger", "F", "", "38:59", 8, 16, 0.5, 2, 7, 0.286, 4, 5, 0.8, 0, 4, 4, 1, 2, 2, 1, 1, 22, 13.0], ["0021000034", 1610612754, "IND", "Indiana", 201177, "Josh McRoberts", "F", "", "30:19", 4, 12, 0.333, 1, 3, 0.333, 0, 3, 0.0, 5, 4, 9, 0, 1, 1, 2, 3, 9, 13.0], ["0021000034", 1610612754, "IND", "Indiana", 201579, "Roy Hibbert", "C", "", "33:02", 5, 13, 0.385, 0, 0, 0.0, 4, 6, 0.667, 5, 8, 13, 5, 0, 1, 3, 3, 14, 25.0], ["0021000034", 1610612754, "IND", "Indiana", 2399, "Mike Dunleavy", "G", "", "36:43", 6, 13, 0.462, 1, 7, 0.143, 3, 3, 1.0, 1, 8, 9, 0, 0, 1, 0, 3, 16, 22.0], ["0021000034", 1610612754, "IND", "Indiana", 201954, "Darren Collison", "G", "", "25:29", 6, 13, 0.462, 0, 1, 0.0, 3, 3, 1.0, 0, 3, 3, 4, 4, 0, 2, 1, 15, 16.0], ["0021000034", 1610612754, "IND", "Indiana", 202331, "Paul George", "", "", "20:18", 3, 6, 0.5, 2, 4, 0.5, 0, 0, 0.0, 1, 3, 4, 2, 0, 0, 2, 1, 8, -9.0], ["0021000034", 1610612754, "IND", "Indiana", 1899, "James Posey", "", "", "6:13", 0, 2, 0.0, 0, 1, 0.0, 0, 0, 0.0, 1, 1, 2, 0, 1, 0, 0, 1, 0, -13.0], ["0021000034", 1610612754, "IND", "Indiana", 2551, "T.J. Ford", "", "", "22:31", 2, 6, 0.333, 1, 1, 1.0, 1, 2, 0.5, 0, 0, 0, 4, 0, 1, 4, 0, 6, -3.0], ["0021000034", 1610612754, "IND", "Indiana", 200780, "Solomon Jones", "", "", "3:05", 0, 0, 0.0, 0, 0, 0.0, 0, 0, 0.0, 0, 0, 0, 0, 0, 0, 1, 1, 0, -12.0], ["0021000034", 1610612754, "IND", "Indiana", 201946, "Tyler Hansbrough", "", "", "23:21", 3, 8, 0.375, 0, 0, 0.0, 3, 3, 1.0, 3, 4, 7, 2, 2, 0, 3, 2, 9, 13.0], ["0021000034", 1610612754, "IND", "Indiana", 2563, "Dahntay Jones", "", "DNP - Coach's Decision", null, null, null, null, null, null, null, null, null, null, null, null, null, null, null, null, null, null, null, null], ["0021000034", 1610612754, "IND", "Indiana", 201575, "Brandon Rush", "", "NWT - League Suspension", null, null, null, null, null, null, null, null, null, null, null, null, null, null, null, null, null, null, null, null]], "name": "PlayerStats"}, {"headers": ["GAME_ID", "TEAM_ID", "TEAM_NAME", "TEAM_ABBREVIATION", "TEAM_CITY", "MIN", "FGM", "FGA", "FG_PCT", "FG3M", "FG3A", "FG3_PCT", "FTM", "FTA", "FT_PCT", "OREB", "DREB", "REB", "AST", "STL", "BLK", "TO", "PF", "PTS", "PLUS_MINUS"], "rowSet": [["0021000034", 1610612755, "76ers", "PHI", "Philadelphia", "240:00", 36, 82, 0.439, 6, 11, 0.545, 8, 16, 0.5, 12, 34, 46, 13, 9, 11, 19, 26, 86, -13.0], ["0021000034", 1610612754, "Pacers", "IND", "Indiana", "240:00", 37, 89, 0.416, 7, 24, 0.292, 18, 25, 0.72, 16, 35, 51, 18, 10, 6, 18, 16, 99, 13.0]], "name": "TeamStats"}, {"headers": ["LEAGUE_ID", "SEASON_ID", "TEAM_ID", "TEAM_ABBREVIATION", "TEAM_CITY", "PTS_PAINT", "PTS_2ND_CHANCE", "PTS_FB", "LARGEST_LEAD", "LEAD_CHANGES", "TIMES_TIED"], "rowSet": [["00", "22010", 1610612755, "PHI", "Philadelphia", 40, 12, 15, 16, 8, 10], ["00", "22010", 1610612754, "IND", "Indiana", 46, 17, 18, 15, 8, 10]], "name": "OtherStats"}, {"headers": ["OFFICIAL_ID", "FIRST_NAME", "LAST_NAME", "JERSEY_NUM"], "rowSet": [[1164, "Ron", "Garretson", "10"], [2529, "Tony", "Brown", "6"], [200833, "Eric", "Dalen", "75"]], "name": "Officials"}, {"headers": ["GAME_DATE", "ATTENDANCE", "GAME_TIME"], "rowSet": [["SATURDAY, OCTOBER 30, 2010", 18165, "2:10"]], "name": "GameInfo"}, {"headers": ["PLAYER_ID", "FIRST_NAME", "LAST_NAME", "JERSEY_NUM", "TEAM_ID", "TEAM_CITY", "TEAM_NAME", "TEAM_ABBREVIATION"], "rowSet": [[201975, "Jodie", "Meeks", "20", 1610612755, "Philadelphia", "76ers", "PHI"], [202342, "Craig", "Brackins", "33", 1610612755, "Philadelphia", "76ers", "PHI"], [1902, "Jeff", "Foster", "10", 1610612754, "Indiana", "Pacers", "IND"], [201985, "A.J.", "Price", "12", 1610612754, "Indiana", "Pacers", "IND"], [202362, "Lance", "Stephenson", " 6", 1610612754, "Indiana", "Pacers", "IND"]], "name": "InactivePlayers"}, {"headers": ["VIDEO_AVAILABLE_FLAG"], "rowSet": [[0]], "name": "AvailableVideo"}], "parameters": {"GameID": "0021000034", "RangeType": 0, "StartPeriod": 0, "StartRange": 0, "EndPeriod": 0, "EndRange": 0}}