{"resource": "boxscore", "resultSets": [{"headers": ["GAME_DATE_EST", "GAME_SEQUENCE", "GAME_ID", "GAME_STATUS_ID", "GAME_STATUS_TEXT", "GAMECODE", "HOME_TEAM_ID", "VISITOR_TEAM_ID", "SEASON", "LIVE_PERIOD", "LIVE_PC_TIME", "NATL_TV_BROADCASTER_ABBREVIATION", "LIVE_PERIOD_TIME_BCAST", "WH_STATUS"], "rowSet": [["2010-10-27T00:00:00", 3, "0021000006", 3, "Final", "20101027/MIAPHI", 1610612755, 1610612748, "2010", 4, "", null, "Q4  - ", 1]], "name": "GameSummary"}, {"headers": ["GAME_DATE_EST", "GAME_SEQUENCE", "GAME_ID", "TEAM_ID", "TEAM_ABBREVIATION", "TEAM_CITY_NAME", "TEAM_WINS_LOSSES", "PTS_QTR1", "PTS_QTR2", "PTS_QTR3", "PTS_QTR4", "PTS_OT1", "PTS_OT2", "PTS_OT3", "PTS_OT4", "PTS_OT5", "PTS_OT6", "PTS_OT7", "PTS_OT8", "PTS_OT9", "PTS_OT10", "PTS"], "rowSet": [["2010-10-27T00:00:00", 3, "0021000006", 1610612755, "PHI", "Philadelphia", "0-1", 15, 26, 13, 33, 0, 0, 0, 0, 0, 0, 0, 0, 0, 0, 87], ["2010-10-27T00:00:00", 3, "0021000006", 1610612748, "MIA", "Miami", "1-1", 18, 31, 31, 17, 0, 0, 0, 0, 0, 0, 0, 0, 0, 0, 97]], "name": "LineScore"}, {"headers": ["GAME_ID", "HOME_TEAM_ID", "VISITOR_TEAM_ID", "GAME_DATE_EST", "HOME_TEAM_WINS", "HOME_TEAM_LOSSES", "SERIES_LEADER"], "rowSet": [["0021000006", 1610612755, 1610612748, "2010-10-27T00:00:00", 0, 3, "Miami"]], "name": "SeasonSeries"}, {"headers": ["GAME_ID", "LAST_GAME_ID", "LAST_GAME_DATE_EST", "LAST_GAME_HOME_TEAM_ID", "LAST_GAME_HOME_TEAM_CITY", "LAST_GAME_HOME_TEAM_NAME", "LAST_GAME_HOME_TEAM_ABBREVIATION", "LAST_GAME_HOME_TEAM_POINTS", "LAST_GAME_VISITOR_TEAM_ID", "LAST_GAME_VISITOR_TEAM_CITY", "LAST_GAME_VISITOR_TEAM_NAME", "LAST_GAME_VISITOR_TEAM_CITY1", "LAST_GAME_VISITOR_TEAM_POINTS"], "rowSet": [["0021000006", "0020901203", "2010-04-12T00:00:00", 1610612755, "Philadelphia", "76ers", "PHI", 105, 1610612748, "Miami", "Heat", "MIA", 107]], "name": "LastMeeting"}, {"headers": ["GAME_ID", "TEAM_ID", "TEAM_ABBREVIATION", "TEAM_CITY", "PLAYER_ID", "PLAYER_NAME", "START_POSITION", "COMMENT", "MIN", "FGM", "FGA", "FG_PCT", "FG3M", "FG3A", "FG3_PCT", "FTM", "FTA", "FT_PCT", "OREB", "DREB", "REB", "AST", "STL", "BLK", "TO", "PF", "PTS", "PLUS_MINUS"], "rowSet": [["0021000006", 1610612748, "MIA", "Miami", 2544, "LeBron James", "F", "", "37:33", 5, 12, 0.417, 0, 2, 0.0, 6, 6, 1.0, 0, 6, 6, 7, 2, 1, 9, 1, 16, 6.0], ["0021000006", 1610612748, "MIA", "Miami", 2547, "Chris Bosh", "F", "", "39:09", 6, 12, 0.5, 0, 0, 0.0, 3, 5, 0.6, 1, 6, 7, 1, 1, 1, 1, 1, 15, 25.0], ["0021000006", 1610612748, "MIA", "Miami", 201202, "Joel Anthony", "C", "", "17:37", 0, 0, 0.0, 0, 0, 0.0, 0, 2, 0.0, 0, 3, 3, 0, 0, 1, 1, 4, 0, 8.0], ["0021000006", 1610612748, "MIA", "Miami", 2548, "Dwyane Wade", "G", "", "35:20", 10, 20, 0.5, 1, 2, 0.5, 9, 12, 0.75, 2, 5, 7, 4, 3, 2, 1, 3, 30, 9.0], ["0021000006", 1610612748, "MIA", "Miami", 2306, "Carlos Arroyo", "G", "", "28:28", 3, 7, 0.429, 0, 0, 0.0, 0, 0, 0.0, 1, 2, 3, 1, 1, 0, 3, 1, 6, 17.0], ["0021000006", 1610612748, "MIA", "Miami", 2617, "Udonis Haslem", "", "", "12:42", 0, 2, 0.0, 0, 0, 0.0, 0, 0, 0.0, 0, 5, 5, 0, 0, 0, 1, 5, 0, -2.0], ["0021000006", 1610612748, "MIA", "Miami", 2067, "Eddie House", "", "", "21:39", 1, 3, 0.333, 1, 2, 0.5, 0, 0, 0.0, 0, 1, 1, 1, 0, 0, 0, 0, 3, -10.0], ["0021000006", 1610612748, "MIA", "Miami", 2592, "James Jones", "", "", "29:31", 7, 10, 0.7, 6, 9, 0.667, 0, 0, 0.0, 0, 1, 1, 0, 1, 1, 0, 1, 20, -3.0], ["0021000006", 1610612748, "MIA", "Miami", 980, "Zydrunas Ilgauskas", "", "", "8:49", 1, 2, 0.5, 0, 0, 0.0, 3, 4, 0.75, 1, 2, 3, 0, 0, 0, 0, 2, 5, 6.0], ["0021000006", 1610612748, "MIA", "Miami", 711, "Jerry Stackhouse", "", "", "5:07", 0, 1, 0.0, 0, 1, 0.0, 2, 2, 1.0, 0, 1, 1, 1, 0, 0, 0, 0, 2, 1.0], ["0021000006", 1610612748, "MIA", "Miami", 436, "Juwan Howard", "", "", "4:05", 0, 0, 0.0, 0, 0, 0.0, 0, 0, 0.0, 0, 0, 0, 0, 0, 0, 0, 0, 0, -7.0], ["0021000006", 1610612748, "MIA", "Miami", 201596, "Mario Chalmers", "", "DNP - Coach's Decision", null, null, null, null, null, null, null, null, null, null, null, null, null, null, null, null, null, null, null, null], ["0021000006", 1610612755, "PHI", "Philadelphia", 2574, "Jason Kapono", "F", "", "12:55", 1, 4, 0.25, 0, 0, 0.0, 0, 0, 0.0, 1, 0, 1, 0, 1, 0, 1, 0, 2, -6.0], ["0021000006", 1610612755, "PHI", "Philadelphia", 1882, "Elton Brand", "F", "", "33:52", 6, 11, 0.545, 0, 0, 0.0, 0, 0, 0.0, 2, 7, 9, 0, 3, 2, 1, 4, 12, -9.0], ["0021000006", 1610612755, "PHI", "Philadelphia", 201150, "Spencer Hawes", "C", "", "14:16", 0, 3, 0.0, 0, 0, 0.0, 0, 0, 0.0, 0, 3, 3, 1, 0, 0, 0, 3, 0, -11.0], ["0021000006", 1610612755, "PHI", "Philadelphia", 2738, "Andre Iguodala", "G", "", "38:55", 5, 12, 0.417, 0, 1, 0.0, 0, 0, 0.0, 2, 5, 7, 5, 2, 0, 2, 3, 10, -19.0], ["0021000006", 1610612755, "PHI", "Philadelphia", 201950, "Jrue Holiday", "G", "", "21:17", 2, 9, 0.222, 2, 4, 0.5, 0, 0, 0.0, 2, 0, 2, 3, 2, 0, 5, 1, 6, -8.0], ["0021000006", 1610612755, "PHI", "Philadelphia", 101150, "Louis Williams", "", "", "33:45", 5, 14, 0.357, 3, 7, 0.429, 2, 2, 1.0, 0, 1, 1, 7, 0, 0, 3, 4, 15, 7.0], ["0021000006", 1610612755, "PHI", "Philadelphia", 202323, "Evan Turner", "", "", "30:40", 7, 10, 0.7, 0, 0, 0.0, 2, 3, 0.667, 1, 6, 7, 4, 0, 1, 2, 2, 16, 5.0], ["0021000006", 1610612755, "PHI", "Philadelphia", 201152, "Thaddeus Young", "", "", "25:49", 6, 8, 0.75, 0, 1, 0.0, 3, 4, 0.75, 1, 2, 3, 1, 2, 0, 1, 1, 15, -8.0], ["0021000006", 1610612755, "PHI", "Philadelphia", 201578, "Marreese Speights", "", "", "3:39", 0, 3, 0.0, 0, 0, 0.0, 1, 2, 0.5, 0, 0, 0, 0, 0, 0, 0, 1, 1, -1.0], ["0021000006", 1610612755, "PHI", "Philadelphia", 2804, "Andres Nocioni", "", "", "19:54", 4, 9, 0.444, 2, 5, 0.4, 0, 0, 0.0, 1, 4, 5, 3, 0, 1, 1, 2, 10, 5.0], ["0021000006", 1610612755, "PHI", "Philadelphia", 2443, "Darius Songaila", "", "", "4:59", 0, 0, 0.0, 0, 0, 0.0, 0, 0, 0.0, 0, 0, 0, 0, 0, 0, 0, 1, 0, -5.0], ["0021000006", 1610612755, "PHI", "Philadelphia", 1499, "Tony Battie", "", "DNP - Coach's Decision", null, null, null, null, null, null, null, null, null, null, null, null, null, null, null, null, null, null, null, null]], "name": "PlayerStats"}, {"headers": ["GAME_ID", "TEAM_ID", "TEAM_NAME", "TEAM_ABBREVIATION", "TEAM_CITY", "MIN", "FGM", "FGA", "FG_PCT", "FG3M", "FG3A", "FG3_PCT", "FTM", "FTA", "FT_PCT", "OREB", "DREB", "REB", "AST", "STL", "BLK", "TO", "PF", "PTS", "PLUS_MINUS"], "rowSet": [["0021000006", 1610612755, "76ers", "PHI", "Philadelphia", "240:00", 36, 83, 0.434, 7, 18, 0.389, 8, 11, 0.727, 10, 28, 38, 24, 10, 4, 16, 22, 87, -10.0], ["0021000006", 1610612748, "Heat", "MIA", "Miami", "240:00", 33, 69, 0.478, 8, 16, 0.5, 23, 31, 0.742, 5, 32, 37, 15, 8, 6, 16, 18, 97, 10.0]], "name": "TeamStats"}, {"headers": ["LEAGUE_ID", "SEASON_ID", "TEAM_ID", "TEAM_ABBREVIATION", "TEAM_CITY", "PTS_PAINT", "PTS_2ND_CHANCE", "PTS_FB", "LARGEST_LEAD", "LEAD_CHANGES", "TIMES_TIED"], "rowSet": [["00", "22010", 1610612755, "PHI", "Philadelphia", 40, 11, 22, 26, 2, 3], ["00", "22010", 1610612748, "MIA", "Miami", 38, 2, 20, 26, 2, 3]], "name": "OtherStats"}, {"headers": ["OFFICIAL_ID", "FIRST_NAME", "LAST_NAME", "JERSEY_NUM"], "rowSet": [[1201, "Leon", "Wood", "40"], [1148, "James", "Capers", "19"], [200834, "Mark", "Lindsay", "53"]], "name": "Officials"}, {"headers": ["GAME_DATE", "ATTENDANCE", "GAME_TIME"], "rowSet": [["WEDNESDAY, OCTOBER 27, 2010", 20389, "2:15"]], "name": "GameInfo"}, {"headers": ["PLAYER_ID", "FIRST_NAME", "LAST_NAME", "JERSEY_NUM", "TEAM_ID", "TEAM_CITY", "TEAM_NAME", "TEAM_ABBREVIATION"], "rowSet": [[201975, "Jodie", "Meeks", "20", 1610612755, "Philadelphia", "76ers", "PHI"], [202342, "Craig", "Brackins", "33", 1610612755, "Philadelphia", "76ers", "PHI"], [2048, "Jamaal", "Magloire", "21", 1610612748, "Miami", "Heat", "MIA"], [2034, "Mike", "Miller", "13", 1610612748, "Miami", "Heat", "MIA"], [202354, "Dexter", "Pittman", "45", 1610612748, "Miami", "Heat", "MIA"]], "name": "InactivePlayers"}, {"headers": ["VIDEO_AVAILABLE_FLAG"], "rowSet": [[0]], "name": "AvailableVideo"}], "parameters": {"GameID": "0021000006", "RangeType": 0, "StartPeriod": 0, "StartRange": 0, "EndPeriod": 0, "EndRange": 0}}