{"resource": "boxscore", "resultSets": [{"headers": ["GAME_DATE_EST", "GAME_SEQUENCE", "GAME_ID", "GAME_STATUS_ID", "GAME_STATUS_TEXT", "GAMECODE", "HOME_TEAM_ID", "VISITOR_TEAM_ID", "SEASON", "LIVE_PERIOD", "LIVE_PC_TIME", "NATL_TV_BROADCASTER_ABBREVIATION", "LIVE_PERIOD_TIME_BCAST", "WH_STATUS"], "rowSet": [["2010-10-29T00:00:00", 3, "0021000021", 3, "Final", "20101029/ATLPHI", 1610612755, 1610612737, "2010", 4, "", null, "Q4  - ", 1]], "name": "GameSummary"}, {"headers": ["GAME_DATE_EST", "GAME_SEQUENCE", "GAME_ID", "TEAM_ID", "TEAM_ABBREVIATION", "TEAM_CITY_NAME", "TEAM_WINS_LOSSES", "PTS_QTR1", "PTS_QTR2", "PTS_QTR3", "PTS_QTR4", "PTS_OT1", "PTS_OT2", "PTS_OT3", "PTS_OT4", "PTS_OT5", "PTS_OT6", "PTS_OT7", "PTS_OT8", "PTS_OT9", "PTS_OT10", "PTS"], "rowSet": [["2010-10-29T00:00:00", 3, "0021000021", 1610612755, "PHI", "Philadelphia", "0-2", 30, 22, 22, 27, 0, 0, 0, 0, 0, 0, 0, 0, 0, 0, 101], ["2010-10-29T00:00:00", 3, "0021000021", 1610612737, "ATL", "Atlanta", "2-0", 33, 29, 22, 20, 0, 0, 0, 0, 0, 0, 0, 0, 0, 0, 104]], "name": "LineScore"}, {"headers": ["GAME_ID", "HOME_TEAM_ID", "VISITOR_TEAM_ID", "GAME_DATE_EST", "HOME_TEAM_WINS", "HOME_TEAM_LOSSES", "SERIES_LEADER"], "rowSet": [["0021000021", 1610612755, 1610612737, "2010-10-29T00:00:00", 2, 2, "Tied"]], "name": "SeasonSeries"}, {"headers": ["GAME_ID", "LAST_GAME_ID", "LAST_GAME_DATE_EST", "LAST_GAME_HOME_TEAM_ID", "LAST_GAME_HOME_TEAM_CITY", "LAST_GAME_HOME_TEAM_NAME", "LAST_GAME_HOME_TEAM_ABBREVIATION", "LAST_GAME_HOME_TEAM_POINTS", "LAST_GAME_VISITOR_TEAM_ID", "LAST_GAME_VISITOR_TEAM_CITY", "LAST_GAME_VISITOR_TEAM_NAME", "LAST_GAME_VISITOR_TEAM_CITY1", "LAST_GAME_VISITOR_TEAM_POINTS"], "rowSet": [["0021000021", "0020901074", "2010-03-26T00:00:00", 1610612755, "Philadelphia", "76ers", "PHI", 105, 1610612737, "Atlanta", "Hawks", "ATL", 98]], "name": "LastMeeting"}, {"headers": ["GAME_ID", "TEAM_ID", "TEAM_ABBREVIATION", "TEAM_CITY", "PLAYER_ID", "PLAYER_NAME", "START_POSITION", "COMMENT", "MIN", "FGM", "FGA", "FG_PCT", "FG3M", "FG3A", "FG3_PCT", "FTM", "FTA", "FT_PCT", "OREB", "DREB", "REB", "AST", "STL", "BLK", "TO", "PF", "PTS", "PLUS_MINUS"], "rowSet": [["0021000021", 1610612737, "ATL", "Atlanta", 101107, "Marvin Williams", "F", "", "32:36", 3, 8, 0.375, 0, 3, 0.0, 0, 1, 0.0, 2, 5, 7, 1, 0, 0, 2, 2, 6, 2.0], ["0021000021", 1610612737, "ATL", "Atlanta", 2746, "Josh Smith", "F", "", "28:33", 4, 11, 0.364, 1, 2, 0.5, 3, 4, 0.75, 1, 8, 9, 3, 1, 6, 5, 3, 12, 11.0], ["0021000021", 1610612737, "ATL", "Atlanta", 201143, "Al Horford", "C", "", "33:46", 9, 11, 0.818, 0, 0, 0.0, 2, 2, 1.0, 2, 10, 12, 3, 0, 2, 2, 4, 20, -4.0], ["0021000021", 1610612737, "ATL", "Atlanta", 2207, "Joe Johnson", "G", "", "32:05", 6, 10, 0.6, 1, 3, 0.333, 9, 12, 0.75, 0, 5, 5, 2, 0, 0, 6, 4, 22, -5.0], ["0021000021", 1610612737, "ATL", "Atlanta", 1710, "Mike Bibby", "G", "", "33:46", 2, 8, 0.25, 2, 6, 0.333, 2, 2, 1.0, 0, 1, 1, 6, 1, 0, 1, 3, 8, -5.0], ["0021000021", 1610612737, "ATL", "Atlanta", 2037, "Jamal Crawford", "", "", "31:48", 5, 9, 0.556, 2, 3, 0.667, 7, 7, 1.0, 1, 0, 1, 5, 0, 0, 2, 2, 19, 7.0], ["0021000021", 1610612737, "ATL", "Atlanta", 2694, "Josh Powell", "", "", "22:15", 2, 5, 0.4, 0, 0, 0.0, 2, 2, 1.0, 2, 2, 4, 1, 0, 0, 1, 2, 6, -1.0], ["0021000021", 1610612737, "ATL", "Atlanta", 201952, "Jeff Teague", "", "", "10:57", 2, 3, 0.667, 0, 0, 0.0, 0, 0, 0.0, 0, 0, 0, 2, 0, 0, 0, 4, 4, 3.0], ["0021000021", 1610612737, "ATL", "Atlanta", 2585, "Zaza Pachulia", "", "", "14:14", 3, 5, 0.6, 0, 0, 0.0, 1, 1, 1.0, 2, 5, 7, 1, 1, 0, 1, 2, 7, 7.0], ["0021000021", 1610612737, "ATL", "Atlanta", 2215, "Jason Collins", "", "DNP - Coach's Decision", null, null, null, null, null, null, null, null, null, null, null, null, null, null, null, null, null, null, null, null], ["0021000021", 1610612737, "ATL", "Atlanta", 202348, "Jordan Crawford", "", "DNP - Coach's Decision", null, null, null, null, null, null, null, null, null, null, null, null, null, null, null, null, null, null, null, null], ["0021000021", 1610612737, "ATL", "Atlanta", 2041, "Etan Thomas", "", "DNP - Coach's Decision", null, null, null, null, null, null, null, null, null, null, null, null, null, null, null, null, null, null, null, null], ["0021000021", 1610612755, "PHI", "Philadelphia", 2574, "Jason Kapono", "F", "", "7:55", 0, 1, 0.0, 0, 0, 0.0, 0, 0, 0.0, 0, 1, 1, 0, 0, 0, 0, 0, 0, -2.0], ["0021000021", 1610612755, "PHI", "Philadelphia", 1882, "Elton Brand", "F", "", "38:26", 8, 13, 0.615, 0, 0, 0.0, 4, 4, 1.0, 4, 4, 8, 2, 1, 0, 1, 3, 20, 4.0], ["0021000021", 1610612755, "PHI", "Philadelphia", 201150, "Spencer Hawes", "C", "", "21:58", 3, 11, 0.273, 0, 0, 0.0, 0, 0, 0.0, 2, 2, 4, 0, 2, 1, 1, 2, 6, -7.0], ["0021000021", 1610612755, "PHI", "Philadelphia", 2738, "Andre Iguodala", "G", "", "41:59", 10, 19, 0.526, 2, 5, 0.4, 5, 6, 0.833, 1, 5, 6, 10, 2, 1, 3, 1, 27, 3.0], ["0021000021", 1610612755, "PHI", "Philadelphia", 201950, "Jrue Holiday", "G", "", "31:34", 3, 11, 0.273, 1, 2, 0.5, 1, 2, 0.5, 2, 2, 4, 4, 2, 1, 0, 4, 8, 5.0], ["0021000021", 1610612755, "PHI", "Philadelphia", 2804, "Andres Nocioni", "", "", "29:55", 5, 10, 0.5, 2, 3, 0.667, 3, 5, 0.6, 2, 3, 5, 0, 0, 0, 0, 2, 15, -2.0], ["0021000021", 1610612755, "PHI", "Philadelphia", 201152, "Thaddeus Young", "", "", "17:23", 3, 7, 0.429, 0, 0, 0.0, 0, 1, 0.0, 1, 3, 4, 0, 1, 1, 1, 1, 6, -3.0], ["0021000021", 1610612755, "PHI", "Philadelphia", 101150, "Louis Williams", "", "", "19:39", 2, 6, 0.333, 0, 0, 0.0, 12, 13, 0.923, 0, 1, 1, 4, 1, 0, 0, 3, 16, -4.0], ["0021000021", 1610612755, "PHI", "Philadelphia", 202323, "Evan Turner", "", "", "18:30", 0, 5, 0.0, 0, 1, 0.0, 0, 0, 0.0, 0, 2, 2, 4, 0, 1, 0, 3, 0, -6.0], ["0021000021", 1610612755, "PHI", "Philadelphia", 1499, "Tony Battie", "", "", "9:59", 1, 1, 1.0, 0, 0, 0.0, 1, 2, 0.5, 0, 1, 1, 0, 0, 1, 0, 1, 3, 3.0], ["0021000021", 1610612755, "PHI", "Philadelphia", 201578, "Marreese Speights", "", "", "2:42", 0, 1, 0.0, 0, 0, 0.0, 0, 0, 0.0, 0, 0, 0, 0, 0, 0, 2, 1, 0, -6.0], ["0021000021", 1610612755, "PHI", "Philadelphia", 2443, "Darius Songaila", "", "DNP - Coach's Decision", null, null, null, null, null, null, null, null, null, null, null, null, null, null, null, null, null, null, null, null]], "name": "PlayerStats"}, {"headers": ["GAME_ID", "TEAM_ID", "TEAM_NAME", "TEAM_ABBREVIATION", "TEAM_CITY", "MIN", "FGM", "FGA", "FG_PCT", "FG3M", "FG3A", "FG3_PCT", "FTM", "FTA", "FT_PCT", "OREB", "DREB", "REB", "AST", "STL", "BLK", "TO", "PF", "PTS", "PLUS_MINUS"], "rowSet": [["0021000021", 1610612755, "76ers", "PHI", "Philadelphia", "240:00", 35, 85, 0.412, 5, 11, 0.455, 26, 33, 0.788, 12, 24, 36, 24, 9, 6, 8, 21, 101, -3.0], ["0021000021", 1610612737, "Hawks", "ATL", "Atlanta", "240:00", 36, 70, 0.514, 6, 17, 0.353, 26, 31, 0.839, 10, 36, 46, 24, 3, 8, 20, 26, 104, 3.0]], "name": "TeamStats"}, {"headers": ["LEAGUE_ID", "SEASON_ID", "TEAM_ID", "TEAM_ABBREVIATION", "TEAM_CITY", "PTS_PAINT", "PTS_2ND_CHANCE", "PTS_FB", "LARGEST_LEAD", "LEAD_CHANGES", "TIMES_TIED"], "rowSet": [["00", "22010", 1610612755, "PHI", "Philadelphia", 42, 14, 29, 15, 1, 6], ["00", "22010", 1610612737, "ATL", "Atlanta", 40, 11, 8, 14, 1, 6]], "name": "OtherStats"}, {"headers": ["OFFICIAL_ID", "FIRST_NAME", "LAST_NAME", "JERSEY_NUM"], "rowSet": [[1154, "Bob", "Delaney", "26"], [101284, "John", "Goble", "30"], [201637, "Haywoode", "Workman", "66"]], "name": "Officials"}, {"headers": ["GAME_DATE", "ATTENDANCE", "GAME_TIME"], "rowSet": [["FRIDAY, OCTOBER 29, 2010", 10960, "2:30"]], "name": "GameInfo"}, {"headers": ["PLAYER_ID", "FIRST_NAME", "LAST_NAME", "JERSEY_NUM", "TEAM_ID", "TEAM_CITY", "TEAM_NAME", "TEAM_ABBREVIATION"], "rowSet": [[201975, "Jodie", "Meeks", "20", 1610612755, "Philadelphia", "76ers", "PHI"], [202342, "Craig", "Brackins", "33", 1610612755, "Philadelphia", "76ers", "PHI"], [2230, "Maurice", "Evans", " 1", 1610612737, "Atlanta", "Hawks", "ATL"], [202377, "Pape", "Sy", "19", 1610612737, "Atlanta", "Hawks", "ATL"]], "name": "InactivePlayers"}, {"headers": ["VIDEO_AVAILABLE_FLAG"], "rowSet": [[0]], "name": "AvailableVideo"}], "parameters": {"GameID": "0021000021", "RangeType": 0, "StartPeriod": 0, "StartRange": 0, "EndPeriod": 0, "EndRange": 0}}