{"resource": "boxscore", "resultSets": [{"headers": ["GAME_DATE_EST", "GAME_SEQUENCE", "GAME_ID", "GAME_STATUS_ID", "GAME_STATUS_TEXT", "GAMECODE", "HOME_TEAM_ID", "VISITOR_TEAM_ID", "SEASON", "LIVE_PERIOD", "LIVE_PC_TIME", "NATL_TV_BROADCASTER_ABBREVIATION", "LIVE_PERIOD_TIME_BCAST", "WH_STATUS"], "rowSet": [["2010-11-06T00:00:00", 4, "0021000083", 3, "Final", "20101106/NOHMIL", 1610612749, 1610612740, "2010", 4, "", null, "Q4  - ", 1]], "name": "GameSummary"}, {"headers": ["GAME_DATE_EST", "GAME_SEQUENCE", "GAME_ID", "TEAM_ID", "TEAM_ABBREVIATION", "TEAM_CITY_NAME", "TEAM_WINS_LOSSES", "PTS_QTR1", "PTS_QTR2", "PTS_QTR3", "PTS_QTR4", "PTS_OT1", "PTS_OT2", "PTS_OT3", "PTS_OT4", "PTS_OT5", "PTS_OT6", "PTS_OT7", "PTS_OT8", "PTS_OT9", "PTS_OT10", "PTS"], "rowSet": [["2010-11-06T00:00:00", 4, "0021000083", 1610612749, "MIL", "Milwaukee", "2-5", 18, 17, 19, 27, 0, 0, 0, 0, 0, 0, 0, 0, 0, 0, 81], ["2010-11-06T00:00:00", 4, "0021000083", 1610612740, "NOH", "New Orleans", "6-0", 23, 18, 24, 22, 0, 0, 0, 0, 0, 0, 0, 0, 0, 0, 87]], "name": "LineScore"}, {"headers": ["GAME_ID", "HOME_TEAM_ID", "VISITOR_TEAM_ID", "GAME_DATE_EST", "HOME_TEAM_WINS", "HOME_TEAM_LOSSES", "SERIES_LEADER"], "rowSet": [["0021000083", 1610612749, 1610612740, "2010-11-06T00:00:00", 0, 2, "New Orleans"]], "name": "SeasonSeries"}, {"headers": ["GAME_ID", "LAST_GAME_ID", "LAST_GAME_DATE_EST", "LAST_GAME_HOME_TEAM_ID", "LAST_GAME_HOME_TEAM_CITY", "LAST_GAME_HOME_TEAM_NAME", "LAST_GAME_HOME_TEAM_ABBREVIATION", "LAST_GAME_HOME_TEAM_POINTS", "LAST_GAME_VISITOR_TEAM_ID", "LAST_GAME_VISITOR_TEAM_CITY", "LAST_GAME_VISITOR_TEAM_NAME", "LAST_GAME_VISITOR_TEAM_CITY1", "LAST_GAME_VISITOR_TEAM_POINTS"], "rowSet": [["0021000083", "0021000010", "2010-10-27T00:00:00", 1610612749, "Milwaukee", "Bucks", "MIL", 91, 1610612740, "New Orleans", "Hornets", "NOH", 95]], "name": "LastMeeting"}, {"headers": ["GAME_ID", "TEAM_ID", "TEAM_ABBREVIATION", "TEAM_CITY", "PLAYER_ID", "PLAYER_NAME", "START_POSITION", "COMMENT", "MIN", "FGM", "FGA", "FG_PCT", "FG3M", "FG3A", "FG3_PCT", "FTM", "FTA", "FT_PCT", "OREB", "DREB", "REB", "AST", "STL", "BLK", "TO", "PF", "PTS", "PLUS_MINUS"], "rowSet": [["0021000083", 1610612740, "NOH", "New Orleans", 2772, "Trevor Ariza", "F", "", "34:23", 2, 11, 0.182, 2, 7, 0.286, 5, 6, 0.833, 0, 6, 6, 3, 0, 1, 1, 1, 11, 19.0], ["0021000083", 1610612740, "NOH", "New Orleans", 2561, "David West", "F", "", "36:04", 10, 12, 0.833, 0, 0, 0.0, 5, 7, 0.714, 2, 4, 6, 4, 2, 2, 2, 2, 25, 22.0], ["0021000083", 1610612740, "NOH", "New Orleans", 2731, "Emeka Okafor", "C", "", "29:25", 3, 5, 0.6, 0, 0, 0.0, 5, 5, 1.0, 1, 6, 7, 0, 0, 2, 1, 4, 11, 9.0], ["0021000083", 1610612740, "NOH", "New Orleans", 201158, "Marco Belinelli", "G", "", "30:06", 5, 9, 0.556, 4, 7, 0.571, 0, 0, 0.0, 1, 4, 5, 0, 1, 0, 5, 2, 14, 14.0], ["0021000083", 1610612740, "NOH", "New Orleans", 101108, "Chris Paul", "G", "", "33:08", 7, 12, 0.583, 0, 0, 0.0, 0, 0, 0.0, 1, 8, 9, 6, 2, 0, 3, 1, 14, 15.0], ["0021000083", 1610612740, "NOH", "New Orleans", 201160, "Jason Smith", "", "", "18:57", 2, 6, 0.333, 0, 0, 0.0, 2, 2, 1.0, 3, 3, 6, 1, 1, 0, 0, 2, 6, -9.0], ["0021000083", 1610612740, "NOH", "New Orleans", 2584, "Willie Green", "", "", "20:19", 1, 9, 0.111, 0, 2, 0.0, 1, 2, 0.5, 0, 2, 2, 3, 0, 0, 2, 3, 3, -2.0], ["0021000083", 1610612740, "NOH", "New Orleans", 201573, "Jerryd Bayless", "", "", "11:21", 0, 1, 0.0, 0, 0, 0.0, 0, 0, 0.0, 0, 0, 0, 0, 0, 0, 4, 1, 0, -5.0], ["0021000083", 1610612740, "NOH", "New Orleans", 200822, "Pops Mensah-Bonsu", "", "", "10:31", 0, 2, 0.0, 0, 0, 0.0, 0, 0, 0.0, 1, 3, 4, 0, 0, 0, 0, 3, 0, -13.0], ["0021000083", 1610612740, "NOH", "New Orleans", 202347, "Quincy Pondexter", "", "", "11:11", 1, 1, 1.0, 1, 1, 1.0, 0, 0, 0.0, 1, 1, 2, 0, 0, 0, 0, 2, 3, -14.0], ["0021000083", 1610612740, "NOH", "New Orleans", 201977, "Marcus Thornton", "", "", "4:36", 0, 1, 0.0, 0, 0, 0.0, 0, 0, 0.0, 0, 0, 0, 0, 0, 0, 1, 1, 0, -6.0], ["0021000083", 1610612740, "NOH", "New Orleans", 2788, "DJ Mbenga", "", "DNP - Coach's Decision", null, null, null, null, null, null, null, null, null, null, null, null, null, null, null, null, null, null, null, null], ["0021000083", 1610612749, "MIL", "Milwaukee", 2568, "Carlos Delfino", "F", "", "17:06", 1, 6, 0.167, 0, 3, 0.0, 0, 0, 0.0, 0, 1, 1, 1, 1, 0, 0, 0, 2, -8.0], ["0021000083", 1610612749, "MIL", "Milwaukee", 2400, "Drew Gooden", "F", "", "19:34", 4, 8, 0.5, 0, 0, 0.0, 0, 2, 0.0, 0, 5, 5, 1, 0, 0, 1, 3, 8, -8.0], ["0021000083", 1610612749, "MIL", "Milwaukee", 101106, "Andrew Bogut", "C", "", "35:06", 7, 11, 0.636, 0, 0, 0.0, 5, 6, 0.833, 5, 9, 14, 3, 0, 0, 2, 2, 19, -14.0], ["0021000083", 1610612749, "MIL", "Milwaukee", 2422, "John Salmons", "G", "", "39:09", 4, 11, 0.364, 2, 3, 0.667, 4, 4, 1.0, 0, 3, 3, 4, 0, 0, 2, 1, 14, -3.0], ["0021000083", 1610612749, "MIL", "Milwaukee", 201943, "Brandon Jennings", "G", "", "32:05", 5, 11, 0.455, 2, 4, 0.5, 0, 0, 0.0, 0, 2, 2, 5, 1, 0, 3, 2, 12, -12.0], ["0021000083", 1610612749, "MIL", "Milwaukee", 201601, "Luc Mbah a Moute", "", "", "31:43", 3, 11, 0.273, 0, 1, 0.0, 0, 1, 0.0, 4, 3, 7, 1, 1, 0, 1, 4, 6, -13.0], ["0021000083", 1610612749, "MIL", "Milwaukee", 1894, "Corey Maggette", "", "", "17:10", 3, 9, 0.333, 0, 0, 0.0, 2, 4, 0.5, 0, 3, 3, 1, 0, 0, 0, 3, 8, 8.0], ["0021000083", 1610612749, "MIL", "Milwaukee", 101141, "Ersan Ilyasova", "", "", "21:58", 1, 5, 0.2, 0, 3, 0.0, 1, 2, 0.5, 1, 2, 3, 0, 1, 0, 0, 2, 3, 9.0], ["0021000083", 1610612749, "MIL", "Milwaukee", 2039, "Keyon Dooling", "", "", "14:31", 2, 8, 0.25, 0, 2, 0.0, 1, 1, 1.0, 0, 1, 1, 1, 2, 0, 0, 2, 5, 4.0], ["0021000083", 1610612749, "MIL", "Milwaukee", 1863, "Earl Boykins", "", "", "7:52", 2, 3, 0.667, 0, 0, 0.0, 0, 0, 0.0, 0, 1, 1, 0, 2, 0, 0, 0, 4, 1.0], ["0021000083", 1610612749, "MIL", "Milwaukee", 201972, "Jon Brockman", "", "", "3:47", 0, 0, 0.0, 0, 0, 0.0, 0, 0, 0.0, 1, 1, 2, 0, 0, 0, 1, 1, 0, 6.0], ["0021000083", 1610612749, "MIL", "Milwaukee", 202336, "Larry Sanders", "", "DNP - Coach's Decision", null, null, null, null, null, null, null, null, null, null, null, null, null, null, null, null, null, null, null, null]], "name": "PlayerStats"}, {"headers": ["GAME_ID", "TEAM_ID", "TEAM_NAME", "TEAM_ABBREVIATION", "TEAM_CITY", "MIN", "FGM", "FGA", "FG_PCT", "FG3M", "FG3A", "FG3_PCT", "FTM", "FTA", "FT_PCT", "OREB", "DREB", "REB", "AST", "STL", "BLK", "TO", "PF", "PTS", "PLUS_MINUS"], "rowSet": [["0021000083", 1610612740, "Hornets", "NOH", "New Orleans", "240:00", 31, 69, 0.449, 7, 17, 0.412, 18, 22, 0.818, 10, 37, 47, 17, 6, 5, 19, 22, 87, 6.0], ["0021000083", 1610612749, "Bucks", "MIL", "Milwaukee", "240:00", 32, 83, 0.386, 4, 16, 0.25, 13, 20, 0.65, 11, 31, 42, 17, 8, 0, 10, 20, 81, -6.0]], "name": "TeamStats"}, {"headers": ["LEAGUE_ID", "SEASON_ID", "TEAM_ID", "TEAM_ABBREVIATION", "TEAM_CITY", "PTS_PAINT", "PTS_2ND_CHANCE", "PTS_FB", "LARGEST_LEAD", "LEAD_CHANGES", "TIMES_TIED"], "rowSet": [["00", "22010", 1610612740, "NOH", "New Orleans", 32, 7, 5, 12, 2, 4], ["00", "22010", 1610612749, "MIL", "Milwaukee", 38, 14, 12, 13, 2, 4]], "name": "OtherStats"}, {"headers": ["OFFICIAL_ID", "FIRST_NAME", "LAST_NAME", "JERSEY_NUM"], "rowSet": [[1199, "Tom", "Washington", "49"], [1176, "Monty", "McCutchen", "13"], [201639, "Josh", "Tiven", "58"]], "name": "Officials"}, {"headers": ["GAME_DATE", "ATTENDANCE", "GAME_TIME"], "rowSet": [["SATURDAY, NOVEMBER 6, 2010", 16731, "2:13"]], "name": "GameInfo"}, {"headers": ["PLAYER_ID", "FIRST_NAME", "LAST_NAME", "JERSEY_NUM", "TEAM_ID", "TEAM_CITY", "TEAM_NAME", "TEAM_ABBREVIATION"], "rowSet": [[2072, "Michael", "Redd", "22", 1610612749, "Milwaukee", "Bucks", "MIL"], [201604, "Chris", "Douglas-Roberts", "17", 1610612749, "Milwaukee", "Bucks", "MIL"], [202359, "Darington", "Hobson", " 9", 1610612749, "Milwaukee", "Bucks", "MIL"], [978, "Peja", "Stojakovic", "16", 1610612740, "New Orleans", "Hornets", "NOH"], [201189, "Aaron", "Gray", "34", 1610612740, "New Orleans", "Hornets", "NOH"], [201570, "Joe", "Alexander", "11", 1610612740, "New Orleans", "Hornets", "NOH"]], "name": "InactivePlayers"}, {"headers": ["VIDEO_AVAILABLE_FLAG"], "rowSet": [[0]], "name": "AvailableVideo"}], "parameters": {"GameID": "0021000083", "RangeType": 0, "StartPeriod": 0, "StartRange": 0, "EndPeriod": 0, "EndRange": 0}}