{"resource": "boxscore", "resultSets": [{"headers": ["GAME_DATE_EST", "GAME_SEQUENCE", "GAME_ID", "GAME_STATUS_ID", "GAME_STATUS_TEXT", "GAMECODE", "HOME_TEAM_ID", "VISITOR_TEAM_ID", "SEASON", "LIVE_PERIOD", "LIVE_PC_TIME", "NATL_TV_BROADCASTER_ABBREVIATION", "LIVE_PERIOD_TIME_BCAST", "WH_STATUS"], "rowSet": [["2010-11-01T00:00:00", 3, "0021000046", 3, "Final", "20101101/SASLAC", 1610612746, 1610612759, "2010", 4, "", null, "Q4  - ", 1]], "name": "GameSummary"}, {"headers": ["GAME_DATE_EST", "GAME_SEQUENCE", "GAME_ID", "TEAM_ID", "TEAM_ABBREVIATION", "TEAM_CITY_NAME", "TEAM_WINS_LOSSES", "PTS_QTR1", "PTS_QTR2", "PTS_QTR3", "PTS_QTR4", "PTS_OT1", "PTS_OT2", "PTS_OT3", "PTS_OT4", "PTS_OT5", "PTS_OT6", "PTS_OT7", "PTS_OT8", "PTS_OT9", "PTS_OT10", "PTS"], "rowSet": [["2010-11-01T00:00:00", 3, "0021000046", 1610612746, "LAC", "Los Angeles", "0-4", 26, 18, 21, 23, 0, 0, 0, 0, 0, 0, 0, 0, 0, 0, 88], ["2010-11-01T00:00:00", 3, "0021000046", 1610612759, "SAS", "San Antonio", "2-1", 26, 24, 25, 22, 0, 0, 0, 0, 0, 0, 0, 0, 0, 0, 97]], "name": "LineScore"}, {"headers": ["GAME_ID", "HOME_TEAM_ID", "VISITOR_TEAM_ID", "GAME_DATE_EST", "HOME_TEAM_WINS", "HOME_TEAM_LOSSES", "SERIES_LEADER"], "rowSet": [["0021000046", 1610612746, 1610612759, "2010-11-01T00:00:00", 1, 2, "San Antonio"]], "name": "SeasonSeries"}, {"headers": ["GAME_ID", "LAST_GAME_ID", "LAST_GAME_DATE_EST", "LAST_GAME_HOME_TEAM_ID", "LAST_GAME_HOME_TEAM_CITY", "LAST_GAME_HOME_TEAM_NAME", "LAST_GAME_HOME_TEAM_ABBREVIATION", "LAST_GAME_HOME_TEAM_POINTS", "LAST_GAME_VISITOR_TEAM_ID", "LAST_GAME_VISITOR_TEAM_CITY", "LAST_GAME_VISITOR_TEAM_NAME", "LAST_GAME_VISITOR_TEAM_CITY1", "LAST_GAME_VISITOR_TEAM_POINTS"], "rowSet": [["0021000046", "0011000052", "2010-10-12T00:00:00", 1610612746, "Los Angeles", "Clippers", "LAC", 99, 1610612759, "San Antonio", "Spurs", "SAS", 100]], "name": "LastMeeting"}, {"headers": ["GAME_ID", "TEAM_ID", "TEAM_ABBREVIATION", "TEAM_CITY", "PLAYER_ID", "PLAYER_NAME", "START_POSITION", "COMMENT", "MIN", "FGM", "FGA", "FG_PCT", "FG3M", "FG3A", "FG3_PCT", "FTM", "FTA", "FT_PCT", "OREB", "DREB", "REB", "AST", "STL", "BLK", "TO", "PF", "PTS", "PLUS_MINUS"], "rowSet": [["0021000046", 1610612759, "SAS", "San Antonio", 2210, "Richard Jefferson", "F", "", "31:10", 7, 11, 0.636, 2, 4, 0.5, 2, 4, 0.5, 0, 3, 3, 2, 1, 0, 0, 2, 18, -2.0], ["0021000046", 1610612759, "SAS", "San Antonio", 1495, "Tim Duncan", "F", "", "30:12", 7, 12, 0.583, 0, 0, 0.0, 0, 0, 0.0, 0, 7, 7, 2, 1, 0, 4, 1, 14, 1.0], ["0021000046", 1610612759, "SAS", "San Antonio", 201971, "DeJuan Blair", "C", "", "19:45", 0, 1, 0.0, 0, 0, 0.0, 0, 0, 0.0, 1, 4, 5, 1, 0, 1, 3, 4, 0, 1.0], ["0021000046", 1610612759, "SAS", "San Antonio", 1938, "Manu Ginobili", "G", "", "27:56", 4, 10, 0.4, 1, 3, 0.333, 5, 6, 0.833, 0, 2, 2, 7, 4, 0, 3, 3, 14, 4.0], ["0021000046", 1610612759, "SAS", "San Antonio", 2225, "Tony Parker", "G", "", "36:19", 8, 16, 0.5, 0, 0, 0.0, 3, 3, 1.0, 0, 1, 1, 9, 3, 0, 4, 3, 19, 5.0], ["0021000046", 1610612759, "SAS", "San Antonio", 201168, "Tiago Splitter", "", "", "10:24", 1, 2, 0.5, 0, 0, 0.0, 0, 0, 0.0, 1, 1, 2, 0, 1, 0, 1, 1, 2, 4.0], ["0021000046", 1610612759, "SAS", "San Antonio", 201588, "George Hill", "", "", "6:19", 0, 1, 0.0, 0, 1, 0.0, 0, 0, 0.0, 0, 0, 0, 0, 1, 0, 0, 0, 0, 5.0], ["0021000046", 1610612759, "SAS", "San Antonio", 686, "Antonio McDyess", "", "", "22:47", 2, 7, 0.286, 0, 0, 0.0, 2, 2, 1.0, 2, 8, 10, 0, 0, 0, 1, 1, 6, 15.0], ["0021000046", 1610612759, "SAS", "San Antonio", 202341, "James Anderson", "", "", "20:03", 3, 5, 0.6, 2, 3, 0.667, 0, 0, 0.0, 0, 2, 2, 3, 0, 1, 0, 1, 8, 0.0], ["0021000046", 1610612759, "SAS", "San Antonio", 202390, "Gary Neal", "", "", "20:21", 6, 10, 0.6, 4, 8, 0.5, 0, 0, 0.0, 2, 4, 6, 2, 0, 0, 2, 3, 16, 14.0], ["0021000046", 1610612759, "SAS", "San Antonio", 2250, "Bobby Simmons", "", "", "9:25", 0, 1, 0.0, 0, 1, 0.0, 0, 0, 0.0, 0, 0, 0, 1, 0, 0, 0, 1, 0, 0.0], ["0021000046", 1610612759, "SAS", "San Antonio", 202066, "Garrett Temple", "", "", "5:19", 0, 3, 0.0, 0, 1, 0.0, 0, 0, 0.0, 1, 0, 1, 1, 0, 1, 0, 1, 0, -2.0], ["0021000046", 1610612746, "LAC", "Los Angeles", 101155, "Ryan Gomes", "F", "", "37:16", 5, 11, 0.455, 2, 4, 0.5, 2, 2, 1.0, 1, 2, 3, 2, 1, 0, 2, 0, 14, -1.0], ["0021000046", 1610612746, "LAC", "Los Angeles", 201933, "Blake Griffin", "F", "", "39:01", 7, 13, 0.538, 0, 0, 0.0, 3, 7, 0.429, 2, 6, 8, 1, 0, 1, 1, 1, 17, -2.0], ["0021000046", 1610612746, "LAC", "Los Angeles", 2549, "Chris Kaman", "C", "", "34:40", 9, 17, 0.529, 0, 0, 0.0, 0, 0, 0.0, 1, 7, 8, 5, 1, 1, 3, 2, 18, -8.0], ["0021000046", 1610612746, "LAC", "Los Angeles", 201569, "Eric Gordon", "G", "", "32:42", 10, 17, 0.588, 0, 3, 0.0, 3, 5, 0.6, 1, 3, 4, 11, 2, 0, 2, 3, 23, 6.0], ["0021000046", 1610612746, "LAC", "Los Angeles", 202339, "Eric Bledsoe", "G", "", "39:34", 4, 11, 0.364, 1, 1, 1.0, 0, 0, 0.0, 1, 4, 5, 3, 4, 2, 3, 5, 9, -10.0], ["0021000046", 1610612746, "LAC", "Los Angeles", 2446, "Rasual Butler", "", "", "22:26", 2, 6, 0.333, 1, 3, 0.333, 0, 0, 0.0, 0, 4, 4, 0, 0, 0, 2, 1, 5, -14.0], ["0021000046", 1610612746, "LAC", "Los Angeles", 202329, "Al-Farouq Aminu", "", "", "11:04", 1, 6, 0.167, 0, 1, 0.0, 0, 2, 0.0, 3, 2, 5, 1, 0, 0, 1, 0, 2, -11.0], ["0021000046", 1610612746, "LAC", "Los Angeles", 201599, "DeAndre Jordan", "", "", "14:40", 0, 0, 0.0, 0, 0, 0.0, 0, 0, 0.0, 1, 1, 2, 2, 0, 2, 2, 5, 0, -3.0], ["0021000046", 1610612746, "LAC", "Los Angeles", 200783, "Craig Smith", "", "", "1:20", 0, 0, 0.0, 0, 0, 0.0, 0, 0, 0.0, 0, 0, 0, 0, 0, 0, 1, 1, 0, -3.0], ["0021000046", 1610612746, "LAC", "Los Angeles", 2567, "Brian Cook", "", "", "4:12", 0, 1, 0.0, 0, 1, 0.0, 0, 0, 0.0, 0, 1, 1, 0, 0, 0, 0, 0, 0, 0.0], ["0021000046", 1610612746, "LAC", "Los Angeles", 202378, "Willie Warren", "", "", "3:05", 0, 0, 0.0, 0, 0, 0.0, 0, 0, 0.0, 0, 0, 0, 1, 2, 0, 0, 0, 0, 1.0], ["0021000046", 1610612746, "LAC", "Los Angeles", 2260, "Jarron Collins", "", "DNP - Coach's Decision", null, null, null, null, null, null, null, null, null, null, null, null, null, null, null, null, null, null, null, null]], "name": "PlayerStats"}, {"headers": ["GAME_ID", "TEAM_ID", "TEAM_NAME", "TEAM_ABBREVIATION", "TEAM_CITY", "MIN", "FGM", "FGA", "FG_PCT", "FG3M", "FG3A", "FG3_PCT", "FTM", "FTA", "FT_PCT", "OREB", "DREB", "REB", "AST", "STL", "BLK", "TO", "PF", "PTS", "PLUS_MINUS"], "rowSet": [["0021000046", 1610612759, "Spurs", "SAS", "San Antonio", "240:00", 38, 79, 0.481, 9, 21, 0.429, 12, 15, 0.8, 7, 32, 39, 28, 11, 3, 18, 21, 97, 9.0], ["0021000046", 1610612746, "Clippers", "LAC", "Los Angeles", "240:00", 38, 82, 0.463, 4, 13, 0.308, 8, 16, 0.5, 10, 30, 40, 26, 10, 6, 17, 18, 88, -9.0]], "name": "TeamStats"}, {"headers": ["LEAGUE_ID", "SEASON_ID", "TEAM_ID", "TEAM_ABBREVIATION", "TEAM_CITY", "PTS_PAINT", "PTS_2ND_CHANCE", "PTS_FB", "LARGEST_LEAD", "LEAD_CHANGES", "TIMES_TIED"], "rowSet": [["00", "22010", 1610612759, "SAS", "San Antonio", 36, 5, 7, 16, 4, 5], ["00", "22010", 1610612746, "LAC", "Los Angeles", 42, 13, 8, 17, 4, 5]], "name": "OtherStats"}, {"headers": ["OFFICIAL_ID", "FIRST_NAME", "LAST_NAME", "JERSEY_NUM"], "rowSet": [[1195, "Derrick", "Stafford", "9"], [2534, "Zach", "Zarba", "33"], [201640, "Kane", "Fitzgerald", "35"]], "name": "Officials"}, {"headers": ["GAME_DATE", "ATTENDANCE", "GAME_TIME"], "rowSet": [["MONDAY, NOVEMBER 1, 2010", 14964, "2:14"]], "name": "GameInfo"}, {"headers": ["PLAYER_ID", "FIRST_NAME", "LAST_NAME", "JERSEY_NUM", "TEAM_ID", "TEAM_CITY", "TEAM_NAME", "TEAM_ABBREVIATION"], "rowSet": [[1884, "Baron", "Davis", " 5", 1610612746, "Los Angeles", "Clippers", "LAC"], [200751, "Randy", "Foye", " 4", 1610612746, "Los Angeles", "Clippers", "LAC"], [2588, "Matt", "Bonner", "15", 1610612759, "San Antonio", "Spurs", "SAS"], [202087, "Alonzo", "Gee", "23", 1610612759, "San Antonio", "Spurs", "SAS"]], "name": "InactivePlayers"}, {"headers": ["VIDEO_AVAILABLE_FLAG"], "rowSet": [[0]], "name": "AvailableVideo"}], "parameters": {"GameID": "0021000046", "RangeType": 0, "StartPeriod": 0, "StartRange": 0, "EndPeriod": 0, "EndRange": 0}}