{"resource": "boxscore", "resultSets": [{"headers": ["GAME_DATE_EST", "GAME_SEQUENCE", "GAME_ID", "GAME_STATUS_ID", "GAME_STATUS_TEXT", "GAMECODE", "HOME_TEAM_ID", "VISITOR_TEAM_ID", "SEASON", "LIVE_PERIOD", "LIVE_PC_TIME", "NATL_TV_BROADCASTER_ABBREVIATION", "LIVE_PERIOD_TIME_BCAST", "WH_STATUS"], "rowSet": [["2010-10-27T00:00:00", 13, "0021000016", 3, "Final", "20101027/PORLAC", 1610612746, 1610612757, "2010", 4, "", "ESPN", "Q4  - ESPN", 1]], "name": "GameSummary"}, {"headers": ["GAME_DATE_EST", "GAME_SEQUENCE", "GAME_ID", "TEAM_ID", "TEAM_ABBREVIATION", "TEAM_CITY_NAME", "TEAM_WINS_LOSSES", "PTS_QTR1", "PTS_QTR2", "PTS_QTR3", "PTS_QTR4", "PTS_OT1", "PTS_OT2", "PTS_OT3", "PTS_OT4", "PTS_OT5", "PTS_OT6", "PTS_OT7", "PTS_OT8", "PTS_OT9", "PTS_OT10", "PTS"], "rowSet": [["2010-10-27T00:00:00", 13, "0021000016", 1610612746, "LAC", "Los Angeles", "0-1", 23, 26, 22, 17, 0, 0, 0, 0, 0, 0, 0, 0, 0, 0, 88], ["2010-10-27T00:00:00", 13, "0021000016", 1610612757, "POR", "Portland", "2-0", 31, 23, 16, 28, 0, 0, 0, 0, 0, 0, 0, 0, 0, 0, 98]], "name": "LineScore"}, {"headers": ["GAME_ID", "HOME_TEAM_ID", "VISITOR_TEAM_ID", "GAME_DATE_EST", "HOME_TEAM_WINS", "HOME_TEAM_LOSSES", "SERIES_LEADER"], "rowSet": [["0021000016", 1610612746, 1610612757, "2010-10-27T00:00:00", 0, 3, "Portland"]], "name": "SeasonSeries"}, {"headers": ["GAME_ID", "LAST_GAME_ID", "LAST_GAME_DATE_EST", "LAST_GAME_HOME_TEAM_ID", "LAST_GAME_HOME_TEAM_CITY", "LAST_GAME_HOME_TEAM_NAME", "LAST_GAME_HOME_TEAM_ABBREVIATION", "LAST_GAME_HOME_TEAM_POINTS", "LAST_GAME_VISITOR_TEAM_ID", "LAST_GAME_VISITOR_TEAM_CITY", "LAST_GAME_VISITOR_TEAM_NAME", "LAST_GAME_VISITOR_TEAM_CITY1", "LAST_GAME_VISITOR_TEAM_POINTS"], "rowSet": [["0021000016", "0011000008", "2010-10-05T00:00:00", 1610612746, "Los Angeles", "Clippers", "LAC", 86, 1610612757, "Portland", "Trail Blazers", "POR", 115]], "name": "LastMeeting"}, {"headers": ["GAME_ID", "TEAM_ID", "TEAM_ABBREVIATION", "TEAM_CITY", "PLAYER_ID", "PLAYER_NAME", "START_POSITION", "COMMENT", "MIN", "FGM", "FGA", "FG_PCT", "FG3M", "FG3A", "FG3_PCT", "FTM", "FTA", "FT_PCT", "OREB", "DREB", "REB", "AST", "STL", "BLK", "TO", "PF", "PTS", "PLUS_MINUS"], "rowSet": [["0021000016", 1610612757, "POR", "Portland", 201587, "Nicolas Batum", "F", "", "32:15", 6, 7, 0.857, 3, 4, 0.75, 0, 0, 0.0, 2, 4, 6, 3, 2, 2, 0, 3, 15, 13.0], ["0021000016", 1610612757, "POR", "Portland", 200746, "LaMarcus Aldridge", "F", "", "32:22", 7, 18, 0.389, 1, 1, 1.0, 4, 4, 1.0, 6, 4, 10, 1, 2, 0, 1, 5, 19, 13.0], ["0021000016", 1610612757, "POR", "Portland", 948, "Marcus Camby", "C", "", "37:11", 5, 13, 0.385, 0, 0, 0.0, 1, 2, 0.5, 7, 7, 14, 2, 0, 3, 0, 3, 11, 15.0], ["0021000016", 1610612757, "POR", "Portland", 200750, "Brandon Roy", "G", "", "39:52", 7, 19, 0.368, 2, 6, 0.333, 6, 8, 0.75, 0, 10, 10, 2, 1, 1, 4, 1, 22, 12.0], ["0021000016", 1610612757, "POR", "Portland", 1889, "Andre Miller", "G", "", "36:32", 5, 14, 0.357, 0, 2, 0.0, 4, 5, 0.8, 4, 0, 4, 7, 3, 0, 2, 1, 14, 19.0], ["0021000016", 1610612757, "POR", "Portland", 201967, "Dante Cunningham", "", "", "14:47", 1, 2, 0.5, 0, 0, 0.0, 0, 0, 0.0, 0, 2, 2, 0, 0, 0, 0, 3, 2, -5.0], ["0021000016", 1610612757, "POR", "Portland", 202083, "Wesley Matthews", "", "", "17:18", 2, 7, 0.286, 0, 3, 0.0, 0, 0, 0.0, 0, 0, 0, 1, 1, 0, 2, 0, 4, -4.0], ["0021000016", 1610612757, "POR", "Portland", 201164, "Rudy Fernandez", "", "", "16:32", 2, 7, 0.286, 2, 4, 0.5, 2, 2, 1.0, 1, 1, 2, 0, 0, 0, 1, 1, 8, -2.0], ["0021000016", 1610612757, "POR", "Portland", 101177, "Fabricio Oberto", "", "", "10:32", 1, 1, 1.0, 0, 0, 0.0, 1, 2, 0.5, 1, 2, 3, 0, 0, 0, 1, 3, 3, -10.0], ["0021000016", 1610612757, "POR", "Portland", 202356, "Armon Johnson", "", "", "2:40", 0, 0, 0.0, 0, 0, 0.0, 0, 0, 0.0, 0, 0, 0, 1, 0, 0, 1, 3, 0, -1.0], ["0021000016", 1610612757, "POR", "Portland", 202337, "Luke Babbitt", "", "DNP - Coach's Decision", null, null, null, null, null, null, null, null, null, null, null, null, null, null, null, null, null, null, null, null], ["0021000016", 1610612757, "POR", "Portland", 201988, "Patty Mills", "", "DNP - Coach's Decision", null, null, null, null, null, null, null, null, null, null, null, null, null, null, null, null, null, null, null, null], ["0021000016", 1610612746, "LAC", "Los Angeles", 101155, "Ryan Gomes", "F", "", "28:06", 1, 6, 0.167, 0, 3, 0.0, 0, 0, 0.0, 0, 3, 3, 3, 0, 1, 0, 2, 2, -17.0], ["0021000016", 1610612746, "LAC", "Los Angeles", 201933, "Blake Griffin", "F", "", "38:36", 8, 14, 0.571, 0, 0, 0.0, 4, 6, 0.667, 9, 5, 14, 4, 1, 0, 2, 4, 20, -9.0], ["0021000016", 1610612746, "LAC", "Los Angeles", 2549, "Chris Kaman", "C", "", "35:42", 4, 18, 0.222, 0, 0, 0.0, 0, 1, 0.0, 3, 8, 11, 1, 2, 1, 2, 1, 8, -15.0], ["0021000016", 1610612746, "LAC", "Los Angeles", 201569, "Eric Gordon", "G", "", "35:57", 10, 17, 0.588, 0, 3, 0.0, 2, 4, 0.5, 0, 1, 1, 2, 2, 2, 5, 4, 22, -1.0], ["0021000016", 1610612746, "LAC", "Los Angeles", 1884, "Baron Davis", "G", "", "32:33", 3, 11, 0.273, 0, 3, 0.0, 2, 4, 0.5, 2, 3, 5, 2, 3, 0, 4, 3, 8, -9.0], ["0021000016", 1610612746, "LAC", "Los Angeles", 200751, "Randy Foye", "", "", "22:27", 1, 4, 0.25, 1, 2, 0.5, 2, 2, 1.0, 0, 1, 1, 5, 0, 0, 1, 2, 5, -2.0], ["0021000016", 1610612746, "LAC", "Los Angeles", 2446, "Rasual Butler", "", "", "29:32", 4, 7, 0.571, 4, 6, 0.667, 4, 5, 0.8, 0, 3, 3, 1, 0, 1, 0, 1, 16, 5.0], ["0021000016", 1610612746, "LAC", "Los Angeles", 201599, "DeAndre Jordan", "", "", "9:24", 1, 1, 1.0, 0, 0, 0.0, 2, 4, 0.5, 0, 3, 3, 1, 0, 3, 0, 0, 4, -4.0], ["0021000016", 1610612746, "LAC", "Los Angeles", 2260, "Jarron Collins", "", "", "6:25", 0, 0, 0.0, 0, 0, 0.0, 3, 4, 0.75, 0, 0, 0, 0, 0, 0, 1, 3, 3, 4.0], ["0021000016", 1610612746, "LAC", "Los Angeles", 202339, "Eric Bledsoe", "", "", "0:39", 0, 1, 0.0, 0, 1, 0.0, 0, 0, 0.0, 0, 0, 0, 0, 0, 0, 0, 0, 0, -1.0], ["0021000016", 1610612746, "LAC", "Los Angeles", 202329, "Al-Farouq Aminu", "", "", "0:39", 0, 0, 0.0, 0, 0, 0.0, 0, 0, 0.0, 0, 0, 0, 0, 0, 0, 0, 0, 0, -1.0], ["0021000016", 1610612746, "LAC", "Los Angeles", 2567, "Brian Cook", "", "DNP - Coach's Decision", null, null, null, null, null, null, null, null, null, null, null, null, null, null, null, null, null, null, null, null]], "name": "PlayerStats"}, {"headers": ["GAME_ID", "TEAM_ID", "TEAM_NAME", "TEAM_ABBREVIATION", "TEAM_CITY", "MIN", "FGM", "FGA", "FG_PCT", "FG3M", "FG3A", "FG3_PCT", "FTM", "FTA", "FT_PCT", "OREB", "DREB", "REB", "AST", "STL", "BLK", "TO", "PF", "PTS", "PLUS_MINUS"], "rowSet": [["0021000016", 1610612757, "Trail Blazers", "POR", "Portland", "240:00", 36, 88, 0.409, 8, 20, 0.4, 18, 23, 0.783, 21, 30, 51, 17, 9, 6, 12, 23, 98, 10.0], ["0021000016", 1610612746, "Clippers", "LAC", "Los Angeles", "240:00", 32, 79, 0.405, 5, 18, 0.278, 19, 30, 0.633, 14, 27, 41, 19, 8, 8, 15, 20, 88, -10.0]], "name": "TeamStats"}, {"headers": ["LEAGUE_ID", "SEASON_ID", "TEAM_ID", "TEAM_ABBREVIATION", "TEAM_CITY", "PTS_PAINT", "PTS_2ND_CHANCE", "PTS_FB", "LARGEST_LEAD", "LEAD_CHANGES", "TIMES_TIED"], "rowSet": [["00", "22010", 1610612757, "POR", "Portland", 42, 15, 6, 11, 7, 6], ["00", "22010", 1610612746, "LAC", "Los Angeles", 50, 21, 16, 12, 7, 6]], "name": "OtherStats"}, {"headers": ["OFFICIAL_ID", "FIRST_NAME", "LAST_NAME", "JERSEY_NUM"], "rowSet": [[1199, "Tom", "Washington", "49"], [1176, "Monty", "McCutchen", "13"], [2878, "Tommy", "Nunez Jr.", "28"]], "name": "Officials"}, {"headers": ["GAME_DATE", "ATTENDANCE", "GAME_TIME"], "rowSet": [["WEDNESDAY, OCTOBER 27, 2010", 18382, "2:39"]], "name": "GameInfo"}, {"headers": ["PLAYER_ID", "FIRST_NAME", "LAST_NAME", "JERSEY_NUM", "TEAM_ID", "TEAM_CITY", "TEAM_NAME", "TEAM_ABBREVIATION"], "rowSet": [[200783, "Craig", "Smith", "1", 1610612746, "Los Angeles", "Clippers", "LAC"], [202378, "Willie", "Warren", "13", 1610612746, "Los Angeles", "Clippers", "LAC"], [2038, "Joel", "Przybilla", "10", 1610612757, "Portland", "Trail Blazers", "POR"], [201141, "Greg", "Oden", "52", 1610612757, "Portland", "Trail Blazers", "POR"], [202343, "Elliot", "Williams", "9", 1610612757, "Portland", "Trail Blazers", "POR"]], "name": "InactivePlayers"}, {"headers": ["VIDEO_AVAILABLE_FLAG"], "rowSet": [[0]], "name": "AvailableVideo"}], "parameters": {"GameID": "0021000016", "RangeType": 0, "StartPeriod": 0, "StartRange": 0, "EndPeriod": 0, "EndRange": 0}}