{"resource": "boxscore", "resultSets": [{"headers": ["GAME_DATE_EST", "GAME_SEQUENCE", "GAME_ID", "GAME_STATUS_ID", "GAME_STATUS_TEXT", "GAMECODE", "HOME_TEAM_ID", "VISITOR_TEAM_ID", "SEASON", "LIVE_PERIOD", "LIVE_PC_TIME", "NATL_TV_BROADCASTER_ABBREVIATION", "LIVE_PERIOD_TIME_BCAST", "WH_STATUS"], "rowSet": [["2010-10-30T00:00:00", 9, "0021000039", 3, "Final", "20101030/NOHSAS", 1610612759, 1610612740, "2010", 4, "", null, "Q4  - ", 1]], "name": "GameSummary"}, {"headers": ["GAME_DATE_EST", "GAME_SEQUENCE", "GAME_ID", "TEAM_ID", "TEAM_ABBREVIATION", "TEAM_CITY_NAME", "TEAM_WINS_LOSSES", "PTS_QTR1", "PTS_QTR2", "PTS_QTR3", "PTS_QTR4", "PTS_OT1", "PTS_OT2", "PTS_OT3", "PTS_OT4", "PTS_OT5", "PTS_OT6", "PTS_OT7", "PTS_OT8", "PTS_OT9", "PTS_OT10", "PTS"], "rowSet": [["2010-10-30T00:00:00", 9, "0021000039", 1610612759, "SAS", "San Antonio", "1-1", 24, 18, 18, 30, 0, 0, 0, 0, 0, 0, 0, 0, 0, 0, 90], ["2010-10-30T00:00:00", 9, "0021000039", 1610612740, "NOH", "New Orleans", "3-0", 17, 26, 33, 23, 0, 0, 0, 0, 0, 0, 0, 0, 0, 0, 99]], "name": "LineScore"}, {"headers": ["GAME_ID", "HOME_TEAM_ID", "VISITOR_TEAM_ID", "GAME_DATE_EST", "HOME_TEAM_WINS", "HOME_TEAM_LOSSES", "SERIES_LEADER"], "rowSet": [["0021000039", 1610612759, 1610612740, "2010-10-30T00:00:00", 2, 2, "Tied"]], "name": "SeasonSeries"}, {"headers": ["GAME_ID", "LAST_GAME_ID", "LAST_GAME_DATE_EST", "LAST_GAME_HOME_TEAM_ID", "LAST_GAME_HOME_TEAM_CITY", "LAST_GAME_HOME_TEAM_NAME", "LAST_GAME_HOME_TEAM_ABBREVIATION", "LAST_GAME_HOME_TEAM_POINTS", "LAST_GAME_VISITOR_TEAM_ID", "LAST_GAME_VISITOR_TEAM_CITY", "LAST_GAME_VISITOR_TEAM_NAME", "LAST_GAME_VISITOR_TEAM_CITY1", "LAST_GAME_VISITOR_TEAM_POINTS"], "rowSet": [["0021000039", "0020900923", "2010-03-05T00:00:00", 1610612759, "San Antonio", "Spurs", "SAS", 102, 1610612740, "New Orleans", "Hornets", "NOH", 91]], "name": "LastMeeting"}, {"headers": ["GAME_ID", "TEAM_ID", "TEAM_ABBREVIATION", "TEAM_CITY", "PLAYER_ID", "PLAYER_NAME", "START_POSITION", "COMMENT", "MIN", "FGM", "FGA", "FG_PCT", "FG3M", "FG3A", "FG3_PCT", "FTM", "FTA", "FT_PCT", "OREB", "DREB", "REB", "AST", "STL", "BLK", "TO", "PF", "PTS", "PLUS_MINUS"], "rowSet": [["0021000039", 1610612740, "NOH", "New Orleans", 2772, "Trevor Ariza", "F", "", "31:03", 2, 5, 0.4, 2, 3, 0.667, 3, 4, 0.75, 0, 4, 4, 0, 0, 0, 3, 1, 9, 10.0], ["0021000039", 1610612740, "NOH", "New Orleans", 2561, "David West", "F", "", "25:40", 9, 17, 0.529, 0, 0, 0.0, 0, 0, 0.0, 0, 3, 3, 3, 0, 0, 1, 3, 18, 11.0], ["0021000039", 1610612740, "NOH", "New Orleans", 2731, "Emeka Okafor", "C", "", "18:34", 3, 5, 0.6, 0, 0, 0.0, 3, 4, 0.75, 0, 4, 4, 1, 0, 1, 0, 3, 9, -2.0], ["0021000039", 1610612740, "NOH", "New Orleans", 201158, "Marco Belinelli", "G", "", "22:46", 1, 4, 0.25, 1, 2, 0.5, 0, 0, 0.0, 0, 2, 2, 2, 1, 1, 1, 0, 3, 10.0], ["0021000039", 1610612740, "NOH", "New Orleans", 101108, "Chris Paul", "G", "", "31:08", 8, 15, 0.533, 2, 2, 1.0, 7, 7, 1.0, 0, 7, 7, 5, 2, 0, 3, 1, 25, 4.0], ["0021000039", 1610612740, "NOH", "New Orleans", 2788, "DJ Mbenga", "", "", "15:23", 0, 1, 0.0, 0, 0, 0.0, 0, 0, 0.0, 1, 1, 2, 0, 1, 3, 2, 2, 0, 3.0], ["0021000039", 1610612740, "NOH", "New Orleans", 201977, "Marcus Thornton", "", "", "30:28", 8, 14, 0.571, 1, 3, 0.333, 0, 0, 0.0, 0, 7, 7, 3, 2, 0, 1, 1, 17, 4.0], ["0021000039", 1610612740, "NOH", "New Orleans", 201160, "Jason Smith", "", "", "20:45", 3, 5, 0.6, 0, 0, 0.0, 0, 0, 0.0, 1, 2, 3, 2, 0, 0, 1, 3, 6, 6.0], ["0021000039", 1610612740, "NOH", "New Orleans", 201573, "Jerryd Bayless", "", "", "11:18", 0, 2, 0.0, 0, 0, 0.0, 0, 1, 0.0, 0, 1, 1, 2, 0, 0, 1, 2, 0, -7.0], ["0021000039", 1610612740, "NOH", "New Orleans", 2584, "Willie Green", "", "", "23:21", 5, 10, 0.5, 1, 1, 1.0, 1, 1, 1.0, 0, 4, 4, 2, 1, 0, 1, 1, 12, 1.0], ["0021000039", 1610612740, "NOH", "New Orleans", 200822, "Pops Mensah-Bonsu", "", "", "9:34", 0, 0, 0.0, 0, 0, 0.0, 0, 0, 0.0, 1, 2, 3, 0, 0, 0, 0, 1, 0, 5.0], ["0021000039", 1610612740, "NOH", "New Orleans", 978, "Peja Stojakovic", "", "DNP - Coach's Decision", null, null, null, null, null, null, null, null, null, null, null, null, null, null, null, null, null, null, null, null], ["0021000039", 1610612759, "SAS", "San Antonio", 2210, "Richard Jefferson", "F", "", "33:25", 7, 11, 0.636, 1, 4, 0.25, 3, 5, 0.6, 1, 3, 4, 3, 0, 1, 1, 2, 18, -3.0], ["0021000039", 1610612759, "SAS", "San Antonio", 1495, "Tim Duncan", "F", "", "27:29", 2, 10, 0.2, 0, 0, 0.0, 3, 4, 0.75, 2, 5, 7, 1, 1, 0, 2, 4, 7, -3.0], ["0021000039", 1610612759, "SAS", "San Antonio", 201971, "DeJuan Blair", "C", "", "38:15", 2, 10, 0.2, 0, 1, 0.0, 0, 0, 0.0, 4, 7, 11, 0, 2, 1, 3, 4, 4, -6.0], ["0021000039", 1610612759, "SAS", "San Antonio", 1938, "Manu Ginobili", "G", "", "36:51", 8, 19, 0.421, 2, 11, 0.182, 5, 5, 1.0, 0, 2, 2, 6, 2, 0, 2, 1, 23, -4.0], ["0021000039", 1610612759, "SAS", "San Antonio", 2225, "Tony Parker", "G", "", "26:52", 5, 10, 0.5, 0, 0, 0.0, 3, 3, 1.0, 1, 3, 4, 4, 0, 0, 3, 2, 13, -11.0], ["0021000039", 1610612759, "SAS", "San Antonio", 201588, "George Hill", "", "", "26:32", 2, 7, 0.286, 0, 4, 0.0, 2, 2, 1.0, 0, 2, 2, 7, 2, 1, 0, 2, 6, 3.0], ["0021000039", 1610612759, "SAS", "San Antonio", 202341, "James Anderson", "", "", "10:37", 1, 4, 0.25, 1, 2, 0.5, 2, 2, 1.0, 0, 1, 1, 1, 0, 1, 0, 0, 5, -4.0], ["0021000039", 1610612759, "SAS", "San Antonio", 686, "Antonio McDyess", "", "", "21:12", 3, 8, 0.375, 0, 0, 0.0, 0, 0, 0.0, 3, 5, 8, 0, 0, 2, 1, 2, 6, -18.0], ["0021000039", 1610612759, "SAS", "San Antonio", 202390, "Gary Neal", "", "", "18:47", 3, 6, 0.5, 2, 4, 0.5, 0, 0, 0.0, 0, 2, 2, 2, 0, 0, 1, 2, 8, 1.0], ["0021000039", 1610612759, "SAS", "San Antonio", 202087, "Alonzo Gee", "", "DNP - Coach's Decision", null, null, null, null, null, null, null, null, null, null, null, null, null, null, null, null, null, null, null, null], ["0021000039", 1610612759, "SAS", "San Antonio", 2250, "Bobby Simmons", "", "DNP - Coach's Decision", null, null, null, null, null, null, null, null, null, null, null, null, null, null, null, null, null, null, null, null], ["0021000039", 1610612759, "SAS", "San Antonio", 202066, "Garrett Temple", "", "DNP - Coach's Decision", null, null, null, null, null, null, null, null, null, null, null, null, null, null, null, null, null, null, null, null]], "name": "PlayerStats"}, {"headers": ["GAME_ID", "TEAM_ID", "TEAM_NAME", "TEAM_ABBREVIATION", "TEAM_CITY", "MIN", "FGM", "FGA", "FG_PCT", "FG3M", "FG3A", "FG3_PCT", "FTM", "FTA", "FT_PCT", "OREB", "DREB", "REB", "AST", "STL", "BLK", "TO", "PF", "PTS", "PLUS_MINUS"], "rowSet": [["0021000039", 1610612759, "Spurs", "SAS", "San Antonio", "240:00", 33, 85, 0.388, 6, 26, 0.231, 18, 21, 0.857, 11, 30, 41, 24, 7, 6, 13, 19, 90, -9.0], ["0021000039", 1610612740, "Hornets", "NOH", "New Orleans", "240:00", 39, 78, 0.5, 7, 11, 0.636, 14, 17, 0.824, 3, 37, 40, 20, 7, 5, 14, 18, 99, 9.0]], "name": "TeamStats"}, {"headers": ["LEAGUE_ID", "SEASON_ID", "TEAM_ID", "TEAM_ABBREVIATION", "TEAM_CITY", "PTS_PAINT", "PTS_2ND_CHANCE", "PTS_FB", "LARGEST_LEAD", "LEAD_CHANGES", "TIMES_TIED"], "rowSet": [["00", "22010", 1610612740, "NOH", "New Orleans", 32, 2, 23, 16, 7, 6], ["00", "22010", 1610612759, "SAS", "San Antonio", 40, 8, 23, 18, 7, 6]], "name": "OtherStats"}, {"headers": ["OFFICIAL_ID", "FIRST_NAME", "LAST_NAME", "JERSEY_NUM"], "rowSet": [[1185, "Violet", "Palmer", "12"], [1146, "Tony", "Brothers", "25"], [1152, "Dan", "Crawford", "43"]], "name": "Officials"}, {"headers": ["GAME_DATE", "ATTENDANCE", "GAME_TIME"], "rowSet": [["SATURDAY, OCTOBER 30, 2010", 18581, "2:11"]], "name": "GameInfo"}, {"headers": ["PLAYER_ID", "FIRST_NAME", "LAST_NAME", "JERSEY_NUM", "TEAM_ID", "TEAM_CITY", "TEAM_NAME", "TEAM_ABBREVIATION"], "rowSet": [[201189, "Aaron", "Gray", "34", 1610612740, "New Orleans", "Hornets", "NOH"], [201570, "Joe", "Alexander", "11", 1610612740, "New Orleans", "Hornets", "NOH"], [202347, "Quincy", "Pondexter", "20", 1610612740, "New Orleans", "Hornets", "NOH"], [2588, "Matt", "Bonner", "15", 1610612759, "San Antonio", "Spurs", "SAS"], [201168, "Tiago", "Splitter", "22", 1610612759, "San Antonio", "Spurs", "SAS"]], "name": "InactivePlayers"}, {"headers": ["VIDEO_AVAILABLE_FLAG"], "rowSet": [[0]], "name": "AvailableVideo"}], "parameters": {"GameID": "0021000039", "RangeType": 0, "StartPeriod": 0, "StartRange": 0, "EndPeriod": 0, "EndRange": 0}}