{"resource": "boxscore", "resultSets": [{"headers": ["GAME_DATE_EST", "GAME_SEQUENCE", "GAME_ID", "GAME_STATUS_ID", "GAME_STATUS_TEXT", "GAMECODE", "HOME_TEAM_ID", "VISITOR_TEAM_ID", "SEASON", "LIVE_PERIOD", "LIVE_PC_TIME", "NATL_TV_BROADCASTER_ABBREVIATION", "LIVE_PERIOD_TIME_BCAST", "WH_STATUS"], "rowSet": [["2010-11-03T00:00:00", 11, "0021000064", 3, "Final", "20101103/OKCLAC", 1610612746, 1610612760, "2010", 4, "", null, "Q4  - ", 1]], "name": "GameSummary"}, {"headers": ["GAME_DATE_EST", "GAME_SEQUENCE", "GAME_ID", "TEAM_ID", "TEAM_ABBREVIATION", "TEAM_CITY_NAME", "TEAM_WINS_LOSSES", "PTS_QTR1", "PTS_QTR2", "PTS_QTR3", "PTS_QTR4", "PTS_OT1", "PTS_OT2", "PTS_OT3", "PTS_OT4", "PTS_OT5", "PTS_OT6", "PTS_OT7", "PTS_OT8", "PTS_OT9", "PTS_OT10", "PTS"], "rowSet": [["2010-11-03T00:00:00", 11, "0021000064", 1610612746, "LAC", "Los Angeles", "1-4", 27, 26, 27, 27, 0, 0, 0, 0, 0, 0, 0, 0, 0, 0, 107], ["2010-11-03T00:00:00", 11, "0021000064", 1610612760, "OKC", "Oklahoma City", "2-2", 21, 22, 23, 26, 0, 0, 0, 0, 0, 0, 0, 0, 0, 0, 92]], "name": "LineScore"}, {"headers": ["GAME_ID", "HOME_TEAM_ID", "VISITOR_TEAM_ID", "GAME_DATE_EST", "HOME_TEAM_WINS", "HOME_TEAM_LOSSES", "SERIES_LEADER"], "rowSet": [["0021000064", 1610612746, 1610612760, "2010-11-03T00:00:00", 2, 2, "Tied"]], "name": "SeasonSeries"}, {"headers": ["GAME_ID", "LAST_GAME_ID", "LAST_GAME_DATE_EST", "LAST_GAME_HOME_TEAM_ID", "LAST_GAME_HOME_TEAM_CITY", "LAST_GAME_HOME_TEAM_NAME", "LAST_GAME_HOME_TEAM_ABBREVIATION", "LAST_GAME_HOME_TEAM_POINTS", "LAST_GAME_VISITOR_TEAM_ID", "LAST_GAME_VISITOR_TEAM_CITY", "LAST_GAME_VISITOR_TEAM_NAME", "LAST_GAME_VISITOR_TEAM_CITY1", "LAST_GAME_VISITOR_TEAM_POINTS"], "rowSet": [["0021000064", "0020900924", "2010-03-05T00:00:00", 1610612746, "Los Angeles", "Clippers", "LAC", 87, 1610612760, "Oklahoma City", "Thunder", "OKC", 104]], "name": "LastMeeting"}, {"headers": ["GAME_ID", "TEAM_ID", "TEAM_ABBREVIATION", "TEAM_CITY", "PLAYER_ID", "PLAYER_NAME", "START_POSITION", "COMMENT", "MIN", "FGM", "FGA", "FG_PCT", "FG3M", "FG3A", "FG3_PCT", "FTM", "FTA", "FT_PCT", "OREB", "DREB", "REB", "AST", "STL", "BLK", "TO", "PF", "PTS", "PLUS_MINUS"], "rowSet": [["0021000064", 1610612760, "OKC", "Oklahoma City", 201145, "Jeff Green", "F", "", "37:33", 7, 13, 0.538, 0, 2, 0.0, 5, 5, 1.0, 3, 6, 9, 1, 1, 0, 3, 3, 19, -21.0], ["0021000064", 1610612760, "OKC", "Oklahoma City", 201142, "Kevin Durant", "F", "", "39:03", 6, 24, 0.25, 0, 10, 0.0, 4, 4, 1.0, 2, 4, 6, 2, 0, 2, 6, 1, 16, -15.0], ["0021000064", 1610612760, "OKC", "Oklahoma City", 2420, "Nenad Krstic", "C", "", "24:11", 3, 7, 0.429, 0, 0, 0.0, 2, 4, 0.5, 5, 4, 9, 1, 1, 0, 1, 2, 8, -12.0], ["0021000064", 1610612760, "OKC", "Oklahoma City", 200757, "Thabo Sefolosha", "G", "", "21:07", 0, 4, 0.0, 0, 2, 0.0, 0, 0, 0.0, 1, 3, 4, 2, 0, 0, 0, 2, 0, -7.0], ["0021000064", 1610612760, "OKC", "Oklahoma City", 201566, "Russell Westbrook", "G", "", "34:19", 5, 16, 0.313, 1, 2, 0.5, 5, 6, 0.833, 1, 3, 4, 6, 2, 0, 0, 2, 16, -10.0], ["0021000064", 1610612760, "OKC", "Oklahoma City", 201586, "Serge Ibaka", "", "", "22:09", 5, 6, 0.833, 0, 0, 0.0, 4, 4, 1.0, 2, 4, 6, 0, 0, 0, 0, 1, 14, -15.0], ["0021000064", 1610612760, "OKC", "Oklahoma City", 201935, "James Harden", "", "", "19:43", 1, 7, 0.143, 0, 2, 0.0, 0, 0, 0.0, 1, 2, 3, 1, 0, 0, 1, 2, 2, -4.0], ["0021000064", 1610612760, "OKC", "Oklahoma City", 202332, "Cole Aldrich", "", "", "10:02", 0, 0, 0.0, 0, 0, 0.0, 0, 0, 0.0, 0, 3, 3, 0, 0, 0, 0, 3, 0, 3.0], ["0021000064", 1610612760, "OKC", "Oklahoma City", 201953, "Eric Maynor", "", "", "13:41", 1, 3, 0.333, 0, 1, 0.0, 0, 0, 0.0, 0, 1, 1, 3, 0, 0, 1, 1, 2, -5.0], ["0021000064", 1610612760, "OKC", "Oklahoma City", 201161, "Daequan Cook", "", "", "13:34", 5, 9, 0.556, 3, 7, 0.429, 0, 0, 0.0, 1, 0, 1, 1, 0, 0, 0, 2, 13, 4.0], ["0021000064", 1610612760, "OKC", "Oklahoma City", 201591, "DJ White", "", "", "4:38", 1, 1, 1.0, 0, 0, 0.0, 0, 0, 0.0, 0, 1, 1, 0, 0, 0, 0, 1, 2, 7.0], ["0021000064", 1610612760, "OKC", "Oklahoma City", 2767, "Royal Ivey", "", "DNP - Coach's Decision", null, null, null, null, null, null, null, null, null, null, null, null, null, null, null, null, null, null, null, null], ["0021000064", 1610612746, "LAC", "Los Angeles", 101155, "Ryan Gomes", "F", "", "39:02", 3, 8, 0.375, 2, 4, 0.5, 4, 4, 1.0, 0, 7, 7, 3, 1, 0, 1, 3, 12, 9.0], ["0021000064", 1610612746, "LAC", "Los Angeles", 201933, "Blake Griffin", "F", "", "32:26", 7, 12, 0.583, 0, 0, 0.0, 4, 10, 0.4, 4, 5, 9, 0, 0, 0, 2, 2, 18, -2.0], ["0021000064", 1610612746, "LAC", "Los Angeles", 2549, "Chris Kaman", "C", "", "23:32", 2, 9, 0.222, 0, 0, 0.0, 0, 0, 0.0, 1, 5, 6, 2, 0, 2, 1, 2, 4, 13.0], ["0021000064", 1610612746, "LAC", "Los Angeles", 201569, "Eric Gordon", "G", "", "36:14", 10, 17, 0.588, 3, 7, 0.429, 4, 4, 1.0, 0, 5, 5, 4, 0, 0, 2, 2, 27, -1.0], ["0021000064", 1610612746, "LAC", "Los Angeles", 202339, "Eric Bledsoe", "G", "", "38:01", 7, 10, 0.7, 2, 3, 0.667, 1, 2, 0.5, 0, 4, 4, 8, 0, 2, 3, 3, 17, 22.0], ["0021000064", 1610612746, "LAC", "Los Angeles", 2446, "Rasual Butler", "", "", "20:51", 4, 10, 0.4, 0, 1, 0.0, 1, 3, 0.333, 0, 2, 2, 3, 0, 1, 1, 1, 9, 11.0], ["0021000064", 1610612746, "LAC", "Los Angeles", 201599, "DeAndre Jordan", "", "", "24:28", 3, 4, 0.75, 0, 0, 0.0, 1, 4, 0.25, 0, 2, 2, 0, 1, 1, 0, 4, 7, 2.0], ["0021000064", 1610612746, "LAC", "Los Angeles", 200783, "Craig Smith", "", "", "15:34", 4, 6, 0.667, 0, 0, 0.0, 0, 0, 0.0, 1, 1, 2, 1, 2, 0, 1, 1, 8, 17.0], ["0021000064", 1610612746, "LAC", "Los Angeles", 202329, "Al-Farouq Aminu", "", "", "8:53", 2, 4, 0.5, 1, 1, 1.0, 0, 0, 0.0, 1, 3, 4, 0, 1, 0, 1, 0, 5, 6.0], ["0021000064", 1610612746, "LAC", "Los Angeles", 202378, "Willie Warren", "", "", "0:59", 0, 0, 0.0, 0, 0, 0.0, 0, 0, 0.0, 0, 0, 0, 1, 0, 0, 0, 0, 0, -2.0], ["0021000064", 1610612746, "LAC", "Los Angeles", 2260, "Jarron Collins", "", "DNP - Coach's Decision", null, null, null, null, null, null, null, null, null, null, null, null, null, null, null, null, null, null, null, null], ["0021000064", 1610612746, "LAC", "Los Angeles", 2567, "Brian Cook", "", "DNP - Coach's Decision", null, null, null, null, null, null, null, null, null, null, null, null, null, null, null, null, null, null, null, null]], "name": "PlayerStats"}, {"headers": ["GAME_ID", "TEAM_ID", "TEAM_NAME", "TEAM_ABBREVIATION", "TEAM_CITY", "MIN", "FGM", "FGA", "FG_PCT", "FG3M", "FG3A", "FG3_PCT", "FTM", "FTA", "FT_PCT", "OREB", "DREB", "REB", "AST", "STL", "BLK", "TO", "PF", "PTS", "PLUS_MINUS"], "rowSet": [["0021000064", 1610612760, "Thunder", "OKC", "Oklahoma City", "240:00", 34, 90, 0.378, 4, 26, 0.154, 20, 23, 0.87, 16, 31, 47, 17, 4, 2, 12, 20, 92, -15.0], ["0021000064", 1610612746, "Clippers", "LAC", "Los Angeles", "240:00", 42, 80, 0.525, 8, 16, 0.5, 15, 27, 0.556, 7, 34, 41, 22, 5, 6, 12, 18, 107, 15.0]], "name": "TeamStats"}, {"headers": ["LEAGUE_ID", "SEASON_ID", "TEAM_ID", "TEAM_ABBREVIATION", "TEAM_CITY", "PTS_PAINT", "PTS_2ND_CHANCE", "PTS_FB", "LARGEST_LEAD", "LEAD_CHANGES", "TIMES_TIED"], "rowSet": [["00", "22010", 1610612760, "OKC", "Oklahoma City", 42, 18, 8, 22, 5, 5], ["00", "22010", 1610612746, "LAC", "Los Angeles", 58, 5, 12, 22, 5, 5]], "name": "OtherStats"}, {"headers": ["OFFICIAL_ID", "FIRST_NAME", "LAST_NAME", "JERSEY_NUM"], "rowSet": [[1153, "Joe", "Crawford", "17"], [1204, "Derek", "Richardson", "63"], [2003, "Pat", "Fraher", "52"]], "name": "Officials"}, {"headers": ["GAME_DATE", "ATTENDANCE", "GAME_TIME"], "rowSet": [["WEDNESDAY, NOVEMBER 3, 2010", 18414, "2:17"]], "name": "GameInfo"}, {"headers": ["PLAYER_ID", "FIRST_NAME", "LAST_NAME", "JERSEY_NUM", "TEAM_ID", "TEAM_CITY", "TEAM_NAME", "TEAM_ABBREVIATION"], "rowSet": [[1884, "Baron", "Davis", " 5", 1610612746, "Los Angeles", "Clippers", "LAC"], [200751, "Randy", "Foye", " 4", 1610612746, "Los Angeles", "Clippers", "LAC"], [2050, "Morris", "Peterson", "42", 1610612760, "Oklahoma City", "Thunder", "OKC"], [2555, "Nick", "Collison", " 4", 1610612760, "Oklahoma City", "Thunder", "OKC"], [201957, "Byron", "Mullens", "23", 1610612760, "Oklahoma City", "Thunder", "OKC"]], "name": "InactivePlayers"}, {"headers": ["VIDEO_AVAILABLE_FLAG"], "rowSet": [[0]], "name": "AvailableVideo"}], "parameters": {"GameID": "0021000064", "RangeType": 0, "StartPeriod": 0, "StartRange": 0, "EndPeriod": 0, "EndRange": 0}}