{"resource": "boxscore", "resultSets": [{"headers": ["GAME_DATE_EST", "GAME_SEQUENCE", "GAME_ID", "GAME_STATUS_ID", "GAME_STATUS_TEXT", "GAMECODE", "HOME_TEAM_ID", "VISITOR_TEAM_ID", "SEASON", "LIVE_PERIOD", "LIVE_PC_TIME", "NATL_TV_BROADCASTER_ABBREVIATION", "LIVE_PERIOD_TIME_BCAST", "WH_STATUS"], "rowSet": [["2010-11-05T00:00:00", 4, "0021000071", 3, "Final", "20101105/CHADET", 1610612765, 1610612766, "2010", 4, "", null, "Q4  - ", 1]], "name": "GameSummary"}, {"headers": ["GAME_DATE_EST", "GAME_SEQUENCE", "GAME_ID", "TEAM_ID", "TEAM_ABBREVIATION", "TEAM_CITY_NAME", "TEAM_WINS_LOSSES", "PTS_QTR1", "PTS_QTR2", "PTS_QTR3", "PTS_QTR4", "PTS_OT1", "PTS_OT2", "PTS_OT3", "PTS_OT4", "PTS_OT5", "PTS_OT6", "PTS_OT7", "PTS_OT8", "PTS_OT9", "PTS_OT10", "PTS"], "rowSet": [["2010-11-05T00:00:00", 4, "0021000071", 1610612766, "CHA", "Charlotte", "1-4", 15, 24, 25, 26, 0, 0, 0, 0, 0, 0, 0, 0, 0, 0, 90], ["2010-11-05T00:00:00", 4, "0021000071", 1610612765, "DET", "Detroit", "1-5", 32, 23, 17, 25, 0, 0, 0, 0, 0, 0, 0, 0, 0, 0, 97]], "name": "LineScore"}, {"headers": ["GAME_ID", "HOME_TEAM_ID", "VISITOR_TEAM_ID", "GAME_DATE_EST", "HOME_TEAM_WINS", "HOME_TEAM_LOSSES", "SERIES_LEADER"], "rowSet": [["0021000071", 1610612765, 1610612766, "2010-11-05T00:00:00", 2, 2, "Tied"]], "name": "SeasonSeries"}, {"headers": ["GAME_ID", "LAST_GAME_ID", "LAST_GAME_DATE_EST", "LAST_GAME_HOME_TEAM_ID", "LAST_GAME_HOME_TEAM_CITY", "LAST_GAME_HOME_TEAM_NAME", "LAST_GAME_HOME_TEAM_ABBREVIATION", "LAST_GAME_HOME_TEAM_POINTS", "LAST_GAME_VISITOR_TEAM_ID", "LAST_GAME_VISITOR_TEAM_CITY", "LAST_GAME_VISITOR_TEAM_NAME", "LAST_GAME_VISITOR_TEAM_CITY1", "LAST_GAME_VISITOR_TEAM_POINTS"], "rowSet": [["0021000071", "0011000072", "2010-10-16T00:00:00", 1610612765, "Detroit", "Pistons", "DET", 94, 1610612766, "Charlotte", "Bobcats", "CHA", 97]], "name": "LastMeeting"}, {"headers": ["GAME_ID", "TEAM_ID", "TEAM_ABBREVIATION", "TEAM_CITY", "PLAYER_ID", "PLAYER_NAME", "START_POSITION", "COMMENT", "MIN", "FGM", "FGA", "FG_PCT", "FG3M", "FG3A", "FG3_PCT", "FTM", "FTA", "FT_PCT", "OREB", "DREB", "REB", "AST", "STL", "BLK", "TO", "PF", "PTS", "PLUS_MINUS"], "rowSet": [["0021000071", 1610612766, "CHA", "Charlotte", 2222, "Gerald Wallace", "F", "", "36:59", 6, 9, 0.667, 0, 0, 0.0, 1, 2, 0.5, 0, 5, 5, 4, 1, 1, 3, 1, 13, -7.0], ["0021000071", 1610612766, "CHA", "Charlotte", 2564, "Boris Diaw", "F", "", "38:49", 3, 11, 0.273, 1, 5, 0.2, 0, 0, 0.0, 1, 6, 7, 6, 0, 3, 3, 0, 7, -7.0], ["0021000071", 1610612766, "CHA", "Charlotte", 1737, "Nazr Mohammed", "C", "", "8:39", 3, 5, 0.6, 0, 0, 0.0, 0, 0, 0.0, 1, 2, 3, 0, 1, 1, 2, 0, 6, -9.0], ["0021000071", 1610612766, "CHA", "Charlotte", 1536, "Stephen Jackson", "G", "", "40:58", 12, 19, 0.632, 4, 8, 0.5, 0, 0, 0.0, 1, 4, 5, 3, 1, 0, 6, 5, 28, -5.0], ["0021000071", 1610612766, "CHA", "Charlotte", 201571, "D.J. Augustin", "G", "", "31:13", 4, 6, 0.667, 2, 4, 0.5, 2, 2, 1.0, 0, 3, 3, 8, 0, 0, 3, 5, 12, -5.0], ["0021000071", 1610612766, "CHA", "Charlotte", 200748, "Tyrus Thomas", "", "", "21:40", 4, 6, 0.667, 0, 0, 0.0, 2, 2, 1.0, 2, 3, 5, 2, 2, 1, 2, 1, 10, -13.0], ["0021000071", 1610612766, "CHA", "Charlotte", 202395, "Sherron Collins", "", "", "0:07", 0, 0, 0.0, 0, 0, 0.0, 0, 0, 0.0, 0, 0, 0, 0, 0, 0, 0, 0, 0, 0.0], ["0021000071", 1610612766, "CHA", "Charlotte", 201974, "Derrick Brown", "", "", "29:28", 3, 8, 0.375, 2, 3, 0.667, 1, 3, 0.333, 2, 5, 7, 4, 0, 2, 1, 4, 9, 18.0], ["0021000071", 1610612766, "CHA", "Charlotte", 2733, "Shaun Livingston", "", "", "20:53", 2, 2, 1.0, 0, 0, 0.0, 0, 0, 0.0, 1, 1, 2, 1, 2, 0, 1, 1, 4, -5.0], ["0021000071", 1610612766, "CHA", "Charlotte", 201945, "Gerald Henderson", "", "", "7:15", 0, 1, 0.0, 0, 0, 0.0, 0, 0, 0.0, 0, 0, 0, 0, 0, 0, 0, 1, 0, -4.0], ["0021000071", 1610612766, "CHA", "Charlotte", 2205, "DeSagana Diop", "", "", "3:59", 0, 0, 0.0, 0, 0, 0.0, 1, 2, 0.5, 0, 1, 1, 0, 0, 1, 1, 0, 1, 2.0], ["0021000071", 1610612766, "CHA", "Charlotte", 2679, "Matt Carroll", "", "DNP - Coach's Decision", null, null, null, null, null, null, null, null, null, null, null, null, null, null, null, null, null, null, null, null], ["0021000071", 1610612765, "DET", "Detroit", 2419, "Tayshaun Prince", "F", "", "37:03", 7, 17, 0.412, 0, 0, 0.0, 0, 0, 0.0, 0, 4, 4, 2, 0, 0, 1, 2, 14, 2.0], ["0021000071", 1610612765, "DET", "Detroit", 201948, "Austin Daye", "F", "", "17:53", 3, 6, 0.5, 2, 2, 1.0, 0, 0, 0.0, 0, 2, 2, 0, 1, 0, 2, 1, 8, 17.0], ["0021000071", 1610612765, "DET", "Detroit", 1112, "Ben Wallace", "C", "", "27:54", 2, 3, 0.667, 0, 0, 0.0, 0, 0, 0.0, 2, 4, 6, 4, 4, 1, 3, 1, 4, 7.0], ["0021000071", 1610612765, "DET", "Detroit", 1503, "Tracy McGrady", "G", "", "23:05", 3, 6, 0.5, 0, 0, 0.0, 4, 4, 1.0, 0, 3, 3, 2, 2, 0, 0, 1, 10, -1.0], ["0021000071", 1610612765, "DET", "Detroit", 2732, "Ben Gordon", "G", "", "40:45", 7, 16, 0.438, 1, 2, 0.5, 5, 5, 1.0, 1, 2, 3, 1, 3, 0, 1, 2, 20, 3.0], ["0021000071", 1610612765, "DET", "Detroit", 1888, "Richard Hamilton", "", "", "27:21", 2, 7, 0.286, 1, 2, 0.5, 11, 11, 1.0, 1, 2, 3, 1, 0, 0, 2, 2, 16, 6.0], ["0021000071", 1610612765, "DET", "Detroit", 101111, "Charlie Villanueva", "", "", "23:35", 3, 6, 0.5, 3, 5, 0.6, 1, 2, 0.5, 0, 1, 1, 1, 0, 1, 1, 0, 10, -5.0], ["0021000071", 1610612765, "DET", "Detroit", 202328, "Greg Monroe", "", "", "19:49", 3, 5, 0.6, 0, 0, 0.0, 3, 3, 1.0, 4, 2, 6, 1, 0, 1, 1, 2, 9, -2.0], ["0021000071", 1610612765, "DET", "Detroit", 101198, "Will Bynum", "", "", "22:35", 2, 9, 0.222, 0, 2, 0.0, 2, 2, 1.0, 1, 2, 3, 2, 1, 0, 1, 2, 6, 8.0], ["0021000071", 1610612765, "DET", "Detroit", 101131, "Jason Maxiell", "", "DNP - Coach's Decision", null, null, null, null, null, null, null, null, null, null, null, null, null, null, null, null, null, null, null, null], ["0021000071", 1610612765, "DET", "Detroit", 201155, "Rodney Stuckey", "", "DNP - Coach's Decision", null, null, null, null, null, null, null, null, null, null, null, null, null, null, null, null, null, null, null, null], ["0021000071", 1610612765, "DET", "Detroit", 201969, "DaJuan Summers", "", "DNP - Coach's Decision", null, null, null, null, null, null, null, null, null, null, null, null, null, null, null, null, null, null, null, null]], "name": "PlayerStats"}, {"headers": ["GAME_ID", "TEAM_ID", "TEAM_NAME", "TEAM_ABBREVIATION", "TEAM_CITY", "MIN", "FGM", "FGA", "FG_PCT", "FG3M", "FG3A", "FG3_PCT", "FTM", "FTA", "FT_PCT", "OREB", "DREB", "REB", "AST", "STL", "BLK", "TO", "PF", "PTS", "PLUS_MINUS"], "rowSet": [["0021000071", 1610612765, "Pistons", "DET", "Detroit", "240:00", 32, 75, 0.427, 7, 13, 0.538, 26, 27, 0.963, 9, 22, 31, 14, 11, 3, 12, 13, 97, 7.0], ["0021000071", 1610612766, "Bobcats", "CHA", "Charlotte", "240:00", 37, 67, 0.552, 9, 20, 0.45, 7, 11, 0.636, 8, 30, 38, 28, 7, 9, 22, 18, 90, -7.0]], "name": "TeamStats"}, {"headers": ["LEAGUE_ID", "SEASON_ID", "TEAM_ID", "TEAM_ABBREVIATION", "TEAM_CITY", "PTS_PAINT", "PTS_2ND_CHANCE", "PTS_FB", "LARGEST_LEAD", "LEAD_CHANGES", "TIMES_TIED"], "rowSet": [["00", "22010", 1610612766, "CHA", "Charlotte", 42, 6, 16, 22, 0, 1], ["00", "22010", 1610612765, "DET", "Detroit", 38, 13, 11, 22, 0, 1]], "name": "OtherStats"}, {"headers": ["OFFICIAL_ID", "FIRST_NAME", "LAST_NAME", "JERSEY_NUM"], "rowSet": [[1167, "Steve", "Javie", "29"], [2148, "Mark", "Ayotte", "56"], [1363, "Bennie", "Adams", "47"]], "name": "Officials"}, {"headers": ["GAME_DATE", "ATTENDANCE", "GAME_TIME"], "rowSet": [["FRIDAY, NOVEMBER 5, 2010", 13291, "2:17"]], "name": "GameInfo"}, {"headers": ["PLAYER_ID", "FIRST_NAME", "LAST_NAME", "JERSEY_NUM", "TEAM_ID", "TEAM_CITY", "TEAM_NAME", "TEAM_ABBREVIATION"], "rowSet": [[2059, "Eduardo", "Najera", "21", 1610612766, "Charlotte", "Bobcats", "CHA"], [2198, "Kwame", "Brown", "54", 1610612766, "Charlotte", "Bobcats", "CHA"], [201187, "Dominic", "McGuire", " 5", 1610612766, "Charlotte", "Bobcats", "CHA"], [2404, "Chris", "Wilcox", " 9", 1610612765, "Detroit", "Pistons", "DET"], [201973, "Jonas", "Jerebko", "33", 1610612765, "Detroit", "Pistons", "DET"], [202358, "Terrico", "White", "23", 1610612765, "Detroit", "Pistons", "DET"]], "name": "InactivePlayers"}, {"headers": ["VIDEO_AVAILABLE_FLAG"], "rowSet": [[0]], "name": "AvailableVideo"}], "parameters": {"GameID": "0021000071", "RangeType": 0, "StartPeriod": 0, "StartRange": 0, "EndPeriod": 0, "EndRange": 0}}