{"resource": "boxscore", "resultSets": [{"headers": ["GAME_DATE_EST", "GAME_SEQUENCE", "GAME_ID", "GAME_STATUS_ID", "GAME_STATUS_TEXT", "GAMECODE", "HOME_TEAM_ID", "VISITOR_TEAM_ID", "SEASON", "LIVE_PERIOD", "LIVE_PC_TIME", "NATL_TV_BROADCASTER_ABBREVIATION", "LIVE_PERIOD_TIME_BCAST", "WH_STATUS"], "rowSet": [["2010-11-03T00:00:00", 1, "0021000054", 3, "Final", "20101103/DETATL", 1610612737, 1610612765, "2010", 4, "", null, "Q4  - ", 1]], "name": "GameSummary"}, {"headers": ["GAME_DATE_EST", "GAME_SEQUENCE", "GAME_ID", "TEAM_ID", "TEAM_ABBREVIATION", "TEAM_CITY_NAME", "TEAM_WINS_LOSSES", "PTS_QTR1", "PTS_QTR2", "PTS_QTR3", "PTS_QTR4", "PTS_OT1", "PTS_OT2", "PTS_OT3", "PTS_OT4", "PTS_OT5", "PTS_OT6", "PTS_OT7", "PTS_OT8", "PTS_OT9", "PTS_OT10", "PTS"], "rowSet": [["2010-11-03T00:00:00", 1, "0021000054", 1610612765, "DET", "Detroit", "0-5", 22, 26, 18, 19, 0, 0, 0, 0, 0, 0, 0, 0, 0, 0, 85], ["2010-11-03T00:00:00", 1, "0021000054", 1610612737, "ATL", "Atlanta", "5-0", 24, 20, 26, 24, 0, 0, 0, 0, 0, 0, 0, 0, 0, 0, 94]], "name": "LineScore"}, {"headers": ["GAME_ID", "HOME_TEAM_ID", "VISITOR_TEAM_ID", "GAME_DATE_EST", "HOME_TEAM_WINS", "HOME_TEAM_LOSSES", "SERIES_LEADER"], "rowSet": [["0021000054", 1610612737, 1610612765, "2010-11-03T00:00:00", 3, 1, "Atlanta"]], "name": "SeasonSeries"}, {"headers": ["GAME_ID", "LAST_GAME_ID", "LAST_GAME_DATE_EST", "LAST_GAME_HOME_TEAM_ID", "LAST_GAME_HOME_TEAM_CITY", "LAST_GAME_HOME_TEAM_NAME", "LAST_GAME_HOME_TEAM_ABBREVIATION", "LAST_GAME_HOME_TEAM_POINTS", "LAST_GAME_VISITOR_TEAM_ID", "LAST_GAME_VISITOR_TEAM_CITY", "LAST_GAME_VISITOR_TEAM_NAME", "LAST_GAME_VISITOR_TEAM_CITY1", "LAST_GAME_VISITOR_TEAM_POINTS"], "rowSet": [["0021000054", "0011000043", "2010-10-11T00:00:00", 1610612737, "Atlanta", "Hawks", "ATL", 85, 1610612765, "Detroit", "Pistons", "DET", 94]], "name": "LastMeeting"}, {"headers": ["GAME_ID", "TEAM_ID", "TEAM_ABBREVIATION", "TEAM_CITY", "PLAYER_ID", "PLAYER_NAME", "START_POSITION", "COMMENT", "MIN", "FGM", "FGA", "FG_PCT", "FG3M", "FG3A", "FG3_PCT", "FTM", "FTA", "FT_PCT", "OREB", "DREB", "REB", "AST", "STL", "BLK", "TO", "PF", "PTS", "PLUS_MINUS"], "rowSet": [["0021000054", 1610612765, "DET", "Detroit", 2419, "Tayshaun Prince", "F", "", "36:44", 8, 14, 0.571, 1, 1, 1.0, 0, 0, 0.0, 3, 2, 5, 0, 0, 0, 1, 1, 17, -8.0], ["0021000054", 1610612765, "DET", "Detroit", 201948, "Austin Daye", "F", "", "24:07", 2, 12, 0.167, 0, 3, 0.0, 2, 2, 1.0, 2, 2, 4, 3, 0, 0, 0, 3, 6, 4.0], ["0021000054", 1610612765, "DET", "Detroit", 1112, "Ben Wallace", "C", "", "21:04", 0, 1, 0.0, 0, 0, 0.0, 0, 0, 0.0, 3, 3, 6, 2, 0, 0, 0, 1, 0, -10.0], ["0021000054", 1610612765, "DET", "Detroit", 2732, "Ben Gordon", "G", "", "41:42", 9, 19, 0.474, 0, 3, 0.0, 4, 5, 0.8, 1, 3, 4, 4, 1, 1, 3, 5, 22, -8.0], ["0021000054", 1610612765, "DET", "Detroit", 201155, "Rodney Stuckey", "G", "", "13:30", 2, 6, 0.333, 1, 3, 0.333, 0, 0, 0.0, 0, 1, 1, 3, 2, 0, 0, 2, 5, -2.0], ["0021000054", 1610612765, "DET", "Detroit", 101111, "Charlie Villanueva", "", "", "35:53", 6, 16, 0.375, 0, 5, 0.0, 2, 2, 1.0, 0, 4, 4, 3, 1, 1, 0, 4, 14, -7.0], ["0021000054", 1610612765, "DET", "Detroit", 1503, "Tracy McGrady", "", "", "24:19", 4, 7, 0.571, 0, 1, 0.0, 1, 2, 0.5, 1, 3, 4, 3, 3, 0, 2, 1, 9, -7.0], ["0021000054", 1610612765, "DET", "Detroit", 201969, "DaJuan Summers", "", "", "15:45", 2, 6, 0.333, 1, 1, 1.0, 0, 0, 0.0, 1, 1, 2, 0, 0, 0, 2, 1, 5, -8.0], ["0021000054", 1610612765, "DET", "Detroit", 202328, "Greg Monroe", "", "", "26:56", 3, 9, 0.333, 0, 0, 0.0, 1, 4, 0.25, 6, 2, 8, 3, 0, 0, 0, 3, 7, 1.0], ["0021000054", 1610612765, "DET", "Detroit", 101198, "Will Bynum", "", "DND - Sore Right Hamstring", null, null, null, null, null, null, null, null, null, null, null, null, null, null, null, null, null, null, null, null], ["0021000054", 1610612765, "DET", "Detroit", 1888, "Richard Hamilton", "", "DND - Sore Right Foot", null, null, null, null, null, null, null, null, null, null, null, null, null, null, null, null, null, null, null, null], ["0021000054", 1610612765, "DET", "Detroit", 101131, "Jason Maxiell", "", "DNP - Coach's Decision", null, null, null, null, null, null, null, null, null, null, null, null, null, null, null, null, null, null, null, null], ["0021000054", 1610612737, "ATL", "Atlanta", 101107, "Marvin Williams", "F", "", "32:43", 3, 8, 0.375, 0, 1, 0.0, 5, 6, 0.833, 0, 8, 8, 2, 0, 0, 0, 1, 11, 9.0], ["0021000054", 1610612737, "ATL", "Atlanta", 2746, "Josh Smith", "F", "", "35:20", 8, 12, 0.667, 1, 1, 1.0, 5, 8, 0.625, 2, 9, 11, 4, 1, 2, 1, 0, 22, 18.0], ["0021000054", 1610612737, "ATL", "Atlanta", 201143, "Al Horford", "C", "", "37:14", 8, 12, 0.667, 0, 0, 0.0, 2, 2, 1.0, 0, 8, 8, 2, 0, 1, 4, 3, 18, 17.0], ["0021000054", 1610612737, "ATL", "Atlanta", 2207, "Joe Johnson", "G", "", "42:14", 5, 15, 0.333, 2, 7, 0.286, 2, 2, 1.0, 0, 3, 3, 8, 0, 0, 2, 1, 14, 4.0], ["0021000054", 1610612737, "ATL", "Atlanta", 1710, "Mike Bibby", "G", "", "33:44", 2, 5, 0.4, 0, 3, 0.0, 0, 0, 0.0, 0, 1, 1, 4, 0, 0, 0, 2, 4, 17.0], ["0021000054", 1610612737, "ATL", "Atlanta", 201952, "Jeff Teague", "", "", "15:57", 2, 2, 1.0, 0, 0, 0.0, 3, 3, 1.0, 0, 1, 1, 2, 1, 0, 3, 2, 7, -4.0], ["0021000054", 1610612737, "ATL", "Atlanta", 2585, "Zaza Pachulia", "", "", "18:39", 6, 7, 0.857, 0, 0, 0.0, 0, 0, 0.0, 1, 1, 2, 0, 1, 0, 1, 1, 12, 2.0], ["0021000054", 1610612737, "ATL", "Atlanta", 2694, "Josh Powell", "", "", "12:48", 1, 4, 0.25, 0, 1, 0.0, 2, 2, 1.0, 0, 1, 1, 1, 0, 0, 1, 0, 4, -10.0], ["0021000054", 1610612737, "ATL", "Atlanta", 202348, "Jordan Crawford", "", "", "11:21", 1, 2, 0.5, 0, 1, 0.0, 0, 0, 0.0, 0, 0, 0, 2, 0, 0, 1, 3, 2, -8.0], ["0021000054", 1610612737, "ATL", "Atlanta", 2215, "Jason Collins", "", "DNP - Coach's Decision", null, null, null, null, null, null, null, null, null, null, null, null, null, null, null, null, null, null, null, null], ["0021000054", 1610612737, "ATL", "Atlanta", 2037, "Jamal Crawford", "", "DND - Turf Toe", null, null, null, null, null, null, null, null, null, null, null, null, null, null, null, null, null, null, null, null], ["0021000054", 1610612737, "ATL", "Atlanta", 2041, "Etan Thomas", "", "DNP - Coach's Decision", null, null, null, null, null, null, null, null, null, null, null, null, null, null, null, null, null, null, null, null]], "name": "PlayerStats"}, {"headers": ["GAME_ID", "TEAM_ID", "TEAM_NAME", "TEAM_ABBREVIATION", "TEAM_CITY", "MIN", "FGM", "FGA", "FG_PCT", "FG3M", "FG3A", "FG3_PCT", "FTM", "FTA", "FT_PCT", "OREB", "DREB", "REB", "AST", "STL", "BLK", "TO", "PF", "PTS", "PLUS_MINUS"], "rowSet": [["0021000054", 1610612765, "Pistons", "DET", "Detroit", "240:00", 36, 90, 0.4, 3, 17, 0.176, 10, 15, 0.667, 17, 21, 38, 21, 7, 2, 8, 21, 85, -9.0], ["0021000054", 1610612737, "Hawks", "ATL", "Atlanta", "240:00", 36, 67, 0.537, 3, 14, 0.214, 19, 23, 0.826, 3, 32, 35, 25, 3, 3, 13, 13, 94, 9.0]], "name": "TeamStats"}, {"headers": ["LEAGUE_ID", "SEASON_ID", "TEAM_ID", "TEAM_ABBREVIATION", "TEAM_CITY", "PTS_PAINT", "PTS_2ND_CHANCE", "PTS_FB", "LARGEST_LEAD", "LEAD_CHANGES", "TIMES_TIED"], "rowSet": [["00", "22010", 1610612765, "DET", "Detroit", 36, 16, 8, 11, 17, 17], ["00", "22010", 1610612737, "ATL", "Atlanta", 44, 6, 28, 8, 17, 17]], "name": "OtherStats"}, {"headers": ["OFFICIAL_ID", "FIRST_NAME", "LAST_NAME", "JERSEY_NUM"], "rowSet": [[1199, "Tom", "Washington", "49"], [1176, "Monty", "McCutchen", "13"], [2716, "Olandis", "Poole", "50"]], "name": "Officials"}, {"headers": ["GAME_DATE", "ATTENDANCE", "GAME_TIME"], "rowSet": [["WEDNESDAY, NOVEMBER 3, 2010", 13003, "2:14"]], "name": "GameInfo"}, {"headers": ["PLAYER_ID", "FIRST_NAME", "LAST_NAME", "JERSEY_NUM", "TEAM_ID", "TEAM_CITY", "TEAM_NAME", "TEAM_ABBREVIATION"], "rowSet": [[2230, "Maurice", "Evans", " 1", 1610612737, "Atlanta", "Hawks", "ATL"], [202377, "Pape", "Sy", "19", 1610612737, "Atlanta", "Hawks", "ATL"], [2404, "Chris", "Wilcox", " 9", 1610612765, "Detroit", "Pistons", "DET"], [201973, "Jonas", "Jerebko", "33", 1610612765, "Detroit", "Pistons", "DET"], [202358, "Terrico", "White", "23", 1610612765, "Detroit", "Pistons", "DET"]], "name": "InactivePlayers"}, {"headers": ["VIDEO_AVAILABLE_FLAG"], "rowSet": [[0]], "name": "AvailableVideo"}], "parameters": {"GameID": "0021000054", "RangeType": 0, "StartPeriod": 0, "StartRange": 0, "EndPeriod": 0, "EndRange": 0}}