{"resource": "boxscore", "resultSets": [{"headers": ["GAME_DATE_EST", "GAME_SEQUENCE", "GAME_ID", "GAME_STATUS_ID", "GAME_STATUS_TEXT", "GAMECODE", "HOME_TEAM_ID", "VISITOR_TEAM_ID", "SEASON", "LIVE_PERIOD", "LIVE_PC_TIME", "NATL_TV_BROADCASTER_ABBREVIATION", "LIVE_PERIOD_TIME_BCAST", "WH_STATUS"], "rowSet": [["2010-11-05T00:00:00", 3, "0021000070", 3, "Final", "20101105/CLEPHI", 1610612755, 1610612739, "2010", 4, "", null, "Q4  - ", 1]], "name": "GameSummary"}, {"headers": ["GAME_DATE_EST", "GAME_SEQUENCE", "GAME_ID", "TEAM_ID", "TEAM_ABBREVIATION", "TEAM_CITY_NAME", "TEAM_WINS_LOSSES", "PTS_QTR1", "PTS_QTR2", "PTS_QTR3", "PTS_QTR4", "PTS_OT1", "PTS_OT2", "PTS_OT3", "PTS_OT4", "PTS_OT5", "PTS_OT6", "PTS_OT7", "PTS_OT8", "PTS_OT9", "PTS_OT10", "PTS"], "rowSet": [["2010-11-05T00:00:00", 3, "0021000070", 1610612755, "PHI", "Philadelphia", "1-5", 20, 33, 31, 32, 0, 0, 0, 0, 0, 0, 0, 0, 0, 0, 116], ["2010-11-05T00:00:00", 3, "0021000070", 1610612739, "CLE", "Cleveland", "2-3", 34, 27, 18, 44, 0, 0, 0, 0, 0, 0, 0, 0, 0, 0, 123]], "name": "LineScore"}, {"headers": ["GAME_ID", "HOME_TEAM_ID", "VISITOR_TEAM_ID", "GAME_DATE_EST", "HOME_TEAM_WINS", "HOME_TEAM_LOSSES", "SERIES_LEADER"], "rowSet": [["0021000070", 1610612755, 1610612739, "2010-11-05T00:00:00", 2, 2, "Tied"]], "name": "SeasonSeries"}, {"headers": ["GAME_ID", "LAST_GAME_ID", "LAST_GAME_DATE_EST", "LAST_GAME_HOME_TEAM_ID", "LAST_GAME_HOME_TEAM_CITY", "LAST_GAME_HOME_TEAM_NAME", "LAST_GAME_HOME_TEAM_ABBREVIATION", "LAST_GAME_HOME_TEAM_POINTS", "LAST_GAME_VISITOR_TEAM_ID", "LAST_GAME_VISITOR_TEAM_CITY", "LAST_GAME_VISITOR_TEAM_NAME", "LAST_GAME_VISITOR_TEAM_CITY1", "LAST_GAME_VISITOR_TEAM_POINTS"], "rowSet": [["0021000070", "0011000092", "2010-10-19T00:00:00", 1610612755, "Philadelphia", "76ers", "PHI", 95, 1610612739, "Cleveland", "Cavaliers", "CLE", 111]], "name": "LastMeeting"}, {"headers": ["GAME_ID", "TEAM_ID", "TEAM_ABBREVIATION", "TEAM_CITY", "PLAYER_ID", "PLAYER_NAME", "START_POSITION", "COMMENT", "MIN", "FGM", "FGA", "FG_PCT", "FG3M", "FG3A", "FG3_PCT", "FTM", "FTA", "FT_PCT", "OREB", "DREB", "REB", "AST", "STL", "BLK", "TO", "PF", "PTS", "PLUS_MINUS"], "rowSet": [["0021000070", 1610612739, "CLE", "Cleveland", 200081, "Jamario Moon", "F", "", "25:03", 3, 6, 0.5, 1, 2, 0.5, 0, 0, 0.0, 0, 4, 4, 2, 0, 0, 0, 1, 7, 3.0], ["0021000070", 1610612739, "CLE", "Cleveland", 201581, "JJ Hickson", "F", "", "30:48", 5, 12, 0.417, 0, 0, 0.0, 6, 6, 1.0, 3, 5, 8, 0, 1, 0, 2, 0, 16, 11.0], ["0021000070", 1610612739, "CLE", "Cleveland", 2760, "Anderson Varejao", "C", "", "35:45", 10, 10, 1.0, 0, 0, 0.0, 3, 5, 0.6, 5, 7, 12, 2, 0, 0, 1, 2, 23, 14.0], ["0021000070", 1610612739, "CLE", "Cleveland", 1515, "Anthony Parker", "G", "", "28:21", 1, 2, 0.5, 0, 0, 0.0, 5, 6, 0.833, 1, 3, 4, 0, 0, 0, 4, 2, 7, 7.0], ["0021000070", 1610612739, "CLE", "Cleveland", 2590, "Mo Williams", "G", "", "29:38", 6, 15, 0.4, 0, 5, 0.0, 10, 12, 0.833, 0, 3, 3, 7, 3, 0, 3, 3, 22, 13.0], ["0021000070", 1610612739, "CLE", "Cleveland", 200789, "Daniel Gibson", "", "", "27:51", 6, 9, 0.667, 2, 4, 0.5, 6, 9, 0.667, 1, 4, 5, 4, 1, 0, 2, 2, 20, 12.0], ["0021000070", 1610612739, "CLE", "Cleveland", 200797, "Ryan Hollins", "", "", "12:15", 2, 2, 1.0, 0, 0, 0.0, 1, 2, 0.5, 1, 0, 1, 0, 0, 1, 1, 4, 5, -7.0], ["0021000070", 1610612739, "CLE", "Cleveland", 201196, "Ramon Sessions", "", "", "18:22", 2, 6, 0.333, 0, 0, 0.0, 5, 5, 1.0, 1, 1, 2, 6, 0, 0, 2, 0, 9, -6.0], ["0021000070", 1610612739, "CLE", "Cleveland", 101214, "Jawad Williams", "", "", "17:11", 2, 7, 0.286, 0, 2, 0.0, 0, 0, 0.0, 0, 1, 1, 1, 0, 0, 1, 3, 4, -7.0], ["0021000070", 1610612739, "CLE", "Cleveland", 101121, "Joey Graham", "", "", "14:46", 4, 6, 0.667, 0, 0, 0.0, 2, 3, 0.667, 1, 0, 1, 0, 1, 0, 1, 0, 10, -5.0], ["0021000070", 1610612739, "CLE", "Cleveland", 202412, "Manny Harris", "", "DNP - Coach's Decision", null, null, null, null, null, null, null, null, null, null, null, null, null, null, null, null, null, null, null, null], ["0021000070", 1610612739, "CLE", "Cleveland", 200796, "Leon Powe", "", "DNP - Coach's Decision", null, null, null, null, null, null, null, null, null, null, null, null, null, null, null, null, null, null, null, null], ["0021000070", 1610612755, "PHI", "Philadelphia", 2804, "Andres Nocioni", "F", "", "31:59", 6, 10, 0.6, 3, 5, 0.6, 0, 0, 0.0, 0, 4, 4, 2, 2, 1, 3, 1, 15, -8.0], ["0021000070", 1610612755, "PHI", "Philadelphia", 1882, "Elton Brand", "F", "", "30:02", 8, 12, 0.667, 0, 0, 0.0, 4, 5, 0.8, 1, 1, 2, 1, 2, 2, 2, 4, 20, -20.0], ["0021000070", 1610612755, "PHI", "Philadelphia", 201150, "Spencer Hawes", "C", "", "6:17", 1, 1, 1.0, 0, 0, 0.0, 1, 2, 0.5, 0, 0, 0, 0, 0, 0, 0, 1, 3, -18.0], ["0021000070", 1610612755, "PHI", "Philadelphia", 2738, "Andre Iguodala", "G", "", "18:10", 3, 7, 0.429, 0, 2, 0.0, 1, 2, 0.5, 1, 1, 2, 4, 0, 0, 2, 2, 7, -9.0], ["0021000070", 1610612755, "PHI", "Philadelphia", 201950, "Jrue Holiday", "G", "", "38:34", 10, 17, 0.588, 3, 5, 0.6, 6, 8, 0.75, 1, 1, 2, 8, 2, 1, 0, 6, 29, 2.0], ["0021000070", 1610612755, "PHI", "Philadelphia", 101150, "Louis Williams", "", "", "25:31", 7, 14, 0.5, 0, 3, 0.0, 2, 3, 0.667, 2, 0, 2, 5, 1, 0, 2, 3, 16, -16.0], ["0021000070", 1610612755, "PHI", "Philadelphia", 201152, "Thaddeus Young", "", "", "14:04", 2, 4, 0.5, 0, 0, 0.0, 1, 2, 0.5, 0, 1, 1, 1, 0, 0, 0, 1, 5, -4.0], ["0021000070", 1610612755, "PHI", "Philadelphia", 202323, "Evan Turner", "", "", "24:58", 2, 7, 0.286, 0, 2, 0.0, 1, 1, 1.0, 0, 4, 4, 1, 1, 0, 2, 4, 5, 9.0], ["0021000070", 1610612755, "PHI", "Philadelphia", 2574, "Jason Kapono", "", "", "6:52", 0, 0, 0.0, 0, 0, 0.0, 0, 0, 0.0, 1, 1, 2, 1, 0, 0, 0, 0, 0, 1.0], ["0021000070", 1610612755, "PHI", "Philadelphia", 201578, "Marreese Speights", "", "", "12:11", 3, 4, 0.75, 0, 0, 0.0, 2, 2, 1.0, 2, 1, 3, 0, 1, 1, 2, 3, 8, 9.0], ["0021000070", 1610612755, "PHI", "Philadelphia", 2443, "Darius Songaila", "", "", "5:03", 0, 1, 0.0, 0, 0, 0.0, 0, 0, 0.0, 0, 1, 1, 1, 0, 0, 0, 3, 0, 5.0], ["0021000070", 1610612755, "PHI", "Philadelphia", 1499, "Tony Battie", "", "", "26:19", 4, 6, 0.667, 0, 0, 0.0, 0, 0, 0.0, 2, 5, 7, 2, 1, 2, 1, 4, 8, 14.0]], "name": "PlayerStats"}, {"headers": ["GAME_ID", "TEAM_ID", "TEAM_NAME", "TEAM_ABBREVIATION", "TEAM_CITY", "MIN", "FGM", "FGA", "FG_PCT", "FG3M", "FG3A", "FG3_PCT", "FTM", "FTA", "FT_PCT", "OREB", "DREB", "REB", "AST", "STL", "BLK", "TO", "PF", "PTS", "PLUS_MINUS"], "rowSet": [["0021000070", 1610612755, "76ers", "PHI", "Philadelphia", "240:00", 46, 83, 0.554, 6, 17, 0.353, 18, 25, 0.72, 10, 20, 30, 26, 10, 7, 14, 32, 116, -7.0], ["0021000070", 1610612739, "Cavaliers", "CLE", "Cleveland", "240:00", 41, 75, 0.547, 3, 13, 0.231, 38, 48, 0.792, 13, 28, 41, 22, 6, 1, 17, 17, 123, 7.0]], "name": "TeamStats"}, {"headers": ["LEAGUE_ID", "SEASON_ID", "TEAM_ID", "TEAM_ABBREVIATION", "TEAM_CITY", "PTS_PAINT", "PTS_2ND_CHANCE", "PTS_FB", "LARGEST_LEAD", "LEAD_CHANGES", "TIMES_TIED"], "rowSet": [["00", "22010", 1610612755, "PHI", "Philadelphia", 56, 14, 21, 19, 4, 3], ["00", "22010", 1610612739, "CLE", "Cleveland", 54, 24, 17, 19, 4, 3]], "name": "OtherStats"}, {"headers": ["OFFICIAL_ID", "FIRST_NAME", "LAST_NAME", "JERSEY_NUM"], "rowSet": [[1147, "Mike", "Callahan", "24"], [2882, "Sean", "Wright", "65"], [202005, "Scott", "Bolnick", "78"]], "name": "Officials"}, {"headers": ["GAME_DATE", "ATTENDANCE", "GAME_TIME"], "rowSet": [["FRIDAY, NOVEMBER 5, 2010", 10589, "2:29"]], "name": "GameInfo"}, {"headers": ["PLAYER_ID", "FIRST_NAME", "LAST_NAME", "JERSEY_NUM", "TEAM_ID", "TEAM_CITY", "TEAM_NAME", "TEAM_ABBREVIATION"], "rowSet": [[201975, "Jodie", "Meeks", "20", 1610612755, "Philadelphia", "76ers", "PHI"], [202342, "Craig", "Brackins", "33", 1610612755, "Philadelphia", "76ers", "PHI"], [1712, "Antawn", "Jamison", " 4", 1610612739, "Cleveland", "Cavaliers", "CLE"], [201963, "Christian", "Eyenga", " 8", 1610612739, "Cleveland", "Cavaliers", "CLE"], [202396, "Samardo", "Samuels", "24", 1610612739, "Cleveland", "Cavaliers", "CLE"]], "name": "InactivePlayers"}, {"headers": ["VIDEO_AVAILABLE_FLAG"], "rowSet": [[0]], "name": "AvailableVideo"}], "parameters": {"GameID": "0021000070", "RangeType": 0, "StartPeriod": 0, "StartRange": 0, "EndPeriod": 0, "EndRange": 0}}