{"resource": "boxscore", "resultSets": [{"headers": ["GAME_DATE_EST", "GAME_SEQUENCE", "GAME_ID", "GAME_STATUS_ID", "GAME_STATUS_TEXT", "GAMECODE", "HOME_TEAM_ID", "VISITOR_TEAM_ID", "SEASON", "LIVE_PERIOD", "LIVE_PC_TIME", "NATL_TV_BROADCASTER_ABBREVIATION", "LIVE_PERIOD_TIME_BCAST", "WH_STATUS"], "rowSet": [["2010-11-05T00:00:00", 10, "0021000077", 3, "Final", "20101105/LACDEN", 1610612743, 1610612746, "2010", 4, "", "ESPN", "Q4  - ESPN", 1]], "name": "GameSummary"}, {"headers": ["GAME_DATE_EST", "GAME_SEQUENCE", "GAME_ID", "TEAM_ID", "TEAM_ABBREVIATION", "TEAM_CITY_NAME", "TEAM_WINS_LOSSES", "PTS_QTR1", "PTS_QTR2", "PTS_QTR3", "PTS_QTR4", "PTS_OT1", "PTS_OT2", "PTS_OT3", "PTS_OT4", "PTS_OT5", "PTS_OT6", "PTS_OT7", "PTS_OT8", "PTS_OT9", "PTS_OT10", "PTS"], "rowSet": [["2010-11-05T00:00:00", 10, "0021000077", 1610612746, "LAC", "Los Angeles", "1-5", 28, 26, 17, 33, 0, 0, 0, 0, 0, 0, 0, 0, 0, 0, 104], ["2010-11-05T00:00:00", 10, "0021000077", 1610612743, "DEN", "Denver", "3-2", 24, 29, 29, 29, 0, 0, 0, 0, 0, 0, 0, 0, 0, 0, 111]], "name": "LineScore"}, {"headers": ["GAME_ID", "HOME_TEAM_ID", "VISITOR_TEAM_ID", "GAME_DATE_EST", "HOME_TEAM_WINS", "HOME_TEAM_LOSSES", "SERIES_LEADER"], "rowSet": [["0021000077", 1610612743, 1610612746, "2010-11-05T00:00:00", 2, 2, "Tied"]], "name": "SeasonSeries"}, {"headers": ["GAME_ID", "LAST_GAME_ID", "LAST_GAME_DATE_EST", "LAST_GAME_HOME_TEAM_ID", "LAST_GAME_HOME_TEAM_CITY", "LAST_GAME_HOME_TEAM_NAME", "LAST_GAME_HOME_TEAM_ABBREVIATION", "LAST_GAME_HOME_TEAM_POINTS", "LAST_GAME_VISITOR_TEAM_ID", "LAST_GAME_VISITOR_TEAM_CITY", "LAST_GAME_VISITOR_TEAM_NAME", "LAST_GAME_VISITOR_TEAM_CITY1", "LAST_GAME_VISITOR_TEAM_POINTS"], "rowSet": [["0021000077", "0011000083", "2010-10-17T00:00:00", 1610612743, "Denver", "Nuggets", "DEN", 108, 1610612746, "Los Angeles", "Clippers", "LAC", 104]], "name": "LastMeeting"}, {"headers": ["GAME_ID", "TEAM_ID", "TEAM_ABBREVIATION", "TEAM_CITY", "PLAYER_ID", "PLAYER_NAME", "START_POSITION", "COMMENT", "MIN", "FGM", "FGA", "FG_PCT", "FG3M", "FG3A", "FG3_PCT", "FTM", "FTA", "FT_PCT", "OREB", "DREB", "REB", "AST", "STL", "BLK", "TO", "PF", "PTS", "PLUS_MINUS"], "rowSet": [["0021000077", 1610612746, "LAC", "Los Angeles", 101155, "Ryan Gomes", "F", "", "37:19", 2, 8, 0.25, 0, 4, 0.0, 1, 2, 0.5, 1, 4, 5, 2, 0, 1, 0, 1, 5, -10.0], ["0021000077", 1610612746, "LAC", "Los Angeles", 201933, "Blake Griffin", "F", "", "33:34", 11, 18, 0.611, 0, 0, 0.0, 4, 4, 1.0, 5, 5, 10, 3, 0, 0, 1, 1, 26, -5.0], ["0021000077", 1610612746, "LAC", "Los Angeles", 2549, "Chris Kaman", "C", "", "34:41", 5, 18, 0.278, 0, 0, 0.0, 0, 0, 0.0, 1, 7, 8, 3, 0, 1, 1, 2, 10, -6.0], ["0021000077", 1610612746, "LAC", "Los Angeles", 201569, "Eric Gordon", "G", "", "39:44", 6, 12, 0.5, 0, 4, 0.0, 9, 14, 0.643, 2, 3, 5, 5, 2, 0, 2, 1, 21, -15.0], ["0021000077", 1610612746, "LAC", "Los Angeles", 202339, "Eric Bledsoe", "G", "", "37:31", 6, 9, 0.667, 0, 0, 0.0, 0, 1, 0.0, 0, 2, 2, 13, 2, 0, 4, 2, 12, -8.0], ["0021000077", 1610612746, "LAC", "Los Angeles", 2446, "Rasual Butler", "", "", "19:01", 5, 10, 0.5, 2, 6, 0.333, 0, 1, 0.0, 0, 4, 4, 0, 0, 0, 0, 3, 12, -2.0], ["0021000077", 1610612746, "LAC", "Los Angeles", 201599, "DeAndre Jordan", "", "", "7:53", 0, 1, 0.0, 0, 1, 0.0, 0, 0, 0.0, 0, 1, 1, 0, 0, 0, 1, 3, 0, -4.0], ["0021000077", 1610612746, "LAC", "Los Angeles", 200783, "Craig Smith", "", "", "21:30", 8, 9, 0.889, 0, 0, 0.0, 2, 3, 0.667, 2, 2, 4, 1, 0, 0, 0, 3, 18, 6.0], ["0021000077", 1610612746, "LAC", "Los Angeles", 202329, "Al-Farouq Aminu", "", "", "8:47", 0, 1, 0.0, 0, 0, 0.0, 0, 0, 0.0, 0, 2, 2, 1, 2, 0, 1, 0, 0, 9.0], ["0021000077", 1610612746, "LAC", "Los Angeles", 2260, "Jarron Collins", "", "DNP - Coach's Decision", null, null, null, null, null, null, null, null, null, null, null, null, null, null, null, null, null, null, null, null], ["0021000077", 1610612746, "LAC", "Los Angeles", 2567, "Brian Cook", "", "DNP - Coach's Decision", null, null, null, null, null, null, null, null, null, null, null, null, null, null, null, null, null, null, null, null], ["0021000077", 1610612746, "LAC", "Los Angeles", 202378, "Willie Warren", "", "DNP - Coach's Decision", null, null, null, null, null, null, null, null, null, null, null, null, null, null, null, null, null, null, null, null], ["0021000077", 1610612743, "DEN", "Denver", 2546, "Carmelo Anthony", "F", "", "38:09", 14, 20, 0.7, 0, 1, 0.0, 2, 2, 1.0, 0, 5, 5, 6, 1, 0, 0, 3, 30, 14.0], ["0021000077", 1610612743, "DEN", "Denver", 2408, "Melvin Ely", "F", "", "29:48", 2, 4, 0.5, 0, 0, 0.0, 1, 2, 0.5, 0, 8, 8, 2, 1, 2, 0, 1, 5, 9.0], ["0021000077", 1610612743, "DEN", "Denver", 200749, "Shelden Williams", "C", "", "29:54", 4, 9, 0.444, 0, 0, 0.0, 4, 4, 1.0, 4, 2, 6, 0, 0, 1, 1, 2, 12, 1.0], ["0021000077", 1610612743, "DEN", "Denver", 201167, "Arron Afflalo", "G", "", "36:49", 4, 10, 0.4, 1, 5, 0.2, 7, 7, 1.0, 0, 5, 5, 5, 2, 0, 4, 2, 16, 4.0], ["0021000077", 1610612743, "DEN", "Denver", 1497, "Chauncey Billups", "G", "", "28:21", 4, 11, 0.364, 1, 4, 0.25, 3, 3, 1.0, 0, 0, 0, 7, 0, 0, 2, 1, 12, 14.0], ["0021000077", 1610612743, "DEN", "Denver", 1733, "Al Harrington", "", "", "31:11", 7, 12, 0.583, 2, 6, 0.333, 2, 2, 1.0, 1, 7, 8, 1, 1, 0, 2, 3, 18, 1.0], ["0021000077", 1610612743, "DEN", "Denver", 2747, "J.R. Smith", "", "", "25:49", 4, 9, 0.444, 1, 3, 0.333, 1, 1, 1.0, 1, 2, 3, 2, 1, 0, 0, 3, 10, -3.0], ["0021000077", 1610612743, "DEN", "Denver", 201951, "Ty Lawson", "", "", "19:59", 4, 8, 0.5, 0, 2, 0.0, 0, 1, 0.0, 2, 0, 2, 3, 0, 0, 0, 2, 8, -5.0], ["0021000077", 1610612743, "DEN", "Denver", 200764, "Renaldo Balkman", "", "DNP - Coach's Decision", null, null, null, null, null, null, null, null, null, null, null, null, null, null, null, null, null, null, null, null], ["0021000077", 1610612743, "DEN", "Denver", 1853, "Anthony Carter", "", "DNP - Coach's Decision", null, null, null, null, null, null, null, null, null, null, null, null, null, null, null, null, null, null, null, null], ["0021000077", 1610612743, "DEN", "Denver", 201814, "Gary Forbes", "", "DNP - Coach's Decision", null, null, null, null, null, null, null, null, null, null, null, null, null, null, null, null, null, null, null, null], ["0021000077", 1610612743, "DEN", "Denver", 2403, "Nene", "", "DND - INJ - Left (Adductor) Groin Strain", null, null, null, null, null, null, null, null, null, null, null, null, null, null, null, null, null, null, null, null]], "name": "PlayerStats"}, {"headers": ["GAME_ID", "TEAM_ID", "TEAM_NAME", "TEAM_ABBREVIATION", "TEAM_CITY", "MIN", "FGM", "FGA", "FG_PCT", "FG3M", "FG3A", "FG3_PCT", "FTM", "FTA", "FT_PCT", "OREB", "DREB", "REB", "AST", "STL", "BLK", "TO", "PF", "PTS", "PLUS_MINUS"], "rowSet": [["0021000077", 1610612746, "Clippers", "LAC", "Los Angeles", "240:00", 43, 86, 0.5, 2, 15, 0.133, 16, 25, 0.64, 11, 30, 41, 28, 6, 2, 10, 16, 104, -7.0], ["0021000077", 1610612743, "Nuggets", "DEN", "Denver", "240:00", 43, 83, 0.518, 5, 21, 0.238, 20, 22, 0.909, 8, 29, 37, 26, 6, 3, 9, 17, 111, 7.0]], "name": "TeamStats"}, {"headers": ["LEAGUE_ID", "SEASON_ID", "TEAM_ID", "TEAM_ABBREVIATION", "TEAM_CITY", "PTS_PAINT", "PTS_2ND_CHANCE", "PTS_FB", "LARGEST_LEAD", "LEAD_CHANGES", "TIMES_TIED"], "rowSet": [["00", "22010", 1610612746, "LAC", "Los Angeles", 60, 21, 22, 14, 1, 8], ["00", "22010", 1610612743, "DEN", "Denver", 50, 10, 12, 12, 1, 8]], "name": "OtherStats"}, {"headers": ["OFFICIAL_ID", "FIRST_NAME", "LAST_NAME", "JERSEY_NUM"], "rowSet": [[1201, "Leon", "Wood", "40"], [1164, "Ron", "Garretson", "10"], [201245, "Marat", "Kogut", "68"]], "name": "Officials"}, {"headers": ["GAME_DATE", "ATTENDANCE", "GAME_TIME"], "rowSet": [["FRIDAY, NOVEMBER 5, 2010", 15559, "2:23"]], "name": "GameInfo"}, {"headers": ["PLAYER_ID", "FIRST_NAME", "LAST_NAME", "JERSEY_NUM", "TEAM_ID", "TEAM_CITY", "TEAM_NAME", "TEAM_ABBREVIATION"], "rowSet": [[1884, "Baron", "Davis", " 5", 1610612746, "Los Angeles", "Clippers", "LAC"], [200751, "Randy", "Foye", " 4", 1610612746, "Los Angeles", "Clippers", "LAC"], [2030, "Kenyon", "Martin", " 4", 1610612743, "Denver", "Nuggets", "DEN"], [2365, "Chris", "Andersen", "11", 1610612743, "Denver", "Nuggets", "DEN"]], "name": "InactivePlayers"}, {"headers": ["VIDEO_AVAILABLE_FLAG"], "rowSet": [[0]], "name": "AvailableVideo"}], "parameters": {"GameID": "0021000077", "RangeType": 0, "StartPeriod": 0, "StartRange": 0, "EndPeriod": 0, "EndRange": 0}}