{"resource": "boxscore", "resultSets": [{"headers": ["GAME_DATE_EST", "GAME_SEQUENCE", "GAME_ID", "GAME_STATUS_ID", "GAME_STATUS_TEXT", "GAMECODE", "HOME_TEAM_ID", "VISITOR_TEAM_ID", "SEASON", "LIVE_PERIOD", "LIVE_PC_TIME", "NATL_TV_BROADCASTER_ABBREVIATION", "LIVE_PERIOD_TIME_BCAST", "WH_STATUS"], "rowSet": [["2010-11-02T00:00:00", 3, "0021000049", 3, "Final", "20101102/BOSDET", 1610612765, 1610612738, "2010", 4, "", null, "Q4  - ", 1]], "name": "GameSummary"}, {"headers": ["GAME_DATE_EST", "GAME_SEQUENCE", "GAME_ID", "TEAM_ID", "TEAM_ABBREVIATION", "TEAM_CITY_NAME", "TEAM_WINS_LOSSES", "PTS_QTR1", "PTS_QTR2", "PTS_QTR3", "PTS_QTR4", "PTS_OT1", "PTS_OT2", "PTS_OT3", "PTS_OT4", "PTS_OT5", "PTS_OT6", "PTS_OT7", "PTS_OT8", "PTS_OT9", "PTS_OT10", "PTS"], "rowSet": [["2010-11-02T00:00:00", 3, "0021000049", 1610612765, "DET", "Detroit", "0-4", 26, 18, 24, 18, 0, 0, 0, 0, 0, 0, 0, 0, 0, 0, 86], ["2010-11-02T00:00:00", 3, "0021000049", 1610612738, "BOS", "Boston", "3-1", 31, 26, 31, 21, 0, 0, 0, 0, 0, 0, 0, 0, 0, 0, 109]], "name": "LineScore"}, {"headers": ["GAME_ID", "HOME_TEAM_ID", "VISITOR_TEAM_ID", "GAME_DATE_EST", "HOME_TEAM_WINS", "HOME_TEAM_LOSSES", "SERIES_LEADER"], "rowSet": [["0021000049", 1610612765, 1610612738, "2010-11-02T00:00:00", 1, 3, "Boston"]], "name": "SeasonSeries"}, {"headers": ["GAME_ID", "LAST_GAME_ID", "LAST_GAME_DATE_EST", "LAST_GAME_HOME_TEAM_ID", "LAST_GAME_HOME_TEAM_CITY", "LAST_GAME_HOME_TEAM_NAME", "LAST_GAME_HOME_TEAM_ABBREVIATION", "LAST_GAME_HOME_TEAM_POINTS", "LAST_GAME_VISITOR_TEAM_ID", "LAST_GAME_VISITOR_TEAM_CITY", "LAST_GAME_VISITOR_TEAM_NAME", "LAST_GAME_VISITOR_TEAM_CITY1", "LAST_GAME_VISITOR_TEAM_POINTS"], "rowSet": [["0021000049", "0020900992", "2010-03-15T00:00:00", 1610612765, "Detroit", "Pistons", "DET", 93, 1610612738, "Boston", "Celtics", "BOS", 119]], "name": "LastMeeting"}, {"headers": ["GAME_ID", "TEAM_ID", "TEAM_ABBREVIATION", "TEAM_CITY", "PLAYER_ID", "PLAYER_NAME", "START_POSITION", "COMMENT", "MIN", "FGM", "FGA", "FG_PCT", "FG3M", "FG3A", "FG3_PCT", "FTM", "FTA", "FT_PCT", "OREB", "DREB", "REB", "AST", "STL", "BLK", "TO", "PF", "PTS", "PLUS_MINUS"], "rowSet": [["0021000049", 1610612738, "BOS", "Boston", 1718, "Paul Pierce", "F", "", "32:15", 8, 13, 0.615, 3, 7, 0.429, 2, 2, 1.0, 0, 5, 5, 3, 0, 1, 1, 1, 21, 22.0], ["0021000049", 1610612738, "BOS", "Boston", 708, "Kevin Garnett", "F", "", "32:35", 9, 12, 0.75, 0, 0, 0.0, 4, 4, 1.0, 0, 6, 6, 2, 1, 2, 0, 1, 22, 24.0], ["0021000049", 1610612738, "BOS", "Boston", 979, "Jermaine O'Neal", "C", "", "21:12", 5, 8, 0.625, 0, 0, 0.0, 2, 2, 1.0, 1, 1, 2, 0, 0, 2, 3, 3, 12, 11.0], ["0021000049", 1610612738, "BOS", "Boston", 951, "Ray Allen", "G", "", "33:43", 6, 14, 0.429, 2, 7, 0.286, 2, 2, 1.0, 3, 1, 4, 3, 1, 0, 1, 2, 16, 24.0], ["0021000049", 1610612738, "BOS", "Boston", 200765, "Rajon Rondo", "G", "", "35:32", 3, 7, 0.429, 1, 1, 1.0, 2, 2, 1.0, 0, 3, 3, 17, 4, 0, 0, 1, 9, 21.0], ["0021000049", 1610612738, "BOS", "Boston", 201175, "Glen Davis", "", "", "23:43", 3, 7, 0.429, 0, 0, 0.0, 4, 4, 1.0, 2, 3, 5, 1, 0, 0, 2, 1, 10, 10.0], ["0021000049", 1610612738, "BOS", "Boston", 101126, "Nate Robinson", "", "", "16:00", 1, 6, 0.167, 0, 3, 0.0, 0, 0, 0.0, 1, 0, 1, 3, 0, 0, 0, 3, 2, -1.0], ["0021000049", 1610612738, "BOS", "Boston", 201623, "Semih Erden", "", "", "15:25", 1, 1, 1.0, 0, 0, 0.0, 0, 0, 0.0, 1, 2, 3, 1, 0, 2, 1, 3, 2, -1.0], ["0021000049", 1610612738, "BOS", "Boston", 2605, "Marquis Daniels", "", "", "15:45", 3, 7, 0.429, 1, 1, 1.0, 2, 2, 1.0, 2, 3, 5, 0, 3, 0, 0, 2, 9, 1.0], ["0021000049", 1610612738, "BOS", "Boston", 101144, "Von Wafer", "", "", "10:45", 1, 4, 0.25, 0, 2, 0.0, 0, 0, 0.0, 0, 2, 2, 3, 1, 0, 0, 1, 2, 2.0], ["0021000049", 1610612738, "BOS", "Boston", 202376, "Luke Harangody", "", "", "3:05", 2, 2, 1.0, 0, 0, 0.0, 0, 0, 0.0, 0, 0, 0, 0, 0, 0, 0, 1, 4, 2.0], ["0021000049", 1610612738, "BOS", "Boston", 2753, "Delonte West", "", "NWT - SUSPENDED", null, null, null, null, null, null, null, null, null, null, null, null, null, null, null, null, null, null, null, null], ["0021000049", 1610612765, "DET", "Detroit", 2419, "Tayshaun Prince", "F", "", "32:22", 4, 8, 0.5, 0, 0, 0.0, 2, 2, 1.0, 0, 1, 1, 1, 0, 0, 2, 0, 10, -27.0], ["0021000049", 1610612765, "DET", "Detroit", 201948, "Austin Daye", "F", "", "26:33", 7, 14, 0.5, 1, 4, 0.25, 1, 2, 0.5, 1, 4, 5, 0, 0, 0, 2, 5, 16, -13.0], ["0021000049", 1610612765, "DET", "Detroit", 1112, "Ben Wallace", "C", "", "21:16", 2, 3, 0.667, 0, 0, 0.0, 2, 2, 1.0, 4, 4, 8, 1, 0, 0, 1, 2, 6, -13.0], ["0021000049", 1610612765, "DET", "Detroit", 2732, "Ben Gordon", "G", "", "32:49", 6, 10, 0.6, 0, 2, 0.0, 2, 3, 0.667, 0, 2, 2, 4, 0, 0, 2, 6, 14, -4.0], ["0021000049", 1610612765, "DET", "Detroit", 201155, "Rodney Stuckey", "G", "", "39:21", 6, 15, 0.4, 0, 0, 0.0, 3, 3, 1.0, 0, 1, 1, 3, 1, 0, 3, 1, 15, -9.0], ["0021000049", 1610612765, "DET", "Detroit", 101111, "Charlie Villanueva", "", "", "33:27", 7, 13, 0.538, 1, 3, 0.333, 2, 2, 1.0, 2, 5, 7, 0, 0, 2, 2, 1, 17, -13.0], ["0021000049", 1610612765, "DET", "Detroit", 1503, "Tracy McGrady", "", "", "7:55", 0, 1, 0.0, 0, 0, 0.0, 0, 0, 0.0, 0, 0, 0, 1, 0, 0, 0, 0, 0, -9.0], ["0021000049", 1610612765, "DET", "Detroit", 101131, "Jason Maxiell", "", "", "14:16", 0, 2, 0.0, 0, 0, 0.0, 1, 4, 0.25, 1, 1, 2, 1, 1, 0, 2, 1, 1, -9.0], ["0021000049", 1610612765, "DET", "Detroit", 201969, "DaJuan Summers", "", "", "13:45", 3, 6, 0.5, 0, 0, 0.0, 1, 2, 0.5, 0, 2, 2, 0, 0, 0, 2, 1, 7, -11.0], ["0021000049", 1610612765, "DET", "Detroit", 202328, "Greg Monroe", "", "", "18:16", 0, 6, 0.0, 0, 0, 0.0, 0, 0, 0.0, 3, 7, 10, 2, 0, 0, 1, 2, 0, -7.0], ["0021000049", 1610612765, "DET", "Detroit", 101198, "Will Bynum", "", "DND - SORE RIGHT HAMSTRING", null, null, null, null, null, null, null, null, null, null, null, null, null, null, null, null, null, null, null, null], ["0021000049", 1610612765, "DET", "Detroit", 1888, "Richard Hamilton", "", "DND - SORE RIGHT FOOT", null, null, null, null, null, null, null, null, null, null, null, null, null, null, null, null, null, null, null, null]], "name": "PlayerStats"}, {"headers": ["GAME_ID", "TEAM_ID", "TEAM_NAME", "TEAM_ABBREVIATION", "TEAM_CITY", "MIN", "FGM", "FGA", "FG_PCT", "FG3M", "FG3A", "FG3_PCT", "FTM", "FTA", "FT_PCT", "OREB", "DREB", "REB", "AST", "STL", "BLK", "TO", "PF", "PTS", "PLUS_MINUS"], "rowSet": [["0021000049", 1610612765, "Pistons", "DET", "Detroit", "240:00", 35, 78, 0.449, 2, 9, 0.222, 14, 20, 0.7, 11, 27, 38, 13, 2, 2, 17, 19, 86, -23.0], ["0021000049", 1610612738, "Celtics", "BOS", "Boston", "240:00", 42, 81, 0.519, 7, 21, 0.333, 18, 18, 1.0, 10, 26, 36, 33, 10, 7, 8, 19, 109, 23.0]], "name": "TeamStats"}, {"headers": ["LEAGUE_ID", "SEASON_ID", "TEAM_ID", "TEAM_ABBREVIATION", "TEAM_CITY", "PTS_PAINT", "PTS_2ND_CHANCE", "PTS_FB", "LARGEST_LEAD", "LEAD_CHANGES", "TIMES_TIED"], "rowSet": [["00", "22010", 1610612765, "DET", "Detroit", 38, 16, 8, 23, 0, 0], ["00", "22010", 1610612738, "BOS", "Boston", 46, 12, 16, 22, 0, 0]], "name": "OtherStats"}, {"headers": ["OFFICIAL_ID", "FIRST_NAME", "LAST_NAME", "JERSEY_NUM"], "rowSet": [[1185, "Violet", "Palmer", "12"], [1154, "Bob", "Delaney", "26"], [2002, "Derrick", "Collins", "11"]], "name": "Officials"}, {"headers": ["GAME_DATE", "ATTENDANCE", "GAME_TIME"], "rowSet": [["TUESDAY, NOVEMBER 2, 2010", 15313, "2:13"]], "name": "GameInfo"}, {"headers": ["PLAYER_ID", "FIRST_NAME", "LAST_NAME", "JERSEY_NUM", "TEAM_ID", "TEAM_CITY", "TEAM_NAME", "TEAM_ABBREVIATION"], "rowSet": [[406, "Shaquille", "O'Neal", "36", 1610612738, "Boston", "Celtics", "BOS"], [2570, "Kendrick", "Perkins", "43", 1610612738, "Boston", "Celtics", "BOS"], [202340, "Avery", "Bradley", "0", 1610612738, "Boston", "Celtics", "BOS"], [2404, "Chris", "Wilcox", "9", 1610612765, "Detroit", "Pistons", "DET"], [201973, "Jonas", "Jerebko", "33", 1610612765, "Detroit", "Pistons", "DET"], [202358, "Terrico", "White", "23", 1610612765, "Detroit", "Pistons", "DET"]], "name": "InactivePlayers"}, {"headers": ["VIDEO_AVAILABLE_FLAG"], "rowSet": [[0]], "name": "AvailableVideo"}], "parameters": {"GameID": "0021000049", "RangeType": 0, "StartPeriod": 0, "StartRange": 0, "EndPeriod": 0, "EndRange": 0}}