{"resource": "boxscore", "resultSets": [{"headers": ["GAME_DATE_EST", "GAME_SEQUENCE", "GAME_ID", "GAME_STATUS_ID", "GAME_STATUS_TEXT", "GAMECODE", "HOME_TEAM_ID", "VISITOR_TEAM_ID", "SEASON", "LIVE_PERIOD", "LIVE_PC_TIME", "NATL_TV_BROADCASTER_ABBREVIATION", "LIVE_PERIOD_TIME_BCAST", "WH_STATUS"], "rowSet": [["2010-10-27T00:00:00", 12, "0021000015", 3, "Final", "20101027/HOUGSW", 1610612744, 1610612745, "2010", 4, "", null, "Q4  - ", 1]], "name": "GameSummary"}, {"headers": ["GAME_DATE_EST", "GAME_SEQUENCE", "GAME_ID", "TEAM_ID", "TEAM_ABBREVIATION", "TEAM_CITY_NAME", "TEAM_WINS_LOSSES", "PTS_QTR1", "PTS_QTR2", "PTS_QTR3", "PTS_QTR4", "PTS_OT1", "PTS_OT2", "PTS_OT3", "PTS_OT4", "PTS_OT5", "PTS_OT6", "PTS_OT7", "PTS_OT8", "PTS_OT9", "PTS_OT10", "PTS"], "rowSet": [["2010-10-27T00:00:00", 12, "0021000015", 1610612745, "HOU", "Houston", "0-2", 31, 37, 28, 32, 0, 0, 0, 0, 0, 0, 0, 0, 0, 0, 128], ["2010-10-27T00:00:00", 12, "0021000015", 1610612744, "GSW", "Golden State", "1-0", 34, 33, 37, 28, 0, 0, 0, 0, 0, 0, 0, 0, 0, 0, 132]], "name": "LineScore"}, {"headers": ["GAME_ID", "HOME_TEAM_ID", "VISITOR_TEAM_ID", "GAME_DATE_EST", "HOME_TEAM_WINS", "HOME_TEAM_LOSSES", "SERIES_LEADER"], "rowSet": [["0021000015", 1610612744, 1610612745, "2010-10-27T00:00:00", 1, 3, "Houston"]], "name": "SeasonSeries"}, {"headers": ["GAME_ID", "LAST_GAME_ID", "LAST_GAME_DATE_EST", "LAST_GAME_HOME_TEAM_ID", "LAST_GAME_HOME_TEAM_CITY", "LAST_GAME_HOME_TEAM_NAME", "LAST_GAME_HOME_TEAM_ABBREVIATION", "LAST_GAME_HOME_TEAM_POINTS", "LAST_GAME_VISITOR_TEAM_ID", "LAST_GAME_VISITOR_TEAM_CITY", "LAST_GAME_VISITOR_TEAM_NAME", "LAST_GAME_VISITOR_TEAM_CITY1", "LAST_GAME_VISITOR_TEAM_POINTS"], "rowSet": [["0021000015", "0020900717", "2010-02-02T00:00:00", 1610612744, "Golden State", "Warriors", "GSW", 97, 1610612745, "Houston", "Rockets", "HOU", 119]], "name": "LastMeeting"}, {"headers": ["GAME_ID", "TEAM_ID", "TEAM_ABBREVIATION", "TEAM_CITY", "PLAYER_ID", "PLAYER_NAME", "START_POSITION", "COMMENT", "MIN", "FGM", "FGA", "FG_PCT", "FG3M", "FG3A", "FG3_PCT", "FTM", "FTA", "FT_PCT", "OREB", "DREB", "REB", "AST", "STL", "BLK", "TO", "PF", "PTS", "PLUS_MINUS"], "rowSet": [["0021000015", 1610612745, "HOU", "Houston", 2203, "Shane Battier", "F", "", "22:38", 3, 4, 0.75, 0, 1, 0.0, 0, 1, 0.0, 0, 2, 2, 3, 0, 0, 0, 2, 6, -3.0], ["0021000015", 1610612745, "HOU", "Houston", 2449, "Luis Scola", "F", "", "37:33", 14, 24, 0.583, 0, 0, 0.0, 8, 12, 0.667, 4, 12, 16, 0, 1, 1, 0, 0, 36, -10.0], ["0021000015", 1610612745, "HOU", "Houston", 101236, "Charles Hayes", "C", "", "39:06", 8, 12, 0.667, 0, 0, 0.0, 0, 2, 0.0, 4, 4, 8, 6, 1, 0, 3, 5, 16, -7.0], ["0021000015", 1610612745, "HOU", "Houston", 2755, "Kevin Martin", "G", "", "34:55", 5, 14, 0.357, 1, 4, 0.25, 17, 17, 1.0, 0, 0, 0, 4, 1, 1, 1, 0, 28, -6.0], ["0021000015", 1610612745, "HOU", "Houston", 201166, "Aaron Brooks", "G", "", "35:54", 4, 15, 0.267, 2, 8, 0.25, 3, 4, 0.75, 1, 2, 3, 7, 2, 0, 3, 5, 13, -2.0], ["0021000015", 1610612745, "HOU", "Houston", 2407, "Jared Jeffries", "", "", "15:44", 3, 6, 0.5, 0, 0, 0.0, 1, 1, 1.0, 5, 3, 8, 1, 2, 0, 0, 3, 7, 6.0], ["0021000015", 1610612745, "HOU", "Houston", 201978, "Chase Budinger", "", "", "20:01", 2, 5, 0.4, 1, 3, 0.333, 2, 4, 0.5, 0, 1, 1, 1, 1, 0, 1, 2, 7, 5.0], ["0021000015", 1610612745, "HOU", "Houston", 201584, "Courtney Lee", "", "", "22:52", 1, 3, 0.333, 0, 0, 0.0, 9, 9, 1.0, 1, 0, 1, 1, 1, 0, 0, 3, 11, -2.0], ["0021000015", 1610612745, "HOU", "Houston", 202397, "Ish Smith", "", "", "8:22", 1, 4, 0.25, 0, 0, 0.0, 0, 0, 0.0, 0, 0, 0, 1, 0, 0, 1, 0, 2, 0.0], ["0021000015", 1610612745, "HOU", "Houston", 1802, "Brad Miller", "", "", "2:57", 0, 0, 0.0, 0, 0, 0.0, 2, 2, 1.0, 0, 0, 0, 0, 0, 0, 0, 0, 2, -1.0], ["0021000015", 1610612745, "HOU", "Houston", 201941, "Jordan Hill", "", "DNP - Coach's Decision", null, null, null, null, null, null, null, null, null, null, null, null, null, null, null, null, null, null, null, null], ["0021000015", 1610612745, "HOU", "Houston", 201966, "Jermaine Taylor", "", "DNP - Coach's Decision", null, null, null, null, null, null, null, null, null, null, null, null, null, null, null, null, null, null, null, null], ["0021000015", 1610612744, "GSW", "Golden State", 2748, "Dorell Wright", "F", "", "35:55", 6, 14, 0.429, 3, 6, 0.5, 0, 0, 0.0, 1, 2, 3, 2, 2, 1, 2, 2, 15, 10.0], ["0021000015", 1610612744, "GSW", "Golden State", 101135, "David Lee", "F", "", "39:42", 6, 11, 0.545, 0, 0, 0.0, 5, 6, 0.833, 3, 12, 15, 6, 0, 1, 3, 3, 17, 10.0], ["0021000015", 1610612744, "GSW", "Golden State", 2740, "Andris Biedrins", "C", "", "26:52", 4, 6, 0.667, 0, 0, 0.0, 0, 0, 0.0, 4, 7, 11, 1, 1, 2, 0, 6, 8, 10.0], ["0021000015", 1610612744, "GSW", "Golden State", 101145, "Monta Ellis", "G", "", "39:45", 18, 24, 0.75, 1, 2, 0.5, 9, 12, 0.75, 0, 3, 3, 2, 2, 0, 1, 4, 46, 9.0], ["0021000015", 1610612744, "GSW", "Golden State", 201939, "Stephen Curry", "G", "", "39:04", 9, 16, 0.563, 3, 6, 0.5, 4, 4, 1.0, 1, 1, 2, 11, 0, 1, 5, 4, 25, 4.0], ["0021000015", 1610612744, "GSW", "Golden State", 2209, "Vladimir Radmanovic", "", "", "6:24", 0, 3, 0.0, 0, 1, 0.0, 0, 0, 0.0, 1, 0, 1, 2, 0, 0, 0, 1, 0, -1.0], ["0021000015", 1610612744, "GSW", "Golden State", 202130, "Reggie Williams", "", "", "16:37", 3, 6, 0.5, 1, 2, 0.5, 0, 0, 0.0, 0, 3, 3, 0, 0, 0, 0, 3, 7, -8.0], ["0021000015", 1610612744, "GSW", "Golden State", 200760, "Rodney Carney", "", "", "16:47", 2, 7, 0.286, 0, 3, 0.0, 4, 4, 1.0, 3, 1, 4, 1, 0, 1, 0, 2, 8, -12.0], ["0021000015", 1610612744, "GSW", "Golden State", 201148, "Brandan Wright", "", "", "10:44", 2, 4, 0.5, 0, 0, 0.0, 0, 0, 0.0, 1, 1, 2, 0, 0, 1, 1, 1, 4, 0.0], ["0021000015", 1610612744, "GSW", "Golden State", 202399, "Jeff Adrien", "", "", "0:48", 0, 0, 0.0, 0, 0, 0.0, 0, 0, 0.0, 0, 1, 1, 0, 0, 0, 0, 1, 0, 3.0], ["0021000015", 1610612744, "GSW", "Golden State", 2429, "Dan Gadzuric", "", "", "2:52", 1, 1, 1.0, 0, 0, 0.0, 0, 0, 0.0, 0, 0, 0, 0, 0, 0, 0, 2, 2, -2.0], ["0021000015", 1610612744, "GSW", "Golden State", 2294, "Charlie Bell", "", "", "4:32", 0, 0, 0.0, 0, 0, 0.0, 0, 0, 0.0, 0, 0, 0, 0, 0, 0, 0, 1, 0, -3.0]], "name": "PlayerStats"}, {"headers": ["GAME_ID", "TEAM_ID", "TEAM_NAME", "TEAM_ABBREVIATION", "TEAM_CITY", "MIN", "FGM", "FGA", "FG_PCT", "FG3M", "FG3A", "FG3_PCT", "FTM", "FTA", "FT_PCT", "OREB", "DREB", "REB", "AST", "STL", "BLK", "TO", "PF", "PTS", "PLUS_MINUS"], "rowSet": [["0021000015", 1610612745, "Rockets", "HOU", "Houston", "240:00", 41, 87, 0.471, 4, 16, 0.25, 42, 52, 0.808, 15, 24, 39, 24, 9, 2, 9, 20, 128, -4.0], ["0021000015", 1610612744, "Warriors", "GSW", "Golden State", "240:00", 51, 92, 0.554, 8, 20, 0.4, 22, 26, 0.846, 14, 31, 45, 25, 5, 7, 12, 30, 132, 4.0]], "name": "TeamStats"}, {"headers": ["LEAGUE_ID", "SEASON_ID", "TEAM_ID", "TEAM_ABBREVIATION", "TEAM_CITY", "PTS_PAINT", "PTS_2ND_CHANCE", "PTS_FB", "LARGEST_LEAD", "LEAD_CHANGES", "TIMES_TIED"], "rowSet": [["00", "22010", 1610612744, "GSW", "Golden State", 48, 18, 27, 11, 11, 13], ["00", "22010", 1610612745, "HOU", "Houston", 66, 21, 20, 12, 11, 13]], "name": "OtherStats"}, {"headers": ["OFFICIAL_ID", "FIRST_NAME", "LAST_NAME", "JERSEY_NUM"], "rowSet": [[1200, "Greg", "Willard", "57"], [2148, "Mark", "Ayotte", "56"], [2003, "Pat", "Fraher", "52"]], "name": "Officials"}, {"headers": ["GAME_DATE", "ATTENDANCE", "GAME_TIME"], "rowSet": [["WEDNESDAY, OCTOBER 27, 2010", 18428, "2:26"]], "name": "GameInfo"}, {"headers": ["PLAYER_ID", "FIRST_NAME", "LAST_NAME", "JERSEY_NUM", "TEAM_ID", "TEAM_CITY", "TEAM_NAME", "TEAM_ABBREVIATION"], "rowSet": [[2397, "Ming", "Yao", "11", 1610612745, "Houston", "Rockets", "HOU"], [200768, "Kyle", "Lowry", " 7", 1610612745, "Houston", "Rockets", "HOU"], [202335, "Patrick", "Patterson", "54", 1610612745, "Houston", "Rockets", "HOU"], [200811, "Lou", "Amundson", "19", 1610612744, "Golden State", "Warriors", "GSW"], [202391, "Jeremy", "Lin", " 7", 1610612744, "Golden State", "Warriors", "GSW"], [202327, "Ekpe", "Udoh", "20", 1610612744, "Golden State", "Warriors", "GSW"]], "name": "InactivePlayers"}, {"headers": ["VIDEO_AVAILABLE_FLAG"], "rowSet": [[0]], "name": "AvailableVideo"}], "parameters": {"GameID": "0021000015", "RangeType": 0, "StartPeriod": 0, "StartRange": 0, "EndPeriod": 0, "EndRange": 0}}