{"resource": "boxscore", "resultSets": [{"headers": ["GAME_DATE_EST", "GAME_SEQUENCE", "GAME_ID", "GAME_STATUS_ID", "GAME_STATUS_TEXT", "GAMECODE", "HOME_TEAM_ID", "VISITOR_TEAM_ID", "SEASON", "LIVE_PERIOD", "LIVE_PC_TIME", "NATL_TV_BROADCASTER_ABBREVIATION", "LIVE_PERIOD_TIME_BCAST", "WH_STATUS"], "rowSet": [["2010-11-03T00:00:00", 7, "0021000060", 3, "Final", "20101103/DALDEN", 1610612743, 1610612742, "2010", 4, "", null, "Q4  - ", 1]], "name": "GameSummary"}, {"headers": ["GAME_DATE_EST", "GAME_SEQUENCE", "GAME_ID", "TEAM_ID", "TEAM_ABBREVIATION", "TEAM_CITY_NAME", "TEAM_WINS_LOSSES", "PTS_QTR1", "PTS_QTR2", "PTS_QTR3", "PTS_QTR4", "PTS_OT1", "PTS_OT2", "PTS_OT3", "PTS_OT4", "PTS_OT5", "PTS_OT6", "PTS_OT7", "PTS_OT8", "PTS_OT9", "PTS_OT10", "PTS"], "rowSet": [["2010-11-03T00:00:00", 7, "0021000060", 1610612743, "DEN", "Denver", "2-2", 27, 25, 28, 21, 0, 0, 0, 0, 0, 0, 0, 0, 0, 0, 101], ["2010-11-03T00:00:00", 7, "0021000060", 1610612742, "DAL", "Dallas", "3-1", 23, 27, 34, 18, 0, 0, 0, 0, 0, 0, 0, 0, 0, 0, 102]], "name": "LineScore"}, {"headers": ["GAME_ID", "HOME_TEAM_ID", "VISITOR_TEAM_ID", "GAME_DATE_EST", "HOME_TEAM_WINS", "HOME_TEAM_LOSSES", "SERIES_LEADER"], "rowSet": [["0021000060", 1610612743, 1610612742, "2010-11-03T00:00:00", 3, 1, "Denver"]], "name": "SeasonSeries"}, {"headers": ["GAME_ID", "LAST_GAME_ID", "LAST_GAME_DATE_EST", "LAST_GAME_HOME_TEAM_ID", "LAST_GAME_HOME_TEAM_CITY", "LAST_GAME_HOME_TEAM_NAME", "LAST_GAME_HOME_TEAM_ABBREVIATION", "LAST_GAME_HOME_TEAM_POINTS", "LAST_GAME_VISITOR_TEAM_ID", "LAST_GAME_VISITOR_TEAM_CITY", "LAST_GAME_VISITOR_TEAM_NAME", "LAST_GAME_VISITOR_TEAM_CITY1", "LAST_GAME_VISITOR_TEAM_POINTS"], "rowSet": [["0021000060", "0020901100", "2010-03-29T00:00:00", 1610612743, "Denver", "Nuggets", "DEN", 93, 1610612742, "Dallas", "Mavericks", "DAL", 109]], "name": "LastMeeting"}, {"headers": ["GAME_ID", "TEAM_ID", "TEAM_ABBREVIATION", "TEAM_CITY", "PLAYER_ID", "PLAYER_NAME", "START_POSITION", "COMMENT", "MIN", "FGM", "FGA", "FG_PCT", "FG3M", "FG3A", "FG3_PCT", "FTM", "FTA", "FT_PCT", "OREB", "DREB", "REB", "AST", "STL", "BLK", "TO", "PF", "PTS", "PLUS_MINUS"], "rowSet": [["0021000060", 1610612742, "DAL", "Dallas", 2406, "Caron Butler", "F", "", "34:55", 7, 14, 0.5, 2, 3, 0.667, 0, 0, 0.0, 2, 5, 7, 1, 1, 0, 0, 5, 16, -2.0], ["0021000060", 1610612742, "DAL", "Dallas", 1717, "Dirk Nowitzki", "F", "", "39:00", 15, 31, 0.484, 0, 0, 0.0, 5, 6, 0.833, 2, 10, 12, 3, 1, 0, 2, 3, 35, 8.0], ["0021000060", 1610612742, "DAL", "Dallas", 2199, "Tyson Chandler", "C", "", "29:16", 3, 3, 1.0, 0, 0, 0.0, 3, 4, 0.75, 3, 6, 9, 1, 0, 1, 1, 3, 9, 9.0], ["0021000060", 1610612742, "DAL", "Dallas", 1891, "Jason Terry", "G", "", "37:35", 6, 13, 0.462, 4, 5, 0.8, 4, 4, 1.0, 0, 3, 3, 4, 1, 0, 4, 2, 20, 5.0], ["0021000060", 1610612742, "DAL", "Dallas", 467, "Jason Kidd", "G", "", "38:18", 1, 6, 0.167, 1, 4, 0.25, 0, 0, 0.0, 3, 0, 3, 12, 3, 1, 1, 2, 3, 2.0], ["0021000060", 1610612742, "DAL", "Dallas", 202346, "Dominique Jones", "", "", "3:43", 0, 1, 0.0, 0, 0, 0.0, 0, 0, 0.0, 0, 0, 0, 0, 0, 0, 0, 0, 0, -1.0], ["0021000060", 1610612742, "DAL", "Dallas", 1890, "Shawn Marion", "", "", "22:05", 3, 8, 0.375, 0, 0, 0.0, 2, 2, 1.0, 1, 5, 6, 1, 0, 2, 0, 0, 8, -4.0], ["0021000060", 1610612742, "DAL", "Dallas", 2217, "Brendan Haywood", "", "", "15:46", 1, 2, 0.5, 0, 0, 0.0, 0, 0, 0.0, 1, 3, 4, 0, 0, 1, 2, 0, 2, -4.0], ["0021000060", 1610612742, "DAL", "Dallas", 200826, "Jose Juan Barea", "", "", "16:24", 3, 5, 0.6, 0, 2, 0.0, 3, 3, 1.0, 0, 0, 0, 0, 0, 0, 3, 2, 9, -4.0], ["0021000060", 1610612742, "DAL", "Dallas", 2073, "Brian Cardinal", "", "", "2:58", 0, 1, 0.0, 0, 1, 0.0, 0, 0, 0.0, 0, 1, 1, 0, 0, 0, 0, 0, 0, -4.0], ["0021000060", 1610612742, "DAL", "Dallas", 101133, "Ian Mahinmi", "", "DNP - Coach's Decision", null, null, null, null, null, null, null, null, null, null, null, null, null, null, null, null, null, null, null, null], ["0021000060", 1610612742, "DAL", "Dallas", 2052, "DeShawn Stevenson", "", "DNP - Coach's Decision", null, null, null, null, null, null, null, null, null, null, null, null, null, null, null, null, null, null, null, null], ["0021000060", 1610612743, "DEN", "Denver", 2546, "Carmelo Anthony", "F", "", "42:16", 8, 19, 0.421, 1, 3, 0.333, 3, 4, 0.75, 6, 9, 15, 3, 0, 1, 3, 4, 20, -5.0], ["0021000060", 1610612743, "DEN", "Denver", 201814, "Gary Forbes", "F", "", "23:42", 6, 12, 0.5, 0, 2, 0.0, 0, 0, 0.0, 1, 2, 3, 2, 1, 1, 1, 2, 12, -3.0], ["0021000060", 1610612743, "DEN", "Denver", 200749, "Shelden Williams", "C", "", "21:14", 2, 3, 0.667, 0, 0, 0.0, 2, 2, 1.0, 2, 4, 6, 1, 0, 0, 0, 2, 6, -1.0], ["0021000060", 1610612743, "DEN", "Denver", 201167, "Arron Afflalo", "G", "", "41:07", 7, 11, 0.636, 3, 4, 0.75, 0, 0, 0.0, 1, 4, 5, 2, 1, 1, 2, 5, 17, -1.0], ["0021000060", 1610612743, "DEN", "Denver", 1497, "Chauncey Billups", "G", "", "34:34", 5, 12, 0.417, 4, 9, 0.444, 2, 2, 1.0, 1, 2, 3, 4, 1, 0, 3, 1, 16, -8.0], ["0021000060", 1610612743, "DEN", "Denver", 1733, "Al Harrington", "", "", "31:59", 7, 15, 0.467, 1, 4, 0.25, 1, 1, 1.0, 1, 1, 2, 2, 3, 0, 0, 4, 16, 2.0], ["0021000060", 1610612743, "DEN", "Denver", 2747, "J.R. Smith", "", "", "16:57", 2, 8, 0.25, 1, 4, 0.25, 0, 0, 0.0, 1, 2, 3, 2, 1, 0, 1, 0, 5, 6.0], ["0021000060", 1610612743, "DEN", "Denver", 201951, "Ty Lawson", "", "", "28:12", 4, 9, 0.444, 0, 2, 0.0, 1, 3, 0.333, 0, 2, 2, 9, 0, 0, 1, 3, 9, 5.0], ["0021000060", 1610612743, "DEN", "Denver", 200764, "Renaldo Balkman", "", "DNP - Coach's Decision", null, null, null, null, null, null, null, null, null, null, null, null, null, null, null, null, null, null, null, null], ["0021000060", 1610612743, "DEN", "Denver", 1853, "Anthony Carter", "", "DNP - Coach's Decision", null, null, null, null, null, null, null, null, null, null, null, null, null, null, null, null, null, null, null, null], ["0021000060", 1610612743, "DEN", "Denver", 2408, "Melvin Ely", "", "DNP - Coach's Decision", null, null, null, null, null, null, null, null, null, null, null, null, null, null, null, null, null, null, null, null], ["0021000060", 1610612743, "DEN", "Denver", 2403, "Nene", "", "DND - INJ - Strained Left Groin", null, null, null, null, null, null, null, null, null, null, null, null, null, null, null, null, null, null, null, null]], "name": "PlayerStats"}, {"headers": ["GAME_ID", "TEAM_ID", "TEAM_NAME", "TEAM_ABBREVIATION", "TEAM_CITY", "MIN", "FGM", "FGA", "FG_PCT", "FG3M", "FG3A", "FG3_PCT", "FTM", "FTA", "FT_PCT", "OREB", "DREB", "REB", "AST", "STL", "BLK", "TO", "PF", "PTS", "PLUS_MINUS"], "rowSet": [["0021000060", 1610612743, "Nuggets", "DEN", "Denver", "240:00", 41, 89, 0.461, 10, 28, 0.357, 9, 12, 0.75, 13, 26, 39, 25, 7, 3, 11, 21, 101, -1.0], ["0021000060", 1610612742, "Mavericks", "DAL", "Dallas", "240:00", 39, 84, 0.464, 7, 15, 0.467, 17, 19, 0.895, 12, 33, 45, 22, 6, 5, 13, 17, 102, 1.0]], "name": "TeamStats"}, {"headers": ["LEAGUE_ID", "SEASON_ID", "TEAM_ID", "TEAM_ABBREVIATION", "TEAM_CITY", "PTS_PAINT", "PTS_2ND_CHANCE", "PTS_FB", "LARGEST_LEAD", "LEAD_CHANGES", "TIMES_TIED"], "rowSet": [["00", "22010", 1610612743, "DEN", "Denver", 52, 14, 18, 11, 4, 5], ["00", "22010", 1610612742, "DAL", "Dallas", 42, 20, 13, 10, 4, 5]], "name": "OtherStats"}, {"headers": ["OFFICIAL_ID", "FIRST_NAME", "LAST_NAME", "JERSEY_NUM"], "rowSet": [[1200, "Greg", "Willard", "57"], [2004, "Courtney", "Kirkland", "61"], [201640, "Kane", "Fitzgerald", "35"]], "name": "Officials"}, {"headers": ["GAME_DATE", "ATTENDANCE", "GAME_TIME"], "rowSet": [["WEDNESDAY, NOVEMBER 3, 2010", 14159, "2:15"]], "name": "GameInfo"}, {"headers": ["PLAYER_ID", "FIRST_NAME", "LAST_NAME", "JERSEY_NUM", "TEAM_ID", "TEAM_CITY", "TEAM_NAME", "TEAM_ABBREVIATION"], "rowSet": [[200779, "Steve", "Novak", "21", 1610612742, "Dallas", "Mavericks", "DAL"], [201582, "Alexis", "Ajinca", " 8", 1610612742, "Dallas", "Mavericks", "DAL"], [201958, "Rodrigue", "Beaubois", " 3", 1610612742, "Dallas", "Mavericks", "DAL"], [2030, "Kenyon", "Martin", " 4", 1610612743, "Denver", "Nuggets", "DEN"], [2365, "Chris", "Andersen", "11", 1610612743, "Denver", "Nuggets", "DEN"]], "name": "InactivePlayers"}, {"headers": ["VIDEO_AVAILABLE_FLAG"], "rowSet": [[0]], "name": "AvailableVideo"}], "parameters": {"GameID": "0021000060", "RangeType": 0, "StartPeriod": 0, "StartRange": 0, "EndPeriod": 0, "EndRange": 0}}