{"resource": "boxscore", "resultSets": [{"headers": ["GAME_DATE_EST", "GAME_SEQUENCE", "GAME_ID", "GAME_STATUS_ID", "GAME_STATUS_TEXT", "GAMECODE", "HOME_TEAM_ID", "VISITOR_TEAM_ID", "SEASON", "LIVE_PERIOD", "LIVE_PC_TIME", "NATL_TV_BROADCASTER_ABBREVIATION", "LIVE_PERIOD_TIME_BCAST", "WH_STATUS"], "rowSet": [["2010-11-06T00:00:00", 1, "0021000080", 3, "Final", "20101106/ORLCHA", 1610612766, 1610612753, "2010", 4, "", null, "Q4  - ", 1]], "name": "GameSummary"}, {"headers": ["GAME_DATE_EST", "GAME_SEQUENCE", "GAME_ID", "TEAM_ID", "TEAM_ABBREVIATION", "TEAM_CITY_NAME", "TEAM_WINS_LOSSES", "PTS_QTR1", "PTS_QTR2", "PTS_QTR3", "PTS_QTR4", "PTS_OT1", "PTS_OT2", "PTS_OT3", "PTS_OT4", "PTS_OT5", "PTS_OT6", "PTS_OT7", "PTS_OT8", "PTS_OT9", "PTS_OT10", "PTS"], "rowSet": [["2010-11-06T00:00:00", 1, "0021000080", 1610612766, "CHA", "Charlotte", "1-5", 15, 21, 26, 26, 0, 0, 0, 0, 0, 0, 0, 0, 0, 0, 88], ["2010-11-06T00:00:00", 1, "0021000080", 1610612753, "ORL", "Orlando", "4-1", 23, 20, 30, 18, 0, 0, 0, 0, 0, 0, 0, 0, 0, 0, 91]], "name": "LineScore"}, {"headers": ["GAME_ID", "HOME_TEAM_ID", "VISITOR_TEAM_ID", "GAME_DATE_EST", "HOME_TEAM_WINS", "HOME_TEAM_LOSSES", "SERIES_LEADER"], "rowSet": [["0021000080", 1610612766, 1610612753, "2010-11-06T00:00:00", 0, 4, "Orlando"]], "name": "SeasonSeries"}, {"headers": ["GAME_ID", "LAST_GAME_ID", "LAST_GAME_DATE_EST", "LAST_GAME_HOME_TEAM_ID", "LAST_GAME_HOME_TEAM_CITY", "LAST_GAME_HOME_TEAM_NAME", "LAST_GAME_HOME_TEAM_ABBREVIATION", "LAST_GAME_HOME_TEAM_POINTS", "LAST_GAME_VISITOR_TEAM_ID", "LAST_GAME_VISITOR_TEAM_CITY", "LAST_GAME_VISITOR_TEAM_NAME", "LAST_GAME_VISITOR_TEAM_CITY1", "LAST_GAME_VISITOR_TEAM_POINTS"], "rowSet": [["0021000080", "0011000062", "2010-10-14T00:00:00", 1610612766, "Charlotte", "Bobcats", "CHA", 73, 1610612753, "Orlando", "Magic", "ORL", 86]], "name": "LastMeeting"}, {"headers": ["GAME_ID", "TEAM_ID", "TEAM_ABBREVIATION", "TEAM_CITY", "PLAYER_ID", "PLAYER_NAME", "START_POSITION", "COMMENT", "MIN", "FGM", "FGA", "FG_PCT", "FG3M", "FG3A", "FG3_PCT", "FTM", "FTA", "FT_PCT", "OREB", "DREB", "REB", "AST", "STL", "BLK", "TO", "PF", "PTS", "PLUS_MINUS"], "rowSet": [["0021000080", 1610612753, "ORL", "Orlando", 2047, "Quentin Richardson", "F", "", "35:28", 5, 17, 0.294, 3, 10, 0.3, 1, 2, 0.5, 1, 2, 3, 1, 0, 1, 1, 1, 14, 8.0], ["0021000080", 1610612753, "ORL", "Orlando", 1740, "Rashard Lewis", "F", "", "34:24", 8, 13, 0.615, 5, 7, 0.714, 1, 1, 1.0, 2, 4, 6, 0, 0, 0, 0, 0, 22, 4.0], ["0021000080", 1610612753, "ORL", "Orlando", 2730, "Dwight Howard", "C", "", "31:15", 8, 15, 0.533, 0, 0, 0.0, 6, 10, 0.6, 1, 7, 8, 4, 0, 2, 2, 5, 22, 9.0], ["0021000080", 1610612753, "ORL", "Orlando", 1713, "Vince Carter", "G", "", "36:12", 4, 11, 0.364, 0, 4, 0.0, 2, 4, 0.5, 1, 4, 5, 4, 2, 1, 1, 1, 10, 15.0], ["0021000080", 1610612753, "ORL", "Orlando", 2768, "Chris Duhon", "G", "", "34:15", 2, 6, 0.333, 0, 2, 0.0, 0, 0, 0.0, 0, 3, 3, 9, 1, 1, 0, 0, 4, 8.0], ["0021000080", 1610612753, "ORL", "Orlando", 101138, "Brandon Bass", "", "", "13:36", 2, 4, 0.5, 0, 0, 0.0, 3, 4, 0.75, 1, 2, 3, 2, 0, 0, 0, 2, 7, -1.0], ["0021000080", 1610612753, "ORL", "Orlando", 1715, "Jason Williams", "", "", "13:45", 1, 4, 0.25, 1, 2, 0.5, 0, 0, 0.0, 0, 0, 0, 1, 1, 0, 0, 0, 3, -5.0], ["0021000080", 1610612753, "ORL", "Orlando", 101162, "Marcin Gortat", "", "", "16:45", 3, 5, 0.6, 0, 0, 0.0, 0, 0, 0.0, 1, 5, 6, 0, 0, 1, 2, 1, 6, -6.0], ["0021000080", 1610612753, "ORL", "Orlando", 2554, "Mickael Pietrus", "", "", "17:25", 1, 4, 0.25, 1, 4, 0.25, 0, 0, 0.0, 0, 3, 3, 0, 0, 0, 1, 0, 3, -10.0], ["0021000080", 1610612753, "ORL", "Orlando", 200755, "JJ Redick", "", "", "6:55", 0, 3, 0.0, 0, 3, 0.0, 0, 0, 0.0, 0, 0, 0, 1, 0, 0, 0, 1, 0, -7.0], ["0021000080", 1610612753, "ORL", "Orlando", 2124, "Malik Allen", "", "DNP - Coach's Decision", null, null, null, null, null, null, null, null, null, null, null, null, null, null, null, null, null, null, null, null], ["0021000080", 1610612753, "ORL", "Orlando", 201583, "Ryan Anderson", "", "DNP - Coach's Decision", null, null, null, null, null, null, null, null, null, null, null, null, null, null, null, null, null, null, null, null], ["0021000080", 1610612766, "CHA", "Charlotte", 2222, "Gerald Wallace", "F", "", "42:38", 9, 15, 0.6, 4, 4, 1.0, 3, 4, 0.75, 0, 14, 14, 2, 0, 0, 0, 0, 25, -7.0], ["0021000080", 1610612766, "CHA", "Charlotte", 2564, "Boris Diaw", "F", "", "37:23", 3, 8, 0.375, 0, 1, 0.0, 0, 0, 0.0, 1, 4, 5, 2, 0, 0, 2, 2, 6, -2.0], ["0021000080", 1610612766, "CHA", "Charlotte", 1737, "Nazr Mohammed", "C", "", "22:26", 5, 9, 0.556, 0, 0, 0.0, 2, 2, 1.0, 1, 4, 5, 0, 0, 1, 2, 3, 12, -12.0], ["0021000080", 1610612766, "CHA", "Charlotte", 1536, "Stephen Jackson", "G", "", "41:22", 7, 19, 0.368, 2, 8, 0.25, 0, 0, 0.0, 0, 2, 2, 6, 3, 0, 4, 3, 16, 0.0], ["0021000080", 1610612766, "CHA", "Charlotte", 201571, "D.J. Augustin", "G", "", "32:33", 4, 8, 0.5, 0, 2, 0.0, 1, 1, 1.0, 0, 3, 3, 8, 0, 0, 1, 3, 9, -8.0], ["0021000080", 1610612766, "CHA", "Charlotte", 2205, "DeSagana Diop", "", "", "11:51", 0, 2, 0.0, 0, 0, 0.0, 0, 0, 0.0, 1, 2, 3, 2, 0, 2, 2, 4, 0, -3.0], ["0021000080", 1610612766, "CHA", "Charlotte", 200748, "Tyrus Thomas", "", "", "15:00", 3, 4, 0.75, 0, 0, 0.0, 4, 4, 1.0, 0, 4, 4, 0, 0, 2, 3, 4, 10, 5.0], ["0021000080", 1610612766, "CHA", "Charlotte", 2733, "Shaun Livingston", "", "", "16:44", 2, 5, 0.4, 0, 0, 0.0, 0, 0, 0.0, 0, 0, 0, 1, 0, 0, 1, 2, 4, 2.0], ["0021000080", 1610612766, "CHA", "Charlotte", 201945, "Gerald Henderson", "", "", "10:43", 2, 2, 1.0, 0, 0, 0.0, 0, 0, 0.0, 0, 3, 3, 1, 0, 1, 1, 0, 4, 4.0], ["0021000080", 1610612766, "CHA", "Charlotte", 201974, "Derrick Brown", "", "", "9:20", 1, 3, 0.333, 0, 0, 0.0, 0, 0, 0.0, 0, 1, 1, 0, 0, 0, 0, 1, 2, 6.0], ["0021000080", 1610612766, "CHA", "Charlotte", 2679, "Matt Carroll", "", "DNP - Coach's Decision", null, null, null, null, null, null, null, null, null, null, null, null, null, null, null, null, null, null, null, null], ["0021000080", 1610612766, "CHA", "Charlotte", 202395, "Sherron Collins", "", "DNP - Coach's Decision", null, null, null, null, null, null, null, null, null, null, null, null, null, null, null, null, null, null, null, null]], "name": "PlayerStats"}, {"headers": ["GAME_ID", "TEAM_ID", "TEAM_NAME", "TEAM_ABBREVIATION", "TEAM_CITY", "MIN", "FGM", "FGA", "FG_PCT", "FG3M", "FG3A", "FG3_PCT", "FTM", "FTA", "FT_PCT", "OREB", "DREB", "REB", "AST", "STL", "BLK", "TO", "PF", "PTS", "PLUS_MINUS"], "rowSet": [["0021000080", 1610612753, "Magic", "ORL", "Orlando", "240:00", 34, 82, 0.415, 10, 32, 0.313, 13, 21, 0.619, 7, 30, 37, 22, 4, 6, 7, 11, 91, 3.0], ["0021000080", 1610612766, "Bobcats", "CHA", "Charlotte", "240:00", 36, 75, 0.48, 6, 15, 0.4, 10, 11, 0.909, 3, 37, 40, 22, 3, 6, 16, 22, 88, -3.0]], "name": "TeamStats"}, {"headers": ["LEAGUE_ID", "SEASON_ID", "TEAM_ID", "TEAM_ABBREVIATION", "TEAM_CITY", "PTS_PAINT", "PTS_2ND_CHANCE", "PTS_FB", "LARGEST_LEAD", "LEAD_CHANGES", "TIMES_TIED"], "rowSet": [["00", "22010", 1610612753, "ORL", "Orlando", 32, 3, 5, 15, 4, 2], ["00", "22010", 1610612766, "CHA", "Charlotte", 34, 7, 8, 18, 4, 2]], "name": "OtherStats"}, {"headers": ["OFFICIAL_ID", "FIRST_NAME", "LAST_NAME", "JERSEY_NUM"], "rowSet": [[1147, "Mike", "Callahan", "24"], [2003, "Pat", "Fraher", "52"], [202041, "Kevin", "Scott", "79"]], "name": "Officials"}, {"headers": ["GAME_DATE", "ATTENDANCE", "GAME_TIME"], "rowSet": [["SATURDAY, NOVEMBER 6, 2010", 18136, "2:12"]], "name": "GameInfo"}, {"headers": ["PLAYER_ID", "FIRST_NAME", "LAST_NAME", "JERSEY_NUM", "TEAM_ID", "TEAM_CITY", "TEAM_NAME", "TEAM_ABBREVIATION"], "rowSet": [[2059, "Eduardo", "Najera", "21", 1610612766, "Charlotte", "Bobcats", "CHA"], [2198, "Kwame", "Brown", "54", 1610612766, "Charlotte", "Bobcats", "CHA"], [201187, "Dominic", "McGuire", " 5", 1610612766, "Charlotte", "Bobcats", "CHA"], [2749, "Jameer", "Nelson", "14", 1610612753, "Orlando", "Magic", "ORL"], [202350, "Daniel", "Orton", "21", 1610612753, "Orlando", "Magic", "ORL"]], "name": "InactivePlayers"}, {"headers": ["VIDEO_AVAILABLE_FLAG"], "rowSet": [[0]], "name": "AvailableVideo"}], "parameters": {"GameID": "0021000080", "RangeType": 0, "StartPeriod": 0, "StartRange": 0, "EndPeriod": 0, "EndRange": 0}}