{"resource": "boxscore", "resultSets": [{"headers": ["GAME_DATE_EST", "GAME_SEQUENCE", "GAME_ID", "GAME_STATUS_ID", "GAME_STATUS_TEXT", "GAMECODE", "HOME_TEAM_ID", "VISITOR_TEAM_ID", "SEASON", "LIVE_PERIOD", "LIVE_PC_TIME", "NATL_TV_BROADCASTER_ABBREVIATION", "LIVE_PERIOD_TIME_BCAST", "WH_STATUS"], "rowSet": [["2010-10-27T00:00:00", 11, "0021000014", 3, "Final", "20101027/UTADEN", 1610612743, 1610612762, "2010", 4, "", null, "Q4  - ", 1]], "name": "GameSummary"}, {"headers": ["GAME_DATE_EST", "GAME_SEQUENCE", "GAME_ID", "TEAM_ID", "TEAM_ABBREVIATION", "TEAM_CITY_NAME", "TEAM_WINS_LOSSES", "PTS_QTR1", "PTS_QTR2", "PTS_QTR3", "PTS_QTR4", "PTS_OT1", "PTS_OT2", "PTS_OT3", "PTS_OT4", "PTS_OT5", "PTS_OT6", "PTS_OT7", "PTS_OT8", "PTS_OT9", "PTS_OT10", "PTS"], "rowSet": [["2010-10-27T00:00:00", 11, "0021000014", 1610612762, "UTA", "Utah", "0-1", 20, 20, 25, 23, 0, 0, 0, 0, 0, 0, 0, 0, 0, 0, 88], ["2010-10-27T00:00:00", 11, "0021000014", 1610612743, "DEN", "Denver", "1-0", 29, 31, 26, 24, 0, 0, 0, 0, 0, 0, 0, 0, 0, 0, 110]], "name": "LineScore"}, {"headers": ["GAME_ID", "HOME_TEAM_ID", "VISITOR_TEAM_ID", "GAME_DATE_EST", "HOME_TEAM_WINS", "HOME_TEAM_LOSSES", "SERIES_LEADER"], "rowSet": [["0021000014", 1610612743, 1610612762, "2010-10-27T00:00:00", 2, 2, "Tied"]], "name": "SeasonSeries"}, {"headers": ["GAME_ID", "LAST_GAME_ID", "LAST_GAME_DATE_EST", "LAST_GAME_HOME_TEAM_ID", "LAST_GAME_HOME_TEAM_CITY", "LAST_GAME_HOME_TEAM_NAME", "LAST_GAME_HOME_TEAM_ABBREVIATION", "LAST_GAME_HOME_TEAM_POINTS", "LAST_GAME_VISITOR_TEAM_ID", "LAST_GAME_VISITOR_TEAM_CITY", "LAST_GAME_VISITOR_TEAM_NAME", "LAST_GAME_VISITOR_TEAM_CITY1", "LAST_GAME_VISITOR_TEAM_POINTS"], "rowSet": [["0021000014", "0040900176", "2010-04-30T00:00:00", 1610612743, "Denver", "Nuggets", "DEN", 104, 1610612762, "Utah", "Jazz", "UTA", 112]], "name": "LastMeeting"}, {"headers": ["GAME_ID", "TEAM_ID", "TEAM_ABBREVIATION", "TEAM_CITY", "PLAYER_ID", "PLAYER_NAME", "START_POSITION", "COMMENT", "MIN", "FGM", "FGA", "FG_PCT", "FG3M", "FG3A", "FG3_PCT", "FTM", "FTA", "FT_PCT", "OREB", "DREB", "REB", "AST", "STL", "BLK", "TO", "PF", "PTS", "PLUS_MINUS"], "rowSet": [["0021000014", 1610612762, "UTA", "Utah", 1905, "Andrei Kirilenko", "F", "", "19:10", 0, 4, 0.0, 0, 1, 0.0, 2, 2, 1.0, 1, 2, 3, 3, 1, 0, 4, 4, 2, -13.0], ["0021000014", 1610612762, "UTA", "Utah", 200794, "Paul Millsap", "F", "", "27:26", 5, 9, 0.556, 0, 0, 0.0, 5, 7, 0.714, 2, 6, 8, 2, 1, 0, 1, 0, 15, -15.0], ["0021000014", 1610612762, "UTA", "Utah", 2744, "Al Jefferson", "C", "", "30:36", 2, 6, 0.333, 0, 0, 0.0, 2, 2, 1.0, 1, 6, 7, 0, 0, 3, 1, 2, 6, -17.0], ["0021000014", 1610612762, "UTA", "Utah", 1952, "Raja Bell", "G", "", "29:25", 3, 8, 0.375, 1, 4, 0.25, 5, 6, 0.833, 1, 1, 2, 2, 1, 0, 1, 1, 12, -13.0], ["0021000014", 1610612762, "UTA", "Utah", 101114, "Deron Williams", "G", "", "27:31", 3, 10, 0.3, 2, 3, 0.667, 9, 10, 0.9, 0, 3, 3, 6, 0, 0, 4, 4, 17, -12.0], ["0021000014", 1610612762, "UTA", "Utah", 101139, "CJ Miles", "", "", "13:43", 0, 4, 0.0, 0, 2, 0.0, 2, 2, 1.0, 0, 2, 2, 1, 1, 0, 1, 4, 2, -6.0], ["0021000014", 1610612762, "UTA", "Utah", 202330, "Gordon Hayward", "", "", "20:56", 4, 11, 0.364, 0, 2, 0.0, 1, 2, 0.5, 4, 1, 5, 0, 0, 0, 2, 3, 9, -8.0], ["0021000014", 1610612762, "UTA", "Utah", 202379, "Jeremy Evans", "", "", "11:16", 4, 5, 0.8, 0, 0, 0.0, 3, 4, 0.75, 0, 2, 2, 0, 0, 0, 0, 1, 11, 2.0], ["0021000014", 1610612762, "UTA", "Utah", 201178, "Kyrylo Fesenko", "", "", "11:09", 1, 1, 1.0, 0, 0, 0.0, 0, 4, 0.0, 0, 0, 0, 3, 0, 0, 1, 2, 2, -9.0], ["0021000014", 1610612762, "UTA", "Utah", 101179, "Ronnie Price", "", "", "13:35", 0, 2, 0.0, 0, 1, 0.0, 0, 0, 0.0, 0, 2, 2, 2, 1, 0, 1, 2, 0, -8.0], ["0021000014", 1610612762, "UTA", "Utah", 2248, "Earl Watson", "", "", "19:42", 2, 5, 0.4, 0, 0, 0.0, 2, 4, 0.5, 0, 2, 2, 2, 2, 0, 4, 4, 6, -6.0], ["0021000014", 1610612762, "UTA", "Utah", 1922, "Francisco Elson", "", "", "15:31", 3, 5, 0.6, 0, 0, 0.0, 0, 0, 0.0, 2, 6, 8, 0, 0, 1, 2, 3, 6, -5.0], ["0021000014", 1610612743, "DEN", "Denver", 2546, "Carmelo Anthony", "F", "", "36:06", 7, 16, 0.438, 0, 0, 0.0, 9, 10, 0.9, 2, 5, 7, 3, 1, 0, 4, 3, 23, 18.0], ["0021000014", 1610612743, "DEN", "Denver", 200749, "Shelden Williams", "F", "", "27:49", 3, 11, 0.273, 0, 0, 0.0, 2, 2, 1.0, 7, 9, 16, 0, 0, 0, 4, 4, 8, 11.0], ["0021000014", 1610612743, "DEN", "Denver", 2403, "Nene", "C", "", "23:13", 5, 8, 0.625, 0, 0, 0.0, 3, 5, 0.6, 0, 4, 4, 1, 0, 1, 1, 3, 13, 11.0], ["0021000014", 1610612743, "DEN", "Denver", 201167, "Arron Afflalo", "G", "", "34:48", 8, 11, 0.727, 3, 5, 0.6, 3, 3, 1.0, 1, 1, 2, 3, 2, 0, 0, 1, 22, 19.0], ["0021000014", 1610612743, "DEN", "Denver", 1497, "Chauncey Billups", "G", "", "28:23", 2, 7, 0.286, 0, 3, 0.0, 10, 11, 0.909, 0, 2, 2, 8, 3, 0, 2, 2, 14, 22.0], ["0021000014", 1610612743, "DEN", "Denver", 1733, "Al Harrington", "", "", "23:42", 4, 11, 0.364, 2, 7, 0.286, 0, 1, 0.0, 1, 6, 7, 2, 0, 1, 3, 5, 10, 4.0], ["0021000014", 1610612743, "DEN", "Denver", 201951, "Ty Lawson", "", "", "24:25", 3, 6, 0.5, 0, 1, 0.0, 4, 4, 1.0, 0, 0, 0, 4, 2, 0, 1, 4, 10, 6.0], ["0021000014", 1610612743, "DEN", "Denver", 2408, "Melvin Ely", "", "", "10:34", 1, 1, 1.0, 0, 0, 0.0, 1, 1, 1.0, 1, 1, 2, 1, 0, 0, 0, 6, 3, 10.0], ["0021000014", 1610612743, "DEN", "Denver", 2747, "J.R. Smith", "", "", "22:33", 1, 7, 0.143, 1, 4, 0.25, 1, 2, 0.5, 0, 3, 3, 0, 1, 0, 0, 1, 4, 11.0], ["0021000014", 1610612743, "DEN", "Denver", 201814, "Gary Forbes", "", "", "5:19", 1, 2, 0.5, 0, 0, 0.0, 1, 2, 0.5, 0, 3, 3, 1, 0, 0, 0, 0, 3, 0.0], ["0021000014", 1610612743, "DEN", "Denver", 200764, "Renaldo Balkman", "", "", "3:08", 0, 0, 0.0, 0, 0, 0.0, 0, 0, 0.0, 0, 0, 0, 0, 0, 0, 0, 2, 0, -2.0], ["0021000014", 1610612743, "DEN", "Denver", 1853, "Anthony Carter", "", "DNP - Coach's Decision", null, null, null, null, null, null, null, null, null, null, null, null, null, null, null, null, null, null, null, null]], "name": "PlayerStats"}, {"headers": ["GAME_ID", "TEAM_ID", "TEAM_NAME", "TEAM_ABBREVIATION", "TEAM_CITY", "MIN", "FGM", "FGA", "FG_PCT", "FG3M", "FG3A", "FG3_PCT", "FTM", "FTA", "FT_PCT", "OREB", "DREB", "REB", "AST", "STL", "BLK", "TO", "PF", "PTS", "PLUS_MINUS"], "rowSet": [["0021000014", 1610612762, "Jazz", "UTA", "Utah", "240:00", 27, 70, 0.386, 3, 13, 0.231, 31, 43, 0.721, 11, 33, 44, 21, 7, 4, 22, 30, 88, -22.0], ["0021000014", 1610612743, "Nuggets", "DEN", "Denver", "240:00", 35, 80, 0.438, 6, 20, 0.3, 34, 41, 0.829, 12, 34, 46, 23, 9, 2, 15, 31, 110, 22.0]], "name": "TeamStats"}, {"headers": ["LEAGUE_ID", "SEASON_ID", "TEAM_ID", "TEAM_ABBREVIATION", "TEAM_CITY", "PTS_PAINT", "PTS_2ND_CHANCE", "PTS_FB", "LARGEST_LEAD", "LEAD_CHANGES", "TIMES_TIED"], "rowSet": [["00", "22010", 1610612743, "DEN", "Denver", 42, 6, 17, 26, 0, 0], ["00", "22010", 1610612762, "UTA", "Utah", 36, 12, 13, 27, 0, 0]], "name": "OtherStats"}, {"headers": ["OFFICIAL_ID", "FIRST_NAME", "LAST_NAME", "JERSEY_NUM"], "rowSet": [[1662, "Bill", "Kennedy", "55"], [1363, "Bennie", "Adams", "47"], [202007, "Nick", "Buchert", "54"]], "name": "Officials"}, {"headers": ["GAME_DATE", "ATTENDANCE", "GAME_TIME"], "rowSet": [["WEDNESDAY, OCTOBER 27, 2010", 19155, "2:27"]], "name": "GameInfo"}, {"headers": ["PLAYER_ID", "FIRST_NAME", "LAST_NAME", "JERSEY_NUM", "TEAM_ID", "TEAM_CITY", "TEAM_NAME", "TEAM_ABBREVIATION"], "rowSet": [[2246, "Mehmet", "Okur", "13", 1610612762, "Utah", "Jazz", "UTA"], [2030, "Kenyon", "Martin", " 4", 1610612743, "Denver", "Nuggets", "DEN"], [2365, "Chris", "Andersen", "11", 1610612743, "Denver", "Nuggets", "DEN"]], "name": "InactivePlayers"}, {"headers": ["VIDEO_AVAILABLE_FLAG"], "rowSet": [[0]], "name": "AvailableVideo"}], "parameters": {"GameID": "0021000014", "RangeType": 0, "StartPeriod": 0, "StartRange": 0, "EndPeriod": 0, "EndRange": 0}}