{"resource": "boxscore", "resultSets": [{"headers": ["GAME_DATE_EST", "GAME_SEQUENCE", "GAME_ID", "GAME_STATUS_ID", "GAME_STATUS_TEXT", "GAMECODE", "HOME_TEAM_ID", "VISITOR_TEAM_ID", "SEASON", "LIVE_PERIOD", "LIVE_PC_TIME", "NATL_TV_BROADCASTER_ABBREVIATION", "LIVE_PERIOD_TIME_BCAST", "WH_STATUS"], "rowSet": [["2010-10-29T00:00:00", 5, "0021000023", 3, "Final", "20101029/NYKBOS", 1610612738, 1610612752, "2010", 4, "", null, "Q4  - ", 1]], "name": "GameSummary"}, {"headers": ["GAME_DATE_EST", "GAME_SEQUENCE", "GAME_ID", "TEAM_ID", "TEAM_ABBREVIATION", "TEAM_CITY_NAME", "TEAM_WINS_LOSSES", "PTS_QTR1", "PTS_QTR2", "PTS_QTR3", "PTS_QTR4", "PTS_OT1", "PTS_OT2", "PTS_OT3", "PTS_OT4", "PTS_OT5", "PTS_OT6", "PTS_OT7", "PTS_OT8", "PTS_OT9", "PTS_OT10", "PTS"], "rowSet": [["2010-10-29T00:00:00", 5, "0021000023", 1610612752, "NYK", "New York", "1-1", 20, 26, 26, 29, 0, 0, 0, 0, 0, 0, 0, 0, 0, 0, 101], ["2010-10-29T00:00:00", 5, "0021000023", 1610612738, "BOS", "Boston", "2-1", 27, 23, 29, 26, 0, 0, 0, 0, 0, 0, 0, 0, 0, 0, 105]], "name": "LineScore"}, {"headers": ["GAME_ID", "HOME_TEAM_ID", "VISITOR_TEAM_ID", "GAME_DATE_EST", "HOME_TEAM_WINS", "HOME_TEAM_LOSSES", "SERIES_LEADER"], "rowSet": [["0021000023", 1610612738, 1610612752, "2010-10-29T00:00:00", 4, 0, "Boston"]], "name": "SeasonSeries"}, {"headers": ["GAME_ID", "LAST_GAME_ID", "LAST_GAME_DATE_EST", "LAST_GAME_HOME_TEAM_ID", "LAST_GAME_HOME_TEAM_CITY", "LAST_GAME_HOME_TEAM_NAME", "LAST_GAME_HOME_TEAM_ABBREVIATION", "LAST_GAME_HOME_TEAM_POINTS", "LAST_GAME_VISITOR_TEAM_ID", "LAST_GAME_VISITOR_TEAM_CITY", "LAST_GAME_VISITOR_TEAM_NAME", "LAST_GAME_VISITOR_TEAM_CITY1", "LAST_GAME_VISITOR_TEAM_POINTS"], "rowSet": [["0021000023", "0011000076", "2010-10-16T00:00:00", 1610612738, "Boston", "Celtics", "BOS", 97, 1610612752, "New York", "Knicks", "NYK", 84]], "name": "LastMeeting"}, {"headers": ["GAME_ID", "TEAM_ID", "TEAM_ABBREVIATION", "TEAM_CITY", "PLAYER_ID", "PLAYER_NAME", "START_POSITION", "COMMENT", "MIN", "FGM", "FGA", "FG_PCT", "FG3M", "FG3A", "FG3_PCT", "FTM", "FTA", "FT_PCT", "OREB", "DREB", "REB", "AST", "STL", "BLK", "TO", "PF", "PTS", "PLUS_MINUS"], "rowSet": [["0021000023", 1610612752, "NYK", "New York", 201568, "Danilo Gallinari", "F", "", "11:53", 0, 6, 0.0, 0, 3, 0.0, 2, 2, 1.0, 0, 3, 3, 1, 0, 0, 1, 3, 2, -3.0], ["0021000023", 1610612752, "NYK", "New York", 2405, "Amar'e Stoudemire", "F", "", "35:51", 8, 17, 0.471, 2, 3, 0.667, 9, 13, 0.692, 2, 6, 8, 4, 0, 2, 2, 5, 27, -3.0], ["0021000023", 1610612752, "NYK", "New York", 202389, "Timofey Mozgov", "C", "", "16:44", 1, 3, 0.333, 0, 0, 0.0, 1, 2, 0.5, 1, 1, 2, 0, 1, 1, 2, 1, 3, -11.0], ["0021000023", 1610612752, "NYK", "New York", 101109, "Raymond Felton", "G", "", "36:41", 6, 14, 0.429, 2, 4, 0.5, 3, 4, 0.75, 0, 1, 1, 6, 3, 0, 2, 1, 17, -10.0], ["0021000023", 1610612752, "NYK", "New York", 202361, "Landry Fields", "G", "", "34:22", 5, 10, 0.5, 1, 3, 0.333, 0, 0, 0.0, 2, 8, 10, 4, 1, 0, 0, 1, 11, -10.0], ["0021000023", 1610612752, "NYK", "New York", 201163, "Wilson Chandler", "", "", "33:26", 9, 20, 0.45, 1, 7, 0.143, 0, 0, 0.0, 2, 4, 6, 0, 2, 4, 1, 4, 19, -2.0], ["0021000023", 1610612752, "NYK", "New York", 201962, "Toney Douglas", "", "", "24:54", 4, 8, 0.5, 3, 5, 0.6, 1, 2, 0.5, 0, 4, 4, 3, 1, 0, 2, 2, 12, 0.0], ["0021000023", 1610612752, "NYK", "New York", 201611, "Henry Walker", "", "", "17:27", 2, 4, 0.5, 0, 2, 0.0, 0, 0, 0.0, 1, 1, 2, 2, 0, 0, 0, 1, 4, 1.0], ["0021000023", 1610612752, "NYK", "New York", 101142, "Ronny Turiaf", "", "", "22:13", 2, 2, 1.0, 0, 0, 0.0, 2, 4, 0.5, 0, 0, 0, 3, 0, 2, 0, 2, 6, 10.0], ["0021000023", 1610612752, "NYK", "New York", 2427, "Roger Mason Jr.", "", "", "6:29", 0, 1, 0.0, 0, 0, 0.0, 0, 0, 0.0, 1, 1, 2, 1, 0, 0, 0, 0, 0, 8.0], ["0021000023", 1610612752, "NYK", "New York", 202360, "Andy Rautins", "", "DNP - Coach's Decision", null, null, null, null, null, null, null, null, null, null, null, null, null, null, null, null, null, null, null, null], ["0021000023", 1610612752, "NYK", "New York", 200761, "Shawne Williams", "", "DNP - Coach's Decision", null, null, null, null, null, null, null, null, null, null, null, null, null, null, null, null, null, null, null, null], ["0021000023", 1610612738, "BOS", "Boston", 1718, "Paul Pierce", "F", "", "38:46", 9, 20, 0.45, 4, 6, 0.667, 3, 5, 0.6, 2, 12, 14, 5, 0, 0, 2, 4, 25, 8.0], ["0021000023", 1610612738, "BOS", "Boston", 708, "Kevin Garnett", "F", "", "29:22", 12, 17, 0.706, 0, 0, 0.0, 0, 0, 0.0, 2, 8, 10, 0, 1, 0, 3, 6, 24, -9.0], ["0021000023", 1610612738, "BOS", "Boston", 406, "Shaquille O'Neal", "C", "", "22:32", 5, 7, 0.714, 0, 0, 0.0, 0, 0, 0.0, 3, 4, 7, 0, 0, 0, 1, 3, 10, 2.0], ["0021000023", 1610612738, "BOS", "Boston", 951, "Ray Allen", "G", "", "40:27", 4, 11, 0.364, 1, 5, 0.2, 3, 3, 1.0, 0, 3, 3, 2, 0, 0, 3, 2, 12, -1.0], ["0021000023", 1610612738, "BOS", "Boston", 200765, "Rajon Rondo", "G", "", "45:20", 4, 12, 0.333, 0, 1, 0.0, 2, 6, 0.333, 3, 7, 10, 24, 1, 0, 7, 1, 10, 9.0], ["0021000023", 1610612738, "BOS", "Boston", 201175, "Glen Davis", "", "", "23:36", 7, 12, 0.583, 0, 0, 0.0, 2, 2, 1.0, 3, 3, 6, 1, 0, 0, 0, 6, 16, 14.0], ["0021000023", 1610612738, "BOS", "Boston", 2605, "Marquis Daniels", "", "", "17:21", 2, 6, 0.333, 0, 0, 0.0, 0, 0, 0.0, 1, 1, 2, 0, 0, 1, 1, 0, 4, 6.0], ["0021000023", 1610612738, "BOS", "Boston", 101126, "Nate Robinson", "", "", "20:00", 1, 5, 0.2, 0, 3, 0.0, 2, 2, 1.0, 0, 2, 2, 1, 0, 0, 0, 0, 4, -6.0], ["0021000023", 1610612738, "BOS", "Boston", 101144, "Von Wafer", "", "", "2:36", 0, 1, 0.0, 0, 1, 0.0, 0, 0, 0.0, 0, 0, 0, 0, 0, 0, 0, 1, 0, -3.0], ["0021000023", 1610612738, "BOS", "Boston", 201623, "Semih Erden", "", "DNP - Coach's Decision", null, null, null, null, null, null, null, null, null, null, null, null, null, null, null, null, null, null, null, null], ["0021000023", 1610612738, "BOS", "Boston", 202376, "Luke Harangody", "", "DNP - Coach's Decision", null, null, null, null, null, null, null, null, null, null, null, null, null, null, null, null, null, null, null, null], ["0021000023", 1610612738, "BOS", "Boston", 2753, "Delonte West", "", "DND - League Suspension", null, null, null, null, null, null, null, null, null, null, null, null, null, null, null, null, null, null, null, null]], "name": "PlayerStats"}, {"headers": ["GAME_ID", "TEAM_ID", "TEAM_NAME", "TEAM_ABBREVIATION", "TEAM_CITY", "MIN", "FGM", "FGA", "FG_PCT", "FG3M", "FG3A", "FG3_PCT", "FTM", "FTA", "FT_PCT", "OREB", "DREB", "REB", "AST", "STL", "BLK", "TO", "PF", "PTS", "PLUS_MINUS"], "rowSet": [["0021000023", 1610612752, "Knicks", "NYK", "New York", "240:00", 37, 85, 0.435, 9, 27, 0.333, 18, 27, 0.667, 9, 29, 38, 24, 8, 9, 10, 20, 101, -4.0], ["0021000023", 1610612738, "Celtics", "BOS", "Boston", "240:00", 44, 91, 0.484, 5, 16, 0.313, 12, 18, 0.667, 14, 40, 54, 33, 2, 1, 17, 23, 105, 4.0]], "name": "TeamStats"}, {"headers": ["LEAGUE_ID", "SEASON_ID", "TEAM_ID", "TEAM_ABBREVIATION", "TEAM_CITY", "PTS_PAINT", "PTS_2ND_CHANCE", "PTS_FB", "LARGEST_LEAD", "LEAD_CHANGES", "TIMES_TIED"], "rowSet": [["00", "22010", 1610612752, "NYK", "New York", 38, 7, 16, 12, 5, 4], ["00", "22010", 1610612738, "BOS", "Boston", 54, 16, 8, 11, 5, 4]], "name": "OtherStats"}, {"headers": ["OFFICIAL_ID", "FIRST_NAME", "LAST_NAME", "JERSEY_NUM"], "rowSet": [[1201, "Leon", "Wood", "40"], [1147, "Mike", "Callahan", "24"], [201639, "Josh", "Tiven", "58"]], "name": "Officials"}, {"headers": ["GAME_DATE", "ATTENDANCE", "GAME_TIME"], "rowSet": [["FRIDAY, OCTOBER 29, 2010", 18624, "2:22"]], "name": "GameInfo"}, {"headers": ["PLAYER_ID", "FIRST_NAME", "LAST_NAME", "JERSEY_NUM", "TEAM_ID", "TEAM_CITY", "TEAM_NAME", "TEAM_ABBREVIATION"], "rowSet": [[979, "Jermaine", "O'Neal", " 7", 1610612738, "Boston", "Celtics", "BOS"], [2570, "Kendrick", "Perkins", "43", 1610612738, "Boston", "Celtics", "BOS"], [202340, "Avery", "Bradley", " 0", 1610612738, "Boston", "Celtics", "BOS"], [2201, "Eddy", "Curry", "34", 1610612752, "New York", "Knicks", "NYK"], [101235, "Kelenna", "Azubuike", " 7", 1610612752, "New York", "Knicks", "NYK"], [201576, "Anthony", "Randolph", " 4", 1610612752, "New York", "Knicks", "NYK"]], "name": "InactivePlayers"}, {"headers": ["VIDEO_AVAILABLE_FLAG"], "rowSet": [[0]], "name": "AvailableVideo"}], "parameters": {"GameID": "0021000023", "RangeType": 0, "StartPeriod": 0, "StartRange": 0, "EndPeriod": 0, "EndRange": 0}}