{"resource": "boxscore", "resultSets": [{"headers": ["GAME_DATE_EST", "GAME_SEQUENCE", "GAME_ID", "GAME_STATUS_ID", "GAME_STATUS_TEXT", "GAMECODE", "HOME_TEAM_ID", "VISITOR_TEAM_ID", "SEASON", "LIVE_PERIOD", "LIVE_PC_TIME", "NATL_TV_BROADCASTER_ABBREVIATION", "LIVE_PERIOD_TIME_BCAST", "WH_STATUS"], "rowSet": [["2010-10-30T00:00:00", 7, "0021000037", 3, "Final", "20101030/DENHOU", 1610612745, 1610612743, "2010", 4, "", "NBA TV", "Q4  - NBA TV", 1]], "name": "GameSummary"}, {"headers": ["GAME_DATE_EST", "GAME_SEQUENCE", "GAME_ID", "TEAM_ID", "TEAM_ABBREVIATION", "TEAM_CITY_NAME", "TEAM_WINS_LOSSES", "PTS_QTR1", "PTS_QTR2", "PTS_QTR3", "PTS_QTR4", "PTS_OT1", "PTS_OT2", "PTS_OT3", "PTS_OT4", "PTS_OT5", "PTS_OT6", "PTS_OT7", "PTS_OT8", "PTS_OT9", "PTS_OT10", "PTS"], "rowSet": [["2010-10-30T00:00:00", 7, "0021000037", 1610612745, "HOU", "Houston", "0-3", 27, 24, 18, 25, 0, 0, 0, 0, 0, 0, 0, 0, 0, 0, 94], ["2010-10-30T00:00:00", 7, "0021000037", 1610612743, "DEN", "Denver", "2-1", 24, 24, 24, 35, 0, 0, 0, 0, 0, 0, 0, 0, 0, 0, 107]], "name": "LineScore"}, {"headers": ["GAME_ID", "HOME_TEAM_ID", "VISITOR_TEAM_ID", "GAME_DATE_EST", "HOME_TEAM_WINS", "HOME_TEAM_LOSSES", "SERIES_LEADER"], "rowSet": [["0021000037", 1610612745, 1610612743, "2010-10-30T00:00:00", 2, 2, "Tied"]], "name": "SeasonSeries"}, {"headers": ["GAME_ID", "LAST_GAME_ID", "LAST_GAME_DATE_EST", "LAST_GAME_HOME_TEAM_ID", "LAST_GAME_HOME_TEAM_CITY", "LAST_GAME_HOME_TEAM_NAME", "LAST_GAME_HOME_TEAM_ABBREVIATION", "LAST_GAME_HOME_TEAM_POINTS", "LAST_GAME_VISITOR_TEAM_ID", "LAST_GAME_VISITOR_TEAM_CITY", "LAST_GAME_VISITOR_TEAM_NAME", "LAST_GAME_VISITOR_TEAM_CITY1", "LAST_GAME_VISITOR_TEAM_POINTS"], "rowSet": [["0021000037", "0020900993", "2010-03-15T00:00:00", 1610612745, "Houston", "Rockets", "HOU", 125, 1610612743, "Denver", "Nuggets", "DEN", 123]], "name": "LastMeeting"}, {"headers": ["GAME_ID", "TEAM_ID", "TEAM_ABBREVIATION", "TEAM_CITY", "PLAYER_ID", "PLAYER_NAME", "START_POSITION", "COMMENT", "MIN", "FGM", "FGA", "FG_PCT", "FG3M", "FG3A", "FG3_PCT", "FTM", "FTA", "FT_PCT", "OREB", "DREB", "REB", "AST", "STL", "BLK", "TO", "PF", "PTS", "PLUS_MINUS"], "rowSet": [["0021000037", 1610612743, "DEN", "Denver", 2546, "Carmelo Anthony", "F", "", "35:50", 8, 20, 0.4, 2, 5, 0.4, 6, 6, 1.0, 0, 4, 4, 4, 1, 2, 2, 3, 24, 20.0], ["0021000037", 1610612743, "DEN", "Denver", 200749, "Shelden Williams", "F", "", "32:59", 3, 6, 0.5, 0, 0, 0.0, 0, 0, 0.0, 2, 6, 8, 1, 3, 2, 1, 5, 6, 4.0], ["0021000037", 1610612743, "DEN", "Denver", 2403, "Nene", "C", "", "33:36", 4, 9, 0.444, 1, 1, 1.0, 3, 4, 0.75, 4, 8, 12, 0, 1, 0, 1, 2, 12, 1.0], ["0021000037", 1610612743, "DEN", "Denver", 201167, "Arron Afflalo", "G", "", "33:54", 2, 5, 0.4, 0, 1, 0.0, 6, 8, 0.75, 1, 4, 5, 3, 1, 0, 0, 3, 10, 7.0], ["0021000037", 1610612743, "DEN", "Denver", 1497, "Chauncey Billups", "G", "", "33:03", 1, 8, 0.125, 1, 5, 0.2, 10, 11, 0.909, 0, 3, 3, 3, 1, 0, 2, 2, 13, 2.0], ["0021000037", 1610612743, "DEN", "Denver", 2747, "J.R. Smith", "", "", "17:01", 4, 8, 0.5, 1, 4, 0.25, 1, 1, 1.0, 0, 2, 2, 0, 1, 0, 1, 4, 10, -2.0], ["0021000037", 1610612743, "DEN", "Denver", 201951, "Ty Lawson", "", "", "19:54", 2, 7, 0.286, 0, 2, 0.0, 0, 0, 0.0, 1, 2, 3, 3, 0, 0, 4, 3, 4, 9.0], ["0021000037", 1610612743, "DEN", "Denver", 1733, "Al Harrington", "", "", "29:25", 10, 24, 0.417, 5, 8, 0.625, 3, 3, 1.0, 4, 6, 10, 1, 1, 0, 0, 2, 28, 21.0], ["0021000037", 1610612743, "DEN", "Denver", 201814, "Gary Forbes", "", "", "4:18", 0, 3, 0.0, 0, 1, 0.0, 0, 0, 0.0, 1, 0, 1, 1, 0, 0, 1, 0, 0, 3.0], ["0021000037", 1610612743, "DEN", "Denver", 200764, "Renaldo Balkman", "", "DNP - Coach's Decision", null, null, null, null, null, null, null, null, null, null, null, null, null, null, null, null, null, null, null, null], ["0021000037", 1610612743, "DEN", "Denver", 1853, "Anthony Carter", "", "DNP - Coach's Decision", null, null, null, null, null, null, null, null, null, null, null, null, null, null, null, null, null, null, null, null], ["0021000037", 1610612743, "DEN", "Denver", 2408, "Melvin Ely", "", "DNP - Coach's Decision", null, null, null, null, null, null, null, null, null, null, null, null, null, null, null, null, null, null, null, null], ["0021000037", 1610612745, "HOU", "Houston", 2203, "Shane Battier", "F", "", "29:35", 1, 2, 0.5, 0, 1, 0.0, 0, 0, 0.0, 1, 3, 4, 1, 0, 1, 1, 4, 2, -9.0], ["0021000037", 1610612745, "HOU", "Houston", 2449, "Luis Scola", "F", "", "37:38", 12, 16, 0.75, 0, 0, 0.0, 4, 5, 0.8, 4, 6, 10, 2, 0, 2, 1, 0, 28, -2.0], ["0021000037", 1610612745, "HOU", "Houston", 2397, "Yao Ming", "C", "", "22:33", 6, 10, 0.6, 0, 0, 0.0, 2, 2, 1.0, 1, 5, 6, 0, 0, 2, 3, 1, 14, -19.0], ["0021000037", 1610612745, "HOU", "Houston", 2755, "Kevin Martin", "G", "", "36:22", 7, 18, 0.389, 1, 7, 0.143, 6, 6, 1.0, 0, 4, 4, 4, 0, 0, 2, 3, 21, -4.0], ["0021000037", 1610612745, "HOU", "Houston", 201166, "Aaron Brooks", "G", "", "26:04", 3, 9, 0.333, 1, 4, 0.25, 2, 2, 1.0, 0, 1, 1, 5, 1, 0, 3, 6, 9, -11.0], ["0021000037", 1610612745, "HOU", "Houston", 200768, "Kyle Lowry", "", "", "20:28", 0, 7, 0.0, 0, 2, 0.0, 1, 2, 0.5, 3, 4, 7, 3, 0, 0, 3, 3, 1, -4.0], ["0021000037", 1610612745, "HOU", "Houston", 1802, "Brad Miller", "", "", "16:17", 1, 6, 0.167, 0, 1, 0.0, 0, 0, 0.0, 0, 3, 3, 1, 0, 0, 1, 2, 2, 0.0], ["0021000037", 1610612745, "HOU", "Houston", 201978, "Chase Budinger", "", "", "18:25", 4, 9, 0.444, 0, 3, 0.0, 0, 0, 0.0, 0, 4, 4, 1, 3, 0, 1, 1, 8, -4.0], ["0021000037", 1610612745, "HOU", "Houston", 101236, "Charles Hayes", "", "", "15:52", 0, 1, 0.0, 0, 0, 0.0, 2, 4, 0.5, 0, 3, 3, 1, 0, 1, 3, 2, 2, -6.0], ["0021000037", 1610612745, "HOU", "Houston", 201584, "Courtney Lee", "", "", "13:06", 3, 3, 1.0, 1, 1, 1.0, 0, 0, 0.0, 0, 2, 2, 1, 0, 0, 0, 2, 7, -7.0], ["0021000037", 1610612745, "HOU", "Houston", 201941, "Jordan Hill", "", "", "3:40", 0, 0, 0.0, 0, 0, 0.0, 0, 0, 0.0, 0, 0, 0, 0, 0, 1, 1, 2, 0, 1.0], ["0021000037", 1610612745, "HOU", "Houston", 2407, "Jared Jeffries", "", "DNP - Coach's Decision", null, null, null, null, null, null, null, null, null, null, null, null, null, null, null, null, null, null, null, null]], "name": "PlayerStats"}, {"headers": ["GAME_ID", "TEAM_ID", "TEAM_NAME", "TEAM_ABBREVIATION", "TEAM_CITY", "MIN", "FGM", "FGA", "FG_PCT", "FG3M", "FG3A", "FG3_PCT", "FTM", "FTA", "FT_PCT", "OREB", "DREB", "REB", "AST", "STL", "BLK", "TO", "PF", "PTS", "PLUS_MINUS"], "rowSet": [["0021000037", 1610612745, "Rockets", "HOU", "Houston", "240:00", 37, 81, 0.457, 3, 19, 0.158, 17, 21, 0.81, 9, 35, 44, 19, 4, 7, 19, 26, 94, -13.0], ["0021000037", 1610612743, "Nuggets", "DEN", "Denver", "240:00", 34, 90, 0.378, 10, 27, 0.37, 29, 33, 0.879, 13, 35, 48, 16, 9, 4, 12, 24, 107, 13.0]], "name": "TeamStats"}, {"headers": ["LEAGUE_ID", "SEASON_ID", "TEAM_ID", "TEAM_ABBREVIATION", "TEAM_CITY", "PTS_PAINT", "PTS_2ND_CHANCE", "PTS_FB", "LARGEST_LEAD", "LEAD_CHANGES", "TIMES_TIED"], "rowSet": [["00", "22010", 1610612745, "HOU", "Houston", 54, 14, 19, 13, 17, 8], ["00", "22010", 1610612743, "DEN", "Denver", 38, 18, 10, 12, 17, 8]], "name": "OtherStats"}, {"headers": ["OFFICIAL_ID", "FIRST_NAME", "LAST_NAME", "JERSEY_NUM"], "rowSet": [[1142, "Dick", "Bavetta", "27"], [2005, "Matt", "Boland", "46"], [201246, "Kevin", "Cutler", "34"]], "name": "Officials"}, {"headers": ["GAME_DATE", "ATTENDANCE", "GAME_TIME"], "rowSet": [["SATURDAY, OCTOBER 30, 2010", 18161, "2:22"]], "name": "GameInfo"}, {"headers": ["PLAYER_ID", "FIRST_NAME", "LAST_NAME", "JERSEY_NUM", "TEAM_ID", "TEAM_CITY", "TEAM_NAME", "TEAM_ABBREVIATION"], "rowSet": [[2030, "Kenyon", "Martin", " 4", 1610612743, "Denver", "Nuggets", "DEN"], [2365, "Chris", "Andersen", "11", 1610612743, "Denver", "Nuggets", "DEN"], [201966, "Jermaine", "Taylor", " 8", 1610612745, "Houston", "Rockets", "HOU"], [202397, "Ish", "Smith", "13", 1610612745, "Houston", "Rockets", "HOU"], [202335, "Patrick", "Patterson", "54", 1610612745, "Houston", "Rockets", "HOU"]], "name": "InactivePlayers"}, {"headers": ["VIDEO_AVAILABLE_FLAG"], "rowSet": [[0]], "name": "AvailableVideo"}], "parameters": {"GameID": "0021000037", "RangeType": 0, "StartPeriod": 0, "StartRange": 0, "EndPeriod": 0, "EndRange": 0}}