{"resource": "boxscore", "resultSets": [{"headers": ["GAME_DATE_EST", "GAME_SEQUENCE", "GAME_ID", "GAME_STATUS_ID", "GAME_STATUS_TEXT", "GAMECODE", "HOME_TEAM_ID", "VISITOR_TEAM_ID", "SEASON", "LIVE_PERIOD", "LIVE_PC_TIME", "NATL_TV_BROADCASTER_ABBREVIATION", "LIVE_PERIOD_TIME_BCAST", "WH_STATUS"], "rowSet": [["2010-10-29T00:00:00", 11, "0021000029", 3, "Final", "20101029/LACGSW", 1610612744, 1610612746, "2010", 4, "", null, "Q4  - ", 1]], "name": "GameSummary"}, {"headers": ["GAME_DATE_EST", "GAME_SEQUENCE", "GAME_ID", "TEAM_ID", "TEAM_ABBREVIATION", "TEAM_CITY_NAME", "TEAM_WINS_LOSSES", "PTS_QTR1", "PTS_QTR2", "PTS_QTR3", "PTS_QTR4", "PTS_OT1", "PTS_OT2", "PTS_OT3", "PTS_OT4", "PTS_OT5", "PTS_OT6", "PTS_OT7", "PTS_OT8", "PTS_OT9", "PTS_OT10", "PTS"], "rowSet": [["2010-10-29T00:00:00", 11, "0021000029", 1610612746, "LAC", "Los Angeles", "0-2", 28, 26, 13, 24, 0, 0, 0, 0, 0, 0, 0, 0, 0, 0, 91], ["2010-10-29T00:00:00", 11, "0021000029", 1610612744, "GSW", "Golden State", "2-0", 27, 31, 32, 19, 0, 0, 0, 0, 0, 0, 0, 0, 0, 0, 109]], "name": "LineScore"}, {"headers": ["GAME_ID", "HOME_TEAM_ID", "VISITOR_TEAM_ID", "GAME_DATE_EST", "HOME_TEAM_WINS", "HOME_TEAM_LOSSES", "SERIES_LEADER"], "rowSet": [["0021000029", 1610612744, 1610612746, "2010-10-29T00:00:00", 2, 2, "Tied"]], "name": "SeasonSeries"}, {"headers": ["GAME_ID", "LAST_GAME_ID", "LAST_GAME_DATE_EST", "LAST_GAME_HOME_TEAM_ID", "LAST_GAME_HOME_TEAM_CITY", "LAST_GAME_HOME_TEAM_NAME", "LAST_GAME_HOME_TEAM_ABBREVIATION", "LAST_GAME_HOME_TEAM_POINTS", "LAST_GAME_VISITOR_TEAM_ID", "LAST_GAME_VISITOR_TEAM_CITY", "LAST_GAME_VISITOR_TEAM_NAME", "LAST_GAME_VISITOR_TEAM_CITY1", "LAST_GAME_VISITOR_TEAM_POINTS"], "rowSet": [["0021000029", "0011000029", "2010-10-08T00:00:00", 1610612744, "Golden State", "Warriors", "GSW", 127, 1610612746, "Los Angeles", "Clippers", "LAC", 87]], "name": "LastMeeting"}, {"headers": ["GAME_ID", "TEAM_ID", "TEAM_ABBREVIATION", "TEAM_CITY", "PLAYER_ID", "PLAYER_NAME", "START_POSITION", "COMMENT", "MIN", "FGM", "FGA", "FG_PCT", "FG3M", "FG3A", "FG3_PCT", "FTM", "FTA", "FT_PCT", "OREB", "DREB", "REB", "AST", "STL", "BLK", "TO", "PF", "PTS", "PLUS_MINUS"], "rowSet": [["0021000029", 1610612746, "LAC", "Los Angeles", 101155, "Ryan Gomes", "F", "", "29:11", 2, 5, 0.4, 0, 1, 0.0, 3, 4, 0.75, 1, 2, 3, 1, 0, 0, 1, 2, 7, -12.0], ["0021000029", 1610612746, "LAC", "Los Angeles", 201933, "Blake Griffin", "F", "", "29:13", 6, 14, 0.429, 0, 0, 0.0, 2, 5, 0.4, 6, 4, 10, 3, 1, 0, 4, 5, 14, -20.0], ["0021000029", 1610612746, "LAC", "Los Angeles", 2549, "Chris Kaman", "C", "", "30:10", 5, 14, 0.357, 0, 0, 0.0, 3, 4, 0.75, 3, 4, 7, 1, 0, 1, 2, 0, 13, -9.0], ["0021000029", 1610612746, "LAC", "Los Angeles", 201569, "Eric Gordon", "G", "", "31:53", 6, 17, 0.353, 2, 9, 0.222, 5, 7, 0.714, 0, 4, 4, 2, 2, 0, 4, 0, 19, -16.0], ["0021000029", 1610612746, "LAC", "Los Angeles", 1884, "Baron Davis", "G", "", "34:18", 5, 13, 0.385, 1, 3, 0.333, 5, 5, 1.0, 0, 2, 2, 8, 2, 0, 1, 2, 16, -13.0], ["0021000029", 1610612746, "LAC", "Los Angeles", 201599, "DeAndre Jordan", "", "", "13:33", 4, 4, 1.0, 0, 0, 0.0, 0, 2, 0.0, 2, 1, 3, 0, 0, 0, 0, 2, 8, -5.0], ["0021000029", 1610612746, "LAC", "Los Angeles", 200751, "Randy Foye", "", "", "25:49", 2, 6, 0.333, 0, 1, 0.0, 3, 3, 1.0, 0, 1, 1, 1, 1, 0, 2, 1, 7, -9.0], ["0021000029", 1610612746, "LAC", "Los Angeles", 2567, "Brian Cook", "", "", "12:39", 1, 7, 0.143, 1, 2, 0.5, 0, 0, 0.0, 2, 4, 6, 0, 1, 0, 1, 3, 3, -4.0], ["0021000029", 1610612746, "LAC", "Los Angeles", 2446, "Rasual Butler", "", "", "23:20", 1, 2, 0.5, 1, 2, 0.5, 0, 0, 0.0, 0, 3, 3, 0, 0, 0, 1, 1, 3, -6.0], ["0021000029", 1610612746, "LAC", "Los Angeles", 202329, "Al-Farouq Aminu", "", "", "4:57", 0, 0, 0.0, 0, 0, 0.0, 0, 0, 0.0, 0, 1, 1, 0, 0, 0, 0, 0, 0, 2.0], ["0021000029", 1610612746, "LAC", "Los Angeles", 202339, "Eric Bledsoe", "", "", "4:57", 0, 1, 0.0, 0, 0, 0.0, 1, 2, 0.5, 0, 0, 0, 1, 0, 0, 0, 0, 1, 2.0], ["0021000029", 1610612746, "LAC", "Los Angeles", 2260, "Jarron Collins", "", "DNP - Coach's Decision", null, null, null, null, null, null, null, null, null, null, null, null, null, null, null, null, null, null, null, null], ["0021000029", 1610612744, "GSW", "Golden State", 2748, "Dorell Wright", "F", "", "38:12", 9, 13, 0.692, 6, 8, 0.75, 0, 0, 0.0, 1, 7, 8, 3, 0, 0, 2, 1, 24, 14.0], ["0021000029", 1610612744, "GSW", "Golden State", 101135, "David Lee", "F", "", "30:34", 6, 12, 0.5, 0, 0, 0.0, 3, 4, 0.75, 1, 11, 12, 3, 0, 0, 2, 3, 15, 12.0], ["0021000029", 1610612744, "GSW", "Golden State", 2740, "Andris Biedrins", "C", "", "15:59", 4, 4, 1.0, 0, 0, 0.0, 0, 0, 0.0, 0, 4, 4, 0, 3, 0, 2, 4, 8, 21.0], ["0021000029", 1610612744, "GSW", "Golden State", 101145, "Monta Ellis", "G", "", "32:49", 6, 12, 0.5, 3, 4, 0.75, 0, 0, 0.0, 1, 2, 3, 11, 0, 1, 3, 2, 15, 22.0], ["0021000029", 1610612744, "GSW", "Golden State", 201939, "Stephen Curry", "G", "", "26:53", 7, 9, 0.778, 1, 3, 0.333, 1, 3, 0.333, 0, 2, 2, 6, 2, 0, 2, 2, 16, 17.0], ["0021000029", 1610612744, "GSW", "Golden State", 2429, "Dan Gadzuric", "", "", "12:51", 2, 5, 0.4, 0, 0, 0.0, 0, 0, 0.0, 1, 2, 3, 1, 1, 2, 0, 3, 4, -1.0], ["0021000029", 1610612744, "GSW", "Golden State", 2209, "Vladimir Radmanovic", "", "", "19:50", 1, 6, 0.167, 1, 4, 0.25, 3, 4, 0.75, 1, 4, 5, 2, 0, 1, 2, 3, 6, 3.0], ["0021000029", 1610612744, "GSW", "Golden State", 200760, "Rodney Carney", "", "", "19:50", 4, 8, 0.5, 2, 2, 1.0, 2, 6, 0.333, 3, 0, 3, 3, 0, 0, 0, 2, 12, 1.0], ["0021000029", 1610612744, "GSW", "Golden State", 202130, "Reggie Williams", "", "", "26:16", 2, 6, 0.333, 1, 3, 0.333, 0, 0, 0.0, 0, 0, 0, 3, 1, 1, 3, 2, 5, 0.0], ["0021000029", 1610612744, "GSW", "Golden State", 201148, "Brandan Wright", "", "", "14:14", 2, 6, 0.333, 0, 0, 0.0, 0, 0, 0.0, 1, 5, 6, 0, 0, 2, 1, 3, 4, 1.0], ["0021000029", 1610612744, "GSW", "Golden State", 202391, "Jeremy Lin", "", "", "2:32", 0, 0, 0.0, 0, 0, 0.0, 0, 0, 0.0, 0, 0, 0, 0, 1, 0, 0, 0, 0, 0.0], ["0021000029", 1610612744, "GSW", "Golden State", 2294, "Charlie Bell", "", "DNP - Coach's Decision", null, null, null, null, null, null, null, null, null, null, null, null, null, null, null, null, null, null, null, null]], "name": "PlayerStats"}, {"headers": ["GAME_ID", "TEAM_ID", "TEAM_NAME", "TEAM_ABBREVIATION", "TEAM_CITY", "MIN", "FGM", "FGA", "FG_PCT", "FG3M", "FG3A", "FG3_PCT", "FTM", "FTA", "FT_PCT", "OREB", "DREB", "REB", "AST", "STL", "BLK", "TO", "PF", "PTS", "PLUS_MINUS"], "rowSet": [["0021000029", 1610612746, "Clippers", "LAC", "Los Angeles", "240:00", 32, 83, 0.386, 5, 18, 0.278, 22, 32, 0.688, 14, 26, 40, 17, 7, 1, 16, 16, 91, -18.0], ["0021000029", 1610612744, "Warriors", "GSW", "Golden State", "240:00", 43, 81, 0.531, 14, 24, 0.583, 9, 17, 0.529, 9, 37, 46, 32, 8, 7, 17, 25, 109, 18.0]], "name": "TeamStats"}, {"headers": ["LEAGUE_ID", "SEASON_ID", "TEAM_ID", "TEAM_ABBREVIATION", "TEAM_CITY", "PTS_PAINT", "PTS_2ND_CHANCE", "PTS_FB", "LARGEST_LEAD", "LEAD_CHANGES", "TIMES_TIED"], "rowSet": [["00", "22010", 1610612746, "LAC", "Los Angeles", 38, 17, 25, 24, 6, 5], ["00", "22010", 1610612744, "GSW", "Golden State", 38, 10, 24, 23, 6, 5]], "name": "OtherStats"}, {"headers": ["OFFICIAL_ID", "FIRST_NAME", "LAST_NAME", "JERSEY_NUM"], "rowSet": [[1664, "Gary", "Zielinski", "59"], [1662, "Bill", "Kennedy", "55"], [1363, "Bennie", "Adams", "47"]], "name": "Officials"}, {"headers": ["GAME_DATE", "ATTENDANCE", "GAME_TIME"], "rowSet": [["FRIDAY, OCTOBER 29, 2010", 17408, "2:19"]], "name": "GameInfo"}, {"headers": ["PLAYER_ID", "FIRST_NAME", "LAST_NAME", "JERSEY_NUM", "TEAM_ID", "TEAM_CITY", "TEAM_NAME", "TEAM_ABBREVIATION"], "rowSet": [[200783, "Craig", "Smith", " 1", 1610612746, "Los Angeles", "Clippers", "LAC"], [202378, "Willie", "Warren", "13", 1610612746, "Los Angeles", "Clippers", "LAC"], [200811, "Lou", "Amundson", "19", 1610612744, "Golden State", "Warriors", "GSW"], [202327, "Ekpe", "Udoh", "20", 1610612744, "Golden State", "Warriors", "GSW"], [202399, "Jeff", "Adrien", " 4", 1610612744, "Golden State", "Warriors", "GSW"]], "name": "InactivePlayers"}, {"headers": ["VIDEO_AVAILABLE_FLAG"], "rowSet": [[0]], "name": "AvailableVideo"}], "parameters": {"GameID": "0021000029", "RangeType": 0, "StartPeriod": 0, "StartRange": 0, "EndPeriod": 0, "EndRange": 0}}