{"resource": "boxscore", "resultSets": [{"headers": ["GAME_DATE_EST", "GAME_SEQUENCE", "GAME_ID", "GAME_STATUS_ID", "GAME_STATUS_TEXT", "GAMECODE", "HOME_TEAM_ID", "VISITOR_TEAM_ID", "SEASON", "LIVE_PERIOD", "LIVE_PC_TIME", "NATL_TV_BROADCASTER_ABBREVIATION", "LIVE_PERIOD_TIME_BCAST", "WH_STATUS"], "rowSet": [["2010-10-27T00:00:00", 10, "0021000013", 3, "Final", "20101027/INDSAS", 1610612759, 1610612754, "2010", 4, "", null, "Q4  - ", 1]], "name": "GameSummary"}, {"headers": ["GAME_DATE_EST", "GAME_SEQUENCE", "GAME_ID", "TEAM_ID", "TEAM_ABBREVIATION", "TEAM_CITY_NAME", "TEAM_WINS_LOSSES", "PTS_QTR1", "PTS_QTR2", "PTS_QTR3", "PTS_QTR4", "PTS_OT1", "PTS_OT2", "PTS_OT3", "PTS_OT4", "PTS_OT5", "PTS_OT6", "PTS_OT7", "PTS_OT8", "PTS_OT9", "PTS_OT10", "PTS"], "rowSet": [["2010-10-27T00:00:00", 10, "0021000013", 1610612754, "IND", "Indiana", "0-1", 31, 34, 24, 20, 0, 0, 0, 0, 0, 0, 0, 0, 0, 0, 109], ["2010-10-27T00:00:00", 10, "0021000013", 1610612759, "SAS", "San Antonio", "1-0", 37, 29, 26, 30, 0, 0, 0, 0, 0, 0, 0, 0, 0, 0, 122]], "name": "LineScore"}, {"headers": ["GAME_ID", "HOME_TEAM_ID", "VISITOR_TEAM_ID", "GAME_DATE_EST", "HOME_TEAM_WINS", "HOME_TEAM_LOSSES", "SERIES_LEADER"], "rowSet": [["0021000013", 1610612759, 1610612754, "2010-10-27T00:00:00", 2, 0, "San Antonio"]], "name": "SeasonSeries"}, {"headers": ["GAME_ID", "LAST_GAME_ID", "LAST_GAME_DATE_EST", "LAST_GAME_HOME_TEAM_ID", "LAST_GAME_HOME_TEAM_CITY", "LAST_GAME_HOME_TEAM_NAME", "LAST_GAME_HOME_TEAM_ABBREVIATION", "LAST_GAME_HOME_TEAM_POINTS", "LAST_GAME_VISITOR_TEAM_ID", "LAST_GAME_VISITOR_TEAM_CITY", "LAST_GAME_VISITOR_TEAM_NAME", "LAST_GAME_VISITOR_TEAM_CITY1", "LAST_GAME_VISITOR_TEAM_POINTS"], "rowSet": [["0021000013", "0020900791", "2010-02-17T00:00:00", 1610612759, "San Antonio", "Spurs", "SAS", 90, 1610612754, "Indiana", "Pacers", "IND", 87]], "name": "LastMeeting"}, {"headers": ["GAME_ID", "TEAM_ID", "TEAM_ABBREVIATION", "TEAM_CITY", "PLAYER_ID", "PLAYER_NAME", "START_POSITION", "COMMENT", "MIN", "FGM", "FGA", "FG_PCT", "FG3M", "FG3A", "FG3_PCT", "FTM", "FTA", "FT_PCT", "OREB", "DREB", "REB", "AST", "STL", "BLK", "TO", "PF", "PTS", "PLUS_MINUS"], "rowSet": [["0021000013", 1610612754, "IND", "Indiana", 101122, "Danny Granger", "F", "", "37:12", 10, 19, 0.526, 3, 6, 0.5, 3, 5, 0.6, 1, 3, 4, 2, 2, 0, 4, 3, 26, -9.0], ["0021000013", 1610612754, "IND", "Indiana", 201177, "Josh McRoberts", "F", "", "24:04", 5, 6, 0.833, 1, 2, 0.5, 0, 0, 0.0, 1, 5, 6, 1, 1, 2, 2, 4, 11, -4.0], ["0021000013", 1610612754, "IND", "Indiana", 201579, "Roy Hibbert", "C", "", "33:19", 10, 17, 0.588, 0, 0, 0.0, 8, 8, 1.0, 4, 5, 9, 3, 0, 3, 3, 5, 28, -6.0], ["0021000013", 1610612754, "IND", "Indiana", 2399, "Mike Dunleavy", "G", "", "34:15", 3, 7, 0.429, 1, 3, 0.333, 1, 4, 0.25, 1, 6, 7, 1, 0, 0, 3, 2, 8, -8.0], ["0021000013", 1610612754, "IND", "Indiana", 201954, "Darren Collison", "G", "", "32:21", 7, 13, 0.538, 1, 2, 0.5, 4, 5, 0.8, 0, 2, 2, 7, 0, 0, 3, 1, 19, -13.0], ["0021000013", 1610612754, "IND", "Indiana", 202331, "Paul George", "", "", "22:42", 1, 5, 0.2, 0, 3, 0.0, 2, 2, 1.0, 1, 2, 3, 2, 2, 1, 3, 2, 4, -1.0], ["0021000013", 1610612754, "IND", "Indiana", 200780, "Solomon Jones", "", "", "14:41", 0, 1, 0.0, 0, 0, 0.0, 1, 2, 0.5, 0, 1, 1, 2, 0, 0, 1, 4, 1, -7.0], ["0021000013", 1610612754, "IND", "Indiana", 1899, "James Posey", "", "", "23:56", 1, 5, 0.2, 1, 4, 0.25, 0, 0, 0.0, 0, 3, 3, 1, 1, 0, 1, 3, 3, -9.0], ["0021000013", 1610612754, "IND", "Indiana", 2551, "T.J. Ford", "", "", "17:30", 4, 4, 1.0, 1, 1, 1.0, 0, 2, 0.0, 1, 0, 1, 1, 3, 0, 3, 2, 9, -8.0], ["0021000013", 1610612754, "IND", "Indiana", 1902, "Jeff Foster", "", "DNP - Coach's Decision", null, null, null, null, null, null, null, null, null, null, null, null, null, null, null, null, null, null, null, null], ["0021000013", 1610612754, "IND", "Indiana", 201946, "Tyler Hansbrough", "", "DNP - Coach's Decision", null, null, null, null, null, null, null, null, null, null, null, null, null, null, null, null, null, null, null, null], ["0021000013", 1610612754, "IND", "Indiana", 201575, "Brandon Rush", "", "NWT-League Suspension", null, null, null, null, null, null, null, null, null, null, null, null, null, null, null, null, null, null, null, null], ["0021000013", 1610612759, "SAS", "San Antonio", 2210, "Richard Jefferson", "F", "", "21:12", 4, 6, 0.667, 1, 2, 0.5, 7, 10, 0.7, 1, 1, 2, 2, 1, 0, 1, 5, 16, 7.0], ["0021000013", 1610612759, "SAS", "San Antonio", 1495, "Tim Duncan", "F", "", "32:44", 10, 12, 0.833, 0, 0, 0.0, 3, 5, 0.6, 1, 11, 12, 3, 3, 4, 1, 2, 23, 13.0], ["0021000013", 1610612759, "SAS", "San Antonio", 201971, "DeJuan Blair", "C", "", "20:10", 2, 9, 0.222, 0, 0, 0.0, 5, 5, 1.0, 2, 1, 3, 3, 2, 0, 1, 2, 9, -5.0], ["0021000013", 1610612759, "SAS", "San Antonio", 1938, "Manu Ginobili", "G", "", "31:54", 6, 14, 0.429, 5, 9, 0.556, 5, 5, 1.0, 1, 2, 3, 4, 2, 1, 3, 2, 22, 7.0], ["0021000013", 1610612759, "SAS", "San Antonio", 2225, "Tony Parker", "G", "", "38:05", 9, 18, 0.5, 0, 0, 0.0, 2, 2, 1.0, 0, 3, 3, 9, 3, 0, 4, 1, 20, 15.0], ["0021000013", 1610612759, "SAS", "San Antonio", 201588, "George Hill", "", "", "27:40", 4, 8, 0.5, 1, 2, 0.5, 7, 9, 0.778, 2, 2, 4, 3, 2, 0, 2, 4, 16, 11.0], ["0021000013", 1610612759, "SAS", "San Antonio", 2588, "Matt Bonner", "", "", "13:57", 1, 3, 0.333, 0, 0, 0.0, 0, 0, 0.0, 0, 1, 1, 2, 0, 0, 0, 0, 2, 1.0], ["0021000013", 1610612759, "SAS", "San Antonio", 686, "Antonio McDyess", "", "", "19:00", 2, 3, 0.667, 0, 0, 0.0, 0, 0, 0.0, 1, 5, 6, 1, 1, 0, 1, 0, 4, 10.0], ["0021000013", 1610612759, "SAS", "San Antonio", 202341, "James Anderson", "", "", "26:48", 4, 8, 0.5, 2, 5, 0.4, 0, 0, 0.0, 0, 0, 0, 1, 1, 0, 1, 4, 10, 6.0], ["0021000013", 1610612759, "SAS", "San Antonio", 2250, "Bobby Simmons", "", "", "6:06", 0, 2, 0.0, 0, 2, 0.0, 0, 0, 0.0, 0, 0, 0, 1, 0, 0, 0, 1, 0, 6.0], ["0021000013", 1610612759, "SAS", "San Antonio", 202066, "Garrett Temple", "", "", "1:12", 0, 0, 0.0, 0, 0, 0.0, 0, 0, 0.0, 0, 0, 0, 0, 0, 0, 0, 0, 0, -3.0], ["0021000013", 1610612759, "SAS", "San Antonio", 202390, "Gary Neal", "", "", "1:12", 0, 0, 0.0, 0, 0, 0.0, 0, 0, 0.0, 1, 0, 1, 0, 0, 0, 0, 0, 0, -3.0]], "name": "PlayerStats"}, {"headers": ["GAME_ID", "TEAM_ID", "TEAM_NAME", "TEAM_ABBREVIATION", "TEAM_CITY", "MIN", "FGM", "FGA", "FG_PCT", "FG3M", "FG3A", "FG3_PCT", "FTM", "FTA", "FT_PCT", "OREB", "DREB", "REB", "AST", "STL", "BLK", "TO", "PF", "PTS", "PLUS_MINUS"], "rowSet": [["0021000013", 1610612759, "Spurs", "SAS", "San Antonio", "240:00", 42, 83, 0.506, 9, 20, 0.45, 29, 36, 0.806, 9, 26, 35, 29, 15, 5, 14, 21, 122, 13.0], ["0021000013", 1610612754, "Pacers", "IND", "Indiana", "240:00", 41, 77, 0.532, 8, 21, 0.381, 19, 28, 0.679, 9, 27, 36, 20, 9, 6, 23, 26, 109, -13.0]], "name": "TeamStats"}, {"headers": ["LEAGUE_ID", "SEASON_ID", "TEAM_ID", "TEAM_ABBREVIATION", "TEAM_CITY", "PTS_PAINT", "PTS_2ND_CHANCE", "PTS_FB", "LARGEST_LEAD", "LEAD_CHANGES", "TIMES_TIED"], "rowSet": [["00", "22010", 1610612759, "SAS", "San Antonio", 40, 8, 22, 16, 10, 4], ["00", "22010", 1610612754, "IND", "Indiana", 38, 10, 24, 18, 10, 4]], "name": "OtherStats"}, {"headers": ["OFFICIAL_ID", "FIRST_NAME", "LAST_NAME", "JERSEY_NUM"], "rowSet": [[1198, "Scott", "Wall", "31"], [1142, "Dick", "Bavetta", "27"], [2002, "Derrick", "Collins", "11"]], "name": "Officials"}, {"headers": ["GAME_DATE", "ATTENDANCE", "GAME_TIME"], "rowSet": [["WEDNESDAY, OCTOBER 27, 2010", 18581, "2:20"]], "name": "GameInfo"}, {"headers": ["PLAYER_ID", "FIRST_NAME", "LAST_NAME", "JERSEY_NUM", "TEAM_ID", "TEAM_CITY", "TEAM_NAME", "TEAM_ABBREVIATION"], "rowSet": [[2563, "Dahntay", "Jones", " 1", 1610612754, "Indiana", "Pacers", "IND"], [201985, "A.J.", "Price", "22", 1610612754, "Indiana", "Pacers", "IND"], [202362, "Lance", "Stephenson", " 6", 1610612754, "Indiana", "Pacers", "IND"], [202087, "Alonzo", "Gee", "23", 1610612759, "San Antonio", "Spurs", "SAS"], [201168, "Tiago", "Splitter", "22", 1610612759, "San Antonio", "Spurs", "SAS"]], "name": "InactivePlayers"}, {"headers": ["VIDEO_AVAILABLE_FLAG"], "rowSet": [[0]], "name": "AvailableVideo"}], "parameters": {"GameID": "0021000013", "RangeType": 0, "StartPeriod": 0, "StartRange": 0, "EndPeriod": 0, "EndRange": 0}}