{"resource": "boxscore", "resultSets": [{"headers": ["GAME_DATE_EST", "GAME_SEQUENCE", "GAME_ID", "GAME_STATUS_ID", "GAME_STATUS_TEXT", "GAMECODE", "HOME_TEAM_ID", "VISITOR_TEAM_ID", "SEASON", "LIVE_PERIOD", "LIVE_PC_TIME", "NATL_TV_BROADCASTER_ABBREVIATION", "LIVE_PERIOD_TIME_BCAST", "WH_STATUS"], "rowSet": [["2010-11-02T00:00:00", 1, "0021000047", 3, "Final", "20101102/ATLCLE", 1610612739, 1610612737, "2010", 4, "", null, "Q4  - ", 1]], "name": "GameSummary"}, {"headers": ["GAME_DATE_EST", "GAME_SEQUENCE", "GAME_ID", "TEAM_ID", "TEAM_ABBREVIATION", "TEAM_CITY_NAME", "TEAM_WINS_LOSSES", "PTS_QTR1", "PTS_QTR2", "PTS_QTR3", "PTS_QTR4", "PTS_OT1", "PTS_OT2", "PTS_OT3", "PTS_OT4", "PTS_OT5", "PTS_OT6", "PTS_OT7", "PTS_OT8", "PTS_OT9", "PTS_OT10", "PTS"], "rowSet": [["2010-11-02T00:00:00", 1, "0021000047", 1610612739, "CLE", "Cleveland", "1-3", 27, 20, 26, 15, 0, 0, 0, 0, 0, 0, 0, 0, 0, 0, 88], ["2010-11-02T00:00:00", 1, "0021000047", 1610612737, "ATL", "Atlanta", "4-0", 40, 19, 15, 26, 0, 0, 0, 0, 0, 0, 0, 0, 0, 0, 100]], "name": "LineScore"}, {"headers": ["GAME_ID", "HOME_TEAM_ID", "VISITOR_TEAM_ID", "GAME_DATE_EST", "HOME_TEAM_WINS", "HOME_TEAM_LOSSES", "SERIES_LEADER"], "rowSet": [["0021000047", 1610612739, 1610612737, "2010-11-02T00:00:00", 0, 3, "Atlanta"]], "name": "SeasonSeries"}, {"headers": ["GAME_ID", "LAST_GAME_ID", "LAST_GAME_DATE_EST", "LAST_GAME_HOME_TEAM_ID", "LAST_GAME_HOME_TEAM_CITY", "LAST_GAME_HOME_TEAM_NAME", "LAST_GAME_HOME_TEAM_ABBREVIATION", "LAST_GAME_HOME_TEAM_POINTS", "LAST_GAME_VISITOR_TEAM_ID", "LAST_GAME_VISITOR_TEAM_CITY", "LAST_GAME_VISITOR_TEAM_NAME", "LAST_GAME_VISITOR_TEAM_CITY1", "LAST_GAME_VISITOR_TEAM_POINTS"], "rowSet": [["0021000047", "0020901217", "2010-04-14T00:00:00", 1610612739, "Cleveland", "Cavaliers", "CLE", 83, 1610612737, "Atlanta", "Hawks", "ATL", 99]], "name": "LastMeeting"}, {"headers": ["GAME_ID", "TEAM_ID", "TEAM_ABBREVIATION", "TEAM_CITY", "PLAYER_ID", "PLAYER_NAME", "START_POSITION", "COMMENT", "MIN", "FGM", "FGA", "FG_PCT", "FG3M", "FG3A", "FG3_PCT", "FTM", "FTA", "FT_PCT", "OREB", "DREB", "REB", "AST", "STL", "BLK", "TO", "PF", "PTS", "PLUS_MINUS"], "rowSet": [["0021000047", 1610612737, "ATL", "Atlanta", 101107, "Marvin Williams", "F", "", "35:47", 8, 12, 0.667, 1, 3, 0.333, 5, 6, 0.833, 1, 3, 4, 2, 1, 0, 2, 2, 22, 9.0], ["0021000047", 1610612737, "ATL", "Atlanta", 2746, "Josh Smith", "F", "", "35:18", 3, 11, 0.273, 0, 1, 0.0, 0, 2, 0.0, 3, 8, 11, 4, 2, 5, 0, 3, 6, 5.0], ["0021000047", 1610612737, "ATL", "Atlanta", 201143, "Al Horford", "C", "", "30:49", 7, 13, 0.538, 0, 0, 0.0, 2, 2, 1.0, 6, 6, 12, 4, 1, 0, 0, 3, 16, 0.0], ["0021000047", 1610612737, "ATL", "Atlanta", 2207, "Joe Johnson", "G", "", "42:11", 6, 21, 0.286, 1, 6, 0.167, 2, 2, 1.0, 2, 4, 6, 9, 1, 1, 2, 0, 15, 14.0], ["0021000047", 1610612737, "ATL", "Atlanta", 1710, "Mike Bibby", "G", "", "27:53", 6, 10, 0.6, 1, 4, 0.25, 2, 5, 0.4, 0, 0, 0, 1, 0, 0, 0, 2, 15, 7.0], ["0021000047", 1610612737, "ATL", "Atlanta", 2037, "Jamal Crawford", "", "", "21:36", 4, 7, 0.571, 2, 2, 1.0, 6, 6, 1.0, 1, 1, 2, 2, 0, 0, 1, 1, 16, 4.0], ["0021000047", 1610612737, "ATL", "Atlanta", 2585, "Zaza Pachulia", "", "", "15:34", 1, 1, 1.0, 0, 0, 0.0, 1, 3, 0.333, 0, 2, 2, 0, 0, 0, 1, 3, 3, 9.0], ["0021000047", 1610612737, "ATL", "Atlanta", 2694, "Josh Powell", "", "", "12:42", 2, 4, 0.5, 0, 0, 0.0, 1, 2, 0.5, 0, 4, 4, 2, 0, 0, 0, 1, 5, 7.0], ["0021000047", 1610612737, "ATL", "Atlanta", 201952, "Jeff Teague", "", "", "16:36", 0, 5, 0.0, 0, 1, 0.0, 2, 2, 1.0, 1, 1, 2, 2, 2, 1, 1, 2, 2, 4.0], ["0021000047", 1610612737, "ATL", "Atlanta", 2215, "Jason Collins", "", "", "1:34", 0, 0, 0.0, 0, 0, 0.0, 0, 0, 0.0, 0, 0, 0, 0, 0, 0, 0, 0, 0, 1.0], ["0021000047", 1610612737, "ATL", "Atlanta", 202348, "Jordan Crawford", "", "DNP - Coach's Decision", null, null, null, null, null, null, null, null, null, null, null, null, null, null, null, null, null, null, null, null], ["0021000047", 1610612737, "ATL", "Atlanta", 2041, "Etan Thomas", "", "DNP - Coach's Decision", null, null, null, null, null, null, null, null, null, null, null, null, null, null, null, null, null, null, null, null], ["0021000047", 1610612739, "CLE", "Cleveland", 200081, "Jamario Moon", "F", "", "33:50", 3, 5, 0.6, 0, 2, 0.0, 0, 0, 0.0, 1, 6, 7, 2, 0, 2, 0, 3, 6, 2.0], ["0021000047", 1610612739, "CLE", "Cleveland", 201581, "JJ Hickson", "F", "", "32:28", 11, 17, 0.647, 0, 0, 0.0, 9, 11, 0.818, 2, 3, 5, 0, 1, 0, 5, 0, 31, -6.0], ["0021000047", 1610612739, "CLE", "Cleveland", 2760, "Anderson Varejao", "C", "", "34:09", 1, 6, 0.167, 0, 0, 0.0, 0, 0, 0.0, 2, 10, 12, 3, 0, 0, 2, 3, 2, -9.0], ["0021000047", 1610612739, "CLE", "Cleveland", 1515, "Anthony Parker", "G", "", "32:14", 4, 10, 0.4, 2, 3, 0.667, 0, 0, 0.0, 1, 2, 3, 2, 0, 0, 0, 2, 10, -12.0], ["0021000047", 1610612739, "CLE", "Cleveland", 201196, "Ramon Sessions", "G", "", "21:44", 2, 9, 0.222, 0, 0, 0.0, 3, 4, 0.75, 2, 1, 3, 3, 0, 0, 2, 1, 7, 2.0], ["0021000047", 1610612739, "CLE", "Cleveland", 200789, "Daniel Gibson", "", "", "24:08", 3, 10, 0.3, 0, 5, 0.0, 0, 1, 0.0, 0, 7, 7, 2, 1, 0, 2, 5, 6, -4.0], ["0021000047", 1610612739, "CLE", "Cleveland", 101214, "Jawad Williams", "", "", "15:20", 2, 2, 1.0, 1, 1, 1.0, 0, 0, 0.0, 0, 1, 1, 0, 0, 0, 1, 1, 5, -15.0], ["0021000047", 1610612739, "CLE", "Cleveland", 2590, "Mo Williams", "", "", "24:27", 4, 12, 0.333, 2, 6, 0.333, 2, 2, 1.0, 1, 1, 2, 2, 0, 1, 1, 3, 12, -15.0], ["0021000047", 1610612739, "CLE", "Cleveland", 200797, "Ryan Hollins", "", "", "13:51", 2, 2, 1.0, 0, 0, 0.0, 4, 4, 1.0, 1, 0, 1, 1, 0, 0, 1, 4, 8, -3.0], ["0021000047", 1610612739, "CLE", "Cleveland", 200796, "Leon Powe", "", "", "7:49", 0, 1, 0.0, 0, 0, 0.0, 1, 4, 0.25, 0, 3, 3, 0, 0, 1, 0, 0, 1, 0.0], ["0021000047", 1610612739, "CLE", "Cleveland", 101121, "Joey Graham", "", "DNP - Coach's Decision", null, null, null, null, null, null, null, null, null, null, null, null, null, null, null, null, null, null, null, null], ["0021000047", 1610612739, "CLE", "Cleveland", 202412, "Manny Harris", "", "DNP - Coach's Decision", null, null, null, null, null, null, null, null, null, null, null, null, null, null, null, null, null, null, null, null]], "name": "PlayerStats"}, {"headers": ["GAME_ID", "TEAM_ID", "TEAM_NAME", "TEAM_ABBREVIATION", "TEAM_CITY", "MIN", "FGM", "FGA", "FG_PCT", "FG3M", "FG3A", "FG3_PCT", "FTM", "FTA", "FT_PCT", "OREB", "DREB", "REB", "AST", "STL", "BLK", "TO", "PF", "PTS", "PLUS_MINUS"], "rowSet": [["0021000047", 1610612739, "Cavaliers", "CLE", "Cleveland", "240:00", 32, 74, 0.432, 5, 17, 0.294, 19, 26, 0.731, 10, 34, 44, 15, 2, 4, 14, 22, 88, -12.0], ["0021000047", 1610612737, "Hawks", "ATL", "Atlanta", "240:00", 37, 84, 0.44, 5, 17, 0.294, 21, 30, 0.7, 14, 29, 43, 26, 7, 7, 7, 17, 100, 12.0]], "name": "TeamStats"}, {"headers": ["LEAGUE_ID", "SEASON_ID", "TEAM_ID", "TEAM_ABBREVIATION", "TEAM_CITY", "PTS_PAINT", "PTS_2ND_CHANCE", "PTS_FB", "LARGEST_LEAD", "LEAD_CHANGES", "TIMES_TIED"], "rowSet": [["00", "22010", 1610612737, "ATL", "Atlanta", 30, 7, 18, 17, 3, 1], ["00", "22010", 1610612739, "CLE", "Cleveland", 24, 15, 13, 17, 3, 1]], "name": "OtherStats"}, {"headers": ["OFFICIAL_ID", "FIRST_NAME", "LAST_NAME", "JERSEY_NUM"], "rowSet": [[1830, "Marc", "Davis", "8"], [2714, "David", "Guthrie", "16"], [201639, "Josh", "Tiven", "58"]], "name": "Officials"}, {"headers": ["GAME_DATE", "ATTENDANCE", "GAME_TIME"], "rowSet": [["TUESDAY, NOVEMBER 2, 2010", 20562, "2:16"]], "name": "GameInfo"}, {"headers": ["PLAYER_ID", "FIRST_NAME", "LAST_NAME", "JERSEY_NUM", "TEAM_ID", "TEAM_CITY", "TEAM_NAME", "TEAM_ABBREVIATION"], "rowSet": [[1712, "Antawn", "Jamison", " 4", 1610612739, "Cleveland", "Cavaliers", "CLE"], [201963, "Christian", "Eyenga", " 8", 1610612739, "Cleveland", "Cavaliers", "CLE"], [202396, "Samardo", "Samuels", "24", 1610612739, "Cleveland", "Cavaliers", "CLE"], [2230, "Maurice", "Evans", " 1", 1610612737, "Atlanta", "Hawks", "ATL"], [202377, "Pape", "Sy", "19", 1610612737, "Atlanta", "Hawks", "ATL"]], "name": "InactivePlayers"}, {"headers": ["VIDEO_AVAILABLE_FLAG"], "rowSet": [[0]], "name": "AvailableVideo"}], "parameters": {"GameID": "0021000047", "RangeType": 0, "StartPeriod": 0, "StartRange": 0, "EndPeriod": 0, "EndRange": 0}}