{"resource": "boxscore", "resultSets": [{"headers": ["GAME_DATE_EST", "GAME_SEQUENCE", "GAME_ID", "GAME_STATUS_ID", "GAME_STATUS_TEXT", "GAMECODE", "HOME_TEAM_ID", "VISITOR_TEAM_ID", "SEASON", "LIVE_PERIOD", "LIVE_PC_TIME", "NATL_TV_BROADCASTER_ABBREVIATION", "LIVE_PERIOD_TIME_BCAST", "WH_STATUS"], "rowSet": [["2010-10-30T00:00:00", 8, "0021000038", 3, "Final", "20101030/CHAMIL", 1610612749, 1610612766, "2010", 4, "", null, "Q4  - ", 1]], "name": "GameSummary"}, {"headers": ["GAME_DATE_EST", "GAME_SEQUENCE", "GAME_ID", "TEAM_ID", "TEAM_ABBREVIATION", "TEAM_CITY_NAME", "TEAM_WINS_LOSSES", "PTS_QTR1", "PTS_QTR2", "PTS_QTR3", "PTS_QTR4", "PTS_OT1", "PTS_OT2", "PTS_OT3", "PTS_OT4", "PTS_OT5", "PTS_OT6", "PTS_OT7", "PTS_OT8", "PTS_OT9", "PTS_OT10", "PTS"], "rowSet": [["2010-10-30T00:00:00", 8, "0021000038", 1610612766, "CHA", "Charlotte", "0-3", 18, 22, 22, 26, 0, 0, 0, 0, 0, 0, 0, 0, 0, 0, 88], ["2010-10-30T00:00:00", 8, "0021000038", 1610612749, "MIL", "Milwaukee", "1-2", 27, 21, 25, 25, 0, 0, 0, 0, 0, 0, 0, 0, 0, 0, 98]], "name": "LineScore"}, {"headers": ["GAME_ID", "HOME_TEAM_ID", "VISITOR_TEAM_ID", "GAME_DATE_EST", "HOME_TEAM_WINS", "HOME_TEAM_LOSSES", "SERIES_LEADER"], "rowSet": [["0021000038", 1610612749, 1610612766, "2010-10-30T00:00:00", 2, 1, "Milwaukee"]], "name": "SeasonSeries"}, {"headers": ["GAME_ID", "LAST_GAME_ID", "LAST_GAME_DATE_EST", "LAST_GAME_HOME_TEAM_ID", "LAST_GAME_HOME_TEAM_CITY", "LAST_GAME_HOME_TEAM_NAME", "LAST_GAME_HOME_TEAM_ABBREVIATION", "LAST_GAME_HOME_TEAM_POINTS", "LAST_GAME_VISITOR_TEAM_ID", "LAST_GAME_VISITOR_TEAM_CITY", "LAST_GAME_VISITOR_TEAM_NAME", "LAST_GAME_VISITOR_TEAM_CITY1", "LAST_GAME_VISITOR_TEAM_POINTS"], "rowSet": [["0021000038", "0011000034", "2010-10-09T00:00:00", 1610612749, "Milwaukee", "Bucks", "MIL", 86, 1610612766, "Charlotte", "Bobcats", "CHA", 78]], "name": "LastMeeting"}, {"headers": ["GAME_ID", "TEAM_ID", "TEAM_ABBREVIATION", "TEAM_CITY", "PLAYER_ID", "PLAYER_NAME", "START_POSITION", "COMMENT", "MIN", "FGM", "FGA", "FG_PCT", "FG3M", "FG3A", "FG3_PCT", "FTM", "FTA", "FT_PCT", "OREB", "DREB", "REB", "AST", "STL", "BLK", "TO", "PF", "PTS", "PLUS_MINUS"], "rowSet": [["0021000038", 1610612766, "CHA", "Charlotte", 2222, "Gerald Wallace", "F", "", "42:41", 3, 9, 0.333, 0, 1, 0.0, 5, 6, 0.833, 0, 3, 3, 1, 0, 0, 6, 4, 11, -11.0], ["0021000038", 1610612766, "CHA", "Charlotte", 2564, "Boris Diaw", "F", "", "24:36", 1, 4, 0.25, 1, 4, 0.25, 2, 2, 1.0, 0, 2, 2, 1, 0, 1, 0, 5, 5, -3.0], ["0021000038", 1610612766, "CHA", "Charlotte", 1737, "Nazr Mohammed", "C", "", "22:23", 1, 4, 0.25, 0, 0, 0.0, 1, 2, 0.5, 0, 3, 3, 0, 0, 1, 2, 3, 3, -13.0], ["0021000038", 1610612766, "CHA", "Charlotte", 1536, "Stephen Jackson", "G", "", "42:24", 8, 15, 0.533, 3, 7, 0.429, 4, 5, 0.8, 0, 2, 2, 3, 2, 1, 3, 3, 23, -16.0], ["0021000038", 1610612766, "CHA", "Charlotte", 201571, "D.J. Augustin", "G", "", "39:31", 9, 13, 0.692, 5, 6, 0.833, 3, 3, 1.0, 1, 3, 4, 5, 1, 0, 1, 2, 26, -1.0], ["0021000038", 1610612766, "CHA", "Charlotte", 200748, "Tyrus Thomas", "", "", "21:17", 3, 10, 0.3, 0, 0, 0.0, 2, 3, 0.667, 2, 5, 7, 0, 2, 2, 4, 4, 8, -10.0], ["0021000038", 1610612766, "CHA", "Charlotte", 2733, "Shaun Livingston", "", "", "15:38", 2, 3, 0.667, 0, 0, 0.0, 0, 0, 0.0, 0, 2, 2, 2, 0, 0, 0, 3, 4, -2.0], ["0021000038", 1610612766, "CHA", "Charlotte", 2205, "DeSagana Diop", "", "", "4:35", 0, 1, 0.0, 0, 0, 0.0, 0, 0, 0.0, 0, 0, 0, 1, 0, 0, 2, 0, 0, -2.0], ["0021000038", 1610612766, "CHA", "Charlotte", 201974, "Derrick Brown", "", "", "12:40", 2, 2, 1.0, 0, 0, 0.0, 2, 2, 1.0, 2, 2, 4, 0, 1, 0, 0, 2, 6, -2.0], ["0021000038", 1610612766, "CHA", "Charlotte", 201945, "Gerald Henderson", "", "", "14:14", 1, 3, 0.333, 0, 1, 0.0, 0, 0, 0.0, 0, 1, 1, 0, 0, 0, 0, 2, 2, 10.0], ["0021000038", 1610612766, "CHA", "Charlotte", 2679, "Matt Carroll", "", "DNP - Coach's Decision", null, null, null, null, null, null, null, null, null, null, null, null, null, null, null, null, null, null, null, null], ["0021000038", 1610612766, "CHA", "Charlotte", 202395, "Sherron Collins", "", "DNP - Coach's Decision", null, null, null, null, null, null, null, null, null, null, null, null, null, null, null, null, null, null, null, null], ["0021000038", 1610612749, "MIL", "Milwaukee", 2568, "Carlos Delfino", "F", "", "41:43", 8, 17, 0.471, 5, 11, 0.455, 2, 2, 1.0, 0, 3, 3, 3, 2, 0, 1, 0, 23, 8.0], ["0021000038", 1610612749, "MIL", "Milwaukee", 2400, "Drew Gooden", "F", "", "13:14", 1, 4, 0.25, 0, 0, 0.0, 2, 2, 1.0, 1, 0, 1, 0, 0, 1, 2, 4, 4, 1.0], ["0021000038", 1610612749, "MIL", "Milwaukee", 101106, "Andrew Bogut", "C", "", "35:20", 6, 13, 0.462, 0, 0, 0.0, 2, 2, 1.0, 3, 5, 8, 1, 1, 4, 2, 4, 14, 15.0], ["0021000038", 1610612749, "MIL", "Milwaukee", 2422, "John Salmons", "G", "", "33:40", 4, 11, 0.364, 2, 3, 0.667, 4, 4, 1.0, 1, 2, 3, 4, 2, 0, 3, 5, 14, 8.0], ["0021000038", 1610612749, "MIL", "Milwaukee", 201943, "Brandon Jennings", "G", "", "40:14", 6, 8, 0.75, 3, 3, 1.0, 5, 6, 0.833, 1, 9, 10, 10, 0, 0, 3, 4, 20, 14.0], ["0021000038", 1610612749, "MIL", "Milwaukee", 201601, "Luc Mbah a Moute", "", "", "34:46", 4, 5, 0.8, 0, 0, 0.0, 1, 4, 0.25, 5, 4, 9, 1, 1, 0, 0, 2, 9, 9.0], ["0021000038", 1610612749, "MIL", "Milwaukee", 1894, "Corey Maggette", "", "", "18:14", 2, 10, 0.2, 0, 3, 0.0, 5, 5, 1.0, 2, 1, 3, 0, 1, 0, 4, 3, 9, -2.0], ["0021000038", 1610612749, "MIL", "Milwaukee", 201972, "Jon Brockman", "", "", "12:40", 0, 0, 0.0, 0, 0, 0.0, 2, 2, 1.0, 0, 2, 2, 0, 0, 0, 2, 1, 2, -5.0], ["0021000038", 1610612749, "MIL", "Milwaukee", 2039, "Keyon Dooling", "", "", "4:40", 0, 2, 0.0, 0, 1, 0.0, 0, 0, 0.0, 0, 0, 0, 0, 0, 0, 1, 0, 0, 0.0], ["0021000038", 1610612749, "MIL", "Milwaukee", 101141, "Ersan Ilyasova", "", "", "0:58", 0, 0, 0.0, 0, 0, 0.0, 0, 0, 0.0, 0, 0, 0, 0, 0, 0, 0, 0, 0, 2.0], ["0021000038", 1610612749, "MIL", "Milwaukee", 1863, "Earl Boykins", "", "", "4:31", 1, 1, 1.0, 1, 1, 1.0, 0, 0, 0.0, 1, 0, 1, 0, 0, 0, 0, 0, 3, 0.0], ["0021000038", 1610612749, "MIL", "Milwaukee", 202336, "Larry Sanders", "", "DNP - Coach's Decision", null, null, null, null, null, null, null, null, null, null, null, null, null, null, null, null, null, null, null, null]], "name": "PlayerStats"}, {"headers": ["GAME_ID", "TEAM_ID", "TEAM_NAME", "TEAM_ABBREVIATION", "TEAM_CITY", "MIN", "FGM", "FGA", "FG_PCT", "FG3M", "FG3A", "FG3_PCT", "FTM", "FTA", "FT_PCT", "OREB", "DREB", "REB", "AST", "STL", "BLK", "TO", "PF", "PTS", "PLUS_MINUS"], "rowSet": [["0021000038", 1610612749, "Bucks", "MIL", "Milwaukee", "240:00", 32, 71, 0.451, 11, 22, 0.5, 23, 27, 0.852, 14, 26, 40, 19, 7, 5, 18, 23, 98, 10.0], ["0021000038", 1610612766, "Bobcats", "CHA", "Charlotte", "240:00", 30, 64, 0.469, 9, 19, 0.474, 19, 23, 0.826, 5, 23, 28, 13, 6, 5, 18, 28, 88, -10.0]], "name": "TeamStats"}, {"headers": ["LEAGUE_ID", "SEASON_ID", "TEAM_ID", "TEAM_ABBREVIATION", "TEAM_CITY", "PTS_PAINT", "PTS_2ND_CHANCE", "PTS_FB", "LARGEST_LEAD", "LEAD_CHANGES", "TIMES_TIED"], "rowSet": [["00", "22010", 1610612766, "CHA", "Charlotte", 28, 12, 17, 14, 2, 1], ["00", "22010", 1610612749, "MIL", "Milwaukee", 32, 20, 11, 12, 2, 1]], "name": "OtherStats"}, {"headers": ["OFFICIAL_ID", "FIRST_NAME", "LAST_NAME", "JERSEY_NUM"], "rowSet": [[1201, "Leon", "Wood", "40"], [1830, "Marc", "Davis", "8"], [2716, "Olandis", "Poole", "50"]], "name": "Officials"}, {"headers": ["GAME_DATE", "ATTENDANCE", "GAME_TIME"], "rowSet": [["SATURDAY, OCTOBER 30, 2010", 16519, "2:19"]], "name": "GameInfo"}, {"headers": ["PLAYER_ID", "FIRST_NAME", "LAST_NAME", "JERSEY_NUM", "TEAM_ID", "TEAM_CITY", "TEAM_NAME", "TEAM_ABBREVIATION"], "rowSet": [[2059, "Eduardo", "Najera", "21", 1610612766, "Charlotte", "Bobcats", "CHA"], [2198, "Kwame", "Brown", "54", 1610612766, "Charlotte", "Bobcats", "CHA"], [201187, "Dominic", "McGuire", " 5", 1610612766, "Charlotte", "Bobcats", "CHA"], [2072, "Michael", "Redd", "22", 1610612749, "Milwaukee", "Bucks", "MIL"], [201604, "Chris", "Douglas-Roberts", "17", 1610612749, "Milwaukee", "Bucks", "MIL"], [202359, "Darington", "Hobson", " 9", 1610612749, "Milwaukee", "Bucks", "MIL"]], "name": "InactivePlayers"}, {"headers": ["VIDEO_AVAILABLE_FLAG"], "rowSet": [[0]], "name": "AvailableVideo"}], "parameters": {"GameID": "0021000038", "RangeType": 0, "StartPeriod": 0, "StartRange": 0, "EndPeriod": 0, "EndRange": 0}}