{"resource": "boxscore", "resultSets": [{"headers": ["GAME_DATE_EST", "GAME_SEQUENCE", "GAME_ID", "GAME_STATUS_ID", "GAME_STATUS_TEXT", "GAMECODE", "HOME_TEAM_ID", "VISITOR_TEAM_ID", "SEASON", "LIVE_PERIOD", "LIVE_PC_TIME", "NATL_TV_BROADCASTER_ABBREVIATION", "LIVE_PERIOD_TIME_BCAST", "WH_STATUS"], "rowSet": [["2010-11-05T00:00:00", 9, "0021000076", 3, "Final", "20101105/MEMPHX", 1610612756, 1610612763, "2010", 6, "", null, "Q6  - ", 1]], "name": "GameSummary"}, {"headers": ["GAME_DATE_EST", "GAME_SEQUENCE", "GAME_ID", "TEAM_ID", "TEAM_ABBREVIATION", "TEAM_CITY_NAME", "TEAM_WINS_LOSSES", "PTS_QTR1", "PTS_QTR2", "PTS_QTR3", "PTS_QTR4", "PTS_OT1", "PTS_OT2", "PTS_OT3", "PTS_OT4", "PTS_OT5", "PTS_OT6", "PTS_OT7", "PTS_OT8", "PTS_OT9", "PTS_OT10", "PTS"], "rowSet": [["2010-11-05T00:00:00", 9, "0021000076", 1610612756, "PHX", "Phoenix", "2-3", 20, 25, 25, 29, 10, 14, 0, 0, 0, 0, 0, 0, 0, 0, 123], ["2010-11-05T00:00:00", 9, "0021000076", 1610612763, "MEM", "Memphis", "2-4", 35, 20, 21, 23, 10, 9, 0, 0, 0, 0, 0, 0, 0, 0, 118]], "name": "LineScore"}, {"headers": ["GAME_ID", "HOME_TEAM_ID", "VISITOR_TEAM_ID", "GAME_DATE_EST", "HOME_TEAM_WINS", "HOME_TEAM_LOSSES", "SERIES_LEADER"], "rowSet": [["0021000076", 1610612756, 1610612763, "2010-11-05T00:00:00", 1, 2, "Memphis"]], "name": "SeasonSeries"}, {"headers": ["GAME_ID", "LAST_GAME_ID", "LAST_GAME_DATE_EST", "LAST_GAME_HOME_TEAM_ID", "LAST_GAME_HOME_TEAM_CITY", "LAST_GAME_HOME_TEAM_NAME", "LAST_GAME_HOME_TEAM_ABBREVIATION", "LAST_GAME_HOME_TEAM_POINTS", "LAST_GAME_VISITOR_TEAM_ID", "LAST_GAME_VISITOR_TEAM_CITY", "LAST_GAME_VISITOR_TEAM_NAME", "LAST_GAME_VISITOR_TEAM_CITY1", "LAST_GAME_VISITOR_TEAM_POINTS"], "rowSet": [["0021000076", "0020900785", "2010-02-16T00:00:00", 1610612756, "Phoenix", "Suns", "PHX", 109, 1610612763, "Memphis", "Grizzlies", "MEM", 95]], "name": "LastMeeting"}, {"headers": ["GAME_ID", "TEAM_ID", "TEAM_ABBREVIATION", "TEAM_CITY", "PLAYER_ID", "PLAYER_NAME", "START_POSITION", "COMMENT", "MIN", "FGM", "FGA", "FG_PCT", "FG3M", "FG3A", "FG3_PCT", "FTM", "FTA", "FT_PCT", "OREB", "DREB", "REB", "AST", "STL", "BLK", "TO", "PF", "PTS", "PLUS_MINUS"], "rowSet": [["0021000076", 1610612763, "MEM", "Memphis", 200752, "Rudy Gay", "F", "", "51:30", 11, 25, 0.44, 3, 8, 0.375, 1, 2, 0.5, 2, 2, 4, 0, 2, 2, 4, 6, 26, -1.0], ["0021000076", 1610612763, "MEM", "Memphis", 2216, "Zach Randolph", "F", "", "41:08", 3, 11, 0.273, 0, 1, 0.0, 6, 7, 0.857, 3, 11, 14, 3, 2, 0, 4, 4, 12, -4.0], ["0021000076", 1610612763, "MEM", "Memphis", 201188, "Marc Gasol", "C", "", "47:17", 12, 13, 0.923, 0, 0, 0.0, 2, 3, 0.667, 4, 3, 7, 3, 3, 2, 5, 6, 26, -4.0], ["0021000076", 1610612763, "MEM", "Memphis", 201564, "O.J. Mayo", "G", "", "51:10", 6, 17, 0.353, 3, 8, 0.375, 8, 10, 0.8, 1, 4, 5, 3, 1, 1, 4, 2, 23, -1.0], ["0021000076", 1610612763, "MEM", "Memphis", 201144, "Mike Conley", "G", "", "46:37", 7, 15, 0.467, 0, 2, 0.0, 2, 6, 0.333, 0, 4, 4, 7, 5, 0, 5, 5, 16, -5.0], ["0021000076", 1610612763, "MEM", "Memphis", 201589, "Darrell Arthur", "", "", "25:27", 4, 7, 0.571, 0, 0, 0.0, 2, 4, 0.5, 5, 6, 11, 0, 2, 2, 3, 2, 10, -1.0], ["0021000076", 1610612763, "MEM", "Memphis", 2754, "Tony Allen", "", "", "14:06", 2, 6, 0.333, 0, 0, 0.0, 1, 2, 0.5, 0, 0, 0, 2, 2, 0, 1, 2, 5, -4.0], ["0021000076", 1610612763, "MEM", "Memphis", 201151, "Acie Law", "", "", "8:25", 0, 1, 0.0, 0, 0, 0.0, 0, 0, 0.0, 1, 1, 2, 3, 1, 0, 0, 1, 0, 0.0], ["0021000076", 1610612763, "MEM", "Memphis", 201934, "Hasheem Thabeet", "", "", "2:08", 0, 0, 0.0, 0, 0, 0.0, 0, 0, 0.0, 0, 1, 1, 0, 0, 0, 0, 1, 0, -1.0], ["0021000076", 1610612763, "MEM", "Memphis", 201970, "Sam Young", "", "", "2:12", 0, 1, 0.0, 0, 0, 0.0, 0, 0, 0.0, 0, 0, 0, 0, 0, 0, 0, 1, 0, -4.0], ["0021000076", 1610612763, "MEM", "Memphis", 202333, "Xavier Henry", "", "DNP - Coach's Decision", null, null, null, null, null, null, null, null, null, null, null, null, null, null, null, null, null, null, null, null], ["0021000076", 1610612763, "MEM", "Memphis", 202349, "Greivis Vasquez", "", "DNP - Coach's Decision", null, null, null, null, null, null, null, null, null, null, null, null, null, null, null, null, null, null, null, null], ["0021000076", 1610612756, "PHX", "Phoenix", 255, "Grant Hill", "F", "", "23:32", 1, 9, 0.111, 0, 1, 0.0, 0, 0, 0.0, 3, 3, 6, 4, 0, 0, 3, 2, 2, -3.0], ["0021000076", 1610612756, "PHX", "Phoenix", 2045, "Hedo Turkoglu", "F", "", "36:27", 6, 11, 0.545, 5, 10, 0.5, 1, 1, 1.0, 1, 4, 5, 1, 1, 1, 2, 4, 18, 4.0], ["0021000076", 1610612756, "PHX", "Phoenix", 201577, "Robin Lopez", "C", "", "12:55", 0, 2, 0.0, 0, 0, 0.0, 0, 0, 0.0, 1, 3, 4, 0, 0, 0, 2, 3, 0, -5.0], ["0021000076", 1610612756, "PHX", "Phoenix", 2202, "Jason Richardson", "G", "", "43:12", 14, 29, 0.483, 6, 8, 0.75, 4, 5, 0.8, 5, 3, 8, 3, 4, 0, 1, 4, 38, 1.0], ["0021000076", 1610612756, "PHX", "Phoenix", 959, "Steve Nash", "G", "", "39:59", 8, 18, 0.444, 2, 6, 0.333, 7, 8, 0.875, 1, 2, 3, 9, 1, 0, 7, 3, 25, 5.0], ["0021000076", 1610612756, "PHX", "Phoenix", 101112, "Channing Frye", "", "", "32:14", 0, 6, 0.0, 0, 5, 0.0, 1, 2, 0.5, 3, 8, 11, 0, 2, 1, 0, 5, 1, 4.0], ["0021000076", 1610612756, "PHX", "Phoenix", 101124, "Hakim Warrick", "", "", "37:56", 6, 9, 0.667, 0, 0, 0.0, 3, 4, 0.75, 2, 5, 7, 1, 0, 0, 1, 3, 15, 4.0], ["0021000076", 1610612756, "PHX", "Phoenix", 201162, "Jared Dudley", "", "", "19:10", 1, 5, 0.2, 0, 2, 0.0, 3, 4, 0.75, 2, 3, 5, 1, 3, 0, 1, 2, 5, 2.0], ["0021000076", 1610612756, "PHX", "Phoenix", 201609, "Goran Dragic", "", "", "18:01", 4, 6, 0.667, 1, 3, 0.333, 4, 8, 0.5, 0, 0, 0, 2, 1, 0, 6, 2, 13, 0.0], ["0021000076", 1610612756, "PHX", "Phoenix", 202081, "Garret Siler", "", "", "10:07", 0, 1, 0.0, 0, 0, 0.0, 0, 0, 0.0, 0, 1, 1, 1, 1, 0, 3, 1, 0, 5.0], ["0021000076", 1610612756, "PHX", "Phoenix", 2735, "Josh Childress", "", "", "16:27", 3, 5, 0.6, 0, 0, 0.0, 0, 0, 0.0, 3, 2, 5, 1, 0, 0, 2, 0, 6, 8.0], ["0021000076", 1610612756, "PHX", "Phoenix", 201947, "Earl Clark", "", "DNP - Coach's Decision", null, null, null, null, null, null, null, null, null, null, null, null, null, null, null, null, null, null, null, null]], "name": "PlayerStats"}, {"headers": ["GAME_ID", "TEAM_ID", "TEAM_NAME", "TEAM_ABBREVIATION", "TEAM_CITY", "MIN", "FGM", "FGA", "FG_PCT", "FG3M", "FG3A", "FG3_PCT", "FTM", "FTA", "FT_PCT", "OREB", "DREB", "REB", "AST", "STL", "BLK", "TO", "PF", "PTS", "PLUS_MINUS"], "rowSet": [["0021000076", 1610612756, "Suns", "PHX", "Phoenix", "290:00", 43, 101, 0.426, 14, 35, 0.4, 23, 32, 0.719, 21, 34, 55, 23, 13, 2, 28, 29, 123, 5.0], ["0021000076", 1610612763, "Grizzlies", "MEM", "Memphis", "290:00", 45, 96, 0.469, 6, 19, 0.316, 22, 34, 0.647, 16, 32, 48, 21, 18, 7, 26, 30, 118, -5.0]], "name": "TeamStats"}, {"headers": ["LEAGUE_ID", "SEASON_ID", "TEAM_ID", "TEAM_ABBREVIATION", "TEAM_CITY", "PTS_PAINT", "PTS_2ND_CHANCE", "PTS_FB", "LARGEST_LEAD", "LEAD_CHANGES", "TIMES_TIED"], "rowSet": [["00", "22010", 1610612763, "MEM", "Memphis", 54, 15, 21, 18, 17, 10], ["00", "22010", 1610612756, "PHX", "Phoenix", 48, 17, 24, 18, 17, 10]], "name": "OtherStats"}, {"headers": ["OFFICIAL_ID", "FIRST_NAME", "LAST_NAME", "JERSEY_NUM"], "rowSet": [[1193, "Michael", "Smith", "38"], [1162, "Scott", "Foster", "48"], [202053, "Scott", "Twardoski", "76"]], "name": "Officials"}, {"headers": ["GAME_DATE", "ATTENDANCE", "GAME_TIME"], "rowSet": [["FRIDAY, NOVEMBER 5, 2010", 16470, "3:22"]], "name": "GameInfo"}, {"headers": ["PLAYER_ID", "FIRST_NAME", "LAST_NAME", "JERSEY_NUM", "TEAM_ID", "TEAM_CITY", "TEAM_NAME", "TEAM_ABBREVIATION"], "rowSet": [[201632, "Hamed", "Haddadi", "15", 1610612763, "Memphis", "Grizzlies", "MEM"], [201960, "DeMarre", "Carroll", " 1", 1610612763, "Memphis", "Grizzlies", "MEM"], [202394, "Matt", "Janning", "22", 1610612756, "Phoenix", "Suns", "PHX"], [202371, "Gani", "Lawal", "31", 1610612756, "Phoenix", "Suns", "PHX"]], "name": "InactivePlayers"}, {"headers": ["VIDEO_AVAILABLE_FLAG"], "rowSet": [[0]], "name": "AvailableVideo"}], "parameters": {"GameID": "0021000076", "RangeType": 0, "StartPeriod": 0, "StartRange": 0, "EndPeriod": 0, "EndRange": 0}}