{"resource": "boxscore", "resultSets": [{"headers": ["GAME_DATE_EST", "GAME_SEQUENCE", "GAME_ID", "GAME_STATUS_ID", "GAME_STATUS_TEXT", "GAMECODE", "HOME_TEAM_ID", "VISITOR_TEAM_ID", "SEASON", "LIVE_PERIOD", "LIVE_PC_TIME", "NATL_TV_BROADCASTER_ABBREVIATION", "LIVE_PERIOD_TIME_BCAST", "WH_STATUS"], "rowSet": [["2010-10-29T00:00:00", 4, "0021000022", 3, "Final", "20101029/CLETOR", 1610612761, 1610612739, "2010", 4, "", null, "Q4  - ", 1]], "name": "GameSummary"}, {"headers": ["GAME_DATE_EST", "GAME_SEQUENCE", "GAME_ID", "TEAM_ID", "TEAM_ABBREVIATION", "TEAM_CITY_NAME", "TEAM_WINS_LOSSES", "PTS_QTR1", "PTS_QTR2", "PTS_QTR3", "PTS_QTR4", "PTS_OT1", "PTS_OT2", "PTS_OT3", "PTS_OT4", "PTS_OT5", "PTS_OT6", "PTS_OT7", "PTS_OT8", "PTS_OT9", "PTS_OT10", "PTS"], "rowSet": [["2010-10-29T00:00:00", 4, "0021000022", 1610612761, "TOR", "Toronto", "1-1", 24, 22, 31, 24, 0, 0, 0, 0, 0, 0, 0, 0, 0, 0, 101], ["2010-10-29T00:00:00", 4, "0021000022", 1610612739, "CLE", "Cleveland", "1-1", 20, 18, 17, 26, 0, 0, 0, 0, 0, 0, 0, 0, 0, 0, 81]], "name": "LineScore"}, {"headers": ["GAME_ID", "HOME_TEAM_ID", "VISITOR_TEAM_ID", "GAME_DATE_EST", "HOME_TEAM_WINS", "HOME_TEAM_LOSSES", "SERIES_LEADER"], "rowSet": [["0021000022", 1610612761, 1610612739, "2010-10-29T00:00:00", 2, 1, "Toronto"]], "name": "SeasonSeries"}, {"headers": ["GAME_ID", "LAST_GAME_ID", "LAST_GAME_DATE_EST", "LAST_GAME_HOME_TEAM_ID", "LAST_GAME_HOME_TEAM_CITY", "LAST_GAME_HOME_TEAM_NAME", "LAST_GAME_HOME_TEAM_ABBREVIATION", "LAST_GAME_HOME_TEAM_POINTS", "LAST_GAME_VISITOR_TEAM_ID", "LAST_GAME_VISITOR_TEAM_CITY", "LAST_GAME_VISITOR_TEAM_NAME", "LAST_GAME_VISITOR_TEAM_CITY1", "LAST_GAME_VISITOR_TEAM_POINTS"], "rowSet": [["0021000022", "0020901150", "2010-04-06T00:00:00", 1610612761, "Toronto", "Raptors", "TOR", 101, 1610612739, "Cleveland", "Cavaliers", "CLE", 113]], "name": "LastMeeting"}, {"headers": ["GAME_ID", "TEAM_ID", "TEAM_ABBREVIATION", "TEAM_CITY", "PLAYER_ID", "PLAYER_NAME", "START_POSITION", "COMMENT", "MIN", "FGM", "FGA", "FG_PCT", "FG3M", "FG3A", "FG3_PCT", "FTM", "FTA", "FT_PCT", "OREB", "DREB", "REB", "AST", "STL", "BLK", "TO", "PF", "PTS", "PLUS_MINUS"], "rowSet": [["0021000022", 1610612739, "CLE", "Cleveland", 200081, "Jamario Moon", "F", "", "28:26", 1, 5, 0.2, 0, 3, 0.0, 0, 0, 0.0, 1, 5, 6, 0, 0, 0, 0, 1, 2, -20.0], ["0021000022", 1610612739, "CLE", "Cleveland", 201581, "JJ Hickson", "F", "", "18:31", 3, 8, 0.375, 0, 0, 0.0, 0, 0, 0.0, 1, 5, 6, 0, 0, 0, 4, 4, 6, -20.0], ["0021000022", 1610612739, "CLE", "Cleveland", 200797, "Ryan Hollins", "C", "", "24:00", 2, 3, 0.667, 0, 0, 0.0, 3, 4, 0.75, 3, 2, 5, 0, 2, 1, 1, 3, 7, -14.0], ["0021000022", 1610612739, "CLE", "Cleveland", 1515, "Anthony Parker", "G", "", "29:04", 4, 11, 0.364, 2, 3, 0.667, 0, 0, 0.0, 0, 4, 4, 3, 2, 0, 1, 3, 10, -19.0], ["0021000022", 1610612739, "CLE", "Cleveland", 201196, "Ramon Sessions", "G", "", "24:08", 1, 10, 0.1, 0, 0, 0.0, 2, 3, 0.667, 0, 1, 1, 4, 1, 0, 5, 1, 4, -12.0], ["0021000022", 1610612739, "CLE", "Cleveland", 1712, "Antawn Jamison", "", "", "25:13", 4, 9, 0.444, 3, 5, 0.6, 2, 2, 1.0, 1, 1, 2, 2, 1, 1, 2, 1, 13, -3.0], ["0021000022", 1610612739, "CLE", "Cleveland", 200789, "Daniel Gibson", "", "", "30:48", 4, 10, 0.4, 1, 3, 0.333, 0, 0, 0.0, 0, 2, 2, 3, 1, 0, 0, 1, 9, -11.0], ["0021000022", 1610612739, "CLE", "Cleveland", 200796, "Leon Powe", "", "", "16:55", 4, 8, 0.5, 0, 0, 0.0, 0, 0, 0.0, 2, 1, 3, 0, 0, 0, 0, 4, 8, -5.0], ["0021000022", 1610612739, "CLE", "Cleveland", 101214, "Jawad Williams", "", "", "19:34", 3, 10, 0.3, 1, 3, 0.333, 0, 0, 0.0, 1, 0, 1, 1, 1, 0, 3, 1, 7, 0.0], ["0021000022", 1610612739, "CLE", "Cleveland", 202412, "Manny Harris", "", "", "12:00", 3, 4, 0.75, 2, 2, 1.0, 0, 0, 0.0, 0, 2, 2, 1, 1, 0, 2, 0, 8, 2.0], ["0021000022", 1610612739, "CLE", "Cleveland", 202396, "Samardo Samuels", "", "", "7:05", 3, 5, 0.6, 0, 0, 0.0, 1, 1, 1.0, 0, 0, 0, 0, 0, 0, 0, 0, 7, -1.0], ["0021000022", 1610612739, "CLE", "Cleveland", 101121, "Joey Graham", "", "", "4:16", 0, 1, 0.0, 0, 0, 0.0, 0, 0, 0.0, 0, 1, 1, 1, 0, 0, 1, 0, 0, 3.0], ["0021000022", 1610612761, "TOR", "Toronto", 101132, "Linas Kleiza", "F", "", "27:21", 7, 15, 0.467, 3, 7, 0.429, 2, 2, 1.0, 1, 4, 5, 3, 1, 0, 2, 1, 19, 21.0], ["0021000022", 1610612761, "TOR", "Toronto", 2501, "Reggie Evans", "F", "", "27:10", 1, 3, 0.333, 0, 0, 0.0, 0, 0, 0.0, 5, 9, 14, 0, 0, 0, 0, 3, 2, 20.0], ["0021000022", 1610612761, "TOR", "Toronto", 200745, "Andrea Bargnani", "C", "", "30:04", 7, 13, 0.538, 1, 2, 0.5, 5, 5, 1.0, 0, 1, 1, 2, 0, 1, 2, 2, 20, 15.0], ["0021000022", 1610612761, "TOR", "Toronto", 201942, "DeMar DeRozan", "G", "", "26:58", 6, 13, 0.462, 0, 0, 0.0, 2, 2, 1.0, 2, 3, 5, 1, 1, 1, 0, 2, 14, 18.0], ["0021000022", 1610612761, "TOR", "Toronto", 101127, "Jarrett Jack", "G", "", "21:27", 1, 5, 0.2, 0, 1, 0.0, 4, 5, 0.8, 0, 5, 5, 4, 2, 0, 5, 0, 6, 4.0], ["0021000022", 1610612761, "TOR", "Toronto", 2431, "David Andersen", "", "", "14:17", 3, 4, 0.75, 0, 1, 0.0, 0, 0, 0.0, 1, 4, 5, 0, 1, 0, 2, 0, 6, 6.0], ["0021000022", 1610612761, "TOR", "Toronto", 101181, "Jose Calderon", "", "", "23:57", 0, 5, 0.0, 0, 3, 0.0, 0, 0, 0.0, 0, 1, 1, 7, 1, 0, 2, 3, 0, 15.0], ["0021000022", 1610612761, "TOR", "Toronto", 2571, "Leandro Barbosa", "", "", "21:02", 5, 10, 0.5, 1, 4, 0.25, 2, 2, 1.0, 0, 3, 3, 2, 1, 1, 1, 2, 13, 2.0], ["0021000022", 1610612761, "TOR", "Toronto", 101161, "Amir Johnson", "", "", "19:44", 4, 4, 1.0, 0, 0, 0.0, 0, 0, 0.0, 2, 1, 3, 2, 2, 1, 0, 4, 8, 3.0], ["0021000022", 1610612761, "TOR", "Toronto", 201603, "Sonny Weems", "", "", "20:39", 5, 10, 0.5, 1, 2, 0.5, 2, 2, 1.0, 0, 3, 3, 2, 1, 0, 4, 2, 13, -1.0], ["0021000022", 1610612761, "TOR", "Toronto", 201153, "Julian Wright", "", "", "4:16", 0, 0, 0.0, 0, 0, 0.0, 0, 0, 0.0, 0, 0, 0, 0, 0, 1, 1, 0, 0, -3.0], ["0021000022", 1610612761, "TOR", "Toronto", 2556, "Marcus Banks", "", "", "3:05", 0, 0, 0.0, 0, 0, 0.0, 0, 0, 0.0, 0, 1, 1, 1, 1, 0, 0, 0, 0, 0.0]], "name": "PlayerStats"}, {"headers": ["GAME_ID", "TEAM_ID", "TEAM_NAME", "TEAM_ABBREVIATION", "TEAM_CITY", "MIN", "FGM", "FGA", "FG_PCT", "FG3M", "FG3A", "FG3_PCT", "FTM", "FTA", "FT_PCT", "OREB", "DREB", "REB", "AST", "STL", "BLK", "TO", "PF", "PTS", "PLUS_MINUS"], "rowSet": [["0021000022", 1610612761, "Raptors", "TOR", "Toronto", "240:00", 39, 82, 0.476, 6, 20, 0.3, 17, 18, 0.944, 11, 35, 46, 24, 11, 5, 19, 19, 101, 20.0], ["0021000022", 1610612739, "Cavaliers", "CLE", "Cleveland", "240:00", 32, 84, 0.381, 9, 19, 0.474, 8, 10, 0.8, 9, 24, 33, 15, 9, 2, 19, 19, 81, -20.0]], "name": "TeamStats"}, {"headers": ["LEAGUE_ID", "SEASON_ID", "TEAM_ID", "TEAM_ABBREVIATION", "TEAM_CITY", "PTS_PAINT", "PTS_2ND_CHANCE", "PTS_FB", "LARGEST_LEAD", "LEAD_CHANGES", "TIMES_TIED"], "rowSet": [["00", "22010", 1610612761, "TOR", "Toronto", 40, 18, 26, 22, 2, 3], ["00", "22010", 1610612739, "CLE", "Cleveland", 42, 17, 16, 23, 2, 3]], "name": "OtherStats"}, {"headers": ["OFFICIAL_ID", "FIRST_NAME", "LAST_NAME", "JERSEY_NUM"], "rowSet": [[2004, "Courtney", "Kirkland", "61"], [2530, "Ed", "Malloy", "14"], [2532, "Eli", "Roe", "44"]], "name": "Officials"}, {"headers": ["GAME_DATE", "ATTENDANCE", "GAME_TIME"], "rowSet": [["FRIDAY, OCTOBER 29, 2010", 15711, "2:11"]], "name": "GameInfo"}, {"headers": ["PLAYER_ID", "FIRST_NAME", "LAST_NAME", "JERSEY_NUM", "TEAM_ID", "TEAM_CITY", "TEAM_NAME", "TEAM_ABBREVIATION"], "rowSet": [[2590, "Mo", "Williams", " 2", 1610612739, "Cleveland", "Cavaliers", "CLE"], [2760, "Anderson", "Varejao", "17", 1610612739, "Cleveland", "Cavaliers", "CLE"], [201963, "Christian", "Eyenga", " 8", 1610612739, "Cleveland", "Cavaliers", "CLE"], [201595, "Joey", "Dorsey", " 9", 1610612761, "Toronto", "Raptors", "TOR"], [202374, "Solomon", "Alabi", "50", 1610612761, "Toronto", "Raptors", "TOR"], [202334, "Ed", "Davis", "32", 1610612761, "Toronto", "Raptors", "TOR"]], "name": "InactivePlayers"}, {"headers": ["VIDEO_AVAILABLE_FLAG"], "rowSet": [[0]], "name": "AvailableVideo"}], "parameters": {"GameID": "0021000022", "RangeType": 0, "StartPeriod": 0, "StartRange": 0, "EndPeriod": 0, "EndRange": 0}}