{"resource": "boxscore", "resultSets": [{"headers": ["GAME_DATE_EST", "GAME_SEQUENCE", "GAME_ID", "GAME_STATUS_ID", "GAME_STATUS_TEXT", "GAMECODE", "HOME_TEAM_ID", "VISITOR_TEAM_ID", "SEASON", "LIVE_PERIOD", "LIVE_PC_TIME", "NATL_TV_BROADCASTER_ABBREVIATION", "LIVE_PERIOD_TIME_BCAST", "WH_STATUS"], "rowSet": [["2010-10-31T00:00:00", 1, "0021000040", 3, "Final", "20101031/MIANJN", 1610612751, 1610612748, "2010", 4, "", null, "Q4  - ", 1]], "name": "GameSummary"}, {"headers": ["GAME_DATE_EST", "GAME_SEQUENCE", "GAME_ID", "TEAM_ID", "TEAM_ABBREVIATION", "TEAM_CITY_NAME", "TEAM_WINS_LOSSES", "PTS_QTR1", "PTS_QTR2", "PTS_QTR3", "PTS_QTR4", "PTS_OT1", "PTS_OT2", "PTS_OT3", "PTS_OT4", "PTS_OT5", "PTS_OT6", "PTS_OT7", "PTS_OT8", "PTS_OT9", "PTS_OT10", "PTS"], "rowSet": [["2010-10-31T00:00:00", 1, "0021000040", 1610612751, "NJN", "New Jersey", "2-1", 18, 24, 19, 17, 0, 0, 0, 0, 0, 0, 0, 0, 0, 0, 78], ["2010-10-31T00:00:00", 1, "0021000040", 1610612748, "MIA", "Miami", "3-1", 29, 29, 27, 16, 0, 0, 0, 0, 0, 0, 0, 0, 0, 0, 101]], "name": "LineScore"}, {"headers": ["GAME_ID", "HOME_TEAM_ID", "VISITOR_TEAM_ID", "GAME_DATE_EST", "HOME_TEAM_WINS", "HOME_TEAM_LOSSES", "SERIES_LEADER"], "rowSet": [["0021000040", 1610612751, 1610612748, "2010-10-31T00:00:00", 0, 3, "Miami"]], "name": "SeasonSeries"}, {"headers": ["GAME_ID", "LAST_GAME_ID", "LAST_GAME_DATE_EST", "LAST_GAME_HOME_TEAM_ID", "LAST_GAME_HOME_TEAM_CITY", "LAST_GAME_HOME_TEAM_NAME", "LAST_GAME_HOME_TEAM_ABBREVIATION", "LAST_GAME_HOME_TEAM_POINTS", "LAST_GAME_VISITOR_TEAM_ID", "LAST_GAME_VISITOR_TEAM_CITY", "LAST_GAME_VISITOR_TEAM_NAME", "LAST_GAME_VISITOR_TEAM_CITY1", "LAST_GAME_VISITOR_TEAM_POINTS"], "rowSet": [["0021000040", "0020901222", "2010-04-14T00:00:00", 1610612751, "New Jersey", "Nets", "NJN", 86, 1610612748, "Miami", "Heat", "MIA", 94]], "name": "LastMeeting"}, {"headers": ["GAME_ID", "TEAM_ID", "TEAM_ABBREVIATION", "TEAM_CITY", "PLAYER_ID", "PLAYER_NAME", "START_POSITION", "COMMENT", "MIN", "FGM", "FGA", "FG_PCT", "FG3M", "FG3A", "FG3_PCT", "FTM", "FTA", "FT_PCT", "OREB", "DREB", "REB", "AST", "STL", "BLK", "TO", "PF", "PTS", "PLUS_MINUS"], "rowSet": [["0021000040", 1610612748, "MIA", "Miami", 2544, "LeBron James", "F", "", "28:57", 5, 12, 0.417, 0, 4, 0.0, 10, 12, 0.833, 0, 7, 7, 7, 2, 0, 5, 3, 20, 18.0], ["0021000040", 1610612748, "MIA", "Miami", 2547, "Chris Bosh", "F", "", "25:47", 8, 10, 0.8, 0, 0, 0.0, 2, 2, 1.0, 0, 1, 1, 2, 0, 1, 0, 0, 18, 13.0], ["0021000040", 1610612748, "MIA", "Miami", 201202, "Joel Anthony", "C", "", "24:21", 0, 1, 0.0, 0, 0, 0.0, 1, 2, 0.5, 0, 3, 3, 2, 1, 4, 0, 4, 1, 9.0], ["0021000040", 1610612748, "MIA", "Miami", 2548, "Dwyane Wade", "G", "", "27:16", 4, 9, 0.444, 1, 2, 0.5, 8, 12, 0.667, 1, 5, 6, 7, 2, 1, 1, 0, 17, 19.0], ["0021000040", 1610612748, "MIA", "Miami", 2306, "Carlos Arroyo", "G", "", "26:52", 5, 7, 0.714, 1, 2, 0.5, 1, 2, 0.5, 0, 5, 5, 4, 1, 0, 1, 4, 12, 5.0], ["0021000040", 1610612748, "MIA", "Miami", 980, "Zydrunas Ilgauskas", "", "", "18:19", 5, 6, 0.833, 0, 0, 0.0, 0, 0, 0.0, 1, 3, 4, 1, 0, 0, 0, 5, 10, 16.0], ["0021000040", 1610612748, "MIA", "Miami", 2067, "Eddie House", "", "", "23:56", 5, 8, 0.625, 1, 3, 0.333, 0, 0, 0.0, 0, 3, 3, 4, 1, 0, 0, 1, 11, 12.0], ["0021000040", 1610612748, "MIA", "Miami", 2592, "James Jones", "", "", "30:41", 2, 6, 0.333, 2, 4, 0.5, 0, 0, 0.0, 0, 2, 2, 1, 0, 0, 0, 1, 6, 15.0], ["0021000040", 1610612748, "MIA", "Miami", 2617, "Udonis Haslem", "", "", "24:24", 2, 7, 0.286, 0, 0, 0.0, 2, 2, 1.0, 2, 5, 7, 0, 2, 0, 0, 3, 6, 8.0], ["0021000040", 1610612748, "MIA", "Miami", 2048, "Jamaal Magloire", "", "", "3:09", 0, 0, 0.0, 0, 0, 0.0, 0, 2, 0.0, 1, 0, 1, 0, 0, 0, 0, 0, 0, 0.0], ["0021000040", 1610612748, "MIA", "Miami", 201596, "Mario Chalmers", "", "", "3:09", 0, 1, 0.0, 0, 1, 0.0, 0, 0, 0.0, 0, 0, 0, 1, 1, 0, 0, 0, 0, 0.0], ["0021000040", 1610612748, "MIA", "Miami", 711, "Jerry Stackhouse", "", "", "3:09", 0, 0, 0.0, 0, 0, 0.0, 0, 0, 0.0, 0, 1, 1, 0, 0, 0, 1, 0, 0, 0.0], ["0021000040", 1610612751, "NJN", "New Jersey", 2566, "Travis Outlaw", "F", "", "21:50", 0, 5, 0.0, 0, 3, 0.0, 0, 0, 0.0, 0, 4, 4, 0, 1, 0, 1, 0, 0, -18.0], ["0021000040", 1610612751, "NJN", "New Jersey", 693, "Joe Smith", "F", "", "5:16", 0, 2, 0.0, 0, 0, 0.0, 0, 0, 0.0, 1, 0, 1, 0, 0, 0, 1, 1, 0, -8.0], ["0021000040", 1610612751, "NJN", "New Jersey", 201572, "Brook Lopez", "C", "", "27:41", 8, 17, 0.471, 0, 0, 0.0, 4, 5, 0.8, 3, 2, 5, 1, 0, 0, 0, 3, 20, -10.0], ["0021000040", 1610612751, "NJN", "New Jersey", 201627, "Anthony Morrow", "G", "", "27:54", 2, 9, 0.222, 0, 2, 0.0, 1, 1, 1.0, 1, 1, 2, 1, 0, 0, 1, 1, 5, -10.0], ["0021000040", 1610612751, "NJN", "New Jersey", 2734, "Devin Harris", "G", "", "28:47", 4, 8, 0.5, 2, 3, 0.667, 3, 3, 1.0, 0, 1, 1, 6, 0, 0, 4, 1, 13, -12.0], ["0021000040", 1610612751, "NJN", "New Jersey", 202324, "Derrick Favors", "", "", "24:06", 4, 9, 0.444, 0, 0, 0.0, 5, 8, 0.625, 10, 3, 13, 1, 0, 0, 0, 5, 13, -18.0], ["0021000040", 1610612751, "NJN", "New Jersey", 201944, "Terrence Williams", "", "", "28:15", 5, 14, 0.357, 0, 1, 0.0, 1, 2, 0.5, 1, 3, 4, 2, 1, 0, 4, 2, 11, -14.0], ["0021000040", 1610612751, "NJN", "New Jersey", 200770, "Jordan Farmar", "", "", "16:14", 2, 7, 0.286, 1, 4, 0.25, 0, 0, 0.0, 0, 0, 0, 1, 1, 0, 1, 1, 5, -13.0], ["0021000040", 1610612751, "NJN", "New Jersey", 101130, "Johan Petro", "", "", "13:40", 1, 2, 0.5, 0, 0, 0.0, 0, 2, 0.0, 2, 3, 5, 1, 0, 0, 0, 1, 2, -8.0], ["0021000040", 1610612751, "NJN", "New Jersey", 2743, "Kris Humphries", "", "", "20:11", 3, 4, 0.75, 0, 0, 0.0, 0, 0, 0.0, 0, 4, 4, 0, 2, 0, 1, 3, 6, -2.0], ["0021000040", 1610612751, "NJN", "New Jersey", 202345, "Damion James", "", "", "18:32", 0, 4, 0.0, 0, 0, 0.0, 1, 2, 0.5, 1, 2, 3, 2, 0, 0, 1, 1, 1, -3.0], ["0021000040", 1610612751, "NJN", "New Jersey", 101211, "Stephen Graham", "", "", "7:36", 1, 4, 0.25, 0, 1, 0.0, 0, 0, 0.0, 0, 1, 1, 1, 0, 0, 1, 0, 2, 1.0]], "name": "PlayerStats"}, {"headers": ["GAME_ID", "TEAM_ID", "TEAM_NAME", "TEAM_ABBREVIATION", "TEAM_CITY", "MIN", "FGM", "FGA", "FG_PCT", "FG3M", "FG3A", "FG3_PCT", "FTM", "FTA", "FT_PCT", "OREB", "DREB", "REB", "AST", "STL", "BLK", "TO", "PF", "PTS", "PLUS_MINUS"], "rowSet": [["0021000040", 1610612751, "Nets", "NJN", "New Jersey", "240:00", 30, 85, 0.353, 3, 14, 0.214, 15, 23, 0.652, 19, 24, 43, 16, 5, 0, 15, 19, 78, -23.0], ["0021000040", 1610612748, "Heat", "MIA", "Miami", "240:00", 36, 67, 0.537, 5, 16, 0.313, 24, 34, 0.706, 5, 35, 40, 29, 10, 6, 8, 21, 101, 23.0]], "name": "TeamStats"}, {"headers": ["LEAGUE_ID", "SEASON_ID", "TEAM_ID", "TEAM_ABBREVIATION", "TEAM_CITY", "PTS_PAINT", "PTS_2ND_CHANCE", "PTS_FB", "LARGEST_LEAD", "LEAD_CHANGES", "TIMES_TIED"], "rowSet": [["00", "22010", 1610612748, "MIA", "Miami", 28, 8, 12, 25, 1, 1], ["00", "22010", 1610612751, "NJN", "New Jersey", 40, 26, 2, 26, 1, 1]], "name": "OtherStats"}, {"headers": ["OFFICIAL_ID", "FIRST_NAME", "LAST_NAME", "JERSEY_NUM"], "rowSet": [[1154, "Bob", "Delaney", "26"], [2004, "Courtney", "Kirkland", "61"], [201638, "Brent", "Barnaky", "70"]], "name": "Officials"}, {"headers": ["GAME_DATE", "ATTENDANCE", "GAME_TIME"], "rowSet": [["SUNDAY, OCTOBER 31, 2010", 17086, "2:15"]], "name": "GameInfo"}, {"headers": ["PLAYER_ID", "FIRST_NAME", "LAST_NAME", "JERSEY_NUM", "TEAM_ID", "TEAM_CITY", "TEAM_NAME", "TEAM_ABBREVIATION"], "rowSet": [[436, "Juwan", "Howard", " 5", 1610612748, "Miami", "Heat", "MIA"], [2034, "Mike", "Miller", "13", 1610612748, "Miami", "Heat", "MIA"], [202354, "Dexter", "Pittman", "45", 1610612748, "Miami", "Heat", "MIA"], [2211, "Troy", "Murphy", " 7", 1610612751, "New Jersey", "Nets", "NJN"], [2624, "Quinton", "Ross", "13", 1610612751, "New Jersey", "Nets", "NJN"], [202386, "Ben", "Uzoh", "18", 1610612751, "New Jersey", "Nets", "NJN"]], "name": "InactivePlayers"}, {"headers": ["VIDEO_AVAILABLE_FLAG"], "rowSet": [[0]], "name": "AvailableVideo"}], "parameters": {"GameID": "0021000040", "RangeType": 0, "StartPeriod": 0, "StartRange": 0, "EndPeriod": 0, "EndRange": 0}}