{"resource": "boxscore", "resultSets": [{"headers": ["GAME_DATE_EST", "GAME_SEQUENCE", "GAME_ID", "GAME_STATUS_ID", "GAME_STATUS_TEXT", "GAMECODE", "HOME_TEAM_ID", "VISITOR_TEAM_ID", "SEASON", "LIVE_PERIOD", "LIVE_PC_TIME", "NATL_TV_BROADCASTER_ABBREVIATION", "LIVE_PERIOD_TIME_BCAST", "WH_STATUS"], "rowSet": [["2010-11-03T00:00:00", 8, "0021000061", 3, "Final", "20101103/TORUTA", 1610612762, 1610612761, "2010", 4, "", null, "Q4  - ", 1]], "name": "GameSummary"}, {"headers": ["GAME_DATE_EST", "GAME_SEQUENCE", "GAME_ID", "TEAM_ID", "TEAM_ABBREVIATION", "TEAM_CITY_NAME", "TEAM_WINS_LOSSES", "PTS_QTR1", "PTS_QTR2", "PTS_QTR3", "PTS_QTR4", "PTS_OT1", "PTS_OT2", "PTS_OT3", "PTS_OT4", "PTS_OT5", "PTS_OT6", "PTS_OT7", "PTS_OT8", "PTS_OT9", "PTS_OT10", "PTS"], "rowSet": [["2010-11-03T00:00:00", 8, "0021000061", 1610612761, "TOR", "Toronto", "1-3", 22, 25, 37, 24, 0, 0, 0, 0, 0, 0, 0, 0, 0, 0, 108], ["2010-11-03T00:00:00", 8, "0021000061", 1610612762, "UTA", "Utah", "2-2", 41, 25, 25, 34, 0, 0, 0, 0, 0, 0, 0, 0, 0, 0, 125]], "name": "LineScore"}, {"headers": ["GAME_ID", "HOME_TEAM_ID", "VISITOR_TEAM_ID", "GAME_DATE_EST", "HOME_TEAM_WINS", "HOME_TEAM_LOSSES", "SERIES_LEADER"], "rowSet": [["0021000061", 1610612762, 1610612761, "2010-11-03T00:00:00", 2, 0, "Utah"]], "name": "SeasonSeries"}, {"headers": ["GAME_ID", "LAST_GAME_ID", "LAST_GAME_DATE_EST", "LAST_GAME_HOME_TEAM_ID", "LAST_GAME_HOME_TEAM_CITY", "LAST_GAME_HOME_TEAM_NAME", "LAST_GAME_HOME_TEAM_ABBREVIATION", "LAST_GAME_HOME_TEAM_POINTS", "LAST_GAME_VISITOR_TEAM_ID", "LAST_GAME_VISITOR_TEAM_CITY", "LAST_GAME_VISITOR_TEAM_NAME", "LAST_GAME_VISITOR_TEAM_CITY1", "LAST_GAME_VISITOR_TEAM_POINTS"], "rowSet": [["0021000061", "0020901061", "2010-03-24T00:00:00", 1610612762, "Utah", "Jazz", "UTA", 113, 1610612761, "Toronto", "Raptors", "TOR", 87]], "name": "LastMeeting"}, {"headers": ["GAME_ID", "TEAM_ID", "TEAM_ABBREVIATION", "TEAM_CITY", "PLAYER_ID", "PLAYER_NAME", "START_POSITION", "COMMENT", "MIN", "FGM", "FGA", "FG_PCT", "FG3M", "FG3A", "FG3_PCT", "FTM", "FTA", "FT_PCT", "OREB", "DREB", "REB", "AST", "STL", "BLK", "TO", "PF", "PTS", "PLUS_MINUS"], "rowSet": [["0021000061", 1610612761, "TOR", "Toronto", 101132, "Linas Kleiza", "F", "", "20:43", 2, 6, 0.333, 0, 1, 0.0, 0, 0, 0.0, 0, 3, 3, 1, 0, 0, 2, 1, 4, -5.0], ["0021000061", 1610612761, "TOR", "Toronto", 2501, "Reggie Evans", "F", "", "32:42", 1, 3, 0.333, 0, 0, 0.0, 2, 6, 0.333, 2, 4, 6, 2, 2, 0, 3, 2, 4, -14.0], ["0021000061", 1610612761, "TOR", "Toronto", 200745, "Andrea Bargnani", "C", "", "36:06", 8, 19, 0.421, 2, 3, 0.667, 8, 9, 0.889, 4, 5, 9, 3, 0, 2, 3, 4, 26, -19.0], ["0021000061", 1610612761, "TOR", "Toronto", 201942, "DeMar DeRozan", "G", "", "28:05", 6, 10, 0.6, 1, 3, 0.333, 3, 3, 1.0, 0, 2, 2, 1, 0, 0, 2, 2, 16, -3.0], ["0021000061", 1610612761, "TOR", "Toronto", 101127, "Jarrett Jack", "G", "", "31:07", 5, 11, 0.455, 0, 3, 0.0, 4, 4, 1.0, 0, 3, 3, 4, 2, 0, 3, 5, 14, -4.0], ["0021000061", 1610612761, "TOR", "Toronto", 101181, "Jose Calderon", "", "", "16:53", 0, 3, 0.0, 0, 1, 0.0, 2, 4, 0.5, 0, 3, 3, 3, 2, 0, 1, 0, 2, -13.0], ["0021000061", 1610612761, "TOR", "Toronto", 2571, "Leandro Barbosa", "", "", "19:55", 3, 8, 0.375, 0, 1, 0.0, 3, 4, 0.75, 0, 0, 0, 1, 1, 0, 0, 2, 9, -14.0], ["0021000061", 1610612761, "TOR", "Toronto", 201603, "Sonny Weems", "", "", "27:17", 7, 13, 0.538, 0, 1, 0.0, 9, 10, 0.9, 1, 1, 2, 1, 2, 0, 1, 3, 23, -12.0], ["0021000061", 1610612761, "TOR", "Toronto", 101161, "Amir Johnson", "", "", "5:51", 2, 3, 0.667, 0, 0, 0.0, 0, 0, 0.0, 2, 0, 2, 0, 0, 1, 0, 1, 4, -8.0], ["0021000061", 1610612761, "TOR", "Toronto", 2431, "David Andersen", "", "", "11:54", 0, 1, 0.0, 0, 0, 0.0, 2, 2, 1.0, 0, 3, 3, 0, 0, 1, 1, 1, 2, 2.0], ["0021000061", 1610612761, "TOR", "Toronto", 201595, "Joey Dorsey", "", "", "9:27", 2, 2, 1.0, 0, 0, 0.0, 0, 0, 0.0, 1, 2, 3, 0, 0, 0, 0, 4, 4, 5.0], ["0021000061", 1610612761, "TOR", "Toronto", 201153, "Julian Wright", "", "DNP - Coach's Decision", null, null, null, null, null, null, null, null, null, null, null, null, null, null, null, null, null, null, null, null], ["0021000061", 1610612762, "UTA", "Utah", 1905, "Andrei Kirilenko", "F", "", "26:36", 4, 6, 0.667, 0, 1, 0.0, 2, 4, 0.5, 0, 3, 3, 4, 2, 1, 6, 3, 10, 2.0], ["0021000061", 1610612762, "UTA", "Utah", 200794, "Paul Millsap", "F", "", "38:22", 10, 16, 0.625, 0, 0, 0.0, 1, 1, 1.0, 0, 6, 6, 5, 0, 0, 2, 3, 21, 20.0], ["0021000061", 1610612762, "UTA", "Utah", 2744, "Al Jefferson", "C", "", "40:13", 12, 20, 0.6, 0, 0, 0.0, 3, 3, 1.0, 4, 2, 6, 2, 0, 1, 0, 4, 27, 18.0], ["0021000061", 1610612762, "UTA", "Utah", 1952, "Raja Bell", "G", "", "25:48", 2, 6, 0.333, 1, 2, 0.5, 4, 4, 1.0, 0, 3, 3, 0, 2, 0, 0, 2, 9, 8.0], ["0021000061", 1610612762, "UTA", "Utah", 101114, "Deron Williams", "G", "", "41:13", 7, 14, 0.5, 0, 4, 0.0, 8, 9, 0.889, 1, 7, 8, 14, 2, 0, 3, 3, 22, 23.0], ["0021000061", 1610612762, "UTA", "Utah", 101139, "CJ Miles", "", "", "24:51", 7, 12, 0.583, 5, 6, 0.833, 0, 0, 0.0, 0, 3, 3, 0, 1, 1, 1, 4, 19, 8.0], ["0021000061", 1610612762, "UTA", "Utah", 101179, "Ronnie Price", "", "", "16:12", 4, 6, 0.667, 1, 2, 0.5, 2, 2, 1.0, 0, 1, 1, 3, 2, 1, 0, 3, 11, 13.0], ["0021000061", 1610612762, "UTA", "Utah", 1922, "Francisco Elson", "", "", "11:37", 2, 3, 0.667, 0, 0, 0.0, 2, 2, 1.0, 2, 1, 3, 0, 0, 0, 1, 3, 6, 3.0], ["0021000061", 1610612762, "UTA", "Utah", 2248, "Earl Watson", "", "", "6:47", 0, 0, 0.0, 0, 0, 0.0, 0, 0, 0.0, 0, 0, 0, 2, 0, 0, 0, 2, 0, -6.0], ["0021000061", 1610612762, "UTA", "Utah", 202330, "Gordon Hayward", "", "", "8:21", 0, 2, 0.0, 0, 1, 0.0, 0, 0, 0.0, 0, 2, 2, 0, 0, 0, 1, 1, 0, -4.0], ["0021000061", 1610612762, "UTA", "Utah", 202379, "Jeremy Evans", "", "DNP - DND - Sprained right wrist", null, null, null, null, null, null, null, null, null, null, null, null, null, null, null, null, null, null, null, null], ["0021000061", 1610612762, "UTA", "Utah", 201178, "Kyrylo Fesenko", "", "DNP - DND - Gastric distress", null, null, null, null, null, null, null, null, null, null, null, null, null, null, null, null, null, null, null, null]], "name": "PlayerStats"}, {"headers": ["GAME_ID", "TEAM_ID", "TEAM_NAME", "TEAM_ABBREVIATION", "TEAM_CITY", "MIN", "FGM", "FGA", "FG_PCT", "FG3M", "FG3A", "FG3_PCT", "FTM", "FTA", "FT_PCT", "OREB", "DREB", "REB", "AST", "STL", "BLK", "TO", "PF", "PTS", "PLUS_MINUS"], "rowSet": [["0021000061", 1610612762, "Jazz", "UTA", "Utah", "240:00", 48, 85, 0.565, 7, 16, 0.438, 22, 25, 0.88, 7, 28, 35, 30, 9, 4, 14, 28, 125, 17.0], ["0021000061", 1610612761, "Raptors", "TOR", "Toronto", "240:00", 36, 79, 0.456, 3, 13, 0.231, 33, 42, 0.786, 10, 26, 36, 16, 9, 4, 16, 25, 108, -17.0]], "name": "TeamStats"}, {"headers": ["LEAGUE_ID", "SEASON_ID", "TEAM_ID", "TEAM_ABBREVIATION", "TEAM_CITY", "PTS_PAINT", "PTS_2ND_CHANCE", "PTS_FB", "LARGEST_LEAD", "LEAD_CHANGES", "TIMES_TIED"], "rowSet": [["00", "22010", 1610612762, "UTA", "Utah", 64, 9, 25, 21, 1, 1], ["00", "22010", 1610612761, "TOR", "Toronto", 46, 20, 20, 23, 1, 1]], "name": "OtherStats"}, {"headers": ["OFFICIAL_ID", "FIRST_NAME", "LAST_NAME", "JERSEY_NUM"], "rowSet": [[1193, "Michael", "Smith", "38"], [1162, "Scott", "Foster", "48"], [200832, "Curtis", "Blair", "74"]], "name": "Officials"}, {"headers": ["GAME_DATE", "ATTENDANCE", "GAME_TIME"], "rowSet": [["WEDNESDAY, NOVEMBER 3, 2010", 17802, "2:21"]], "name": "GameInfo"}, {"headers": ["PLAYER_ID", "FIRST_NAME", "LAST_NAME", "JERSEY_NUM", "TEAM_ID", "TEAM_CITY", "TEAM_NAME", "TEAM_ABBREVIATION"], "rowSet": [[2246, "Mehmet", "Okur", "13", 1610612762, "Utah", "Jazz", "UTA"], [2556, "Marcus", "Banks", " 3", 1610612761, "Toronto", "Raptors", "TOR"], [202374, "Solomon", "Alabi", "50", 1610612761, "Toronto", "Raptors", "TOR"], [202334, "Ed", "Davis", "32", 1610612761, "Toronto", "Raptors", "TOR"]], "name": "InactivePlayers"}, {"headers": ["VIDEO_AVAILABLE_FLAG"], "rowSet": [[0]], "name": "AvailableVideo"}], "parameters": {"GameID": "0021000061", "RangeType": 0, "StartPeriod": 0, "StartRange": 0, "EndPeriod": 0, "EndRange": 0}}