{"resource": "boxscore", "resultSets": [{"headers": ["GAME_DATE_EST", "GAME_SEQUENCE", "GAME_ID", "GAME_STATUS_ID", "GAME_STATUS_TEXT", "GAMECODE", "HOME_TEAM_ID", "VISITOR_TEAM_ID", "SEASON", "LIVE_PERIOD", "LIVE_PC_TIME", "NATL_TV_BROADCASTER_ABBREVIATION", "LIVE_PERIOD_TIME_BCAST", "WH_STATUS"], "rowSet": [["2010-11-05T00:00:00", 1, "0021000068", 3, "Final", "20101105/MILIND", 1610612754, 1610612749, "2010", 4, "", null, "Q4  - ", 1]], "name": "GameSummary"}, {"headers": ["GAME_DATE_EST", "GAME_SEQUENCE", "GAME_ID", "TEAM_ID", "TEAM_ABBREVIATION", "TEAM_CITY_NAME", "TEAM_WINS_LOSSES", "PTS_QTR1", "PTS_QTR2", "PTS_QTR3", "PTS_QTR4", "PTS_OT1", "PTS_OT2", "PTS_OT3", "PTS_OT4", "PTS_OT5", "PTS_OT6", "PTS_OT7", "PTS_OT8", "PTS_OT9", "PTS_OT10", "PTS"], "rowSet": [["2010-11-05T00:00:00", 1, "0021000068", 1610612754, "IND", "Indiana", "2-3", 20, 40, 16, 14, 0, 0, 0, 0, 0, 0, 0, 0, 0, 0, 90], ["2010-11-05T00:00:00", 1, "0021000068", 1610612749, "MIL", "Milwaukee", "2-4", 18, 34, 18, 24, 0, 0, 0, 0, 0, 0, 0, 0, 0, 0, 94]], "name": "LineScore"}, {"headers": ["GAME_ID", "HOME_TEAM_ID", "VISITOR_TEAM_ID", "GAME_DATE_EST", "HOME_TEAM_WINS", "HOME_TEAM_LOSSES", "SERIES_LEADER"], "rowSet": [["0021000068", 1610612754, 1610612749, "2010-11-05T00:00:00", 2, 2, "Tied"]], "name": "SeasonSeries"}, {"headers": ["GAME_ID", "LAST_GAME_ID", "LAST_GAME_DATE_EST", "LAST_GAME_HOME_TEAM_ID", "LAST_GAME_HOME_TEAM_CITY", "LAST_GAME_HOME_TEAM_NAME", "LAST_GAME_HOME_TEAM_ABBREVIATION", "LAST_GAME_HOME_TEAM_POINTS", "LAST_GAME_VISITOR_TEAM_ID", "LAST_GAME_VISITOR_TEAM_CITY", "LAST_GAME_VISITOR_TEAM_NAME", "LAST_GAME_VISITOR_TEAM_CITY1", "LAST_GAME_VISITOR_TEAM_POINTS"], "rowSet": [["0021000068", "0020900983", "2010-03-14T00:00:00", 1610612754, "Indiana", "Pacers", "IND", 94, 1610612749, "Milwaukee", "Bucks", "MIL", 98]], "name": "LastMeeting"}, {"headers": ["GAME_ID", "TEAM_ID", "TEAM_ABBREVIATION", "TEAM_CITY", "PLAYER_ID", "PLAYER_NAME", "START_POSITION", "COMMENT", "MIN", "FGM", "FGA", "FG_PCT", "FG3M", "FG3A", "FG3_PCT", "FTM", "FTA", "FT_PCT", "OREB", "DREB", "REB", "AST", "STL", "BLK", "TO", "PF", "PTS", "PLUS_MINUS"], "rowSet": [["0021000068", 1610612749, "MIL", "Milwaukee", 2568, "Carlos Delfino", "F", "", "37:27", 4, 15, 0.267, 1, 7, 0.143, 0, 0, 0.0, 0, 3, 3, 3, 1, 0, 2, 2, 9, 7.0], ["0021000068", 1610612749, "MIL", "Milwaukee", 2400, "Drew Gooden", "F", "", "12:49", 3, 7, 0.429, 0, 0, 0.0, 1, 2, 0.5, 1, 1, 2, 0, 2, 0, 2, 5, 7, -2.0], ["0021000068", 1610612749, "MIL", "Milwaukee", 201601, "Luc Mbah a Moute", "C", "", "39:27", 2, 7, 0.286, 0, 0, 0.0, 6, 8, 0.75, 6, 9, 15, 2, 1, 1, 2, 4, 10, -5.0], ["0021000068", 1610612749, "MIL", "Milwaukee", 2422, "John Salmons", "G", "", "40:22", 6, 12, 0.5, 2, 5, 0.4, 8, 10, 0.8, 0, 5, 5, 5, 1, 0, 3, 1, 22, -5.0], ["0021000068", 1610612749, "MIL", "Milwaukee", 201943, "Brandon Jennings", "G", "", "32:52", 7, 19, 0.368, 1, 3, 0.333, 3, 4, 0.75, 1, 4, 5, 2, 2, 1, 2, 3, 18, -7.0], ["0021000068", 1610612749, "MIL", "Milwaukee", 201972, "Jon Brockman", "", "", "12:50", 0, 1, 0.0, 0, 0, 0.0, 0, 0, 0.0, 1, 2, 3, 0, 0, 0, 0, 4, 0, 7.0], ["0021000068", 1610612749, "MIL", "Milwaukee", 2039, "Keyon Dooling", "", "", "15:08", 3, 4, 0.75, 3, 3, 1.0, 0, 0, 0.0, 0, 1, 1, 2, 0, 0, 1, 0, 9, 11.0], ["0021000068", 1610612749, "MIL", "Milwaukee", 101141, "Ersan Ilyasova", "", "", "27:05", 3, 7, 0.429, 1, 1, 1.0, 2, 2, 1.0, 0, 2, 2, 1, 2, 0, 2, 3, 9, 15.0], ["0021000068", 1610612749, "MIL", "Milwaukee", 1894, "Corey Maggette", "", "", "18:11", 4, 11, 0.364, 0, 1, 0.0, 2, 4, 0.5, 0, 7, 7, 1, 0, 0, 1, 1, 10, 6.0], ["0021000068", 1610612749, "MIL", "Milwaukee", 202336, "Larry Sanders", "", "", "3:49", 0, 0, 0.0, 0, 0, 0.0, 0, 0, 0.0, 0, 2, 2, 0, 0, 0, 0, 1, 0, -7.0], ["0021000068", 1610612749, "MIL", "Milwaukee", 101106, "Andrew Bogut", "", "NWT - Migraine", null, null, null, null, null, null, null, null, null, null, null, null, null, null, null, null, null, null, null, null], ["0021000068", 1610612749, "MIL", "Milwaukee", 1863, "Earl Boykins", "", "DNP - Coach's Decision", null, null, null, null, null, null, null, null, null, null, null, null, null, null, null, null, null, null, null, null], ["0021000068", 1610612754, "IND", "Indiana", 101122, "Danny Granger", "F", "", "42:15", 6, 17, 0.353, 0, 4, 0.0, 7, 8, 0.875, 0, 9, 9, 0, 0, 2, 7, 3, 19, 3.0], ["0021000068", 1610612754, "IND", "Indiana", 201177, "Josh McRoberts", "F", "", "11:46", 0, 2, 0.0, 0, 1, 0.0, 0, 0, 0.0, 0, 2, 2, 0, 0, 0, 0, 4, 0, -4.0], ["0021000068", 1610612754, "IND", "Indiana", 201579, "Roy Hibbert", "C", "", "34:31", 4, 11, 0.364, 0, 0, 0.0, 6, 7, 0.857, 3, 9, 12, 4, 0, 6, 6, 4, 14, -1.0], ["0021000068", 1610612754, "IND", "Indiana", 2399, "Mike Dunleavy", "G", "", "38:22", 3, 8, 0.375, 0, 2, 0.0, 5, 6, 0.833, 1, 8, 9, 0, 1, 0, 1, 1, 11, -4.0], ["0021000068", 1610612754, "IND", "Indiana", 201954, "Darren Collison", "G", "", "32:37", 5, 13, 0.385, 1, 3, 0.333, 8, 9, 0.889, 0, 1, 1, 2, 5, 1, 3, 1, 19, 1.0], ["0021000068", 1610612754, "IND", "Indiana", 1899, "James Posey", "", "", "27:45", 3, 7, 0.429, 3, 7, 0.429, 0, 0, 0.0, 0, 4, 4, 1, 0, 0, 0, 3, 9, 4.0], ["0021000068", 1610612754, "IND", "Indiana", 2551, "T.J. Ford", "", "", "15:23", 1, 4, 0.25, 0, 2, 0.0, 0, 0, 0.0, 0, 2, 2, 3, 0, 0, 0, 1, 2, -5.0], ["0021000068", 1610612754, "IND", "Indiana", 202331, "Paul George", "", "", "14:15", 4, 9, 0.444, 2, 5, 0.4, 0, 0, 0.0, 0, 3, 3, 0, 0, 0, 0, 1, 10, -4.0], ["0021000068", 1610612754, "IND", "Indiana", 201946, "Tyler Hansbrough", "", "", "9:43", 3, 3, 1.0, 0, 0, 0.0, 0, 0, 0.0, 0, 2, 2, 1, 0, 0, 1, 3, 6, -7.0], ["0021000068", 1610612754, "IND", "Indiana", 200780, "Solomon Jones", "", "", "13:24", 0, 1, 0.0, 0, 0, 0.0, 0, 0, 0.0, 0, 0, 0, 0, 0, 0, 1, 3, 0, -3.0], ["0021000068", 1610612754, "IND", "Indiana", 2563, "Dahntay Jones", "", "DNP - Coach's Decision", null, null, null, null, null, null, null, null, null, null, null, null, null, null, null, null, null, null, null, null], ["0021000068", 1610612754, "IND", "Indiana", 201575, "Brandon Rush", "", "NWT - League Suspension", null, null, null, null, null, null, null, null, null, null, null, null, null, null, null, null, null, null, null, null]], "name": "PlayerStats"}, {"headers": ["GAME_ID", "TEAM_ID", "TEAM_NAME", "TEAM_ABBREVIATION", "TEAM_CITY", "MIN", "FGM", "FGA", "FG_PCT", "FG3M", "FG3A", "FG3_PCT", "FTM", "FTA", "FT_PCT", "OREB", "DREB", "REB", "AST", "STL", "BLK", "TO", "PF", "PTS", "PLUS_MINUS"], "rowSet": [["0021000068", 1610612749, "Bucks", "MIL", "Milwaukee", "240:00", 32, 83, 0.386, 8, 20, 0.4, 22, 30, 0.733, 9, 36, 45, 16, 9, 2, 15, 24, 94, 4.0], ["0021000068", 1610612754, "Pacers", "IND", "Indiana", "240:00", 29, 75, 0.387, 6, 24, 0.25, 26, 30, 0.867, 4, 40, 44, 11, 6, 9, 19, 24, 90, -4.0]], "name": "TeamStats"}, {"headers": ["LEAGUE_ID", "SEASON_ID", "TEAM_ID", "TEAM_ABBREVIATION", "TEAM_CITY", "PTS_PAINT", "PTS_2ND_CHANCE", "PTS_FB", "LARGEST_LEAD", "LEAD_CHANGES", "TIMES_TIED"], "rowSet": [["00", "22010", 1610612749, "MIL", "Milwaukee", 30, 6, 9, 9, 6, 3], ["00", "22010", 1610612754, "IND", "Indiana", 32, 6, 16, 8, 6, 3]], "name": "OtherStats"}, {"headers": ["OFFICIAL_ID", "FIRST_NAME", "LAST_NAME", "JERSEY_NUM"], "rowSet": [[1185, "Violet", "Palmer", "12"], [1142, "Dick", "Bavetta", "27"], [2002, "Derrick", "Collins", "11"]], "name": "Officials"}, {"headers": ["GAME_DATE", "ATTENDANCE", "GAME_TIME"], "rowSet": [["FRIDAY, NOVEMBER 5, 2010", 14115, "2:26"]], "name": "GameInfo"}, {"headers": ["PLAYER_ID", "FIRST_NAME", "LAST_NAME", "JERSEY_NUM", "TEAM_ID", "TEAM_CITY", "TEAM_NAME", "TEAM_ABBREVIATION"], "rowSet": [[2072, "Michael", "Redd", "22", 1610612749, "Milwaukee", "Bucks", "MIL"], [201604, "Chris", "Douglas-Roberts", "17", 1610612749, "Milwaukee", "Bucks", "MIL"], [202359, "Darington", "Hobson", " 9", 1610612749, "Milwaukee", "Bucks", "MIL"], [1902, "Jeff", "Foster", "10", 1610612754, "Indiana", "Pacers", "IND"], [201985, "A.J.", "Price", "12", 1610612754, "Indiana", "Pacers", "IND"], [202362, "Lance", "Stephenson", " 6", 1610612754, "Indiana", "Pacers", "IND"]], "name": "InactivePlayers"}, {"headers": ["VIDEO_AVAILABLE_FLAG"], "rowSet": [[0]], "name": "AvailableVideo"}], "parameters": {"GameID": "0021000068", "RangeType": 0, "StartPeriod": 0, "StartRange": 0, "EndPeriod": 0, "EndRange": 0}}