{"resource": "boxscore", "resultSets": [{"headers": ["GAME_DATE_EST", "GAME_SEQUENCE", "GAME_ID", "GAME_STATUS_ID", "GAME_STATUS_TEXT", "GAMECODE", "HOME_TEAM_ID", "VISITOR_TEAM_ID", "SEASON", "LIVE_PERIOD", "LIVE_PC_TIME", "NATL_TV_BROADCASTER_ABBREVIATION", "LIVE_PERIOD_TIME_BCAST", "WH_STATUS"], "rowSet": [["2010-11-05T00:00:00", 11, "0021000078", 3, "Final", "20101105/UTAGSW", 1610612744, 1610612762, "2010", 4, "", null, "Q4  - ", 1]], "name": "GameSummary"}, {"headers": ["GAME_DATE_EST", "GAME_SEQUENCE", "GAME_ID", "TEAM_ID", "TEAM_ABBREVIATION", "TEAM_CITY_NAME", "TEAM_WINS_LOSSES", "PTS_QTR1", "PTS_QTR2", "PTS_QTR3", "PTS_QTR4", "PTS_OT1", "PTS_OT2", "PTS_OT3", "PTS_OT4", "PTS_OT5", "PTS_OT6", "PTS_OT7", "PTS_OT8", "PTS_OT9", "PTS_OT10", "PTS"], "rowSet": [["2010-11-05T00:00:00", 11, "0021000078", 1610612762, "UTA", "Utah", "2-3", 16, 23, 17, 22, 0, 0, 0, 0, 0, 0, 0, 0, 0, 0, 78], ["2010-11-05T00:00:00", 11, "0021000078", 1610612744, "GSW", "Golden State", "4-1", 17, 23, 20, 25, 0, 0, 0, 0, 0, 0, 0, 0, 0, 0, 85]], "name": "LineScore"}, {"headers": ["GAME_ID", "HOME_TEAM_ID", "VISITOR_TEAM_ID", "GAME_DATE_EST", "HOME_TEAM_WINS", "HOME_TEAM_LOSSES", "SERIES_LEADER"], "rowSet": [["0021000078", 1610612744, 1610612762, "2010-11-05T00:00:00", 3, 1, "Golden State"]], "name": "SeasonSeries"}, {"headers": ["GAME_ID", "LAST_GAME_ID", "LAST_GAME_DATE_EST", "LAST_GAME_HOME_TEAM_ID", "LAST_GAME_HOME_TEAM_CITY", "LAST_GAME_HOME_TEAM_NAME", "LAST_GAME_HOME_TEAM_ABBREVIATION", "LAST_GAME_HOME_TEAM_POINTS", "LAST_GAME_VISITOR_TEAM_ID", "LAST_GAME_VISITOR_TEAM_CITY", "LAST_GAME_VISITOR_TEAM_NAME", "LAST_GAME_VISITOR_TEAM_CITY1", "LAST_GAME_VISITOR_TEAM_POINTS"], "rowSet": [["0021000078", "0020901214", "2010-04-13T00:00:00", 1610612744, "Golden State", "Warriors", "GSW", 94, 1610612762, "Utah", "Jazz", "UTA", 103]], "name": "LastMeeting"}, {"headers": ["GAME_ID", "TEAM_ID", "TEAM_ABBREVIATION", "TEAM_CITY", "PLAYER_ID", "PLAYER_NAME", "START_POSITION", "COMMENT", "MIN", "FGM", "FGA", "FG_PCT", "FG3M", "FG3A", "FG3_PCT", "FTM", "FTA", "FT_PCT", "OREB", "DREB", "REB", "AST", "STL", "BLK", "TO", "PF", "PTS", "PLUS_MINUS"], "rowSet": [["0021000078", 1610612762, "UTA", "Utah", 1905, "Andrei Kirilenko", "F", "", "27:25", 0, 3, 0.0, 0, 0, 0.0, 4, 4, 1.0, 1, 3, 4, 2, 0, 2, 2, 0, 4, -13.0], ["0021000078", 1610612762, "UTA", "Utah", 200794, "Paul Millsap", "F", "", "39:12", 6, 11, 0.545, 0, 0, 0.0, 0, 0, 0.0, 2, 9, 11, 4, 2, 1, 3, 4, 12, -1.0], ["0021000078", 1610612762, "UTA", "Utah", 2744, "Al Jefferson", "C", "", "35:47", 6, 14, 0.429, 0, 0, 0.0, 4, 6, 0.667, 3, 12, 15, 0, 0, 1, 2, 3, 16, -16.0], ["0021000078", 1610612762, "UTA", "Utah", 1952, "Raja Bell", "G", "", "27:39", 3, 10, 0.3, 1, 4, 0.25, 0, 0, 0.0, 1, 2, 3, 2, 0, 0, 3, 6, 7, -5.0], ["0021000078", 1610612762, "UTA", "Utah", 101114, "Deron Williams", "G", "", "38:12", 9, 18, 0.5, 1, 4, 0.25, 4, 7, 0.571, 1, 1, 2, 6, 1, 0, 8, 3, 23, -10.0], ["0021000078", 1610612762, "UTA", "Utah", 1922, "Francisco Elson", "", "", "15:21", 1, 2, 0.5, 0, 0, 0.0, 0, 0, 0.0, 0, 3, 3, 0, 0, 1, 0, 2, 2, 8.0], ["0021000078", 1610612762, "UTA", "Utah", 101139, "CJ Miles", "", "", "22:05", 4, 13, 0.308, 1, 4, 0.25, 3, 4, 0.75, 2, 1, 3, 1, 2, 1, 0, 3, 12, 4.0], ["0021000078", 1610612762, "UTA", "Utah", 2248, "Earl Watson", "", "", "9:48", 0, 0, 0.0, 0, 0, 0.0, 0, 0, 0.0, 0, 3, 3, 0, 1, 0, 1, 1, 0, 3.0], ["0021000078", 1610612762, "UTA", "Utah", 101179, "Ronnie Price", "", "", "20:21", 1, 5, 0.2, 0, 2, 0.0, 0, 0, 0.0, 0, 2, 2, 3, 3, 0, 0, 1, 2, -2.0], ["0021000078", 1610612762, "UTA", "Utah", 202330, "Gordon Hayward", "", "", "4:10", 0, 0, 0.0, 0, 0, 0.0, 0, 0, 0.0, 0, 0, 0, 0, 0, 0, 0, 0, 0, -3.0], ["0021000078", 1610612762, "UTA", "Utah", 202379, "Jeremy Evans", "", "DND- Sprained Right Wrist", null, null, null, null, null, null, null, null, null, null, null, null, null, null, null, null, null, null, null, null], ["0021000078", 1610612762, "UTA", "Utah", 201178, "Kyrylo Fesenko", "", "DNP - Coach's Decision", null, null, null, null, null, null, null, null, null, null, null, null, null, null, null, null, null, null, null, null], ["0021000078", 1610612744, "GSW", "Golden State", 2748, "Dorell Wright", "F", "", "36:13", 3, 13, 0.231, 1, 3, 0.333, 0, 0, 0.0, 2, 3, 5, 5, 2, 2, 2, 2, 7, 8.0], ["0021000078", 1610612744, "GSW", "Golden State", 101135, "David Lee", "F", "", "42:40", 6, 15, 0.4, 0, 0, 0.0, 2, 4, 0.5, 7, 8, 15, 1, 0, 0, 0, 1, 14, 6.0], ["0021000078", 1610612744, "GSW", "Golden State", 2740, "Andris Biedrins", "C", "", "35:45", 4, 11, 0.364, 0, 0, 0.0, 0, 1, 0.0, 7, 13, 20, 0, 0, 0, 0, 3, 8, 8.0], ["0021000078", 1610612744, "GSW", "Golden State", 101145, "Monta Ellis", "G", "", "39:46", 9, 22, 0.409, 0, 4, 0.0, 5, 9, 0.556, 1, 3, 4, 2, 7, 0, 3, 3, 23, 9.0], ["0021000078", 1610612744, "GSW", "Golden State", 201939, "Stephen Curry", "G", "", "32:59", 7, 17, 0.412, 1, 4, 0.25, 5, 5, 1.0, 0, 1, 1, 6, 2, 0, 5, 5, 20, 8.0], ["0021000078", 1610612744, "GSW", "Golden State", 200760, "Rodney Carney", "", "", "15:55", 1, 5, 0.2, 0, 2, 0.0, 0, 1, 0.0, 0, 0, 0, 1, 0, 0, 2, 3, 2, -6.0], ["0021000078", 1610612744, "GSW", "Golden State", 2209, "Vladimir Radmanovic", "", "", "5:20", 0, 1, 0.0, 0, 0, 0.0, 0, 0, 0.0, 1, 0, 1, 0, 0, 0, 1, 2, 0, 1.0], ["0021000078", 1610612744, "GSW", "Golden State", 202130, "Reggie Williams", "", "", "14:44", 2, 4, 0.5, 0, 1, 0.0, 1, 2, 0.5, 0, 0, 0, 1, 0, 0, 1, 1, 5, 6.0], ["0021000078", 1610612744, "GSW", "Golden State", 2429, "Dan Gadzuric", "", "", "11:59", 3, 4, 0.75, 0, 0, 0.0, 0, 0, 0.0, 3, 3, 6, 0, 0, 1, 2, 3, 6, -1.0], ["0021000078", 1610612744, "GSW", "Golden State", 2294, "Charlie Bell", "", "", "4:39", 0, 1, 0.0, 0, 0, 0.0, 0, 0, 0.0, 0, 0, 0, 0, 0, 0, 0, 0, 0, -4.0], ["0021000078", 1610612744, "GSW", "Golden State", 202399, "Jeff Adrien", "", "DNP - Coach's Decision", null, null, null, null, null, null, null, null, null, null, null, null, null, null, null, null, null, null, null, null], ["0021000078", 1610612744, "GSW", "Golden State", 201148, "Brandan Wright", "", "DNP - Coach's Decision", null, null, null, null, null, null, null, null, null, null, null, null, null, null, null, null, null, null, null, null]], "name": "PlayerStats"}, {"headers": ["GAME_ID", "TEAM_ID", "TEAM_NAME", "TEAM_ABBREVIATION", "TEAM_CITY", "MIN", "FGM", "FGA", "FG_PCT", "FG3M", "FG3A", "FG3_PCT", "FTM", "FTA", "FT_PCT", "OREB", "DREB", "REB", "AST", "STL", "BLK", "TO", "PF", "PTS", "PLUS_MINUS"], "rowSet": [["0021000078", 1610612762, "Jazz", "UTA", "Utah", "240:00", 30, 76, 0.395, 3, 14, 0.214, 15, 21, 0.714, 10, 36, 46, 18, 9, 6, 19, 23, 78, -7.0], ["0021000078", 1610612744, "Warriors", "GSW", "Golden State", "240:00", 35, 93, 0.376, 2, 14, 0.143, 13, 22, 0.591, 21, 31, 52, 16, 11, 3, 16, 23, 85, 7.0]], "name": "TeamStats"}, {"headers": ["LEAGUE_ID", "SEASON_ID", "TEAM_ID", "TEAM_ABBREVIATION", "TEAM_CITY", "PTS_PAINT", "PTS_2ND_CHANCE", "PTS_FB", "LARGEST_LEAD", "LEAD_CHANGES", "TIMES_TIED"], "rowSet": [["00", "22010", 1610612744, "GSW", "Golden State", 46, 26, 20, 7, 3, 7], ["00", "22010", 1610612762, "UTA", "Utah", 32, 8, 18, 7, 3, 7]], "name": "OtherStats"}, {"headers": ["OFFICIAL_ID", "FIRST_NAME", "LAST_NAME", "JERSEY_NUM"], "rowSet": [[1195, "Derrick", "Stafford", "9"], [2532, "Eli", "Roe", "44"], [2534, "Zach", "Zarba", "33"]], "name": "Officials"}, {"headers": ["GAME_DATE", "ATTENDANCE", "GAME_TIME"], "rowSet": [["FRIDAY, NOVEMBER 5, 2010", 17902, "2:19"]], "name": "GameInfo"}, {"headers": ["PLAYER_ID", "FIRST_NAME", "LAST_NAME", "JERSEY_NUM", "TEAM_ID", "TEAM_CITY", "TEAM_NAME", "TEAM_ABBREVIATION"], "rowSet": [[2246, "Mehmet", "Okur", "13", 1610612762, "Utah", "Jazz", "UTA"], [200811, "Lou", "Amundson", "19", 1610612744, "Golden State", "Warriors", "GSW"], [202391, "Jeremy", "Lin", " 7", 1610612744, "Golden State", "Warriors", "GSW"], [202327, "Ekpe", "Udoh", "20", 1610612744, "Golden State", "Warriors", "GSW"]], "name": "InactivePlayers"}, {"headers": ["VIDEO_AVAILABLE_FLAG"], "rowSet": [[0]], "name": "AvailableVideo"}], "parameters": {"GameID": "0021000078", "RangeType": 0, "StartPeriod": 0, "StartRange": 0, "EndPeriod": 0, "EndRange": 0}}