{"resource": "boxscore", "resultSets": [{"headers": ["GAME_DATE_EST", "GAME_SEQUENCE", "GAME_ID", "GAME_STATUS_ID", "GAME_STATUS_TEXT", "GAMECODE", "HOME_TEAM_ID", "VISITOR_TEAM_ID", "SEASON", "LIVE_PERIOD", "LIVE_PC_TIME", "NATL_TV_BROADCASTER_ABBREVIATION", "LIVE_PERIOD_TIME_BCAST", "WH_STATUS"], "rowSet": [["2010-11-03T00:00:00", 2, "0021000055", 3, "Final", "20101103/CHANJN", 1610612751, 1610612766, "2010", 4, "", null, "Q4  - ", 1]], "name": "GameSummary"}, {"headers": ["GAME_DATE_EST", "GAME_SEQUENCE", "GAME_ID", "TEAM_ID", "TEAM_ABBREVIATION", "TEAM_CITY_NAME", "TEAM_WINS_LOSSES", "PTS_QTR1", "PTS_QTR2", "PTS_QTR3", "PTS_QTR4", "PTS_OT1", "PTS_OT2", "PTS_OT3", "PTS_OT4", "PTS_OT5", "PTS_OT6", "PTS_OT7", "PTS_OT8", "PTS_OT9", "PTS_OT10", "PTS"], "rowSet": [["2010-11-03T00:00:00", 2, "0021000055", 1610612766, "CHA", "Charlotte", "1-3", 23, 18, 21, 23, 0, 0, 0, 0, 0, 0, 0, 0, 0, 0, 85], ["2010-11-03T00:00:00", 2, "0021000055", 1610612751, "NJN", "New Jersey", "2-2", 19, 21, 21, 22, 0, 0, 0, 0, 0, 0, 0, 0, 0, 0, 83]], "name": "LineScore"}, {"headers": ["GAME_ID", "HOME_TEAM_ID", "VISITOR_TEAM_ID", "GAME_DATE_EST", "HOME_TEAM_WINS", "HOME_TEAM_LOSSES", "SERIES_LEADER"], "rowSet": [["0021000055", 1610612751, 1610612766, "2010-11-03T00:00:00", 1, 3, "Charlotte"]], "name": "SeasonSeries"}, {"headers": ["GAME_ID", "LAST_GAME_ID", "LAST_GAME_DATE_EST", "LAST_GAME_HOME_TEAM_ID", "LAST_GAME_HOME_TEAM_CITY", "LAST_GAME_HOME_TEAM_NAME", "LAST_GAME_HOME_TEAM_ABBREVIATION", "LAST_GAME_HOME_TEAM_POINTS", "LAST_GAME_VISITOR_TEAM_ID", "LAST_GAME_VISITOR_TEAM_CITY", "LAST_GAME_VISITOR_TEAM_NAME", "LAST_GAME_VISITOR_TEAM_CITY1", "LAST_GAME_VISITOR_TEAM_POINTS"], "rowSet": [["0021000055", "0020901205", "2010-04-12T00:00:00", 1610612751, "New Jersey", "Nets", "NJN", 95, 1610612766, "Charlotte", "Bobcats", "CHA", 105]], "name": "LastMeeting"}, {"headers": ["GAME_ID", "TEAM_ID", "TEAM_ABBREVIATION", "TEAM_CITY", "PLAYER_ID", "PLAYER_NAME", "START_POSITION", "COMMENT", "MIN", "FGM", "FGA", "FG_PCT", "FG3M", "FG3A", "FG3_PCT", "FTM", "FTA", "FT_PCT", "OREB", "DREB", "REB", "AST", "STL", "BLK", "TO", "PF", "PTS", "PLUS_MINUS"], "rowSet": [["0021000055", 1610612766, "CHA", "Charlotte", 2222, "Gerald Wallace", "F", "", "35:19", 6, 11, 0.545, 0, 2, 0.0, 8, 8, 1.0, 3, 8, 11, 1, 0, 0, 3, 2, 20, 15.0], ["0021000055", 1610612766, "CHA", "Charlotte", 2564, "Boris Diaw", "F", "", "39:43", 10, 18, 0.556, 2, 6, 0.333, 2, 4, 0.5, 1, 2, 3, 3, 0, 0, 2, 1, 24, -1.0], ["0021000055", 1610612766, "CHA", "Charlotte", 1737, "Nazr Mohammed", "C", "", "14:12", 6, 8, 0.75, 0, 0, 0.0, 0, 0, 0.0, 3, 3, 6, 0, 1, 1, 1, 4, 12, 10.0], ["0021000055", 1610612766, "CHA", "Charlotte", 1536, "Stephen Jackson", "G", "", "43:36", 2, 12, 0.167, 2, 6, 0.333, 6, 6, 1.0, 1, 4, 5, 6, 2, 0, 3, 2, 12, 3.0], ["0021000055", 1610612766, "CHA", "Charlotte", 201571, "D.J. Augustin", "G", "", "30:57", 1, 7, 0.143, 1, 5, 0.2, 2, 2, 1.0, 0, 6, 6, 7, 1, 0, 0, 3, 5, 3.0], ["0021000055", 1610612766, "CHA", "Charlotte", 2205, "DeSagana Diop", "", "", "17:46", 1, 3, 0.333, 0, 0, 0.0, 0, 1, 0.0, 2, 2, 4, 0, 1, 1, 0, 0, 2, -9.0], ["0021000055", 1610612766, "CHA", "Charlotte", 200748, "Tyrus Thomas", "", "", "16:33", 3, 5, 0.6, 0, 0, 0.0, 0, 2, 0.0, 0, 3, 3, 0, 1, 0, 2, 2, 6, -6.0], ["0021000055", 1610612766, "CHA", "Charlotte", 201945, "Gerald Henderson", "", "", "13:09", 1, 4, 0.25, 0, 0, 0.0, 0, 0, 0.0, 1, 0, 1, 0, 0, 0, 1, 2, 2, -6.0], ["0021000055", 1610612766, "CHA", "Charlotte", 2733, "Shaun Livingston", "", "", "18:54", 1, 3, 0.333, 0, 0, 0.0, 0, 0, 0.0, 0, 2, 2, 2, 1, 1, 3, 1, 2, -1.0], ["0021000055", 1610612766, "CHA", "Charlotte", 201974, "Derrick Brown", "", "", "5:45", 0, 0, 0.0, 0, 0, 0.0, 0, 0, 0.0, 0, 0, 0, 0, 0, 0, 1, 1, 0, 1.0], ["0021000055", 1610612766, "CHA", "Charlotte", 202395, "Sherron Collins", "", "", "4:06", 0, 1, 0.0, 0, 0, 0.0, 0, 0, 0.0, 0, 0, 0, 2, 0, 0, 0, 0, 0, 1.0], ["0021000055", 1610612766, "CHA", "Charlotte", 2679, "Matt Carroll", "", "DNP - Coach's Decision", null, null, null, null, null, null, null, null, null, null, null, null, null, null, null, null, null, null, null, null], ["0021000055", 1610612751, "NJN", "New Jersey", 2566, "Travis Outlaw", "F", "", "21:53", 2, 5, 0.4, 2, 3, 0.667, 0, 0, 0.0, 1, 3, 4, 0, 0, 0, 0, 1, 6, -9.0], ["0021000055", 1610612751, "NJN", "New Jersey", 2211, "Troy Murphy", "F", "", "18:04", 1, 3, 0.333, 0, 1, 0.0, 0, 0, 0.0, 0, 2, 2, 0, 0, 1, 2, 2, 2, -17.0], ["0021000055", 1610612751, "NJN", "New Jersey", 201572, "Brook Lopez", "C", "", "40:07", 6, 17, 0.353, 0, 0, 0.0, 5, 6, 0.833, 2, 4, 6, 3, 2, 5, 5, 2, 17, 6.0], ["0021000055", 1610612751, "NJN", "New Jersey", 201627, "Anthony Morrow", "G", "", "39:27", 5, 11, 0.455, 1, 4, 0.25, 0, 0, 0.0, 1, 3, 4, 4, 0, 0, 2, 5, 11, 2.0], ["0021000055", 1610612751, "NJN", "New Jersey", 2734, "Devin Harris", "G", "", "33:49", 7, 17, 0.412, 1, 6, 0.167, 4, 4, 1.0, 0, 4, 4, 8, 0, 1, 3, 1, 19, 7.0], ["0021000055", 1610612751, "NJN", "New Jersey", 202324, "Derrick Favors", "", "", "23:35", 5, 7, 0.714, 0, 0, 0.0, 1, 1, 1.0, 4, 4, 8, 0, 0, 0, 0, 3, 11, 10.0], ["0021000055", 1610612751, "NJN", "New Jersey", 200770, "Jordan Farmar", "", "", "17:48", 1, 6, 0.167, 1, 3, 0.333, 2, 2, 1.0, 0, 2, 2, 2, 0, 0, 2, 1, 5, -7.0], ["0021000055", 1610612751, "NJN", "New Jersey", 201944, "Terrence Williams", "", "", "20:35", 3, 6, 0.5, 0, 0, 0.0, 0, 0, 0.0, 0, 5, 5, 4, 1, 0, 2, 5, 6, 0.0], ["0021000055", 1610612751, "NJN", "New Jersey", 101130, "Johan Petro", "", "", "6:09", 0, 0, 0.0, 0, 0, 0.0, 0, 0, 0.0, 0, 1, 1, 0, 1, 0, 0, 0, 0, -4.0], ["0021000055", 1610612751, "NJN", "New Jersey", 202345, "Damion James", "", "", "11:53", 1, 2, 0.5, 0, 0, 0.0, 2, 2, 1.0, 0, 0, 0, 0, 0, 0, 0, 0, 4, 3.0], ["0021000055", 1610612751, "NJN", "New Jersey", 2743, "Kris Humphries", "", "", "6:38", 1, 1, 1.0, 0, 0, 0.0, 0, 0, 0.0, 0, 0, 0, 0, 0, 0, 0, 1, 2, 1.0], ["0021000055", 1610612751, "NJN", "New Jersey", 2624, "Quinton Ross", "", "", "0:02", 0, 0, 0.0, 0, 0, 0.0, 0, 0, 0.0, 0, 0, 0, 0, 0, 0, 0, 0, 0, -2.0]], "name": "PlayerStats"}, {"headers": ["GAME_ID", "TEAM_ID", "TEAM_NAME", "TEAM_ABBREVIATION", "TEAM_CITY", "MIN", "FGM", "FGA", "FG_PCT", "FG3M", "FG3A", "FG3_PCT", "FTM", "FTA", "FT_PCT", "OREB", "DREB", "REB", "AST", "STL", "BLK", "TO", "PF", "PTS", "PLUS_MINUS"], "rowSet": [["0021000055", 1610612751, "Nets", "NJN", "New Jersey", "240:00", 32, 75, 0.427, 5, 17, 0.294, 14, 15, 0.933, 8, 28, 36, 21, 4, 7, 16, 21, 83, -2.0], ["0021000055", 1610612766, "Bobcats", "CHA", "Charlotte", "240:00", 31, 72, 0.431, 5, 19, 0.263, 18, 23, 0.783, 11, 30, 41, 21, 7, 3, 16, 18, 85, 2.0]], "name": "TeamStats"}, {"headers": ["LEAGUE_ID", "SEASON_ID", "TEAM_ID", "TEAM_ABBREVIATION", "TEAM_CITY", "PTS_PAINT", "PTS_2ND_CHANCE", "PTS_FB", "LARGEST_LEAD", "LEAD_CHANGES", "TIMES_TIED"], "rowSet": [["00", "22010", 1610612751, "NJN", "New Jersey", 36, 9, 13, 11, 14, 7], ["00", "22010", 1610612766, "CHA", "Charlotte", 36, 13, 13, 10, 14, 7]], "name": "OtherStats"}, {"headers": ["OFFICIAL_ID", "FIRST_NAME", "LAST_NAME", "JERSEY_NUM"], "rowSet": [[1142, "Dick", "Bavetta", "27"], [2529, "Tony", "Brown", "6"], [201637, "Haywoode", "Workman", "66"]], "name": "Officials"}, {"headers": ["GAME_DATE", "ATTENDANCE", "GAME_TIME"], "rowSet": [["WEDNESDAY, NOVEMBER 3, 2010", 11778, "2:24"]], "name": "GameInfo"}, {"headers": ["PLAYER_ID", "FIRST_NAME", "LAST_NAME", "JERSEY_NUM", "TEAM_ID", "TEAM_CITY", "TEAM_NAME", "TEAM_ABBREVIATION"], "rowSet": [[2059, "Eduardo", "Najera", "21", 1610612766, "Charlotte", "Bobcats", "CHA"], [2198, "Kwame", "Brown", "54", 1610612766, "Charlotte", "Bobcats", "CHA"], [201187, "Dominic", "McGuire", " 5", 1610612766, "Charlotte", "Bobcats", "CHA"], [693, "Joe", "Smith", " 8", 1610612751, "New Jersey", "Nets", "NJN"], [101211, "Stephen", "Graham", "26", 1610612751, "New Jersey", "Nets", "NJN"], [202386, "Ben", "Uzoh", "18", 1610612751, "New Jersey", "Nets", "NJN"]], "name": "InactivePlayers"}, {"headers": ["VIDEO_AVAILABLE_FLAG"], "rowSet": [[0]], "name": "AvailableVideo"}], "parameters": {"GameID": "0021000055", "RangeType": 0, "StartPeriod": 0, "StartRange": 0, "EndPeriod": 0, "EndRange": 0}}