{"resource": "boxscore", "resultSets": [{"headers": ["GAME_DATE_EST", "GAME_SEQUENCE", "GAME_ID", "GAME_STATUS_ID", "GAME_STATUS_TEXT", "GAMECODE", "HOME_TEAM_ID", "VISITOR_TEAM_ID", "SEASON", "LIVE_PERIOD", "LIVE_PC_TIME", "NATL_TV_BROADCASTER_ABBREVIATION", "LIVE_PERIOD_TIME_BCAST", "WH_STATUS"], "rowSet": [["2010-11-05T00:00:00", 6, "0021000073", 3, "Final", "20101105/CHIBOS", 1610612738, 1610612741, "2010", 5, "", "ESPN", "Q5  - ESPN", 1]], "name": "GameSummary"}, {"headers": ["GAME_DATE_EST", "GAME_SEQUENCE", "GAME_ID", "TEAM_ID", "TEAM_ABBREVIATION", "TEAM_CITY_NAME", "TEAM_WINS_LOSSES", "PTS_QTR1", "PTS_QTR2", "PTS_QTR3", "PTS_QTR4", "PTS_OT1", "PTS_OT2", "PTS_OT3", "PTS_OT4", "PTS_OT5", "PTS_OT6", "PTS_OT7", "PTS_OT8", "PTS_OT9", "PTS_OT10", "PTS"], "rowSet": [["2010-11-05T00:00:00", 6, "0021000073", 1610612741, "CHI", "Chicago", "2-3", 23, 15, 26, 32, 9, 0, 0, 0, 0, 0, 0, 0, 0, 0, 105], ["2010-11-05T00:00:00", 6, "0021000073", 1610612738, "BOS", "Boston", "5-1", 19, 30, 23, 24, 14, 0, 0, 0, 0, 0, 0, 0, 0, 0, 110]], "name": "LineScore"}, {"headers": ["GAME_ID", "HOME_TEAM_ID", "VISITOR_TEAM_ID", "GAME_DATE_EST", "HOME_TEAM_WINS", "HOME_TEAM_LOSSES", "SERIES_LEADER"], "rowSet": [["0021000073", 1610612738, 1610612741, "2010-11-05T00:00:00", 2, 2, "Tied"]], "name": "SeasonSeries"}, {"headers": ["GAME_ID", "LAST_GAME_ID", "LAST_GAME_DATE_EST", "LAST_GAME_HOME_TEAM_ID", "LAST_GAME_HOME_TEAM_CITY", "LAST_GAME_HOME_TEAM_NAME", "LAST_GAME_HOME_TEAM_ABBREVIATION", "LAST_GAME_HOME_TEAM_POINTS", "LAST_GAME_VISITOR_TEAM_ID", "LAST_GAME_VISITOR_TEAM_CITY", "LAST_GAME_VISITOR_TEAM_NAME", "LAST_GAME_VISITOR_TEAM_CITY1", "LAST_GAME_VISITOR_TEAM_POINTS"], "rowSet": [["0021000073", "0020901213", "2010-04-13T00:00:00", 1610612738, "Boston", "Celtics", "BOS", 93, 1610612741, "Chicago", "Bulls", "CHI", 101]], "name": "LastMeeting"}, {"headers": ["GAME_ID", "TEAM_ID", "TEAM_ABBREVIATION", "TEAM_CITY", "PLAYER_ID", "PLAYER_NAME", "START_POSITION", "COMMENT", "MIN", "FGM", "FGA", "FG_PCT", "FG3M", "FG3A", "FG3_PCT", "FTM", "FTA", "FT_PCT", "OREB", "DREB", "REB", "AST", "STL", "BLK", "TO", "PF", "PTS", "PLUS_MINUS"], "rowSet": [["0021000073", 1610612741, "CHI", "Chicago", 2736, "Luol Deng", "F", "", "42:33", 8, 19, 0.421, 2, 4, 0.5, 2, 2, 1.0, 2, 4, 6, 2, 1, 0, 4, 5, 20, -1.0], ["0021000073", 1610612741, "CHI", "Chicago", 201959, "Taj Gibson", "F", "", "40:27", 9, 14, 0.643, 0, 0, 0.0, 0, 0, 0.0, 0, 7, 7, 2, 0, 0, 1, 2, 18, -4.0], ["0021000073", 1610612741, "CHI", "Chicago", 201149, "Joakim Noah", "C", "", "49:22", 8, 13, 0.615, 0, 0, 0.0, 10, 10, 1.0, 2, 10, 12, 2, 1, 1, 2, 2, 26, 3.0], ["0021000073", 1610612741, "CHI", "Chicago", 2586, "Keith Bogans", "G", "", "22:23", 1, 3, 0.333, 0, 1, 0.0, 2, 2, 1.0, 0, 8, 8, 4, 3, 0, 2, 2, 4, 5.0], ["0021000073", 1610612741, "CHI", "Chicago", 201565, "Derrick Rose", "G", "", "45:36", 8, 19, 0.421, 0, 2, 0.0, 2, 2, 1.0, 2, 3, 5, 9, 0, 0, 6, 2, 18, -8.0], ["0021000073", 1610612741, "CHI", "Chicago", 201600, "Omer Asik", "", "", "11:35", 1, 2, 0.5, 0, 0, 0.0, 0, 0, 0.0, 1, 0, 1, 0, 0, 0, 2, 3, 2, 3.0], ["0021000073", 1610612741, "CHI", "Chicago", 201228, "CJ Watson", "", "", "7:24", 2, 2, 1.0, 1, 1, 1.0, 0, 0, 0.0, 0, 1, 1, 3, 0, 0, 0, 1, 5, 3.0], ["0021000073", 1610612741, "CHI", "Chicago", 201949, "James Johnson", "", "", "5:38", 0, 4, 0.0, 0, 0, 0.0, 0, 0, 0.0, 0, 2, 2, 1, 0, 0, 1, 2, 0, -11.0], ["0021000073", 1610612741, "CHI", "Chicago", 2594, "Kyle Korver", "", "", "20:29", 2, 5, 0.4, 1, 2, 0.5, 0, 0, 0.0, 0, 1, 1, 1, 1, 0, 1, 3, 5, -7.0], ["0021000073", 1610612741, "CHI", "Chicago", 2243, "Brian Scalabrine", "", "", "3:01", 0, 0, 0.0, 0, 0, 0.0, 0, 0, 0.0, 0, 0, 0, 0, 0, 1, 0, 1, 0, -7.0], ["0021000073", 1610612741, "CHI", "Chicago", 200758, "Ronnie Brewer", "", "", "14:57", 3, 4, 0.75, 0, 0, 0.0, 1, 2, 0.5, 0, 0, 0, 1, 1, 0, 0, 0, 7, 4.0], ["0021000073", 1610612741, "CHI", "Chicago", 703, "Kurt Thomas", "", "", "1:35", 0, 0, 0.0, 0, 0, 0.0, 0, 0, 0.0, 0, 0, 0, 0, 0, 0, 0, 0, 0, -5.0], ["0021000073", 1610612738, "BOS", "Boston", 1718, "Paul Pierce", "F", "", "42:38", 4, 14, 0.286, 0, 2, 0.0, 2, 2, 1.0, 1, 6, 7, 5, 0, 1, 1, 4, 10, 5.0], ["0021000073", 1610612738, "BOS", "Boston", 708, "Kevin Garnett", "F", "", "39:05", 7, 17, 0.412, 0, 0, 0.0, 2, 2, 1.0, 0, 10, 10, 4, 3, 0, 1, 0, 16, 5.0], ["0021000073", 1610612738, "BOS", "Boston", 979, "Jermaine O'Neal", "C", "", "19:29", 5, 6, 0.833, 0, 0, 0.0, 2, 3, 0.667, 0, 0, 0, 1, 0, 1, 0, 3, 12, 3.0], ["0021000073", 1610612738, "BOS", "Boston", 951, "Ray Allen", "G", "", "40:46", 9, 12, 0.75, 3, 5, 0.6, 4, 4, 1.0, 0, 3, 3, 3, 2, 0, 3, 1, 25, -12.0], ["0021000073", 1610612738, "BOS", "Boston", 200765, "Rajon Rondo", "G", "", "40:13", 5, 10, 0.5, 0, 1, 0.0, 0, 0, 0.0, 1, 2, 3, 11, 4, 0, 4, 1, 10, 14.0], ["0021000073", 1610612738, "BOS", "Boston", 201175, "Glen Davis", "", "", "37:08", 4, 10, 0.4, 0, 0, 0.0, 7, 8, 0.875, 0, 3, 3, 0, 1, 1, 2, 3, 15, 0.0], ["0021000073", 1610612738, "BOS", "Boston", 101126, "Nate Robinson", "", "", "12:47", 3, 7, 0.429, 1, 3, 0.333, 0, 0, 0.0, 0, 0, 0, 0, 0, 0, 1, 3, 7, -9.0], ["0021000073", 1610612738, "BOS", "Boston", 201623, "Semih Erden", "", "", "10:18", 0, 0, 0.0, 0, 0, 0.0, 2, 2, 1.0, 1, 2, 3, 0, 0, 0, 1, 4, 2, 2.0], ["0021000073", 1610612738, "BOS", "Boston", 2605, "Marquis Daniels", "", "", "19:13", 5, 6, 0.833, 0, 0, 0.0, 3, 4, 0.75, 0, 2, 2, 3, 1, 0, 1, 1, 13, 11.0], ["0021000073", 1610612738, "BOS", "Boston", 101144, "Von Wafer", "", "", "3:23", 0, 0, 0.0, 0, 0, 0.0, 0, 0, 0.0, 0, 0, 0, 0, 0, 0, 0, 0, 0, 6.0], ["0021000073", 1610612738, "BOS", "Boston", 202376, "Luke Harangody", "", "DNP - Coach's Decision", null, null, null, null, null, null, null, null, null, null, null, null, null, null, null, null, null, null, null, null], ["0021000073", 1610612738, "BOS", "Boston", 406, "Shaquille O'Neal", "", "DND - Bruised Right Knee", null, null, null, null, null, null, null, null, null, null, null, null, null, null, null, null, null, null, null, null]], "name": "PlayerStats"}, {"headers": ["GAME_ID", "TEAM_ID", "TEAM_NAME", "TEAM_ABBREVIATION", "TEAM_CITY", "MIN", "FGM", "FGA", "FG_PCT", "FG3M", "FG3A", "FG3_PCT", "FTM", "FTA", "FT_PCT", "OREB", "DREB", "REB", "AST", "STL", "BLK", "TO", "PF", "PTS", "PLUS_MINUS"], "rowSet": [["0021000073", 1610612741, "Bulls", "CHI", "Chicago", "265:00", 42, 85, 0.494, 4, 10, 0.4, 17, 18, 0.944, 7, 36, 43, 25, 7, 2, 19, 23, 105, -5.0], ["0021000073", 1610612738, "Celtics", "BOS", "Boston", "265:00", 42, 82, 0.512, 4, 11, 0.364, 22, 25, 0.88, 3, 28, 31, 27, 11, 3, 14, 20, 110, 5.0]], "name": "TeamStats"}, {"headers": ["LEAGUE_ID", "SEASON_ID", "TEAM_ID", "TEAM_ABBREVIATION", "TEAM_CITY", "PTS_PAINT", "PTS_2ND_CHANCE", "PTS_FB", "LARGEST_LEAD", "LEAD_CHANGES", "TIMES_TIED"], "rowSet": [["00", "22010", 1610612738, "BOS", "Boston", 48, 6, 14, 15, 8, 4], ["00", "22010", 1610612741, "CHI", "Chicago", 48, 9, 8, 16, 8, 4]], "name": "OtherStats"}, {"headers": ["OFFICIAL_ID", "FIRST_NAME", "LAST_NAME", "JERSEY_NUM"], "rowSet": [[1199, "Tom", "Washington", "49"], [1830, "Marc", "Davis", "8"], [2714, "David", "Guthrie", "16"]], "name": "Officials"}, {"headers": ["GAME_DATE", "ATTENDANCE", "GAME_TIME"], "rowSet": [["FRIDAY, NOVEMBER 5, 2010", 18624, "2:49"]], "name": "GameInfo"}, {"headers": ["PLAYER_ID", "FIRST_NAME", "LAST_NAME", "JERSEY_NUM", "TEAM_ID", "TEAM_CITY", "TEAM_NAME", "TEAM_ABBREVIATION"], "rowSet": [[2430, "Carlos", "Boozer", " 5", 1610612741, "Chicago", "Bulls", "CHI"], [2570, "Kendrick", "Perkins", "43", 1610612738, "Boston", "Celtics", "BOS"], [202340, "Avery", "Bradley", " 0", 1610612738, "Boston", "Celtics", "BOS"]], "name": "InactivePlayers"}, {"headers": ["VIDEO_AVAILABLE_FLAG"], "rowSet": [[0]], "name": "AvailableVideo"}], "parameters": {"GameID": "0021000073", "RangeType": 0, "StartPeriod": 0, "StartRange": 0, "EndPeriod": 0, "EndRange": 0}}