{"resource": "boxscore", "resultSets": [{"headers": ["GAME_DATE_EST", "GAME_SEQUENCE", "GAME_ID", "GAME_STATUS_ID", "GAME_STATUS_TEXT", "GAMECODE", "HOME_TEAM_ID", "VISITOR_TEAM_ID", "SEASON", "LIVE_PERIOD", "LIVE_PC_TIME", "NATL_TV_BROADCASTER_ABBREVIATION", "LIVE_PERIOD_TIME_BCAST", "WH_STATUS"], "rowSet": [["2010-10-29T00:00:00", 1, "0021000019", 3, "Final", "20101029/INDCHA", 1610612766, 1610612754, "2010", 4, "", null, "Q4  - ", 1]], "name": "GameSummary"}, {"headers": ["GAME_DATE_EST", "GAME_SEQUENCE", "GAME_ID", "TEAM_ID", "TEAM_ABBREVIATION", "TEAM_CITY_NAME", "TEAM_WINS_LOSSES", "PTS_QTR1", "PTS_QTR2", "PTS_QTR3", "PTS_QTR4", "PTS_OT1", "PTS_OT2", "PTS_OT3", "PTS_OT4", "PTS_OT5", "PTS_OT6", "PTS_OT7", "PTS_OT8", "PTS_OT9", "PTS_OT10", "PTS"], "rowSet": [["2010-10-29T00:00:00", 1, "0021000019", 1610612766, "CHA", "Charlotte", "0-2", 31, 27, 22, 21, 0, 0, 0, 0, 0, 0, 0, 0, 0, 0, 101], ["2010-10-29T00:00:00", 1, "0021000019", 1610612754, "IND", "Indiana", "1-1", 27, 23, 23, 31, 0, 0, 0, 0, 0, 0, 0, 0, 0, 0, 104]], "name": "LineScore"}, {"headers": ["GAME_ID", "HOME_TEAM_ID", "VISITOR_TEAM_ID", "GAME_DATE_EST", "HOME_TEAM_WINS", "HOME_TEAM_LOSSES", "SERIES_LEADER"], "rowSet": [["0021000019", 1610612766, 1610612754, "2010-10-29T00:00:00", 0, 4, "Indiana"]], "name": "SeasonSeries"}, {"headers": ["GAME_ID", "LAST_GAME_ID", "LAST_GAME_DATE_EST", "LAST_GAME_HOME_TEAM_ID", "LAST_GAME_HOME_TEAM_CITY", "LAST_GAME_HOME_TEAM_NAME", "LAST_GAME_HOME_TEAM_ABBREVIATION", "LAST_GAME_HOME_TEAM_POINTS", "LAST_GAME_VISITOR_TEAM_ID", "LAST_GAME_VISITOR_TEAM_CITY", "LAST_GAME_VISITOR_TEAM_NAME", "LAST_GAME_VISITOR_TEAM_CITY1", "LAST_GAME_VISITOR_TEAM_POINTS"], "rowSet": [["0021000019", "0020900997", "2010-03-16T00:00:00", 1610612766, "Charlotte", "Bobcats", "CHA", 94, 1610612754, "Indiana", "Pacers", "IND", 99]], "name": "LastMeeting"}, {"headers": ["GAME_ID", "TEAM_ID", "TEAM_ABBREVIATION", "TEAM_CITY", "PLAYER_ID", "PLAYER_NAME", "START_POSITION", "COMMENT", "MIN", "FGM", "FGA", "FG_PCT", "FG3M", "FG3A", "FG3_PCT", "FTM", "FTA", "FT_PCT", "OREB", "DREB", "REB", "AST", "STL", "BLK", "TO", "PF", "PTS", "PLUS_MINUS"], "rowSet": [["0021000019", 1610612754, "IND", "Indiana", 101122, "Danny Granger", "F", "", "37:31", 12, 23, 0.522, 6, 11, 0.545, 3, 4, 0.75, 0, 5, 5, 3, 1, 2, 3, 6, 33, 8.0], ["0021000019", 1610612754, "IND", "Indiana", 201177, "Josh McRoberts", "F", "", "17:13", 4, 5, 0.8, 0, 0, 0.0, 0, 0, 0.0, 5, 2, 7, 1, 0, 1, 0, 2, 8, 2.0], ["0021000019", 1610612754, "IND", "Indiana", 201579, "Roy Hibbert", "C", "", "37:57", 3, 8, 0.375, 0, 0, 0.0, 7, 8, 0.875, 2, 6, 8, 6, 0, 4, 0, 3, 13, 13.0], ["0021000019", 1610612754, "IND", "Indiana", 2399, "Mike Dunleavy", "G", "", "34:22", 4, 13, 0.308, 2, 9, 0.222, 0, 0, 0.0, 0, 4, 4, 3, 0, 1, 1, 2, 10, 7.0], ["0021000019", 1610612754, "IND", "Indiana", 201954, "Darren Collison", "G", "", "24:22", 2, 10, 0.2, 1, 2, 0.5, 2, 2, 1.0, 1, 1, 2, 6, 0, 0, 3, 1, 7, 0.0], ["0021000019", 1610612754, "IND", "Indiana", 1899, "James Posey", "", "", "13:35", 1, 3, 0.333, 1, 3, 0.333, 0, 0, 0.0, 0, 0, 0, 0, 0, 0, 0, 2, 3, -10.0], ["0021000019", 1610612754, "IND", "Indiana", 202331, "Paul George", "", "", "21:27", 3, 6, 0.5, 2, 4, 0.5, 0, 0, 0.0, 0, 3, 3, 2, 0, 1, 0, 4, 8, -10.0], ["0021000019", 1610612754, "IND", "Indiana", 200780, "Solomon Jones", "", "", "10:03", 1, 2, 0.5, 0, 0, 0.0, 1, 2, 0.5, 0, 0, 0, 0, 0, 0, 1, 4, 3, -10.0], ["0021000019", 1610612754, "IND", "Indiana", 2551, "T.J. Ford", "", "", "23:38", 3, 6, 0.5, 0, 0, 0.0, 1, 2, 0.5, 0, 1, 1, 4, 2, 1, 2, 1, 7, 3.0], ["0021000019", 1610612754, "IND", "Indiana", 201946, "Tyler Hansbrough", "", "", "19:52", 3, 4, 0.75, 0, 0, 0.0, 6, 6, 1.0, 1, 3, 4, 0, 2, 1, 0, 3, 12, 12.0], ["0021000019", 1610612754, "IND", "Indiana", 1902, "Jeff Foster", "", "DNP - Coach's Decision", null, null, null, null, null, null, null, null, null, null, null, null, null, null, null, null, null, null, null, null], ["0021000019", 1610612754, "IND", "Indiana", 201575, "Brandon Rush", "", "Not With Team - League Suspension", null, null, null, null, null, null, null, null, null, null, null, null, null, null, null, null, null, null, null, null], ["0021000019", 1610612766, "CHA", "Charlotte", 2222, "Gerald Wallace", "F", "", "40:51", 8, 13, 0.615, 1, 1, 1.0, 12, 18, 0.667, 1, 5, 6, 2, 1, 1, 4, 1, 29, -6.0], ["0021000019", 1610612766, "CHA", "Charlotte", 2564, "Boris Diaw", "F", "", "32:53", 5, 9, 0.556, 1, 5, 0.2, 2, 2, 1.0, 2, 6, 8, 2, 0, 0, 4, 1, 13, -8.0], ["0021000019", 1610612766, "CHA", "Charlotte", 1737, "Nazr Mohammed", "C", "", "13:07", 2, 4, 0.5, 0, 0, 0.0, 1, 2, 0.5, 2, 2, 4, 0, 0, 1, 1, 4, 5, -1.0], ["0021000019", 1610612766, "CHA", "Charlotte", 1536, "Stephen Jackson", "G", "", "28:52", 4, 13, 0.308, 0, 3, 0.0, 2, 2, 1.0, 2, 4, 6, 6, 0, 0, 2, 3, 10, -7.0], ["0021000019", 1610612766, "CHA", "Charlotte", 201571, "D.J. Augustin", "G", "", "40:59", 5, 14, 0.357, 2, 3, 0.667, 5, 5, 1.0, 1, 1, 2, 6, 0, 0, 4, 0, 17, -9.0], ["0021000019", 1610612766, "CHA", "Charlotte", 201945, "Gerald Henderson", "", "", "15:10", 3, 3, 1.0, 0, 0, 0.0, 0, 0, 0.0, 0, 1, 1, 0, 1, 0, 0, 1, 6, 5.0], ["0021000019", 1610612766, "CHA", "Charlotte", 2205, "DeSagana Diop", "", "", "22:04", 0, 2, 0.0, 0, 0, 0.0, 0, 0, 0.0, 3, 4, 7, 0, 0, 1, 1, 6, 0, -9.0], ["0021000019", 1610612766, "CHA", "Charlotte", 201974, "Derrick Brown", "", "", "15:36", 2, 2, 1.0, 0, 0, 0.0, 4, 7, 0.571, 0, 4, 4, 0, 0, 2, 1, 1, 8, 11.0], ["0021000019", 1610612766, "CHA", "Charlotte", 200748, "Tyrus Thomas", "", "", "21:06", 1, 6, 0.167, 0, 0, 0.0, 9, 9, 1.0, 3, 2, 5, 1, 1, 2, 0, 4, 11, 2.0], ["0021000019", 1610612766, "CHA", "Charlotte", 2733, "Shaun Livingston", "", "", "9:22", 1, 4, 0.25, 0, 0, 0.0, 0, 0, 0.0, 1, 1, 2, 0, 0, 0, 0, 0, 2, 7.0], ["0021000019", 1610612766, "CHA", "Charlotte", 2679, "Matt Carroll", "", "DNP - Coach's Decision", null, null, null, null, null, null, null, null, null, null, null, null, null, null, null, null, null, null, null, null], ["0021000019", 1610612766, "CHA", "Charlotte", 202395, "Sherron Collins", "", "DNP - Coach's Decision", null, null, null, null, null, null, null, null, null, null, null, null, null, null, null, null, null, null, null, null]], "name": "PlayerStats"}, {"headers": ["GAME_ID", "TEAM_ID", "TEAM_NAME", "TEAM_ABBREVIATION", "TEAM_CITY", "MIN", "FGM", "FGA", "FG_PCT", "FG3M", "FG3A", "FG3_PCT", "FTM", "FTA", "FT_PCT", "OREB", "DREB", "REB", "AST", "STL", "BLK", "TO", "PF", "PTS", "PLUS_MINUS"], "rowSet": [["0021000019", 1610612754, "Pacers", "IND", "Indiana", "240:00", 36, 80, 0.45, 12, 29, 0.414, 20, 24, 0.833, 9, 25, 34, 25, 5, 11, 10, 28, 104, 3.0], ["0021000019", 1610612766, "Bobcats", "CHA", "Charlotte", "240:00", 31, 70, 0.443, 4, 12, 0.333, 35, 45, 0.778, 15, 30, 45, 17, 3, 7, 17, 21, 101, -3.0]], "name": "TeamStats"}, {"headers": ["LEAGUE_ID", "SEASON_ID", "TEAM_ID", "TEAM_ABBREVIATION", "TEAM_CITY", "PTS_PAINT", "PTS_2ND_CHANCE", "PTS_FB", "LARGEST_LEAD", "LEAD_CHANGES", "TIMES_TIED"], "rowSet": [["00", "22010", 1610612766, "CHA", "Charlotte", 42, 11, 7, 10, 10, 4], ["00", "22010", 1610612754, "IND", "Indiana", 30, 16, 3, 11, 10, 4]], "name": "OtherStats"}, {"headers": ["OFFICIAL_ID", "FIRST_NAME", "LAST_NAME", "JERSEY_NUM"], "rowSet": [[1168, "David", "Jones", "36"], [2001, "Jason", "Phillips", "23"], [201640, "Kane", "Fitzgerald", "35"]], "name": "Officials"}, {"headers": ["GAME_DATE", "ATTENDANCE", "GAME_TIME"], "rowSet": [["FRIDAY, OCTOBER 29, 2010", 18351, "2:25"]], "name": "GameInfo"}, {"headers": ["PLAYER_ID", "FIRST_NAME", "LAST_NAME", "JERSEY_NUM", "TEAM_ID", "TEAM_CITY", "TEAM_NAME", "TEAM_ABBREVIATION"], "rowSet": [[2059, "Eduardo", "Najera", "21", 1610612766, "Charlotte", "Bobcats", "CHA"], [2198, "Kwame", "Brown", "54", 1610612766, "Charlotte", "Bobcats", "CHA"], [201187, "Dominic", "McGuire", " 5", 1610612766, "Charlotte", "Bobcats", "CHA"], [2563, "Dahntay", "Jones", " 1", 1610612754, "Indiana", "Pacers", "IND"], [201985, "A.J.", "Price", "12", 1610612754, "Indiana", "Pacers", "IND"], [202362, "Lance", "Stephenson", " 6", 1610612754, "Indiana", "Pacers", "IND"]], "name": "InactivePlayers"}, {"headers": ["VIDEO_AVAILABLE_FLAG"], "rowSet": [[0]], "name": "AvailableVideo"}], "parameters": {"GameID": "0021000019", "RangeType": 0, "StartPeriod": 0, "StartRange": 0, "EndPeriod": 0, "EndRange": 0}}