{"resource": "boxscore", "resultSets": [{"headers": ["GAME_DATE_EST", "GAME_SEQUENCE", "GAME_ID", "GAME_STATUS_ID", "GAME_STATUS_TEXT", "GAMECODE", "HOME_TEAM_ID", "VISITOR_TEAM_ID", "SEASON", "LIVE_PERIOD", "LIVE_PC_TIME", "NATL_TV_BROADCASTER_ABBREVIATION", "LIVE_PERIOD_TIME_BCAST", "WH_STATUS"], "rowSet": [["2010-11-02T00:00:00", 2, "0021000048", 3, "Final", "20101102/PHIWAS", 1610612764, 1610612755, "2010", 5, "", null, "Q5  - ", 1]], "name": "GameSummary"}, {"headers": ["GAME_DATE_EST", "GAME_SEQUENCE", "GAME_ID", "TEAM_ID", "TEAM_ABBREVIATION", "TEAM_CITY_NAME", "TEAM_WINS_LOSSES", "PTS_QTR1", "PTS_QTR2", "PTS_QTR3", "PTS_QTR4", "PTS_OT1", "PTS_OT2", "PTS_OT3", "PTS_OT4", "PTS_OT5", "PTS_OT6", "PTS_OT7", "PTS_OT8", "PTS_OT9", "PTS_OT10", "PTS"], "rowSet": [["2010-11-02T00:00:00", 2, "0021000048", 1610612755, "PHI", "Philadelphia", "0-4", 28, 20, 18, 40, 9, 0, 0, 0, 0, 0, 0, 0, 0, 0, 115], ["2010-11-02T00:00:00", 2, "0021000048", 1610612764, "WAS", "Washington", "1-2", 27, 23, 22, 34, 10, 0, 0, 0, 0, 0, 0, 0, 0, 0, 116]], "name": "LineScore"}, {"headers": ["GAME_ID", "HOME_TEAM_ID", "VISITOR_TEAM_ID", "GAME_DATE_EST", "HOME_TEAM_WINS", "HOME_TEAM_LOSSES", "SERIES_LEADER"], "rowSet": [["0021000048", 1610612764, 1610612755, "2010-11-02T00:00:00", 2, 2, "Tied"]], "name": "SeasonSeries"}, {"headers": ["GAME_ID", "LAST_GAME_ID", "LAST_GAME_DATE_EST", "LAST_GAME_HOME_TEAM_ID", "LAST_GAME_HOME_TEAM_CITY", "LAST_GAME_HOME_TEAM_NAME", "LAST_GAME_HOME_TEAM_ABBREVIATION", "LAST_GAME_HOME_TEAM_POINTS", "LAST_GAME_VISITOR_TEAM_ID", "LAST_GAME_VISITOR_TEAM_CITY", "LAST_GAME_VISITOR_TEAM_NAME", "LAST_GAME_VISITOR_TEAM_CITY1", "LAST_GAME_VISITOR_TEAM_POINTS"], "rowSet": [["0021000048", "0020900500", "2010-01-05T00:00:00", 1610612764, "Washington", "Wizards", "WAS", 104, 1610612755, "Philadelphia", "76ers", "PHI", 97]], "name": "LastMeeting"}, {"headers": ["GAME_ID", "TEAM_ID", "TEAM_ABBREVIATION", "TEAM_CITY", "PLAYER_ID", "PLAYER_NAME", "START_POSITION", "COMMENT", "MIN", "FGM", "FGA", "FG_PCT", "FG3M", "FG3A", "FG3_PCT", "FTM", "FTA", "FT_PCT", "OREB", "DREB", "REB", "AST", "STL", "BLK", "TO", "PF", "PTS", "PLUS_MINUS"], "rowSet": [["0021000048", 1610612755, "PHI", "Philadelphia", 2804, "Andres Nocioni", "F", "", "16:18", 1, 5, 0.2, 0, 2, 0.0, 0, 0, 0.0, 1, 2, 3, 2, 0, 0, 1, 1, 2, 5.0], ["0021000048", 1610612755, "PHI", "Philadelphia", 1882, "Elton Brand", "F", "", "42:26", 9, 11, 0.818, 0, 0, 0.0, 3, 4, 0.75, 4, 5, 9, 3, 4, 1, 3, 6, 21, 11.0], ["0021000048", 1610612755, "PHI", "Philadelphia", 201150, "Spencer Hawes", "C", "", "16:01", 2, 3, 0.667, 0, 0, 0.0, 0, 0, 0.0, 0, 1, 1, 2, 0, 1, 2, 3, 4, 7.0], ["0021000048", 1610612755, "PHI", "Philadelphia", 2738, "Andre Iguodala", "G", "", "38:18", 5, 13, 0.385, 1, 3, 0.333, 1, 3, 0.333, 0, 3, 3, 9, 2, 0, 4, 2, 12, -6.0], ["0021000048", 1610612755, "PHI", "Philadelphia", 201950, "Jrue Holiday", "G", "", "40:59", 6, 11, 0.545, 0, 3, 0.0, 2, 2, 1.0, 1, 2, 3, 13, 1, 0, 6, 4, 14, 9.0], ["0021000048", 1610612755, "PHI", "Philadelphia", 201152, "Thaddeus Young", "", "", "17:52", 4, 4, 1.0, 0, 0, 0.0, 0, 0, 0.0, 0, 1, 1, 1, 1, 1, 1, 4, 8, 1.0], ["0021000048", 1610612755, "PHI", "Philadelphia", 101150, "Louis Williams", "", "", "31:59", 6, 16, 0.375, 3, 7, 0.429, 15, 17, 0.882, 0, 1, 1, 3, 0, 0, 1, 2, 30, -9.0], ["0021000048", 1610612755, "PHI", "Philadelphia", 202323, "Evan Turner", "", "", "27:51", 4, 7, 0.571, 0, 0, 0.0, 1, 2, 0.5, 0, 6, 6, 1, 1, 0, 3, 3, 9, -15.0], ["0021000048", 1610612755, "PHI", "Philadelphia", 1499, "Tony Battie", "", "", "8:37", 2, 2, 1.0, 0, 0, 0.0, 0, 0, 0.0, 1, 2, 3, 0, 1, 0, 0, 0, 4, -10.0], ["0021000048", 1610612755, "PHI", "Philadelphia", 201578, "Marreese Speights", "", "", "17:14", 3, 5, 0.6, 0, 0, 0.0, 0, 0, 0.0, 0, 4, 4, 0, 0, 0, 1, 5, 6, -6.0], ["0021000048", 1610612755, "PHI", "Philadelphia", 2574, "Jason Kapono", "", "", "7:23", 2, 3, 0.667, 0, 0, 0.0, 1, 1, 1.0, 0, 1, 1, 0, 0, 0, 0, 0, 5, 8.0], ["0021000048", 1610612755, "PHI", "Philadelphia", 2443, "Darius Songaila", "", "DNP - Coach's Decision", null, null, null, null, null, null, null, null, null, null, null, null, null, null, null, null, null, null, null, null], ["0021000048", 1610612764, "WAS", "Washington", 201154, "Al Thornton", "F", "", "40:03", 5, 12, 0.417, 0, 1, 0.0, 2, 2, 1.0, 2, 4, 6, 1, 3, 0, 1, 3, 12, 2.0], ["0021000048", 1610612764, "WAS", "Washington", 101154, "Andray Blatche", "F", "", "43:12", 5, 17, 0.294, 0, 0, 0.0, 13, 14, 0.929, 3, 5, 8, 1, 1, 0, 6, 2, 23, 0.0], ["0021000048", 1610612764, "WAS", "Washington", 201580, "JaVale McGee", "C", "", "21:49", 1, 3, 0.333, 0, 0, 0.0, 1, 3, 0.333, 1, 5, 6, 0, 0, 1, 1, 2, 3, -7.0], ["0021000048", 1610612764, "WAS", "Washington", 2550, "Kirk Hinrich", "G", "", "42:14", 3, 5, 0.6, 1, 2, 0.5, 1, 1, 1.0, 0, 4, 4, 9, 0, 0, 1, 4, 8, -14.0], ["0021000048", 1610612764, "WAS", "Washington", 202322, "John Wall", "G", "", "44:48", 9, 16, 0.563, 0, 1, 0.0, 11, 14, 0.786, 0, 2, 2, 13, 9, 0, 8, 5, 29, 1.0], ["0021000048", 1610612764, "WAS", "Washington", 200756, "Hilton Armstrong", "", "", "20:35", 2, 3, 0.667, 0, 0, 0.0, 2, 2, 1.0, 1, 2, 3, 0, 0, 1, 1, 4, 6, 3.0], ["0021000048", 1610612764, "WAS", "Washington", 201156, "Nick Young", "", "", "23:17", 7, 11, 0.636, 3, 5, 0.6, 3, 3, 1.0, 0, 2, 2, 0, 1, 0, 1, 2, 20, 14.0], ["0021000048", 1610612764, "WAS", "Washington", 201858, "Cartier Martin", "", "", "8:58", 2, 3, 0.667, 2, 2, 1.0, 0, 0, 0.0, 0, 1, 1, 0, 0, 0, 0, 0, 6, 1.0], ["0021000048", 1610612764, "WAS", "Washington", 201146, "Yi Jianlian", "", "", "20:01", 3, 8, 0.375, 0, 1, 0.0, 3, 4, 0.75, 2, 2, 4, 0, 1, 0, 2, 1, 9, 11.0], ["0021000048", 1610612764, "WAS", "Washington", 202344, "Trevor Booker", "", "", "0:03", 0, 0, 0.0, 0, 0, 0.0, 0, 0, 0.0, 0, 0, 0, 0, 0, 0, 0, 1, 0, -6.0], ["0021000048", 1610612764, "WAS", "Washington", 201991, "Lester Hudson", "", "DNP - Coach's Decision", null, null, null, null, null, null, null, null, null, null, null, null, null, null, null, null, null, null, null, null], ["0021000048", 1610612764, "WAS", "Washington", 202338, "Kevin Seraphin", "", "DNP - Coach's Decision", null, null, null, null, null, null, null, null, null, null, null, null, null, null, null, null, null, null, null, null]], "name": "PlayerStats"}, {"headers": ["GAME_ID", "TEAM_ID", "TEAM_NAME", "TEAM_ABBREVIATION", "TEAM_CITY", "MIN", "FGM", "FGA", "FG_PCT", "FG3M", "FG3A", "FG3_PCT", "FTM", "FTA", "FT_PCT", "OREB", "DREB", "REB", "AST", "STL", "BLK", "TO", "PF", "PTS", "PLUS_MINUS"], "rowSet": [["0021000048", 1610612764, "Wizards", "WAS", "Washington", "265:00", 37, 78, 0.474, 6, 12, 0.5, 36, 43, 0.837, 9, 27, 36, 24, 15, 2, 21, 24, 116, 1.0], ["0021000048", 1610612755, "76ers", "PHI", "Philadelphia", "265:00", 44, 80, 0.55, 4, 15, 0.267, 23, 29, 0.793, 7, 28, 35, 34, 10, 3, 22, 30, 115, -1.0]], "name": "TeamStats"}, {"headers": ["LEAGUE_ID", "SEASON_ID", "TEAM_ID", "TEAM_ABBREVIATION", "TEAM_CITY", "PTS_PAINT", "PTS_2ND_CHANCE", "PTS_FB", "LARGEST_LEAD", "LEAD_CHANGES", "TIMES_TIED"], "rowSet": [["00", "22010", 1610612755, "PHI", "Philadelphia", 50, 5, 17, 13, 7, 11], ["00", "22010", 1610612764, "WAS", "Washington", 36, 5, 19, 14, 8, 12]], "name": "OtherStats"}, {"headers": ["OFFICIAL_ID", "FIRST_NAME", "LAST_NAME", "JERSEY_NUM"], "rowSet": [[1662, "Bill", "Kennedy", "55"], [1363, "Bennie", "Adams", "47"], [202007, "Nick", "Buchert", "54"]], "name": "Officials"}, {"headers": ["GAME_DATE", "ATTENDANCE", "GAME_TIME"], "rowSet": [["TUESDAY, NOVEMBER 2, 2010", 17803, "2:52"]], "name": "GameInfo"}, {"headers": ["PLAYER_ID", "FIRST_NAME", "LAST_NAME", "JERSEY_NUM", "TEAM_ID", "TEAM_CITY", "TEAM_NAME", "TEAM_ABBREVIATION"], "rowSet": [[201975, "Jodie", "Meeks", "20", 1610612755, "Philadelphia", "76ers", "PHI"], [202342, "Craig", "Brackins", "33", 1610612755, "Philadelphia", "76ers", "PHI"], [2240, "Gilbert", "Arenas", " 9", 1610612764, "Washington", "Wizards", "WAS"], [2572, "Josh", "Howard", " 5", 1610612764, "Washington", "Wizards", "WAS"], [202380, "Hamady", "Ndiaye", "55", 1610612764, "Washington", "Wizards", "WAS"]], "name": "InactivePlayers"}, {"headers": ["VIDEO_AVAILABLE_FLAG"], "rowSet": [[0]], "name": "AvailableVideo"}], "parameters": {"GameID": "0021000048", "RangeType": 0, "StartPeriod": 0, "StartRange": 0, "EndPeriod": 0, "EndRange": 0}}