{"resource": "boxscore", "resultSets": [{"headers": ["GAME_DATE_EST", "GAME_SEQUENCE", "GAME_ID", "GAME_STATUS_ID", "GAME_STATUS_TEXT", "GAMECODE", "HOME_TEAM_ID", "VISITOR_TEAM_ID", "SEASON", "LIVE_PERIOD", "LIVE_PC_TIME", "NATL_TV_BROADCASTER_ABBREVIATION", "LIVE_PERIOD_TIME_BCAST", "WH_STATUS"], "rowSet": [["2010-10-27T00:00:00", 4, "0021000007", 3, "Final", "20101027/NYKTOR", 1610612761, 1610612752, "2010", 4, "", null, "Q4  - ", 1]], "name": "GameSummary"}, {"headers": ["GAME_DATE_EST", "GAME_SEQUENCE", "GAME_ID", "TEAM_ID", "TEAM_ABBREVIATION", "TEAM_CITY_NAME", "TEAM_WINS_LOSSES", "PTS_QTR1", "PTS_QTR2", "PTS_QTR3", "PTS_QTR4", "PTS_OT1", "PTS_OT2", "PTS_OT3", "PTS_OT4", "PTS_OT5", "PTS_OT6", "PTS_OT7", "PTS_OT8", "PTS_OT9", "PTS_OT10", "PTS"], "rowSet": [["2010-10-27T00:00:00", 4, "0021000007", 1610612761, "TOR", "Toronto", "0-1", 22, 25, 25, 21, 0, 0, 0, 0, 0, 0, 0, 0, 0, 0, 93], ["2010-10-27T00:00:00", 4, "0021000007", 1610612752, "NYK", "New York", "1-0", 29, 22, 23, 24, 0, 0, 0, 0, 0, 0, 0, 0, 0, 0, 98]], "name": "LineScore"}, {"headers": ["GAME_ID", "HOME_TEAM_ID", "VISITOR_TEAM_ID", "GAME_DATE_EST", "HOME_TEAM_WINS", "HOME_TEAM_LOSSES", "SERIES_LEADER"], "rowSet": [["0021000007", 1610612761, 1610612752, "2010-10-27T00:00:00", 0, 4, "New York"]], "name": "SeasonSeries"}, {"headers": ["GAME_ID", "LAST_GAME_ID", "LAST_GAME_DATE_EST", "LAST_GAME_HOME_TEAM_ID", "LAST_GAME_HOME_TEAM_CITY", "LAST_GAME_HOME_TEAM_NAME", "LAST_GAME_HOME_TEAM_ABBREVIATION", "LAST_GAME_HOME_TEAM_POINTS", "LAST_GAME_VISITOR_TEAM_ID", "LAST_GAME_VISITOR_TEAM_CITY", "LAST_GAME_VISITOR_TEAM_NAME", "LAST_GAME_VISITOR_TEAM_CITY1", "LAST_GAME_VISITOR_TEAM_POINTS"], "rowSet": [["0021000007", "0011000115", "2010-10-22T00:00:00", 1610612761, "Toronto", "Raptors", "TOR", 108, 1610612752, "New York", "Knicks", "NYK", 103]], "name": "LastMeeting"}, {"headers": ["GAME_ID", "TEAM_ID", "TEAM_ABBREVIATION", "TEAM_CITY", "PLAYER_ID", "PLAYER_NAME", "START_POSITION", "COMMENT", "MIN", "FGM", "FGA", "FG_PCT", "FG3M", "FG3A", "FG3_PCT", "FTM", "FTA", "FT_PCT", "OREB", "DREB", "REB", "AST", "STL", "BLK", "TO", "PF", "PTS", "PLUS_MINUS"], "rowSet": [["0021000007", 1610612752, "NYK", "New York", 201568, "Danilo Gallinari", "F", "", "32:51", 3, 9, 0.333, 2, 5, 0.4, 4, 4, 1.0, 0, 6, 6, 1, 1, 1, 0, 3, 12, -3.0], ["0021000007", 1610612752, "NYK", "New York", 2405, "Amar'e Stoudemire", "F", "", "35:58", 7, 16, 0.438, 0, 0, 0.0, 5, 6, 0.833, 3, 7, 10, 2, 0, 2, 9, 3, 19, 2.0], ["0021000007", 1610612752, "NYK", "New York", 202389, "Timofey Mozgov", "C", "", "7:26", 0, 1, 0.0, 0, 0, 0.0, 0, 0, 0.0, 0, 3, 3, 0, 0, 0, 1, 4, 0, 1.0], ["0021000007", 1610612752, "NYK", "New York", 202361, "Landry Fields", "G", "", "29:50", 4, 8, 0.5, 3, 6, 0.5, 0, 0, 0.0, 2, 2, 4, 0, 0, 1, 0, 1, 11, 6.0], ["0021000007", 1610612752, "NYK", "New York", 101109, "Raymond Felton", "G", "", "37:07", 6, 14, 0.429, 1, 4, 0.25, 2, 2, 1.0, 2, 4, 6, 6, 1, 0, 3, 2, 15, 2.0], ["0021000007", 1610612752, "NYK", "New York", 201163, "Wilson Chandler", "", "", "29:13", 10, 18, 0.556, 1, 3, 0.333, 1, 2, 0.5, 2, 6, 8, 2, 0, 2, 0, 4, 22, 0.0], ["0021000007", 1610612752, "NYK", "New York", 201962, "Toney Douglas", "", "", "26:49", 5, 9, 0.556, 0, 3, 0.0, 0, 0, 0.0, 1, 3, 4, 0, 0, 0, 1, 4, 10, 4.0], ["0021000007", 1610612752, "NYK", "New York", 101142, "Ronny Turiaf", "", "", "23:23", 3, 4, 0.75, 0, 0, 0.0, 2, 2, 1.0, 1, 3, 4, 0, 2, 4, 0, 0, 8, 7.0], ["0021000007", 1610612752, "NYK", "New York", 201611, "Henry Walker", "", "", "10:25", 0, 6, 0.0, 0, 2, 0.0, 0, 0, 0.0, 2, 0, 2, 0, 0, 0, 1, 2, 0, 3.0], ["0021000007", 1610612752, "NYK", "New York", 2427, "Roger Mason Jr.", "", "", "6:58", 0, 3, 0.0, 0, 1, 0.0, 1, 1, 1.0, 0, 2, 2, 1, 0, 0, 0, 0, 1, 3.0], ["0021000007", 1610612752, "NYK", "New York", 202360, "Andy Rautins", "", "DNP - Coach's Decision", null, null, null, null, null, null, null, null, null, null, null, null, null, null, null, null, null, null, null, null], ["0021000007", 1610612752, "NYK", "New York", 200761, "Shawne Williams", "", "DNP - Coach's Decision", null, null, null, null, null, null, null, null, null, null, null, null, null, null, null, null, null, null, null, null], ["0021000007", 1610612761, "TOR", "Toronto", 101132, "Linas Kleiza", "F", "", "27:19", 5, 12, 0.417, 0, 1, 0.0, 3, 3, 1.0, 1, 4, 5, 1, 0, 0, 2, 4, 13, -3.0], ["0021000007", 1610612761, "TOR", "Toronto", 2501, "Reggie Evans", "F", "", "33:14", 0, 2, 0.0, 0, 0, 0.0, 0, 0, 0.0, 4, 12, 16, 1, 2, 1, 0, 5, 0, 0.0], ["0021000007", 1610612761, "TOR", "Toronto", 200745, "Andrea Bargnani", "C", "", "35:23", 8, 21, 0.381, 1, 1, 1.0, 5, 8, 0.625, 1, 5, 6, 0, 0, 2, 1, 0, 22, 1.0], ["0021000007", 1610612761, "TOR", "Toronto", 201942, "DeMar DeRozan", "G", "", "26:13", 2, 7, 0.286, 0, 1, 0.0, 5, 6, 0.833, 2, 1, 3, 2, 1, 0, 1, 3, 9, 4.0], ["0021000007", 1610612761, "TOR", "Toronto", 101127, "Jarrett Jack", "G", "", "30:44", 7, 15, 0.467, 0, 2, 0.0, 2, 4, 0.5, 2, 2, 4, 6, 3, 0, 3, 1, 16, 2.0], ["0021000007", 1610612761, "TOR", "Toronto", 2571, "Leandro Barbosa", "", "", "24:25", 6, 16, 0.375, 1, 2, 0.5, 0, 0, 0.0, 0, 2, 2, 1, 0, 0, 0, 0, 13, -10.0], ["0021000007", 1610612761, "TOR", "Toronto", 101181, "Jose Calderon", "", "", "17:55", 2, 8, 0.25, 0, 1, 0.0, 0, 0, 0.0, 0, 3, 3, 7, 0, 0, 2, 1, 4, -9.0], ["0021000007", 1610612761, "TOR", "Toronto", 101161, "Amir Johnson", "", "", "12:34", 1, 1, 1.0, 0, 0, 0.0, 0, 0, 0.0, 0, 1, 1, 0, 0, 1, 1, 4, 2, -5.0], ["0021000007", 1610612761, "TOR", "Toronto", 201603, "Sonny Weems", "", "", "19:36", 2, 6, 0.333, 0, 1, 0.0, 2, 2, 1.0, 0, 0, 0, 2, 0, 1, 1, 1, 6, -1.0], ["0021000007", 1610612761, "TOR", "Toronto", 2431, "David Andersen", "", "", "12:36", 3, 6, 0.5, 1, 1, 1.0, 1, 1, 1.0, 2, 3, 5, 0, 0, 0, 0, 1, 8, -4.0], ["0021000007", 1610612761, "TOR", "Toronto", 201595, "Joey Dorsey", "", "NWT - Suspended", null, null, null, null, null, null, null, null, null, null, null, null, null, null, null, null, null, null, null, null], ["0021000007", 1610612761, "TOR", "Toronto", 201153, "Julian Wright", "", "DNP - Coach's Decision", null, null, null, null, null, null, null, null, null, null, null, null, null, null, null, null, null, null, null, null]], "name": "PlayerStats"}, {"headers": ["GAME_ID", "TEAM_ID", "TEAM_NAME", "TEAM_ABBREVIATION", "TEAM_CITY", "MIN", "FGM", "FGA", "FG_PCT", "FG3M", "FG3A", "FG3_PCT", "FTM", "FTA", "FT_PCT", "OREB", "DREB", "REB", "AST", "STL", "BLK", "TO", "PF", "PTS", "PLUS_MINUS"], "rowSet": [["0021000007", 1610612761, "Raptors", "TOR", "Toronto", "240:00", 36, 94, 0.383, 3, 10, 0.3, 18, 24, 0.75, 12, 33, 45, 20, 6, 5, 11, 20, 93, -5.0], ["0021000007", 1610612752, "Knicks", "NYK", "New York", "240:00", 38, 88, 0.432, 7, 24, 0.292, 15, 17, 0.882, 13, 36, 49, 12, 4, 10, 15, 23, 98, 5.0]], "name": "TeamStats"}, {"headers": ["LEAGUE_ID", "SEASON_ID", "TEAM_ID", "TEAM_ABBREVIATION", "TEAM_CITY", "PTS_PAINT", "PTS_2ND_CHANCE", "PTS_FB", "LARGEST_LEAD", "LEAD_CHANGES", "TIMES_TIED"], "rowSet": [["00", "22010", 1610612752, "NYK", "New York", 52, 10, 12, 16, 7, 3], ["00", "22010", 1610612761, "TOR", "Toronto", 40, 13, 17, 16, 7, 3]], "name": "OtherStats"}, {"headers": ["OFFICIAL_ID", "FIRST_NAME", "LAST_NAME", "JERSEY_NUM"], "rowSet": [[1188, "Leroy", "Richardson", "20"], [1167, "Steve", "Javie", "29"], [201640, "Kane", "Fitzgerald", "35"]], "name": "Officials"}, {"headers": ["GAME_DATE", "ATTENDANCE", "GAME_TIME"], "rowSet": [["WEDNESDAY, OCTOBER 27, 2010", 18722, "2:19"]], "name": "GameInfo"}, {"headers": ["PLAYER_ID", "FIRST_NAME", "LAST_NAME", "JERSEY_NUM", "TEAM_ID", "TEAM_CITY", "TEAM_NAME", "TEAM_ABBREVIATION"], "rowSet": [[2201, "Eddy", "Curry", "34", 1610612752, "New York", "Knicks", "NYK"], [101235, "Kelenna", "Azubuike", " 7", 1610612752, "New York", "Knicks", "NYK"], [201576, "Anthony", "Randolph", " 4", 1610612752, "New York", "Knicks", "NYK"], [2556, "Marcus", "Banks", " 3", 1610612761, "Toronto", "Raptors", "TOR"], [202374, "Solomon", "Alabi", "50", 1610612761, "Toronto", "Raptors", "TOR"], [202334, "Ed", "Davis", "32", 1610612761, "Toronto", "Raptors", "TOR"]], "name": "InactivePlayers"}, {"headers": ["VIDEO_AVAILABLE_FLAG"], "rowSet": [[0]], "name": "AvailableVideo"}], "parameters": {"GameID": "0021000007", "RangeType": 0, "StartPeriod": 0, "StartRange": 0, "EndPeriod": 0, "EndRange": 0}}