{"resource": "boxscore", "resultSets": [{"headers": ["GAME_DATE_EST", "GAME_SEQUENCE", "GAME_ID", "GAME_STATUS_ID", "GAME_STATUS_TEXT", "GAMECODE", "HOME_TEAM_ID", "VISITOR_TEAM_ID", "SEASON", "LIVE_PERIOD", "LIVE_PC_TIME", "NATL_TV_BROADCASTER_ABBREVIATION", "LIVE_PERIOD_TIME_BCAST", "WH_STATUS"], "rowSet": [["2010-10-29T00:00:00", 2, "0021000020", 3, "Final", "20101029/SACNJN", 1610612751, 1610612758, "2010", 4, "", null, "Q4  - ", 1]], "name": "GameSummary"}, {"headers": ["GAME_DATE_EST", "GAME_SEQUENCE", "GAME_ID", "TEAM_ID", "TEAM_ABBREVIATION", "TEAM_CITY_NAME", "TEAM_WINS_LOSSES", "PTS_QTR1", "PTS_QTR2", "PTS_QTR3", "PTS_QTR4", "PTS_OT1", "PTS_OT2", "PTS_OT3", "PTS_OT4", "PTS_OT5", "PTS_OT6", "PTS_OT7", "PTS_OT8", "PTS_OT9", "PTS_OT10", "PTS"], "rowSet": [["2010-10-29T00:00:00", 2, "0021000020", 1610612758, "SAC", "Sacramento", "1-1", 21, 32, 24, 23, 0, 0, 0, 0, 0, 0, 0, 0, 0, 0, 100], ["2010-10-29T00:00:00", 2, "0021000020", 1610612751, "NJN", "New Jersey", "2-0", 29, 32, 15, 30, 0, 0, 0, 0, 0, 0, 0, 0, 0, 0, 106]], "name": "LineScore"}, {"headers": ["GAME_ID", "HOME_TEAM_ID", "VISITOR_TEAM_ID", "GAME_DATE_EST", "HOME_TEAM_WINS", "HOME_TEAM_LOSSES", "SERIES_LEADER"], "rowSet": [["0021000020", 1610612751, 1610612758, "2010-10-29T00:00:00", 1, 1, "Tied"]], "name": "SeasonSeries"}, {"headers": ["GAME_ID", "LAST_GAME_ID", "LAST_GAME_DATE_EST", "LAST_GAME_HOME_TEAM_ID", "LAST_GAME_HOME_TEAM_CITY", "LAST_GAME_HOME_TEAM_NAME", "LAST_GAME_HOME_TEAM_ABBREVIATION", "LAST_GAME_HOME_TEAM_POINTS", "LAST_GAME_VISITOR_TEAM_ID", "LAST_GAME_VISITOR_TEAM_CITY", "LAST_GAME_VISITOR_TEAM_NAME", "LAST_GAME_VISITOR_TEAM_CITY1", "LAST_GAME_VISITOR_TEAM_POINTS"], "rowSet": [["0021000020", "0020901062", "2010-03-24T00:00:00", 1610612751, "New Jersey", "Nets", "NJN", 93, 1610612758, "Sacramento", "Kings", "SAC", 79]], "name": "LastMeeting"}, {"headers": ["GAME_ID", "TEAM_ID", "TEAM_ABBREVIATION", "TEAM_CITY", "PLAYER_ID", "PLAYER_NAME", "START_POSITION", "COMMENT", "MIN", "FGM", "FGA", "FG_PCT", "FG3M", "FG3A", "FG3_PCT", "FTM", "FTA", "FT_PCT", "OREB", "DREB", "REB", "AST", "STL", "BLK", "TO", "PF", "PTS", "PLUS_MINUS"], "rowSet": [["0021000020", 1610612758, "SAC", "Sacramento", 201956, "Omri Casspi", "F", "", "20:06", 2, 9, 0.222, 0, 5, 0.0, 3, 3, 1.0, 1, 1, 2, 1, 0, 0, 2, 3, 7, -16.0], ["0021000020", 1610612758, "SAC", "Sacramento", 201171, "Carl Landry", "F", "", "27:52", 7, 13, 0.538, 0, 0, 0.0, 0, 0, 0.0, 1, 2, 3, 0, 1, 0, 4, 5, 14, -13.0], ["0021000020", 1610612758, "SAC", "Sacramento", 202326, "DeMarcus Cousins", "C", "", "21:11", 3, 8, 0.375, 0, 0, 0.0, 6, 6, 1.0, 1, 3, 4, 0, 0, 0, 0, 6, 12, -4.0], ["0021000020", 1610612758, "SAC", "Sacramento", 201936, "Tyreke Evans", "G", "", "36:13", 8, 19, 0.421, 1, 2, 0.5, 1, 3, 0.333, 0, 4, 4, 7, 1, 0, 4, 3, 18, -20.0], ["0021000020", 1610612758, "SAC", "Sacramento", 2757, "Beno Udrih", "G", "", "36:13", 5, 15, 0.333, 0, 5, 0.0, 4, 6, 0.667, 1, 4, 5, 4, 1, 0, 0, 2, 14, 0.0], ["0021000020", 1610612758, "SAC", "Sacramento", 2223, "Samuel Dalembert", "", "", "6:23", 0, 2, 0.0, 0, 0, 0.0, 0, 0, 0.0, 0, 0, 0, 0, 0, 2, 0, 0, 0, -12.0], ["0021000020", 1610612758, "SAC", "Sacramento", 201574, "Jason Thompson", "", "", "14:23", 1, 3, 0.333, 0, 0, 0.0, 0, 0, 0.0, 1, 0, 1, 3, 0, 0, 1, 5, 2, -6.0], ["0021000020", 1610612758, "SAC", "Sacramento", 101128, "Francisco Garcia", "", "", "31:38", 7, 12, 0.583, 4, 6, 0.667, 0, 1, 0.0, 0, 3, 3, 2, 2, 1, 0, 2, 18, 0.0], ["0021000020", 1610612758, "SAC", "Sacramento", 101129, "Luther Head", "", "", "20:20", 0, 2, 0.0, 0, 1, 0.0, 0, 0, 0.0, 1, 1, 2, 4, 1, 0, 1, 4, 0, 18.0], ["0021000020", 1610612758, "SAC", "Sacramento", 201616, "Darnell Jackson", "", "", "22:08", 5, 9, 0.556, 0, 1, 0.0, 2, 5, 0.4, 3, 3, 6, 0, 1, 0, 0, 2, 12, 13.0], ["0021000020", 1610612758, "SAC", "Sacramento", 201590, "Donte Greene", "", "", "3:33", 1, 1, 1.0, 0, 0, 0.0, 1, 2, 0.5, 1, 0, 1, 0, 0, 0, 0, 0, 3, 10.0], ["0021000020", 1610612758, "SAC", "Sacramento", 101120, "Antoine Wright", "", "DNP - Coach's Decision", null, null, null, null, null, null, null, null, null, null, null, null, null, null, null, null, null, null, null, null], ["0021000020", 1610612751, "NJN", "New Jersey", 2566, "Travis Outlaw", "F", "", "31:01", 5, 9, 0.556, 2, 3, 0.667, 6, 7, 0.857, 0, 5, 5, 1, 0, 0, 2, 4, 18, 3.0], ["0021000020", 1610612751, "NJN", "New Jersey", 693, "Joe Smith", "F", "", "9:53", 1, 1, 1.0, 0, 0, 0.0, 0, 0, 0.0, 0, 1, 1, 1, 0, 0, 1, 1, 2, 6.0], ["0021000020", 1610612751, "NJN", "New Jersey", 201572, "Brook Lopez", "C", "", "35:50", 8, 16, 0.5, 0, 0, 0.0, 13, 15, 0.867, 1, 5, 6, 1, 0, 1, 5, 5, 29, 15.0], ["0021000020", 1610612751, "NJN", "New Jersey", 201627, "Anthony Morrow", "G", "", "34:12", 1, 4, 0.25, 0, 2, 0.0, 2, 3, 0.667, 0, 2, 2, 0, 0, 1, 0, 1, 4, 14.0], ["0021000020", 1610612751, "NJN", "New Jersey", 2734, "Devin Harris", "G", "", "35:01", 7, 10, 0.7, 2, 2, 1.0, 5, 8, 0.625, 0, 5, 5, 10, 1, 0, 4, 4, 21, 19.0], ["0021000020", 1610612751, "NJN", "New Jersey", 202324, "Derrick Favors", "", "", "19:49", 4, 5, 0.8, 0, 0, 0.0, 2, 2, 1.0, 3, 4, 7, 0, 0, 1, 2, 5, 10, -1.0], ["0021000020", 1610612751, "NJN", "New Jersey", 200770, "Jordan Farmar", "", "", "25:37", 3, 8, 0.375, 2, 4, 0.5, 6, 6, 1.0, 0, 4, 4, 3, 1, 0, 3, 2, 14, 4.0], ["0021000020", 1610612751, "NJN", "New Jersey", 201944, "Terrence Williams", "", "", "11:14", 1, 4, 0.25, 0, 0, 0.0, 1, 2, 0.5, 0, 3, 3, 1, 0, 0, 5, 1, 3, -18.0], ["0021000020", 1610612751, "NJN", "New Jersey", 202345, "Damion James", "", "", "7:11", 0, 1, 0.0, 0, 0, 0.0, 0, 0, 0.0, 0, 1, 1, 0, 0, 0, 0, 1, 0, 0.0], ["0021000020", 1610612751, "NJN", "New Jersey", 101130, "Johan Petro", "", "", "7:15", 0, 1, 0.0, 0, 0, 0.0, 0, 0, 0.0, 1, 0, 1, 1, 0, 1, 2, 3, 0, -9.0], ["0021000020", 1610612751, "NJN", "New Jersey", 2743, "Kris Humphries", "", "", "22:43", 2, 2, 1.0, 0, 0, 0.0, 1, 2, 0.5, 0, 8, 8, 0, 0, 0, 2, 3, 5, -2.0], ["0021000020", 1610612751, "NJN", "New Jersey", 101211, "Stephen Graham", "", "", "0:15", 0, 0, 0.0, 0, 0, 0.0, 0, 0, 0.0, 0, 0, 0, 0, 0, 0, 0, 0, 0, -1.0]], "name": "PlayerStats"}, {"headers": ["GAME_ID", "TEAM_ID", "TEAM_NAME", "TEAM_ABBREVIATION", "TEAM_CITY", "MIN", "FGM", "FGA", "FG_PCT", "FG3M", "FG3A", "FG3_PCT", "FTM", "FTA", "FT_PCT", "OREB", "DREB", "REB", "AST", "STL", "BLK", "TO", "PF", "PTS", "PLUS_MINUS"], "rowSet": [["0021000020", 1610612758, "Kings", "SAC", "Sacramento", "240:00", 39, 93, 0.419, 5, 20, 0.25, 17, 26, 0.654, 10, 21, 31, 21, 7, 3, 12, 32, 100, -6.0], ["0021000020", 1610612751, "Nets", "NJN", "New Jersey", "240:00", 32, 61, 0.525, 6, 11, 0.545, 36, 45, 0.8, 5, 38, 43, 18, 2, 4, 26, 30, 106, 6.0]], "name": "TeamStats"}, {"headers": ["LEAGUE_ID", "SEASON_ID", "TEAM_ID", "TEAM_ABBREVIATION", "TEAM_CITY", "PTS_PAINT", "PTS_2ND_CHANCE", "PTS_FB", "LARGEST_LEAD", "LEAD_CHANGES", "TIMES_TIED"], "rowSet": [["00", "22010", 1610612758, "SAC", "Sacramento", 44, 25, 17, 18, 3, 4], ["00", "22010", 1610612751, "NJN", "New Jersey", 34, 9, 10, 17, 3, 4]], "name": "OtherStats"}, {"headers": ["OFFICIAL_ID", "FIRST_NAME", "LAST_NAME", "JERSEY_NUM"], "rowSet": [[1193, "Michael", "Smith", "38"], [1179, "Rodney", "Mott", "71"], [101283, "Brian", "Forte", "45"]], "name": "Officials"}, {"headers": ["GAME_DATE", "ATTENDANCE", "GAME_TIME"], "rowSet": [["FRIDAY, OCTOBER 29, 2010", 13482, "2:35"]], "name": "GameInfo"}, {"headers": ["PLAYER_ID", "FIRST_NAME", "LAST_NAME", "JERSEY_NUM", "TEAM_ID", "TEAM_CITY", "TEAM_NAME", "TEAM_ABBREVIATION"], "rowSet": [[202355, "Hassan", "Whiteside", "33", 1610612758, "Sacramento", "Kings", "SAC"], [200817, "Pooh", "Jeter", " 5", 1610612758, "Sacramento", "Kings", "SAC"], [2211, "Troy", "Murphy", " 7", 1610612751, "New Jersey", "Nets", "NJN"], [2624, "Quinton", "Ross", "13", 1610612751, "New Jersey", "Nets", "NJN"], [202386, "Ben", "Uzoh", "18", 1610612751, "New Jersey", "Nets", "NJN"]], "name": "InactivePlayers"}, {"headers": ["VIDEO_AVAILABLE_FLAG"], "rowSet": [[0]], "name": "AvailableVideo"}], "parameters": {"GameID": "0021000020", "RangeType": 0, "StartPeriod": 0, "StartRange": 0, "EndPeriod": 0, "EndRange": 0}}