{"resource": "boxscore", "resultSets": [{"headers": ["GAME_DATE_EST", "GAME_SEQUENCE", "GAME_ID", "GAME_STATUS_ID", "GAME_STATUS_TEXT", "GAMECODE", "HOME_TEAM_ID", "VISITOR_TEAM_ID", "SEASON", "LIVE_PERIOD", "LIVE_PC_TIME", "NATL_TV_BROADCASTER_ABBREVIATION", "LIVE_PERIOD_TIME_BCAST", "WH_STATUS"], "rowSet": [["2010-10-27T00:00:00", 8, "0021000011", 3, "Final", "20101027/CHIOKC", 1610612760, 1610612741, "2010", 4, "", "ESPN", "Q4  - ESPN", 1]], "name": "GameSummary"}, {"headers": ["GAME_DATE_EST", "GAME_SEQUENCE", "GAME_ID", "TEAM_ID", "TEAM_ABBREVIATION", "TEAM_CITY_NAME", "TEAM_WINS_LOSSES", "PTS_QTR1", "PTS_QTR2", "PTS_QTR3", "PTS_QTR4", "PTS_OT1", "PTS_OT2", "PTS_OT3", "PTS_OT4", "PTS_OT5", "PTS_OT6", "PTS_OT7", "PTS_OT8", "PTS_OT9", "PTS_OT10", "PTS"], "rowSet": [["2010-10-27T00:00:00", 8, "0021000011", 1610612741, "CHI", "Chicago", "0-1", 25, 29, 28, 13, 0, 0, 0, 0, 0, 0, 0, 0, 0, 0, 95], ["2010-10-27T00:00:00", 8, "0021000011", 1610612760, "OKC", "Oklahoma City", "1-0", 30, 29, 23, 24, 0, 0, 0, 0, 0, 0, 0, 0, 0, 0, 106]], "name": "LineScore"}, {"headers": ["GAME_ID", "HOME_TEAM_ID", "VISITOR_TEAM_ID", "GAME_DATE_EST", "HOME_TEAM_WINS", "HOME_TEAM_LOSSES", "SERIES_LEADER"], "rowSet": [["0021000011", 1610612760, 1610612741, "2010-10-27T00:00:00", 1, 1, "Tied"]], "name": "SeasonSeries"}, {"headers": ["GAME_ID", "LAST_GAME_ID", "LAST_GAME_DATE_EST", "LAST_GAME_HOME_TEAM_ID", "LAST_GAME_HOME_TEAM_CITY", "LAST_GAME_HOME_TEAM_NAME", "LAST_GAME_HOME_TEAM_ABBREVIATION", "LAST_GAME_HOME_TEAM_POINTS", "LAST_GAME_VISITOR_TEAM_ID", "LAST_GAME_VISITOR_TEAM_CITY", "LAST_GAME_VISITOR_TEAM_NAME", "LAST_GAME_VISITOR_TEAM_CITY1", "LAST_GAME_VISITOR_TEAM_POINTS"], "rowSet": [["0021000011", "0020900669", "2010-01-27T00:00:00", 1610612760, "Oklahoma City", "Thunder", "OKC", 86, 1610612741, "Chicago", "Bulls", "CHI", 96]], "name": "LastMeeting"}, {"headers": ["GAME_ID", "TEAM_ID", "TEAM_ABBREVIATION", "TEAM_CITY", "PLAYER_ID", "PLAYER_NAME", "START_POSITION", "COMMENT", "MIN", "FGM", "FGA", "FG_PCT", "FG3M", "FG3A", "FG3_PCT", "FTM", "FTA", "FT_PCT", "OREB", "DREB", "REB", "AST", "STL", "BLK", "TO", "PF", "PTS", "PLUS_MINUS"], "rowSet": [["0021000011", 1610612741, "CHI", "Chicago", 201959, "Taj Gibson", "F", "", "33:34", 8, 12, 0.667, 0, 0, 0.0, 0, 2, 0.0, 2, 9, 11, 2, 2, 0, 2, 4, 16, -7.0], ["0021000011", 1610612741, "CHI", "Chicago", 2736, "Luol Deng", "F", "", "36:52", 5, 13, 0.385, 1, 4, 0.25, 2, 6, 0.333, 0, 2, 2, 0, 0, 1, 4, 4, 13, -11.0], ["0021000011", 1610612741, "CHI", "Chicago", 201149, "Joakim Noah", "C", "", "38:52", 7, 13, 0.538, 0, 0, 0.0, 4, 6, 0.667, 7, 12, 19, 2, 2, 2, 2, 3, 18, -3.0], ["0021000011", 1610612741, "CHI", "Chicago", 2586, "Keith Bogans", "G", "", "35:49", 1, 4, 0.25, 1, 2, 0.5, 0, 0, 0.0, 2, 5, 7, 4, 1, 1, 1, 2, 3, 6.0], ["0021000011", 1610612741, "CHI", "Chicago", 201565, "Derrick Rose", "G", "", "31:19", 12, 31, 0.387, 0, 4, 0.0, 4, 4, 1.0, 1, 3, 4, 6, 0, 1, 2, 4, 28, -1.0], ["0021000011", 1610612741, "CHI", "Chicago", 201228, "CJ Watson", "", "", "16:41", 4, 8, 0.5, 0, 2, 0.0, 0, 0, 0.0, 2, 0, 2, 3, 0, 0, 3, 2, 8, -10.0], ["0021000011", 1610612741, "CHI", "Chicago", 200758, "Ronnie Brewer", "", "", "15:10", 0, 6, 0.0, 0, 1, 0.0, 3, 4, 0.75, 0, 3, 3, 1, 0, 0, 0, 2, 3, -12.0], ["0021000011", 1610612741, "CHI", "Chicago", 703, "Kurt Thomas", "", "", "2:58", 0, 0, 0.0, 0, 0, 0.0, 0, 0, 0.0, 0, 0, 0, 0, 0, 0, 0, 2, 0, -6.0], ["0021000011", 1610612741, "CHI", "Chicago", 2594, "Kyle Korver", "", "", "15:37", 2, 5, 0.4, 0, 1, 0.0, 0, 0, 0.0, 1, 1, 2, 2, 1, 1, 0, 3, 4, -8.0], ["0021000011", 1610612741, "CHI", "Chicago", 201600, "Omer Asik", "", "", "2:31", 0, 0, 0.0, 0, 0, 0.0, 0, 0, 0.0, 0, 0, 0, 0, 0, 0, 0, 0, 0, -2.0], ["0021000011", 1610612741, "CHI", "Chicago", 2243, "Brian Scalabrine", "", "", "10:37", 1, 1, 1.0, 0, 0, 0.0, 0, 0, 0.0, 0, 1, 1, 1, 0, 0, 0, 2, 2, -1.0], ["0021000011", 1610612741, "CHI", "Chicago", 201949, "James Johnson", "", "DNP - Coach's Decision", null, null, null, null, null, null, null, null, null, null, null, null, null, null, null, null, null, null, null, null], ["0021000011", 1610612760, "OKC", "Oklahoma City", 201142, "Kevin Durant", "F", "", "41:10", 9, 24, 0.375, 1, 5, 0.2, 11, 13, 0.846, 1, 6, 7, 3, 3, 0, 6, 3, 30, 15.0], ["0021000011", 1610612760, "OKC", "Oklahoma City", 201145, "Jeff Green", "F", "", "39:53", 7, 17, 0.412, 2, 5, 0.4, 5, 9, 0.556, 1, 3, 4, 0, 1, 1, 1, 2, 21, 4.0], ["0021000011", 1610612760, "OKC", "Oklahoma City", 2420, "Nenad Krstic", "C", "", "16:09", 1, 3, 0.333, 0, 0, 0.0, 0, 0, 0.0, 1, 2, 3, 0, 1, 0, 0, 2, 2, -9.0], ["0021000011", 1610612760, "OKC", "Oklahoma City", 200757, "Thabo Sefolosha", "G", "", "24:57", 0, 3, 0.0, 0, 1, 0.0, 1, 2, 0.5, 1, 3, 4, 4, 2, 4, 0, 1, 1, 7.0], ["0021000011", 1610612760, "OKC", "Oklahoma City", 201566, "Russell Westbrook", "G", "", "34:35", 8, 15, 0.533, 0, 1, 0.0, 12, 13, 0.923, 3, 7, 10, 6, 2, 1, 3, 2, 28, 3.0], ["0021000011", 1610612760, "OKC", "Oklahoma City", 201586, "Serge Ibaka", "", "", "31:51", 2, 5, 0.4, 0, 0, 0.0, 4, 4, 1.0, 2, 7, 9, 0, 0, 4, 1, 4, 8, 20.0], ["0021000011", 1610612760, "OKC", "Oklahoma City", 201935, "James Harden", "", "", "20:15", 2, 4, 0.5, 1, 2, 0.5, 1, 2, 0.5, 0, 4, 4, 1, 2, 0, 1, 1, 6, 4.0], ["0021000011", 1610612760, "OKC", "Oklahoma City", 201161, "Daequan Cook", "", "", "17:45", 0, 4, 0.0, 0, 4, 0.0, 0, 0, 0.0, 0, 2, 2, 2, 0, 0, 0, 0, 0, 3.0], ["0021000011", 1610612760, "OKC", "Oklahoma City", 201953, "Eric Maynor", "", "", "13:25", 3, 3, 1.0, 0, 0, 0.0, 4, 4, 1.0, 0, 1, 1, 1, 0, 0, 0, 0, 10, 8.0], ["0021000011", 1610612760, "OKC", "Oklahoma City", 202332, "Cole Aldrich", "", "DNP - Coach's Decision", null, null, null, null, null, null, null, null, null, null, null, null, null, null, null, null, null, null, null, null], ["0021000011", 1610612760, "OKC", "Oklahoma City", 2767, "Royal Ivey", "", "DNP - Coach's Decision", null, null, null, null, null, null, null, null, null, null, null, null, null, null, null, null, null, null, null, null], ["0021000011", 1610612760, "OKC", "Oklahoma City", 201591, "DJ White", "", "DNP - Coach's Decision", null, null, null, null, null, null, null, null, null, null, null, null, null, null, null, null, null, null, null, null]], "name": "PlayerStats"}, {"headers": ["GAME_ID", "TEAM_ID", "TEAM_NAME", "TEAM_ABBREVIATION", "TEAM_CITY", "MIN", "FGM", "FGA", "FG_PCT", "FG3M", "FG3A", "FG3_PCT", "FTM", "FTA", "FT_PCT", "OREB", "DREB", "REB", "AST", "STL", "BLK", "TO", "PF", "PTS", "PLUS_MINUS"], "rowSet": [["0021000011", 1610612760, "Thunder", "OKC", "Oklahoma City", "240:00", 32, 78, 0.41, 4, 18, 0.222, 38, 47, 0.809, 9, 35, 44, 17, 11, 10, 12, 15, 106, 11.0], ["0021000011", 1610612741, "Bulls", "CHI", "Chicago", "240:00", 40, 93, 0.43, 2, 14, 0.143, 13, 22, 0.591, 15, 36, 51, 21, 6, 6, 14, 28, 95, -11.0]], "name": "TeamStats"}, {"headers": ["LEAGUE_ID", "SEASON_ID", "TEAM_ID", "TEAM_ABBREVIATION", "TEAM_CITY", "PTS_PAINT", "PTS_2ND_CHANCE", "PTS_FB", "LARGEST_LEAD", "LEAD_CHANGES", "TIMES_TIED"], "rowSet": [["00", "22010", 1610612760, "OKC", "Oklahoma City", 40, 19, 23, 13, 19, 12], ["00", "22010", 1610612741, "CHI", "Chicago", 50, 14, 11, 13, 19, 12]], "name": "OtherStats"}, {"headers": ["OFFICIAL_ID", "FIRST_NAME", "LAST_NAME", "JERSEY_NUM"], "rowSet": [[1174, "Ken", "Mauer", "41"], [2004, "Courtney", "Kirkland", "61"], [201638, "Brent", "Barnaky", "70"]], "name": "Officials"}, {"headers": ["GAME_DATE", "ATTENDANCE", "GAME_TIME"], "rowSet": [["WEDNESDAY, OCTOBER 27, 2010", 18203, "2:40"]], "name": "GameInfo"}, {"headers": ["PLAYER_ID", "FIRST_NAME", "LAST_NAME", "JERSEY_NUM", "TEAM_ID", "TEAM_CITY", "TEAM_NAME", "TEAM_ABBREVIATION"], "rowSet": [[2430, "Carlos", "Boozer", " 5", 1610612741, "Chicago", "Bulls", "CHI"], [2050, "Morris", "Peterson", "42", 1610612760, "Oklahoma City", "Thunder", "OKC"], [2555, "Nick", "Collison", " 4", 1610612760, "Oklahoma City", "Thunder", "OKC"], [201957, "Byron", "Mullens", "23", 1610612760, "Oklahoma City", "Thunder", "OKC"]], "name": "InactivePlayers"}, {"headers": ["VIDEO_AVAILABLE_FLAG"], "rowSet": [[0]], "name": "AvailableVideo"}], "parameters": {"GameID": "0021000011", "RangeType": 0, "StartPeriod": 0, "StartRange": 0, "EndPeriod": 0, "EndRange": 0}}