{"resource": "boxscore", "resultSets": [{"headers": ["GAME_DATE_EST", "GAME_SEQUENCE", "GAME_ID", "GAME_STATUS_ID", "GAME_STATUS_TEXT", "GAMECODE", "HOME_TEAM_ID", "VISITOR_TEAM_ID", "SEASON", "LIVE_PERIOD", "LIVE_PC_TIME", "NATL_TV_BROADCASTER_ABBREVIATION", "LIVE_PERIOD_TIME_BCAST", "WH_STATUS"], "rowSet": [["2010-11-05T00:00:00", 8, "0021000075", 3, "Final", "20101105/MIANOH", 1610612740, 1610612748, "2010", 4, "", null, "Q4  - ", 1]], "name": "GameSummary"}, {"headers": ["GAME_DATE_EST", "GAME_SEQUENCE", "GAME_ID", "TEAM_ID", "TEAM_ABBREVIATION", "TEAM_CITY_NAME", "TEAM_WINS_LOSSES", "PTS_QTR1", "PTS_QTR2", "PTS_QTR3", "PTS_QTR4", "PTS_OT1", "PTS_OT2", "PTS_OT3", "PTS_OT4", "PTS_OT5", "PTS_OT6", "PTS_OT7", "PTS_OT8", "PTS_OT9", "PTS_OT10", "PTS"], "rowSet": [["2010-11-05T00:00:00", 8, "0021000075", 1610612748, "MIA", "Miami", "4-2", 17, 24, 23, 29, 0, 0, 0, 0, 0, 0, 0, 0, 0, 0, 93], ["2010-11-05T00:00:00", 8, "0021000075", 1610612740, "NOH", "New Orleans", "5-0", 29, 21, 22, 24, 0, 0, 0, 0, 0, 0, 0, 0, 0, 0, 96]], "name": "LineScore"}, {"headers": ["GAME_ID", "HOME_TEAM_ID", "VISITOR_TEAM_ID", "GAME_DATE_EST", "HOME_TEAM_WINS", "HOME_TEAM_LOSSES", "SERIES_LEADER"], "rowSet": [["0021000075", 1610612740, 1610612748, "2010-11-05T00:00:00", 1, 1, "Tied"]], "name": "SeasonSeries"}, {"headers": ["GAME_ID", "LAST_GAME_ID", "LAST_GAME_DATE_EST", "LAST_GAME_HOME_TEAM_ID", "LAST_GAME_HOME_TEAM_CITY", "LAST_GAME_HOME_TEAM_NAME", "LAST_GAME_HOME_TEAM_ABBREVIATION", "LAST_GAME_HOME_TEAM_POINTS", "LAST_GAME_VISITOR_TEAM_ID", "LAST_GAME_VISITOR_TEAM_CITY", "LAST_GAME_VISITOR_TEAM_NAME", "LAST_GAME_VISITOR_TEAM_CITY1", "LAST_GAME_VISITOR_TEAM_POINTS"], "rowSet": [["0021000075", "0011000056", "2010-10-13T00:00:00", 1610612740, "New Orleans", "Hornets", "NOH", 90, 1610612748, "Miami", "Heat", "MIA", 76]], "name": "LastMeeting"}, {"headers": ["GAME_ID", "TEAM_ID", "TEAM_ABBREVIATION", "TEAM_CITY", "PLAYER_ID", "PLAYER_NAME", "START_POSITION", "COMMENT", "MIN", "FGM", "FGA", "FG_PCT", "FG3M", "FG3A", "FG3_PCT", "FTM", "FTA", "FT_PCT", "OREB", "DREB", "REB", "AST", "STL", "BLK", "TO", "PF", "PTS", "PLUS_MINUS"], "rowSet": [["0021000075", 1610612748, "MIA", "Miami", 2544, "LeBron James", "F", "", "41:12", 6, 16, 0.375, 1, 2, 0.5, 7, 8, 0.875, 0, 7, 7, 10, 3, 1, 3, 0, 20, -6.0], ["0021000075", 1610612748, "MIA", "Miami", 2547, "Chris Bosh", "F", "", "33:33", 7, 13, 0.538, 1, 1, 1.0, 0, 0, 0.0, 0, 1, 1, 1, 0, 0, 1, 1, 15, -2.0], ["0021000075", 1610612748, "MIA", "Miami", 201202, "Joel Anthony", "C", "", "14:07", 1, 2, 0.5, 0, 0, 0.0, 0, 0, 0.0, 3, 2, 5, 0, 0, 1, 0, 1, 2, -10.0], ["0021000075", 1610612748, "MIA", "Miami", 2548, "Dwyane Wade", "G", "", "39:52", 7, 16, 0.438, 1, 5, 0.2, 13, 13, 1.0, 2, 8, 10, 2, 2, 2, 7, 1, 28, -7.0], ["0021000075", 1610612748, "MIA", "Miami", 2306, "Carlos Arroyo", "G", "", "16:49", 0, 2, 0.0, 0, 0, 0.0, 0, 1, 0.0, 1, 0, 1, 1, 0, 0, 1, 1, 0, -11.0], ["0021000075", 1610612748, "MIA", "Miami", 2067, "Eddie House", "", "", "18:14", 2, 10, 0.2, 0, 7, 0.0, 0, 0, 0.0, 1, 1, 2, 3, 1, 0, 1, 2, 4, -2.0], ["0021000075", 1610612748, "MIA", "Miami", 980, "Zydrunas Ilgauskas", "", "", "22:26", 5, 6, 0.833, 0, 0, 0.0, 0, 0, 0.0, 0, 3, 3, 0, 0, 0, 0, 4, 10, 3.0], ["0021000075", 1610612748, "MIA", "Miami", 2617, "Udonis Haslem", "", "", "25:47", 3, 7, 0.429, 0, 0, 0.0, 2, 2, 1.0, 1, 5, 6, 0, 0, 0, 0, 4, 8, 5.0], ["0021000075", 1610612748, "MIA", "Miami", 2592, "James Jones", "", "", "27:60", 2, 6, 0.333, 2, 6, 0.333, 0, 0, 0.0, 0, 1, 1, 2, 0, 1, 0, 3, 6, 15.0], ["0021000075", 1610612748, "MIA", "Miami", 201596, "Mario Chalmers", "", "DNP - Coach's Decision", null, null, null, null, null, null, null, null, null, null, null, null, null, null, null, null, null, null, null, null], ["0021000075", 1610612748, "MIA", "Miami", 436, "Juwan Howard", "", "DNP - Coach's Decision", null, null, null, null, null, null, null, null, null, null, null, null, null, null, null, null, null, null, null, null], ["0021000075", 1610612748, "MIA", "Miami", 711, "Jerry Stackhouse", "", "DNP - Coach's Decision", null, null, null, null, null, null, null, null, null, null, null, null, null, null, null, null, null, null, null, null], ["0021000075", 1610612740, "NOH", "New Orleans", 2772, "Trevor Ariza", "F", "", "36:23", 5, 13, 0.385, 3, 7, 0.429, 0, 0, 0.0, 0, 6, 6, 1, 1, 0, 2, 4, 13, 9.0], ["0021000075", 1610612740, "NOH", "New Orleans", 2561, "David West", "F", "", "28:13", 5, 12, 0.417, 0, 0, 0.0, 5, 6, 0.833, 4, 3, 7, 0, 1, 0, 2, 4, 15, -8.0], ["0021000075", 1610612740, "NOH", "New Orleans", 2731, "Emeka Okafor", "C", "", "34:57", 12, 13, 0.923, 0, 0, 0.0, 2, 3, 0.667, 4, 9, 13, 1, 0, 1, 1, 2, 26, 0.0], ["0021000075", 1610612740, "NOH", "New Orleans", 201158, "Marco Belinelli", "G", "", "31:04", 3, 7, 0.429, 0, 2, 0.0, 2, 2, 1.0, 0, 1, 1, 3, 0, 0, 1, 3, 8, 4.0], ["0021000075", 1610612740, "NOH", "New Orleans", 101108, "Chris Paul", "G", "", "36:17", 5, 13, 0.385, 0, 2, 0.0, 3, 3, 1.0, 0, 2, 2, 19, 5, 0, 3, 4, 13, 9.0], ["0021000075", 1610612740, "NOH", "New Orleans", 201160, "Jason Smith", "", "", "24:37", 5, 10, 0.5, 0, 0, 0.0, 2, 3, 0.667, 2, 4, 6, 0, 2, 0, 1, 2, 12, 19.0], ["0021000075", 1610612740, "NOH", "New Orleans", 2584, "Willie Green", "", "", "18:12", 2, 4, 0.5, 0, 2, 0.0, 0, 0, 0.0, 0, 1, 1, 2, 0, 0, 1, 1, 4, -5.0], ["0021000075", 1610612740, "NOH", "New Orleans", 201573, "Jerryd Bayless", "", "", "11:43", 0, 2, 0.0, 0, 0, 0.0, 0, 0, 0.0, 0, 1, 1, 0, 0, 0, 2, 1, 0, -6.0], ["0021000075", 1610612740, "NOH", "New Orleans", 2788, "DJ Mbenga", "", "", "8:05", 0, 2, 0.0, 0, 0, 0.0, 0, 0, 0.0, 0, 2, 2, 0, 0, 0, 0, 0, 0, -7.0], ["0021000075", 1610612740, "NOH", "New Orleans", 201977, "Marcus Thornton", "", "", "10:28", 2, 3, 0.667, 1, 1, 1.0, 0, 0, 0.0, 0, 3, 3, 0, 0, 0, 0, 1, 5, 0.0], ["0021000075", 1610612740, "NOH", "New Orleans", 200822, "Pops Mensah-Bonsu", "", "DNP - Coach's Decision", null, null, null, null, null, null, null, null, null, null, null, null, null, null, null, null, null, null, null, null], ["0021000075", 1610612740, "NOH", "New Orleans", 202347, "Quincy Pondexter", "", "DNP - Coach's Decision", null, null, null, null, null, null, null, null, null, null, null, null, null, null, null, null, null, null, null, null]], "name": "PlayerStats"}, {"headers": ["GAME_ID", "TEAM_ID", "TEAM_NAME", "TEAM_ABBREVIATION", "TEAM_CITY", "MIN", "FGM", "FGA", "FG_PCT", "FG3M", "FG3A", "FG3_PCT", "FTM", "FTA", "FT_PCT", "OREB", "DREB", "REB", "AST", "STL", "BLK", "TO", "PF", "PTS", "PLUS_MINUS"], "rowSet": [["0021000075", 1610612740, "Hornets", "NOH", "New Orleans", "240:00", 39, 79, 0.494, 4, 14, 0.286, 14, 17, 0.824, 10, 32, 42, 26, 9, 1, 13, 22, 96, 3.0], ["0021000075", 1610612748, "Heat", "MIA", "Miami", "240:00", 33, 78, 0.423, 5, 21, 0.238, 22, 24, 0.917, 8, 28, 36, 19, 6, 5, 13, 17, 93, -3.0]], "name": "TeamStats"}, {"headers": ["LEAGUE_ID", "SEASON_ID", "TEAM_ID", "TEAM_ABBREVIATION", "TEAM_CITY", "PTS_PAINT", "PTS_2ND_CHANCE", "PTS_FB", "LARGEST_LEAD", "LEAD_CHANGES", "TIMES_TIED"], "rowSet": [["00", "22010", 1610612748, "MIA", "Miami", 30, 9, 8, 14, 2, 3], ["00", "22010", 1610612740, "NOH", "New Orleans", 50, 12, 12, 14, 2, 3]], "name": "OtherStats"}, {"headers": ["OFFICIAL_ID", "FIRST_NAME", "LAST_NAME", "JERSEY_NUM"], "rowSet": [[1153, "Joe", "Crawford", "17"], [2716, "Olandis", "Poole", "50"], [2529, "Tony", "Brown", "6"]], "name": "Officials"}, {"headers": ["GAME_DATE", "ATTENDANCE", "GAME_TIME"], "rowSet": [["FRIDAY, NOVEMBER 5, 2010", 17988, "2:24"]], "name": "GameInfo"}, {"headers": ["PLAYER_ID", "FIRST_NAME", "LAST_NAME", "JERSEY_NUM", "TEAM_ID", "TEAM_CITY", "TEAM_NAME", "TEAM_ABBREVIATION"], "rowSet": [[2048, "Jamaal", "Magloire", "21", 1610612748, "Miami", "Heat", "MIA"], [2034, "Mike", "Miller", "13", 1610612748, "Miami", "Heat", "MIA"], [202354, "Dexter", "Pittman", "45", 1610612748, "Miami", "Heat", "MIA"], [978, "Peja", "Stojakovic", "16", 1610612740, "New Orleans", "Hornets", "NOH"], [201189, "Aaron", "Gray", "34", 1610612740, "New Orleans", "Hornets", "NOH"], [201570, "Joe", "Alexander", "11", 1610612740, "New Orleans", "Hornets", "NOH"]], "name": "InactivePlayers"}, {"headers": ["VIDEO_AVAILABLE_FLAG"], "rowSet": [[0]], "name": "AvailableVideo"}], "parameters": {"GameID": "0021000075", "RangeType": 0, "StartPeriod": 0, "StartRange": 0, "EndPeriod": 0, "EndRange": 0}}