{"resource": "boxscore", "resultSets": [{"headers": ["GAME_DATE_EST", "GAME_SEQUENCE", "GAME_ID", "GAME_STATUS_ID", "GAME_STATUS_TEXT", "GAMECODE", "HOME_TEAM_ID", "VISITOR_TEAM_ID", "SEASON", "LIVE_PERIOD", "LIVE_PC_TIME", "NATL_TV_BROADCASTER_ABBREVIATION", "LIVE_PERIOD_TIME_BCAST", "WH_STATUS"], "rowSet": [["2010-11-06T00:00:00", 5, "0021000084", 3, "Final", "20101106/HOUSAS", 1610612759, 1610612745, "2010", 5, "", null, "Q5  - ", 1]], "name": "GameSummary"}, {"headers": ["GAME_DATE_EST", "GAME_SEQUENCE", "GAME_ID", "TEAM_ID", "TEAM_ABBREVIATION", "TEAM_CITY_NAME", "TEAM_WINS_LOSSES", "PTS_QTR1", "PTS_QTR2", "PTS_QTR3", "PTS_QTR4", "PTS_OT1", "PTS_OT2", "PTS_OT3", "PTS_OT4", "PTS_OT5", "PTS_OT6", "PTS_OT7", "PTS_OT8", "PTS_OT9", "PTS_OT10", "PTS"], "rowSet": [["2010-11-06T00:00:00", 5, "0021000084", 1610612745, "HOU", "Houston", "0-5", 34, 18, 32, 29, 8, 0, 0, 0, 0, 0, 0, 0, 0, 0, 121], ["2010-11-06T00:00:00", 5, "0021000084", 1610612759, "SAS", "San Antonio", "4-1", 34, 23, 34, 22, 11, 0, 0, 0, 0, 0, 0, 0, 0, 0, 124]], "name": "LineScore"}, {"headers": ["GAME_ID", "HOME_TEAM_ID", "VISITOR_TEAM_ID", "GAME_DATE_EST", "HOME_TEAM_WINS", "HOME_TEAM_LOSSES", "SERIES_LEADER"], "rowSet": [["0021000084", 1610612759, 1610612745, "2010-11-06T00:00:00", 3, 1, "San Antonio"]], "name": "SeasonSeries"}, {"headers": ["GAME_ID", "LAST_GAME_ID", "LAST_GAME_DATE_EST", "LAST_GAME_HOME_TEAM_ID", "LAST_GAME_HOME_TEAM_CITY", "LAST_GAME_HOME_TEAM_NAME", "LAST_GAME_HOME_TEAM_ABBREVIATION", "LAST_GAME_HOME_TEAM_POINTS", "LAST_GAME_VISITOR_TEAM_ID", "LAST_GAME_VISITOR_TEAM_CITY", "LAST_GAME_VISITOR_TEAM_NAME", "LAST_GAME_VISITOR_TEAM_CITY1", "LAST_GAME_VISITOR_TEAM_POINTS"], "rowSet": [["0021000084", "0011000109", "2010-10-21T00:00:00", 1610612759, "San Antonio", "Spurs", "SAS", 111, 1610612745, "Houston", "Rockets", "HOU", 103]], "name": "LastMeeting"}, {"headers": ["GAME_ID", "TEAM_ID", "TEAM_ABBREVIATION", "TEAM_CITY", "PLAYER_ID", "PLAYER_NAME", "START_POSITION", "COMMENT", "MIN", "FGM", "FGA", "FG_PCT", "FG3M", "FG3A", "FG3_PCT", "FTM", "FTA", "FT_PCT", "OREB", "DREB", "REB", "AST", "STL", "BLK", "TO", "PF", "PTS", "PLUS_MINUS"], "rowSet": [["0021000084", 1610612745, "HOU", "Houston", 2203, "Shane Battier", "F", "", "39:05", 4, 8, 0.5, 2, 3, 0.667, 4, 4, 1.0, 2, 5, 7, 4, 1, 0, 2, 4, 14, -8.0], ["0021000084", 1610612745, "HOU", "Houston", 2449, "Luis Scola", "F", "", "32:49", 10, 16, 0.625, 0, 1, 0.0, 0, 0, 0.0, 3, 5, 8, 2, 0, 0, 2, 5, 20, -6.0], ["0021000084", 1610612745, "HOU", "Houston", 201941, "Jordan Hill", "C", "", "27:38", 3, 5, 0.6, 0, 0, 0.0, 1, 1, 1.0, 1, 3, 4, 0, 0, 2, 1, 2, 7, -10.0], ["0021000084", 1610612745, "HOU", "Houston", 2755, "Kevin Martin", "G", "", "22:41", 7, 10, 0.7, 3, 5, 0.6, 7, 8, 0.875, 0, 2, 2, 2, 0, 0, 3, 0, 24, -7.0], ["0021000084", 1610612745, "HOU", "Houston", 201166, "Aaron Brooks", "G", "", "17:29", 7, 13, 0.538, 2, 4, 0.5, 2, 2, 1.0, 0, 1, 1, 2, 0, 0, 3, 0, 18, 2.0], ["0021000084", 1610612745, "HOU", "Houston", 1802, "Brad Miller", "", "", "17:56", 4, 7, 0.571, 0, 0, 0.0, 0, 0, 0.0, 1, 0, 1, 3, 1, 0, 1, 0, 8, 5.0], ["0021000084", 1610612745, "HOU", "Houston", 101236, "Charles Hayes", "", "", "27:22", 3, 7, 0.429, 0, 0, 0.0, 2, 2, 1.0, 4, 9, 13, 2, 0, 1, 1, 3, 8, 5.0], ["0021000084", 1610612745, "HOU", "Houston", 201584, "Courtney Lee", "", "", "30:19", 5, 12, 0.417, 1, 3, 0.333, 0, 2, 0.0, 2, 3, 5, 1, 1, 0, 1, 2, 11, 4.0], ["0021000084", 1610612745, "HOU", "Houston", 201978, "Chase Budinger", "", "", "15:06", 0, 5, 0.0, 0, 3, 0.0, 0, 0, 0.0, 0, 3, 3, 1, 1, 0, 1, 2, 0, 3.0], ["0021000084", 1610612745, "HOU", "Houston", 202397, "Ish Smith", "", "", "34:34", 4, 16, 0.25, 1, 1, 1.0, 2, 2, 1.0, 1, 3, 4, 7, 1, 0, 1, 3, 11, -3.0], ["0021000084", 1610612745, "HOU", "Houston", 2407, "Jared Jeffries", "", "DNP - Coach's Decision", null, null, null, null, null, null, null, null, null, null, null, null, null, null, null, null, null, null, null, null], ["0021000084", 1610612745, "HOU", "Houston", 201966, "Jermaine Taylor", "", "DNP - Coach's Decision", null, null, null, null, null, null, null, null, null, null, null, null, null, null, null, null, null, null, null, null], ["0021000084", 1610612759, "SAS", "San Antonio", 2210, "Richard Jefferson", "F", "", "39:19", 8, 13, 0.615, 4, 5, 0.8, 2, 4, 0.5, 0, 3, 3, 1, 1, 0, 1, 1, 22, 13.0], ["0021000084", 1610612759, "SAS", "San Antonio", 1495, "Tim Duncan", "F", "", "38:14", 8, 15, 0.533, 0, 0, 0.0, 3, 7, 0.429, 2, 9, 11, 3, 1, 3, 0, 1, 19, 11.0], ["0021000084", 1610612759, "SAS", "San Antonio", 201971, "DeJuan Blair", "C", "", "21:26", 3, 8, 0.375, 0, 0, 0.0, 0, 0, 0.0, 4, 4, 8, 1, 1, 1, 0, 5, 6, 13.0], ["0021000084", 1610612759, "SAS", "San Antonio", 1938, "Manu Ginobili", "G", "", "39:43", 11, 24, 0.458, 4, 11, 0.364, 2, 2, 1.0, 0, 3, 3, 5, 2, 1, 4, 4, 28, 0.0], ["0021000084", 1610612759, "SAS", "San Antonio", 2225, "Tony Parker", "G", "", "41:29", 8, 17, 0.471, 0, 0, 0.0, 5, 6, 0.833, 0, 4, 4, 14, 5, 0, 4, 3, 21, 12.0], ["0021000084", 1610612759, "SAS", "San Antonio", 686, "Antonio McDyess", "", "", "34:35", 5, 8, 0.625, 0, 0, 0.0, 1, 2, 0.5, 4, 6, 10, 2, 0, 1, 2, 2, 11, -9.0], ["0021000084", 1610612759, "SAS", "San Antonio", 202390, "Gary Neal", "", "", "15:58", 2, 9, 0.222, 1, 3, 0.333, 0, 0, 0.0, 1, 0, 1, 0, 0, 0, 0, 2, 5, -8.0], ["0021000084", 1610612759, "SAS", "San Antonio", 201168, "Tiago Splitter", "", "", "11:23", 1, 2, 0.5, 0, 0, 0.0, 0, 0, 0.0, 0, 2, 2, 0, 0, 0, 0, 0, 2, -11.0], ["0021000084", 1610612759, "SAS", "San Antonio", 201588, "George Hill", "", "", "22:54", 3, 5, 0.6, 0, 2, 0.0, 4, 4, 1.0, 2, 3, 5, 2, 1, 0, 0, 4, 10, -6.0], ["0021000084", 1610612759, "SAS", "San Antonio", 202087, "Alonzo Gee", "", "DNP - Coach's Decision", null, null, null, null, null, null, null, null, null, null, null, null, null, null, null, null, null, null, null, null], ["0021000084", 1610612759, "SAS", "San Antonio", 200809, "Chris Quinn", "", "DNP - Coach's Decision", null, null, null, null, null, null, null, null, null, null, null, null, null, null, null, null, null, null, null, null], ["0021000084", 1610612759, "SAS", "San Antonio", 202066, "Garrett Temple", "", "DNP - Coach's Decision", null, null, null, null, null, null, null, null, null, null, null, null, null, null, null, null, null, null, null, null]], "name": "PlayerStats"}, {"headers": ["GAME_ID", "TEAM_ID", "TEAM_NAME", "TEAM_ABBREVIATION", "TEAM_CITY", "MIN", "FGM", "FGA", "FG_PCT", "FG3M", "FG3A", "FG3_PCT", "FTM", "FTA", "FT_PCT", "OREB", "DREB", "REB", "AST", "STL", "BLK", "TO", "PF", "PTS", "PLUS_MINUS"], "rowSet": [["0021000084", 1610612759, "Spurs", "SAS", "San Antonio", "265:00", 49, 101, 0.485, 9, 21, 0.429, 17, 25, 0.68, 13, 34, 47, 28, 11, 6, 11, 22, 124, 3.0], ["0021000084", 1610612745, "Rockets", "HOU", "Houston", "265:00", 47, 99, 0.475, 9, 20, 0.45, 18, 21, 0.857, 14, 34, 48, 24, 5, 3, 16, 21, 121, -3.0]], "name": "TeamStats"}, {"headers": ["LEAGUE_ID", "SEASON_ID", "TEAM_ID", "TEAM_ABBREVIATION", "TEAM_CITY", "PTS_PAINT", "PTS_2ND_CHANCE", "PTS_FB", "LARGEST_LEAD", "LEAD_CHANGES", "TIMES_TIED"], "rowSet": [["00", "22010", 1610612759, "SAS", "San Antonio", 42, 17, 27, 12, 12, 11], ["00", "22010", 1610612745, "HOU", "Houston", 50, 14, 18, 14, 11, 11]], "name": "OtherStats"}, {"headers": ["OFFICIAL_ID", "FIRST_NAME", "LAST_NAME", "JERSEY_NUM"], "rowSet": [[1159, "Kevin", "Fehr", "7"], [1192, "Bennett", "Salvatore", "15"], [201638, "Brent", "Barnaky", "70"]], "name": "Officials"}, {"headers": ["GAME_DATE", "ATTENDANCE", "GAME_TIME"], "rowSet": [["SATURDAY, NOVEMBER 6, 2010", 17740, "2:30"]], "name": "GameInfo"}, {"headers": ["PLAYER_ID", "FIRST_NAME", "LAST_NAME", "JERSEY_NUM", "TEAM_ID", "TEAM_CITY", "TEAM_NAME", "TEAM_ABBREVIATION"], "rowSet": [[2397, "Ming", "Yao", "11", 1610612745, "Houston", "Rockets", "HOU"], [200768, "Kyle", "Lowry", " 7", 1610612745, "Houston", "Rockets", "HOU"], [202335, "Patrick", "Patterson", "54", 1610612745, "Houston", "Rockets", "HOU"], [202341, "James", "Anderson", "25", 1610612759, "San Antonio", "Spurs", "SAS"], [2588, "Matt", "Bonner", "15", 1610612759, "San Antonio", "Spurs", "SAS"]], "name": "InactivePlayers"}, {"headers": ["VIDEO_AVAILABLE_FLAG"], "rowSet": [[0]], "name": "AvailableVideo"}], "parameters": {"GameID": "0021000084", "RangeType": 0, "StartPeriod": 0, "StartRange": 0, "EndPeriod": 0, "EndRange": 0}}