{"resource": "boxscore", "resultSets": [{"headers": ["GAME_DATE_EST", "GAME_SEQUENCE", "GAME_ID", "GAME_STATUS_ID", "GAME_STATUS_TEXT", "GAMECODE", "HOME_TEAM_ID", "VISITOR_TEAM_ID", "SEASON", "LIVE_PERIOD", "LIVE_PC_TIME", "NATL_TV_BROADCASTER_ABBREVIATION", "LIVE_PERIOD_TIME_BCAST", "WH_STATUS"], "rowSet": [["2010-10-27T00:00:00", 7, "0021000010", 3, "Final", "20101027/MILNOH", 1610612740, 1610612749, "2010", 4, "", null, "Q4  - ", 1]], "name": "GameSummary"}, {"headers": ["GAME_DATE_EST", "GAME_SEQUENCE", "GAME_ID", "TEAM_ID", "TEAM_ABBREVIATION", "TEAM_CITY_NAME", "TEAM_WINS_LOSSES", "PTS_QTR1", "PTS_QTR2", "PTS_QTR3", "PTS_QTR4", "PTS_OT1", "PTS_OT2", "PTS_OT3", "PTS_OT4", "PTS_OT5", "PTS_OT6", "PTS_OT7", "PTS_OT8", "PTS_OT9", "PTS_OT10", "PTS"], "rowSet": [["2010-10-27T00:00:00", 7, "0021000010", 1610612749, "MIL", "Milwaukee", "0-1", 30, 17, 25, 19, 0, 0, 0, 0, 0, 0, 0, 0, 0, 0, 91], ["2010-10-27T00:00:00", 7, "0021000010", 1610612740, "NOH", "New Orleans", "1-0", 29, 18, 31, 17, 0, 0, 0, 0, 0, 0, 0, 0, 0, 0, 95]], "name": "LineScore"}, {"headers": ["GAME_ID", "HOME_TEAM_ID", "VISITOR_TEAM_ID", "GAME_DATE_EST", "HOME_TEAM_WINS", "HOME_TEAM_LOSSES", "SERIES_LEADER"], "rowSet": [["0021000010", 1610612740, 1610612749, "2010-10-27T00:00:00", 2, 0, "New Orleans"]], "name": "SeasonSeries"}, {"headers": ["GAME_ID", "LAST_GAME_ID", "LAST_GAME_DATE_EST", "LAST_GAME_HOME_TEAM_ID", "LAST_GAME_HOME_TEAM_CITY", "LAST_GAME_HOME_TEAM_NAME", "LAST_GAME_HOME_TEAM_ABBREVIATION", "LAST_GAME_HOME_TEAM_POINTS", "LAST_GAME_VISITOR_TEAM_ID", "LAST_GAME_VISITOR_TEAM_CITY", "LAST_GAME_VISITOR_TEAM_NAME", "LAST_GAME_VISITOR_TEAM_CITY1", "LAST_GAME_VISITOR_TEAM_POINTS"], "rowSet": [["0021000010", "0020900849", "2010-02-24T00:00:00", 1610612740, "New Orleans", "Hornets", "NOH", 95, 1610612749, "Milwaukee", "Bucks", "MIL", 115]], "name": "LastMeeting"}, {"headers": ["GAME_ID", "TEAM_ID", "TEAM_ABBREVIATION", "TEAM_CITY", "PLAYER_ID", "PLAYER_NAME", "START_POSITION", "COMMENT", "MIN", "FGM", "FGA", "FG_PCT", "FG3M", "FG3A", "FG3_PCT", "FTM", "FTA", "FT_PCT", "OREB", "DREB", "REB", "AST", "STL", "BLK", "TO", "PF", "PTS", "PLUS_MINUS"], "rowSet": [["0021000010", 1610612749, "MIL", "Milwaukee", 2568, "Carlos Delfino", "F", "", "38:32", 7, 12, 0.583, 5, 10, 0.5, 0, 0, 0.0, 0, 5, 5, 1, 3, 0, 1, 2, 19, 8.0], ["0021000010", 1610612749, "MIL", "Milwaukee", 2400, "Drew Gooden", "F", "", "32:32", 7, 14, 0.5, 0, 0, 0.0, 1, 2, 0.5, 3, 8, 11, 1, 0, 0, 1, 4, 15, -6.0], ["0021000010", 1610612749, "MIL", "Milwaukee", 101106, "Andrew Bogut", "C", "", "36:15", 6, 12, 0.5, 0, 1, 0.0, 3, 10, 0.3, 4, 11, 15, 1, 0, 1, 1, 4, 15, -2.0], ["0021000010", 1610612749, "MIL", "Milwaukee", 2422, "John Salmons", "G", "", "32:29", 2, 8, 0.25, 1, 3, 0.333, 0, 0, 0.0, 1, 1, 2, 0, 0, 0, 4, 2, 5, -9.0], ["0021000010", 1610612749, "MIL", "Milwaukee", 201943, "Brandon Jennings", "G", "", "41:20", 5, 14, 0.357, 2, 6, 0.333, 3, 4, 0.75, 0, 2, 2, 10, 1, 0, 1, 5, 15, -1.0], ["0021000010", 1610612749, "MIL", "Milwaukee", 101141, "Ersan Ilyasova", "", "", "15:43", 1, 5, 0.2, 0, 1, 0.0, 2, 2, 1.0, 0, 3, 3, 0, 0, 0, 0, 2, 4, -17.0], ["0021000010", 1610612749, "MIL", "Milwaukee", 1894, "Corey Maggette", "", "", "19:50", 4, 8, 0.5, 0, 1, 0.0, 8, 8, 1.0, 0, 7, 7, 0, 0, 0, 3, 5, 16, -5.0], ["0021000010", 1610612749, "MIL", "Milwaukee", 2039, "Keyon Dooling", "", "", "16:48", 0, 2, 0.0, 0, 1, 0.0, 0, 0, 0.0, 0, 0, 0, 0, 0, 0, 1, 3, 0, 1.0], ["0021000010", 1610612749, "MIL", "Milwaukee", 202336, "Larry Sanders", "", "", "4:25", 0, 1, 0.0, 0, 0, 0.0, 0, 2, 0.0, 0, 0, 0, 1, 0, 1, 0, 0, 0, 11.0], ["0021000010", 1610612749, "MIL", "Milwaukee", 1863, "Earl Boykins", "", "", "2:06", 1, 1, 1.0, 0, 0, 0.0, 0, 0, 0.0, 0, 0, 0, 0, 0, 0, 0, 0, 2, 0.0], ["0021000010", 1610612749, "MIL", "Milwaukee", 201972, "Jon Brockman", "", "DND - left ankle injury", null, null, null, null, null, null, null, null, null, null, null, null, null, null, null, null, null, null, null, null], ["0021000010", 1610612749, "MIL", "Milwaukee", 201601, "Luc Mbah a Moute", "", "DND - right ankle injury", null, null, null, null, null, null, null, null, null, null, null, null, null, null, null, null, null, null, null, null], ["0021000010", 1610612740, "NOH", "New Orleans", 2772, "Trevor Ariza", "F", "", "41:25", 4, 13, 0.308, 1, 6, 0.167, 2, 2, 1.0, 0, 5, 5, 3, 4, 0, 2, 3, 11, 6.0], ["0021000010", 1610612740, "NOH", "New Orleans", 2561, "David West", "F", "", "26:59", 9, 14, 0.643, 0, 0, 0.0, 4, 4, 1.0, 2, 5, 7, 0, 0, 0, 0, 5, 22, -2.0], ["0021000010", 1610612740, "NOH", "New Orleans", 2731, "Emeka Okafor", "C", "", "25:43", 0, 0, 0.0, 0, 0, 0.0, 0, 0, 0.0, 1, 8, 9, 0, 0, 0, 1, 4, 0, 1.0], ["0021000010", 1610612740, "NOH", "New Orleans", 201158, "Marco Belinelli", "G", "", "35:28", 6, 15, 0.4, 1, 5, 0.2, 5, 5, 1.0, 0, 6, 6, 2, 0, 0, 1, 1, 18, 5.0], ["0021000010", 1610612740, "NOH", "New Orleans", 101108, "Chris Paul", "G", "", "37:14", 6, 11, 0.545, 1, 2, 0.5, 4, 6, 0.667, 1, 3, 4, 16, 0, 0, 1, 3, 17, 11.0], ["0021000010", 1610612740, "NOH", "New Orleans", 2788, "DJ Mbenga", "", "", "6:45", 0, 1, 0.0, 0, 0, 0.0, 1, 2, 0.5, 0, 0, 0, 0, 0, 0, 0, 3, 1, 1.0], ["0021000010", 1610612740, "NOH", "New Orleans", 201160, "Jason Smith", "", "", "24:38", 3, 10, 0.3, 0, 0, 0.0, 2, 2, 1.0, 1, 3, 4, 1, 0, 0, 2, 4, 8, 0.0], ["0021000010", 1610612740, "NOH", "New Orleans", 201573, "Jerryd Bayless", "", "", "8:07", 1, 3, 0.333, 0, 1, 0.0, 1, 1, 1.0, 1, 1, 2, 0, 0, 0, 2, 0, 3, -5.0], ["0021000010", 1610612740, "NOH", "New Orleans", 2584, "Willie Green", "", "", "12:08", 1, 4, 0.25, 0, 1, 0.0, 2, 4, 0.5, 0, 4, 4, 0, 0, 0, 0, 1, 4, 2.0], ["0021000010", 1610612740, "NOH", "New Orleans", 200822, "Pops Mensah-Bonsu", "", "", "2:37", 0, 0, 0.0, 0, 0, 0.0, 0, 0, 0.0, 0, 1, 1, 1, 0, 0, 0, 1, 0, -8.0], ["0021000010", 1610612740, "NOH", "New Orleans", 978, "Peja Stojakovic", "", "", "7:42", 1, 2, 0.5, 1, 1, 1.0, 0, 0, 0.0, 0, 0, 0, 0, 0, 0, 0, 0, 3, 3.0], ["0021000010", 1610612740, "NOH", "New Orleans", 201977, "Marcus Thornton", "", "", "11:14", 3, 6, 0.5, 0, 1, 0.0, 2, 3, 0.667, 0, 2, 2, 0, 0, 0, 0, 1, 8, 6.0]], "name": "PlayerStats"}, {"headers": ["GAME_ID", "TEAM_ID", "TEAM_NAME", "TEAM_ABBREVIATION", "TEAM_CITY", "MIN", "FGM", "FGA", "FG_PCT", "FG3M", "FG3A", "FG3_PCT", "FTM", "FTA", "FT_PCT", "OREB", "DREB", "REB", "AST", "STL", "BLK", "TO", "PF", "PTS", "PLUS_MINUS"], "rowSet": [["0021000010", 1610612740, "Hornets", "NOH", "New Orleans", "240:00", 34, 79, 0.43, 4, 17, 0.235, 23, 29, 0.793, 6, 38, 44, 23, 4, 0, 9, 26, 95, 4.0], ["0021000010", 1610612749, "Bucks", "MIL", "Milwaukee", "240:00", 33, 77, 0.429, 8, 23, 0.348, 17, 28, 0.607, 8, 37, 45, 14, 4, 2, 12, 27, 91, -4.0]], "name": "TeamStats"}, {"headers": ["LEAGUE_ID", "SEASON_ID", "TEAM_ID", "TEAM_ABBREVIATION", "TEAM_CITY", "PTS_PAINT", "PTS_2ND_CHANCE", "PTS_FB", "LARGEST_LEAD", "LEAD_CHANGES", "TIMES_TIED"], "rowSet": [["00", "22010", 1610612749, "MIL", "Milwaukee", 42, 6, 5, 10, 18, 8], ["00", "22010", 1610612740, "NOH", "New Orleans", 34, 8, 4, 9, 18, 8]], "name": "OtherStats"}, {"headers": ["OFFICIAL_ID", "FIRST_NAME", "LAST_NAME", "JERSEY_NUM"], "rowSet": [[1162, "Scott", "Foster", "48"], [2005, "Matt", "Boland", "46"], [201246, "Kevin", "Cutler", "34"]], "name": "Officials"}, {"headers": ["GAME_DATE", "ATTENDANCE", "GAME_TIME"], "rowSet": [["WEDNESDAY, OCTOBER 27, 2010", 15039, "2:19"]], "name": "GameInfo"}, {"headers": ["PLAYER_ID", "FIRST_NAME", "LAST_NAME", "JERSEY_NUM", "TEAM_ID", "TEAM_CITY", "TEAM_NAME", "TEAM_ABBREVIATION"], "rowSet": [[2072, "Michael", "Redd", "22", 1610612749, "Milwaukee", "Bucks", "MIL"], [201604, "Chris", "Douglas-Roberts", "17", 1610612749, "Milwaukee", "Bucks", "MIL"], [202359, "Darington", "Hobson", " 9", 1610612749, "Milwaukee", "Bucks", "MIL"], [201189, "Aaron", "Gray", "34", 1610612740, "New Orleans", "Hornets", "NOH"], [201570, "Joe", "Alexander", "11", 1610612740, "New Orleans", "Hornets", "NOH"], [202347, "Quincy", "Pondexter", "20", 1610612740, "New Orleans", "Hornets", "NOH"]], "name": "InactivePlayers"}, {"headers": ["VIDEO_AVAILABLE_FLAG"], "rowSet": [[0]], "name": "AvailableVideo"}], "parameters": {"GameID": "0021000010", "RangeType": 0, "StartPeriod": 0, "StartRange": 0, "EndPeriod": 0, "EndRange": 0}}