{"resource": "boxscore", "resultSets": [{"headers": ["GAME_DATE_EST", "GAME_SEQUENCE", "GAME_ID", "GAME_STATUS_ID", "GAME_STATUS_TEXT", "GAMECODE", "HOME_TEAM_ID", "VISITOR_TEAM_ID", "SEASON", "LIVE_PERIOD", "LIVE_PC_TIME", "NATL_TV_BROADCASTER_ABBREVIATION", "LIVE_PERIOD_TIME_BCAST", "WH_STATUS"], "rowSet": [["2010-10-29T00:00:00", 8, "0021000026", 3, "Final", "20101029/MILMIN", 1610612750, 1610612749, "2010", 4, "", null, "Q4  - ", 1]], "name": "GameSummary"}, {"headers": ["GAME_DATE_EST", "GAME_SEQUENCE", "GAME_ID", "TEAM_ID", "TEAM_ABBREVIATION", "TEAM_CITY_NAME", "TEAM_WINS_LOSSES", "PTS_QTR1", "PTS_QTR2", "PTS_QTR3", "PTS_QTR4", "PTS_OT1", "PTS_OT2", "PTS_OT3", "PTS_OT4", "PTS_OT5", "PTS_OT6", "PTS_OT7", "PTS_OT8", "PTS_OT9", "PTS_OT10", "PTS"], "rowSet": [["2010-10-29T00:00:00", 8, "0021000026", 1610612749, "MIL", "Milwaukee", "0-2", 28, 18, 18, 21, 0, 0, 0, 0, 0, 0, 0, 0, 0, 0, 85], ["2010-10-29T00:00:00", 8, "0021000026", 1610612750, "MIN", "Minnesota", "1-1", 27, 28, 19, 22, 0, 0, 0, 0, 0, 0, 0, 0, 0, 0, 96]], "name": "LineScore"}, {"headers": ["GAME_ID", "HOME_TEAM_ID", "VISITOR_TEAM_ID", "GAME_DATE_EST", "HOME_TEAM_WINS", "HOME_TEAM_LOSSES", "SERIES_LEADER"], "rowSet": [["0021000026", 1610612750, 1610612749, "2010-10-29T00:00:00", 1, 1, "Tied"]], "name": "SeasonSeries"}, {"headers": ["GAME_ID", "LAST_GAME_ID", "LAST_GAME_DATE_EST", "LAST_GAME_HOME_TEAM_ID", "LAST_GAME_HOME_TEAM_CITY", "LAST_GAME_HOME_TEAM_NAME", "LAST_GAME_HOME_TEAM_ABBREVIATION", "LAST_GAME_HOME_TEAM_POINTS", "LAST_GAME_VISITOR_TEAM_ID", "LAST_GAME_VISITOR_TEAM_CITY", "LAST_GAME_VISITOR_TEAM_NAME", "LAST_GAME_VISITOR_TEAM_CITY1", "LAST_GAME_VISITOR_TEAM_POINTS"], "rowSet": [["0021000026", "0011000120", "2010-10-22T00:00:00", 1610612750, "Minnesota", "Timberwolves", "MIN", 119, 1610612749, "Milwaukee", "Bucks", "MIL", 118]], "name": "LastMeeting"}, {"headers": ["GAME_ID", "TEAM_ID", "TEAM_ABBREVIATION", "TEAM_CITY", "PLAYER_ID", "PLAYER_NAME", "START_POSITION", "COMMENT", "MIN", "FGM", "FGA", "FG_PCT", "FG3M", "FG3A", "FG3_PCT", "FTM", "FTA", "FT_PCT", "OREB", "DREB", "REB", "AST", "STL", "BLK", "TO", "PF", "PTS", "PLUS_MINUS"], "rowSet": [["0021000026", 1610612749, "MIL", "Milwaukee", 2568, "Carlos Delfino", "F", "", "29:15", 3, 8, 0.375, 2, 5, 0.4, 0, 0, 0.0, 0, 6, 6, 0, 1, 0, 1, 2, 8, -12.0], ["0021000026", 1610612749, "MIL", "Milwaukee", 2400, "Drew Gooden", "F", "", "18:50", 4, 13, 0.308, 0, 1, 0.0, 4, 5, 0.8, 1, 3, 4, 1, 1, 0, 1, 3, 12, -8.0], ["0021000026", 1610612749, "MIL", "Milwaukee", 101106, "Andrew Bogut", "C", "", "28:14", 4, 7, 0.571, 0, 0, 0.0, 0, 0, 0.0, 3, 7, 10, 2, 0, 3, 1, 4, 8, -1.0], ["0021000026", 1610612749, "MIL", "Milwaukee", 2422, "John Salmons", "G", "", "21:41", 3, 8, 0.375, 0, 2, 0.0, 1, 2, 0.5, 0, 1, 1, 2, 0, 1, 3, 0, 7, -4.0], ["0021000026", 1610612749, "MIL", "Milwaukee", 201943, "Brandon Jennings", "G", "", "34:13", 4, 15, 0.267, 0, 6, 0.0, 6, 8, 0.75, 2, 1, 3, 7, 0, 0, 1, 2, 14, -15.0], ["0021000026", 1610612749, "MIL", "Milwaukee", 1894, "Corey Maggette", "", "", "30:33", 7, 16, 0.438, 1, 2, 0.5, 8, 8, 1.0, 1, 4, 5, 2, 0, 0, 2, 1, 23, -13.0], ["0021000026", 1610612749, "MIL", "Milwaukee", 101141, "Ersan Ilyasova", "", "", "8:08", 0, 4, 0.0, 0, 1, 0.0, 0, 0, 0.0, 1, 2, 3, 0, 0, 0, 0, 4, 0, -2.0], ["0021000026", 1610612749, "MIL", "Milwaukee", 201972, "Jon Brockman", "", "", "13:38", 1, 2, 0.5, 0, 0, 0.0, 0, 0, 0.0, 0, 0, 0, 1, 1, 0, 0, 5, 2, 1.0], ["0021000026", 1610612749, "MIL", "Milwaukee", 2039, "Keyon Dooling", "", "", "11:50", 1, 4, 0.25, 0, 2, 0.0, 0, 0, 0.0, 0, 0, 0, 1, 0, 0, 2, 2, 2, 1.0], ["0021000026", 1610612749, "MIL", "Milwaukee", 202336, "Larry Sanders", "", "", "10:49", 2, 4, 0.5, 0, 0, 0.0, 0, 0, 0.0, 0, 3, 3, 0, 0, 0, 0, 2, 4, -12.0], ["0021000026", 1610612749, "MIL", "Milwaukee", 201601, "Luc Mbah a Moute", "", "", "18:18", 1, 4, 0.25, 0, 0, 0.0, 1, 2, 0.5, 1, 3, 4, 1, 0, 1, 0, 3, 3, 3.0], ["0021000026", 1610612749, "MIL", "Milwaukee", 1863, "Earl Boykins", "", "", "14:31", 1, 2, 0.5, 0, 1, 0.0, 0, 0, 0.0, 0, 0, 0, 1, 1, 0, 2, 1, 2, 7.0], ["0021000026", 1610612750, "MIN", "Minnesota", 201563, "Michael Beasley", "F", "", "31:20", 8, 14, 0.571, 2, 3, 0.667, 3, 5, 0.6, 4, 6, 10, 2, 1, 0, 3, 3, 21, 11.0], ["0021000026", 1610612750, "MIN", "Minnesota", 201567, "Kevin Love", "F", "", "27:02", 3, 13, 0.231, 0, 2, 0.0, 11, 12, 0.917, 5, 11, 16, 1, 1, 0, 1, 3, 17, 19.0], ["0021000026", 1610612750, "MIN", "Minnesota", 2545, "Darko Milicic", "C", "", "24:35", 0, 6, 0.0, 0, 0, 0.0, 2, 4, 0.5, 2, 7, 9, 0, 0, 5, 3, 4, 2, -1.0], ["0021000026", 1610612750, "MIN", "Minnesota", 201961, "Wayne Ellington", "G", "", "20:38", 4, 9, 0.444, 1, 3, 0.333, 0, 0, 0.0, 0, 2, 2, 1, 0, 0, 0, 1, 9, 6.0], ["0021000026", 1610612750, "MIN", "Minnesota", 2557, "Luke Ridnour", "G", "", "33:07", 4, 6, 0.667, 0, 1, 0.0, 5, 6, 0.833, 1, 5, 6, 7, 2, 0, 2, 0, 13, 8.0], ["0021000026", 1610612750, "MIN", "Minnesota", 201229, "Anthony Tolliver", "", "", "22:58", 2, 4, 0.5, 1, 2, 0.5, 1, 2, 0.5, 1, 7, 8, 1, 1, 1, 2, 3, 6, -1.0], ["0021000026", 1610612750, "MIN", "Minnesota", 2742, "Sebastian Telfair", "", "", "14:53", 1, 5, 0.2, 0, 2, 0.0, 0, 0, 0.0, 1, 0, 1, 0, 1, 0, 1, 0, 2, 3.0], ["0021000026", 1610612750, "MIN", "Minnesota", 202325, "Wesley Johnson", "", "", "27:22", 4, 10, 0.4, 2, 6, 0.333, 2, 3, 0.667, 3, 0, 3, 1, 0, 1, 5, 4, 12, 5.0], ["0021000026", 1610612750, "MIN", "Minnesota", 201593, "Nikola Pekovic", "", "", "6:58", 1, 3, 0.333, 0, 0, 0.0, 0, 0, 0.0, 1, 0, 1, 0, 0, 1, 0, 4, 2, 3.0], ["0021000026", 1610612750, "MIN", "Minnesota", 201147, "Corey Brewer", "", "", "21:02", 3, 12, 0.25, 0, 3, 0.0, 2, 4, 0.5, 2, 2, 4, 0, 2, 1, 0, 2, 8, 7.0], ["0021000026", 1610612750, "MIN", "Minnesota", 201585, "Kosta Koufos", "", "", "9:22", 2, 3, 0.667, 0, 0, 0.0, 0, 0, 0.0, 0, 2, 2, 0, 0, 2, 1, 3, 4, -3.0], ["0021000026", 1610612750, "MIN", "Minnesota", 202351, "Lazar Hayward", "", "", "0:43", 0, 0, 0.0, 0, 0, 0.0, 0, 0, 0.0, 0, 0, 0, 0, 0, 0, 0, 0, 0, -2.0]], "name": "PlayerStats"}, {"headers": ["GAME_ID", "TEAM_ID", "TEAM_NAME", "TEAM_ABBREVIATION", "TEAM_CITY", "MIN", "FGM", "FGA", "FG_PCT", "FG3M", "FG3A", "FG3_PCT", "FTM", "FTA", "FT_PCT", "OREB", "DREB", "REB", "AST", "STL", "BLK", "TO", "PF", "PTS", "PLUS_MINUS"], "rowSet": [["0021000026", 1610612750, "Timberwolves", "MIN", "Minnesota", "240:00", 32, 85, 0.376, 6, 22, 0.273, 26, 36, 0.722, 20, 42, 62, 13, 8, 11, 18, 27, 96, 11.0], ["0021000026", 1610612749, "Bucks", "MIL", "Milwaukee", "240:00", 31, 87, 0.356, 3, 20, 0.15, 20, 25, 0.8, 9, 30, 39, 18, 4, 5, 13, 29, 85, -11.0]], "name": "TeamStats"}, {"headers": ["LEAGUE_ID", "SEASON_ID", "TEAM_ID", "TEAM_ABBREVIATION", "TEAM_CITY", "PTS_PAINT", "PTS_2ND_CHANCE", "PTS_FB", "LARGEST_LEAD", "LEAD_CHANGES", "TIMES_TIED"], "rowSet": [["00", "22010", 1610612750, "MIN", "Minnesota", 36, 26, 15, 15, 7, 1], ["00", "22010", 1610612749, "MIL", "Milwaukee", 34, 9, 10, 17, 7, 1]], "name": "OtherStats"}, {"headers": ["OFFICIAL_ID", "FIRST_NAME", "LAST_NAME", "JERSEY_NUM"], "rowSet": [[1164, "Ron", "Garretson", "10"], [2714, "David", "Guthrie", "16"], [201245, "Marat", "Kogut", "68"]], "name": "Officials"}, {"headers": ["GAME_DATE", "ATTENDANCE", "GAME_TIME"], "rowSet": [["FRIDAY, OCTOBER 29, 2010", 17197, "2:15"]], "name": "GameInfo"}, {"headers": ["PLAYER_ID", "FIRST_NAME", "LAST_NAME", "JERSEY_NUM", "TEAM_ID", "TEAM_CITY", "TEAM_NAME", "TEAM_ABBREVIATION"], "rowSet": [[2072, "Michael", "Redd", "22", 1610612749, "Milwaukee", "Bucks", "MIL"], [201604, "Chris", "Douglas-Roberts", "17", 1610612749, "Milwaukee", "Bucks", "MIL"], [202359, "Darington", "Hobson", " 9", 1610612749, "Milwaukee", "Bucks", "MIL"], [101110, "Martell", "Webster", " 5", 1610612750, "Minnesota", "Timberwolves", "MIN"], [200772, "Maurice", "Ager", "15", 1610612750, "Minnesota", "Timberwolves", "MIN"], [201938, "Jonny", "Flynn", "10", 1610612750, "Minnesota", "Timberwolves", "MIN"]], "name": "InactivePlayers"}, {"headers": ["VIDEO_AVAILABLE_FLAG"], "rowSet": [[0]], "name": "AvailableVideo"}], "parameters": {"GameID": "0021000026", "RangeType": 0, "StartPeriod": 0, "StartRange": 0, "EndPeriod": 0, "EndRange": 0}}