{"resource": "boxscore", "resultSets": [{"headers": ["GAME_DATE_EST", "GAME_SEQUENCE", "GAME_ID", "GAME_STATUS_ID", "GAME_STATUS_TEXT", "GAMECODE", "HOME_TEAM_ID", "VISITOR_TEAM_ID", "SEASON", "LIVE_PERIOD", "LIVE_PC_TIME", "NATL_TV_BROADCASTER_ABBREVIATION", "LIVE_PERIOD_TIME_BCAST", "WH_STATUS"], "rowSet": [["2010-10-29T00:00:00", 7, "0021000025", 3, "Final", "20101029/ORLMIA", 1610612748, 1610612753, "2010", 4, "", "ESPN", "Q4  - ESPN", 1]], "name": "GameSummary"}, {"headers": ["GAME_DATE_EST", "GAME_SEQUENCE", "GAME_ID", "TEAM_ID", "TEAM_ABBREVIATION", "TEAM_CITY_NAME", "TEAM_WINS_LOSSES", "PTS_QTR1", "PTS_QTR2", "PTS_QTR3", "PTS_QTR4", "PTS_OT1", "PTS_OT2", "PTS_OT3", "PTS_OT4", "PTS_OT5", "PTS_OT6", "PTS_OT7", "PTS_OT8", "PTS_OT9", "PTS_OT10", "PTS"], "rowSet": [["2010-10-29T00:00:00", 7, "0021000025", 1610612753, "ORL", "Orlando", "1-1", 24, 21, 10, 15, 0, 0, 0, 0, 0, 0, 0, 0, 0, 0, 70], ["2010-10-29T00:00:00", 7, "0021000025", 1610612748, "MIA", "Miami", "2-1", 24, 27, 28, 17, 0, 0, 0, 0, 0, 0, 0, 0, 0, 0, 96]], "name": "LineScore"}, {"headers": ["GAME_ID", "HOME_TEAM_ID", "VISITOR_TEAM_ID", "GAME_DATE_EST", "HOME_TEAM_WINS", "HOME_TEAM_LOSSES", "SERIES_LEADER"], "rowSet": [["0021000025", 1610612748, 1610612753, "2010-10-29T00:00:00", 2, 2, "Tied"]], "name": "SeasonSeries"}, {"headers": ["GAME_ID", "LAST_GAME_ID", "LAST_GAME_DATE_EST", "LAST_GAME_HOME_TEAM_ID", "LAST_GAME_HOME_TEAM_CITY", "LAST_GAME_HOME_TEAM_NAME", "LAST_GAME_HOME_TEAM_ABBREVIATION", "LAST_GAME_HOME_TEAM_POINTS", "LAST_GAME_VISITOR_TEAM_ID", "LAST_GAME_VISITOR_TEAM_CITY", "LAST_GAME_VISITOR_TEAM_NAME", "LAST_GAME_VISITOR_TEAM_CITY1", "LAST_GAME_VISITOR_TEAM_POINTS"], "rowSet": [["0021000025", "0020901016", "2010-03-18T00:00:00", 1610612748, "Miami", "Heat", "MIA", 102, 1610612753, "Orlando", "Magic", "ORL", 108]], "name": "LastMeeting"}, {"headers": ["GAME_ID", "TEAM_ID", "TEAM_ABBREVIATION", "TEAM_CITY", "PLAYER_ID", "PLAYER_NAME", "START_POSITION", "COMMENT", "MIN", "FGM", "FGA", "FG_PCT", "FG3M", "FG3A", "FG3_PCT", "FTM", "FTA", "FT_PCT", "OREB", "DREB", "REB", "AST", "STL", "BLK", "TO", "PF", "PTS", "PLUS_MINUS"], "rowSet": [["0021000025", 1610612753, "ORL", "Orlando", 2047, "Quentin Richardson", "F", "", "21:41", 0, 5, 0.0, 0, 4, 0.0, 2, 2, 1.0, 2, 4, 6, 1, 0, 0, 0, 1, 2, -17.0], ["0021000025", 1610612753, "ORL", "Orlando", 1740, "Rashard Lewis", "F", "", "24:43", 0, 9, 0.0, 0, 5, 0.0, 2, 2, 1.0, 0, 3, 3, 0, 1, 0, 3, 6, 2, -25.0], ["0021000025", 1610612753, "ORL", "Orlando", 2730, "Dwight Howard", "C", "", "28:31", 8, 15, 0.533, 0, 0, 0.0, 3, 7, 0.429, 0, 7, 7, 0, 2, 1, 1, 6, 19, -15.0], ["0021000025", 1610612753, "ORL", "Orlando", 1713, "Vince Carter", "G", "", "13:37", 1, 5, 0.2, 0, 1, 0.0, 2, 3, 0.667, 0, 1, 1, 0, 0, 0, 0, 2, 4, -26.0], ["0021000025", 1610612753, "ORL", "Orlando", 2749, "Jameer Nelson", "G", "", "24:49", 3, 11, 0.273, 1, 3, 0.333, 3, 4, 0.75, 1, 2, 3, 1, 0, 0, 3, 2, 10, -14.0], ["0021000025", 1610612753, "ORL", "Orlando", 200755, "JJ Redick", "", "", "30:53", 1, 4, 0.25, 0, 2, 0.0, 2, 2, 1.0, 0, 2, 2, 1, 1, 0, 0, 1, 4, 1.0], ["0021000025", 1610612753, "ORL", "Orlando", 101138, "Brandon Bass", "", "", "20:37", 1, 5, 0.2, 0, 0, 0.0, 7, 8, 0.875, 3, 3, 6, 1, 0, 0, 1, 0, 9, 5.0], ["0021000025", 1610612753, "ORL", "Orlando", 2554, "Mickael Pietrus", "", "", "23:34", 2, 6, 0.333, 1, 4, 0.25, 0, 2, 0.0, 0, 1, 1, 0, 0, 0, 3, 0, 5, -14.0], ["0021000025", 1610612753, "ORL", "Orlando", 2768, "Chris Duhon", "", "", "23:11", 0, 1, 0.0, 0, 1, 0.0, 1, 2, 0.5, 0, 2, 2, 1, 0, 0, 2, 2, 1, -12.0], ["0021000025", 1610612753, "ORL", "Orlando", 101162, "Marcin Gortat", "", "", "14:28", 0, 0, 0.0, 0, 0, 0.0, 2, 2, 1.0, 0, 7, 7, 0, 1, 1, 1, 0, 2, -9.0], ["0021000025", 1610612753, "ORL", "Orlando", 201583, "Ryan Anderson", "", "", "13:56", 5, 8, 0.625, 2, 4, 0.5, 0, 0, 0.0, 2, 0, 2, 0, 0, 1, 0, 0, 12, -4.0], ["0021000025", 1610612753, "ORL", "Orlando", 1715, "Jason Williams", "", "NWT - Suspension", null, null, null, null, null, null, null, null, null, null, null, null, null, null, null, null, null, null, null, null], ["0021000025", 1610612748, "MIA", "Miami", 2544, "LeBron James", "F", "", "30:06", 6, 13, 0.462, 2, 3, 0.667, 1, 2, 0.5, 0, 6, 6, 7, 0, 0, 3, 4, 15, 13.0], ["0021000025", 1610612748, "MIA", "Miami", 2547, "Chris Bosh", "F", "", "29:48", 2, 9, 0.222, 0, 1, 0.0, 7, 8, 0.875, 1, 9, 10, 1, 1, 1, 0, 4, 11, 29.0], ["0021000025", 1610612748, "MIA", "Miami", 201202, "Joel Anthony", "C", "", "22:35", 0, 0, 0.0, 0, 0, 0.0, 0, 0, 0.0, 3, 1, 4, 0, 0, 0, 1, 5, 0, 23.0], ["0021000025", 1610612748, "MIA", "Miami", 2548, "Dwyane Wade", "G", "", "34:11", 9, 20, 0.45, 2, 6, 0.333, 6, 8, 0.75, 2, 4, 6, 3, 0, 2, 4, 2, 26, 32.0], ["0021000025", 1610612748, "MIA", "Miami", 2306, "Carlos Arroyo", "G", "", "25:01", 3, 7, 0.429, 0, 0, 0.0, 1, 1, 1.0, 0, 4, 4, 4, 1, 0, 0, 1, 7, 21.0], ["0021000025", 1610612748, "MIA", "Miami", 980, "Zydrunas Ilgauskas", "", "", "16:08", 4, 10, 0.4, 0, 0, 0.0, 0, 0, 0.0, 5, 0, 5, 0, 0, 1, 0, 3, 8, 1.0], ["0021000025", 1610612748, "MIA", "Miami", 2067, "Eddie House", "", "", "24:10", 2, 9, 0.222, 2, 3, 0.667, 2, 2, 1.0, 0, 3, 3, 1, 3, 0, 2, 3, 8, 0.0], ["0021000025", 1610612748, "MIA", "Miami", 2617, "Udonis Haslem", "", "", "22:41", 4, 7, 0.571, 0, 0, 0.0, 3, 4, 0.75, 2, 9, 11, 0, 0, 0, 2, 2, 11, 2.0], ["0021000025", 1610612748, "MIA", "Miami", 2048, "Jamaal Magloire", "", "", "4:48", 0, 0, 0.0, 0, 0, 0.0, 1, 2, 0.5, 1, 0, 1, 0, 0, 0, 0, 1, 1, -3.0], ["0021000025", 1610612748, "MIA", "Miami", 2592, "James Jones", "", "", "26:52", 3, 6, 0.5, 3, 5, 0.6, 0, 0, 0.0, 0, 1, 1, 1, 1, 1, 0, 2, 9, 9.0], ["0021000025", 1610612748, "MIA", "Miami", 201596, "Mario Chalmers", "", "", "3:40", 0, 0, 0.0, 0, 0, 0.0, 0, 0, 0.0, 0, 0, 0, 0, 0, 0, 0, 0, 0, 3.0], ["0021000025", 1610612748, "MIA", "Miami", 711, "Jerry Stackhouse", "", "DNP - Coach's Decision", null, null, null, null, null, null, null, null, null, null, null, null, null, null, null, null, null, null, null, null]], "name": "PlayerStats"}, {"headers": ["GAME_ID", "TEAM_ID", "TEAM_NAME", "TEAM_ABBREVIATION", "TEAM_CITY", "MIN", "FGM", "FGA", "FG_PCT", "FG3M", "FG3A", "FG3_PCT", "FTM", "FTA", "FT_PCT", "OREB", "DREB", "REB", "AST", "STL", "BLK", "TO", "PF", "PTS", "PLUS_MINUS"], "rowSet": [["0021000025", 1610612753, "Magic", "ORL", "Orlando", "240:00", 21, 69, 0.304, 4, 24, 0.167, 24, 34, 0.706, 8, 32, 40, 5, 5, 3, 14, 20, 70, -26.0], ["0021000025", 1610612748, "Heat", "MIA", "Miami", "240:00", 33, 81, 0.407, 9, 18, 0.5, 21, 27, 0.778, 14, 37, 51, 17, 6, 5, 12, 27, 96, 26.0]], "name": "TeamStats"}, {"headers": ["LEAGUE_ID", "SEASON_ID", "TEAM_ID", "TEAM_ABBREVIATION", "TEAM_CITY", "PTS_PAINT", "PTS_2ND_CHANCE", "PTS_FB", "LARGEST_LEAD", "LEAD_CHANGES", "TIMES_TIED"], "rowSet": [["00", "22010", 1610612753, "ORL", "Orlando", 18, 10, 0, 27, 8, 7], ["00", "22010", 1610612748, "MIA", "Miami", 20, 18, 10, 27, 8, 7]], "name": "OtherStats"}, {"headers": ["OFFICIAL_ID", "FIRST_NAME", "LAST_NAME", "JERSEY_NUM"], "rowSet": [[1162, "Scott", "Foster", "48"], [1198, "Scott", "Wall", "31"], [2005, "Matt", "Boland", "46"]], "name": "Officials"}, {"headers": ["GAME_DATE", "ATTENDANCE", "GAME_TIME"], "rowSet": [["FRIDAY, OCTOBER 29, 2010", 19600, "2:34"]], "name": "GameInfo"}, {"headers": ["PLAYER_ID", "FIRST_NAME", "LAST_NAME", "JERSEY_NUM", "TEAM_ID", "TEAM_CITY", "TEAM_NAME", "TEAM_ABBREVIATION"], "rowSet": [[436, "Juwan", "Howard", " 5", 1610612748, "Miami", "Heat", "MIA"], [2034, "Mike", "Miller", "13", 1610612748, "Miami", "Heat", "MIA"], [202354, "Dexter", "Pittman", "45", 1610612748, "Miami", "Heat", "MIA"], [2124, "Malik", "Allen", "35", 1610612753, "Orlando", "Magic", "ORL"], [202350, "Daniel", "Orton", "21", 1610612753, "Orlando", "Magic", "ORL"]], "name": "InactivePlayers"}, {"headers": ["VIDEO_AVAILABLE_FLAG"], "rowSet": [[0]], "name": "AvailableVideo"}], "parameters": {"GameID": "0021000025", "RangeType": 0, "StartPeriod": 0, "StartRange": 0, "EndPeriod": 0, "EndRange": 0}}